index,reason,orig_reason,Similarity Score
1001,"The person seems to be experiencing feelings of alienation and exclusion. The mention of feeling uncomfortable around others and not being invited by their friend suggests a sense of disconnect and loneliness. The person's fantasies about having fun and then feeling let down indicates a struggle with feeling isolated and left out, which aligns with the category of Alienation related stress.","would make everyone, including myself, too uncomfortable anyway",0.30811572074890137
1002,"The person seems to be experiencing feelings of alienation and disconnect from society due to their deep reflections on societal norms, discrimination, inequalities, and selfish behaviors. They express a sense of disillusionment with humanity and the systemic injustices present in various aspects of life. This profound alienation is evident in their critical observations of how different groups of people are treated, the prevalent stereotypes, biases, and discriminatory attitudes that they have encountered. The overwhelming sense of despair and hopelessness about the future of society contributes to the feeling of alienation and disconnection."," treats others,racial inequality, how they view homosexuality, bisexuality,  treat and think about people who are transgender, classicism, sexism,discrimination",0.3157493770122528
1003,"The person's mental state seems to be related to feeling lonely and disappointed in a relationship. They expressed a sense of abandonment and the need for professional help, indicating stress and strain within their relationship.",told him about my problems but he just left it at that,0.27306991815567017
1004,"The individual expresses a longing for the past and a sense of missing connection with their best friend, indicating relationship-related stress. The desire to stop these feelings suggests a level of emotional distress and yearning for the comfort and joy associated with their past interactions.","worry ,any way of making this feeling stop ",0.40273112058639526
1005,"The person is feeling extreme stress and hopelessness due to ongoing financial struggles and conflicts in their relationship. The combination of financial troubles, car breakdowns, inability to pay for expenses, fear of losing their home, and feeling like they are failing to support their partner has led to a feeling of helplessness and thoughts of self-harm. This indicates a relationship-related stress."," girl and I have been fighting financial struggle for about 7 months now,not going to have rent and our roomates are going to kick us out",0.30223485827445984
1006,"The language used in the premise indicates feelings of alienation and detachment from the daily routine. The person feels trapped in a monotonous cycle with no variation, leading to a sense of emptiness and disconnection from the passage of time.","never ending cycle of hell,don't even keep track of the date anymore, ",0.25573837757110596
1007,"The person expresses feelings of anger, sadness, hate, hopelessness, and a desire for others to feel their pain. They also mention feeling lost, tired, empty, and alone. These emotions and thoughts suggest a sense of alienation and disconnection from others and the world around them.","full of anger,sadness,hate,can't escape,lost any trace of hope. can't take it anymore, hate everyone, want them to feel my paint,tired,empty,alone, survive 
",0.6010056138038635
1008,"The person in the premise expresses a mix of love and hate towards someone or something in 2017, indicating a tumultuous and complex relationship. The feelings of sadness, suffering, and desire for it to end suggest a significant level of distress caused by the relationship in 2017, leading to hate and emotional turmoil. Despite the hardships, the person mentions feeling stronger and anticipates the future, indicating a hopeful but transformative perspective. This emotional rollercoaster and the desire for a better future point towards relationship-related stress."," so much sadness . suffering,just wanted it to end",0.47580045461654663
1009,"The person expresses feelings of sadness, anger, and tiredness, and mentions failures in college due to lack of motivation and anxiety. The individual also brings up struggles in their love life, feeling uninteresting and clingy. These relationship-related stresses are evident throughout the rant.","Failing at college because the lack of motivation, anxiety, feeling sad, angry, sick, tired",0.5781512260437012
1010,"The premise reflects feelings of alienation and loneliness, as the person is contemplating who would even notice if something were to happen to them. The lack of connections and interactions with others leads to a sense of isolation and detachment from society.",who would care if I die,0.22802750766277313
1011,"The mention of being on and off depression, feeling completely alone, sad, and suicidal, acceptance of the condition, and the lack of understanding from family and friends suggest medication-related stress. The person's frustration with others not comprehending the uncontrollable nature of depression can also be seen as a sign of distress related to medication and mental health treatments.","none of my family or friends can really understand it, triggered by a traumatic event, it just happens, completely alone, sad, and suicidal ",0.47568070888519287
1012,"The individual in the premise is experiencing severe feelings of alienation and rejection, which has significantly impacted their mental health. They mention feeling inferior and being constantly rejected by peers, leading to self-hatred and isolation. The lack of genuine connections and the feeling of being an outsider have caused them to spiral into a dark mental state, culminating in suicidal thoughts and self-harm. The sudden betrayal and alienation by someone they trusted and loved intensifies their feelings of isolation and despair. This deep sense of alienation and betrayal is a prominent theme throughout the narrative, indicating a strong connection to the Alienation related stressed category.","she didn't want me around,mental health was getting worse and worse,parents, they hate me spending most of my time alone, what made me really hateful person",0.3472449779510498
1013,"The person seems to be in a good state of mind as they are expressing care and positivity towards others, wishing them happiness in the new year despite acknowledging that everyone is going through struggles.", everyone is going through their own struggles,0.3425455391407013
1014,"The person seems to be experiencing relationship-related stress. They have very high standards for a soulmate and partner, and have come across someone who fits their ideal criteria perfectly but is unattainable due to the other person's social anxiety and lack of contact information. The person is feeling intense pain and emptiness from this unrequited love, and is contemplating a future where they might end up alone or settle for someone they don't have strong feelings for. This level of emotional distress and longing for an unattainable love interest indicates relationship-related stress.","she hid everything from public, feel HORRIBLE, just so damn empty, tired, somewhat broken, best to recover",0.2299235612154007
1015,"The person expresses feelings of alienation and isolation, mentioning how the online community has provided more help and support than multiple therapists. They highlight the brokenness within individuals and the care shown by strangers, implying a sense of disconnectedness from traditional sources of support like therapists. This sense of finding solace and understanding from strangers rather than professional help indicates a state of alienation related stress."," all so broken, have so much care within us",0.29385828971862793
1016,"The premise suggests feelings of longing and missing someone, indicating relationship-related stress.","look for you in everyone
",0.24840718507766724
1017,"The premise indicates a serious and concerning state of mind, showcasing a negative mental state where the person may be experiencing thoughts of self-harm or suicide. It is important to provide immediate mental health support and intervention in such cases.",not be alive by the end of January,0.2318550944328308
1018,"The person expresses feelings of dread and self-hatred, indicating a sense of alienation and disconnection. They mention not speaking to anyone about their thoughts or feelings, suggesting isolation. The desire to change their life around and improve themselves in 2018 may stem from a feeling of being disconnected from their current state and seeking a sense of belonging or purpose.",something tells me it isn't,0.0849645584821701
1019,"The person who wrote the premise expresses feelings of depression, social anxiety, extreme loneliness, and a deep sense of alienation throughout the text. They describe a lack of connection with their mother, a strained relationship with their ex-girlfriends, fading friendships, and a feeling of being unable to connect with others. These experiences indicate a sense of alienation and disconnection from those around them, leading to feelings of extreme loneliness and social anxiety.","marked as the start of the divorce,months and months of arguing with my mom about nothing, Crying his heart out, Being broken, He was devastated, broke up with my second girlfriend",0.1996961534023285
1020,"The person seems to be in a good state of mind as they are expressing positivity, encouragement, and offering support to their friends. They are optimistic about the future despite facing challenges in the past two years. Overall, their message conveys a sense of hope and resilience.",been rough for me,0.17480796575546265
1021,"The person is expressing feelings of loneliness, depression, and social anxiety, indicating a sense of disconnection or alienation from others. They are reaching out to offer support to those who may be feeling the same way, highlighting their understanding of the challenges faced by individuals struggling with similar mental health issues.",what it‚Äôs like to feel lonely,0.4874836504459381
1022,"The mention of wanting to end it all and not having money for a therapist suggests that the person is dealing with mental health issues for which they feel the need for professional help, potentially including medication. The act of spending days crying and listening to music further indicates a state of emotional distress that may require medication and professional intervention."," no money , spend my days crying,don't want to be like this forever",0.45320284366607666
1023,"The person's mental state is primarily related to medication, as indicated by their mention of trying everything to cure their mental illness, regretting not continuing with therapy and medication, and acknowledging that their illness could have been managed better with medication. They express hope for their upcoming therapy session and emphasize the importance of seeking medical help for mental health issues.","drunk and drugged,hardest years of my life , internal battle with my mind every day, sorrow and hopelessness",0.3387852609157562
1024,"The person is experiencing relationship-related stress due to a big fight with their mother, feeling anxious and upset about the situation and contemplating leaving home. The emotional distress caused by the conflict and the fear of being kicked out are indicative of relationship issues leading to significant mental strain."," had a big fight with my mother,made joke about her loud chewing,she wants to throw me out of the house,screaming at my father",0.39204496145248413
1025,"The person is experiencing alienation-related stress as they feel like a social outcast and that everyone else is constantly socializing, which is causing them distress. The relief they feel after reading an article about social media FOMO (fear of missing out) suggests that their feelings of alienation may be exacerbated by the perception of others' social activities.",felt like a social outcast ,0.5215250849723816
1026,"The person is expressing sadness about spending New Year's Eve sober and alone, and hoping for some comfort from feeling baby kicks. This indicates relationship-related stress or loneliness during the holiday season.","saddest New Years of my life, Spending it completely sober and alone,",0.5350620746612549
1027,"The person is experiencing relationship-related stress due to multiple factors such as a dysfunctional marriage, lack of intimacy, deteriorating relationship with spouse, parenting challenges, and feelings of worthlessness within the family dynamics.","health and ED,  fucked up sex life,she has become an online gaming addict,drag her away from the machine, less time together now, keeps falling for online guys 7-20 years older than her, ",0.25252261757850647
1028,"The person mentions having a doctor's appointment for dysthymia, which is a chronic form of depression. Seeking help for mental health issues and mentioning medication or treatment indicates medication related stress.","
 get myself the help I want, need,will improve my life,
 sort this shit out.",0.2320045828819275
1029,"The person's mental state appears to be heavily affected by their relationships. The individual mentions how their girlfriend broke up with them, their best friends hate them, and their family is mad at them. These negative relationship events have led to feelings of crying, self-hatred, and social isolation. The person's extreme decision to create a list of achievements to meet within a strict timeframe, with the consequence of suicide if they fail, may stem from the overwhelming impact of these broken relationships on their emotional well-being.","My girlfriend more or less broke up with me, my best friends hate me now, my family is mad,  toxic friends,self hatred, social isolation, energylessness, bed ridden,",0.592069149017334
1030,"The premise showcases significant relationship-related stress and trauma experienced by the person, including dysfunctional family dynamics, abusive father figures, and a troubled relationship with the mother's partners. The individual's emotional struggles are deeply rooted in their experiences with family members and romantic partners, resulting in feelings of loneliness, depression, and a longing for a stable and loving relationship.","was born from a 15 year old mom and a 20 something year old rapist dad, starting even before my birth shit was messed up,homeless for a good amount of time, had a major effect on me academically and emotionally, began to develop a reading disorder, Oppositional defiant disorde",0.3552893400192261
1031,"The person is experiencing relationship-related stress due to the issues within their family, such as parents getting divorced, infidelity, and siblings being unaware of the situation. The mention of being closeted about their sexuality and struggling with an eating disorder further contributes to the relational stress they are facing. These family dynamics and personal struggles are likely causing emotional distress and feelings of being dragged down.","my parent's that will get divorced soon,mother that cheated on my father,show must go on, feeling terrible ",0.29872384667396545
1032,"The person is feeling alienated and lonely, expressing feelings of having no real friends and being super depressed. The mention of trying to find distractions like snacks, soda, and TV shows to keep their mind off being alone indicates a sense of alienation and disconnection from others in their life.",have no real friends,0.3609882593154907
1033,The mention of suicide indicates a serious mental health issue that may require medication or professional intervention.,kill my self,0.374858021736145
1034,"The person is feeling a sense of alienation and disconnect from their surroundings, as indicated by their description of being trapped in a 'shitty reality' and secluding themselves from others. They also express a longing for a better state of being and hope for improvement in the future. This suggests that the person is experiencing alienation-related stress, feeling isolated and struggling to find purpose or meaning in their current situation.","Graduated from a shitty uni,shitty degree,  shitty job market, been jobless for the whole year, relatives makes fun of my unemployment, obese from my dependency on food as an emotional comfort, ",0.3385470509529114
1035,"The statement 'I just can’t take it anymore' suggests that the person is experiencing extreme distress and feeling overwhelmed, which are common signals of relationship-related stress.",cant take it any more,0.47343355417251587
1036,"The person's expression of feeling cursed, experiencing hurtful and failed relationships, and the contrast between long-lasting negative relationships and short-lived positive ones indicates relationship-related stress.","two worst, most hurtful relationships lasted years, feel cursed,hate my life",0.5915981531143188
1037,"The individual seems to be struggling with emotional pain and mentions using medication to numb themselves. This indicates a reliance on medication as a coping mechanism, reflecting medication-related stress. The mention of going on a higher dose of meds and using sleep and video games to escape negative thoughts further supports this categorization."," main way has been escaping all negative thoughts, through sleeping ,video games,going back to college in a few weeks may help",0.4854702055454254
1038,"The person is experiencing medication-related stress, specifically regarding the side effects of SSRIs on their sexual function. The individual had concerns about potential false positive drug screening due to Fluoxetine, leading them to stop taking their prescribed medications. They have noticed a significant improvement in their libido and sexual function since stopping the medications, which has made them hesitant about restarting them despite their initial purpose of treating depression. The mention of feeling happier without the SSRIs but also fearing a return to deep depression demonstrates the conflict and stress related to medication use in this context."," SSRI and their potential sexual side effects. For the last 6 months I have been on Fluoxetine and Duloxetine,force"" my self to have sex",0.6990990042686462
1039,"The person is experiencing job-related stress due to unemployment, lack of job prospects, and financial concerns, leading to the resurfacing of suicidal thoughts. The mention of graduation and job offers in other states indicates a focus on career and job-related issues, highlighting the impact of job instability on their mental state.","graduated college this year and thought for sure by now,  temp job laid me off ,before then they were cutting my hours, unemployed,  have no hopes",0.4312208294868469
1040,"The person is experiencing relationship-related stress stemming from their interactions with their parents. The constant pressure to go out, guilt-tripping, insensitivity to their feelings, and emotional manipulation are all indicators of strained parent-child relationship, leading to feelings of helplessness, sadness, and exacerbated depression. The negative remarks and lack of understanding from the parents contribute to a toxic environment for the person, worsening their mental state.","having a bad time, quiet person who doesn't like going out, sensitive, problems with my parents, makes me feel useless",0.5737892389297485
1041,"The person expresses strong feelings of alienation and disconnection from society and themselves. They feel that life is pointless and they have nothing to live for, indicating a deep sense of hopelessness and despair. The individual dislikes themselves, their life, the world, and the society they live in, suggesting a profound sense of alienation and dissatisfaction with their surroundings. This feeling of being disconnected and isolated from the world is a characteristic of alienation-related stress.","just can't do this life thing anymore, pointless, just don't care anymore, wouldn't be losing much being dead, ",0.3422650098800659
1042,"The person is expressing feelings of emptiness and dissatisfaction despite engaging in various activities, suggesting a sense of alienation or disconnection from themselves or their surroundings."," work full time,have sex, still feel hollow",0.3404606580734253
1043,The person's feelings of anxiety and despair related to time passing quickly and not being able to fully appreciate good moments suggest a sense of alienation from their own life and experiences. This feeling of disconnection and isolation from their own reality can cause significant distress and contribute to the perceived quick passing of time and inability to fully enjoy positive moments.," get really anxiousthat time is passing so quickly , no chance to fully appreciate the good moments, leaving only despair",0.6721841096878052
1044,The use of positive language like 'Cool' and 'ASAP' indicates a good mental state., start getting over it  ,-0.0125362453982234
1045,"The person expresses feelings of being stuck and not trying to find a way out due to reasons like laziness, fear, or pressure to improve. This indicates a state of relationship-related stress, possibly feeling trapped in a situation or relationship where they know the path to resolve it but are unable or unwilling to try."," not willing to try because of laziness, fear, pressure on me to get better",0.41365480422973633
1046,"The language used in the premise, expressing hatred towards people and existence, suggests a sense of alienation and disconnection from others and oneself."," hated in life,I hate you, despise your existence,.",0.47353091835975647
1047,"The use of phrases like 'accomplished absolutely nothing' and 'managed to not kill myself' suggests feelings of alienation and disconnection from personal achievements and potentially low self-worth, typical of alienation related stress.","accomplished absolutely nothing, kill myself",0.6823673248291016
1048,The person is feeling alienated and left out while witnessing their peers engaging in social activities. This can lead to feelings of loneliness and dissatisfaction with one's current situation.," drunk and being reckless ,hate my life ",0.2630276679992676
1049,The feeling of wasting life away and being a nobody suggests feelings of alienation and lack of connection to oneself and/or others.,"wasted all my life away,  haven't done anything with myself, a nobody",0.4969980716705322
1050,The person expresses feelings of alienation and loneliness as they observe their peers engaging in social activities without them. This sense of being left out and not belonging can lead to a state of alienation-related stress.," drinking, smoking weed, having sex, alone ,ending it",0.22658434510231018
1051,"The person expresses feelings of alienation, loneliness, and social anxiety. They mention that false rumors have prevented them from reconnecting with old friends, leading to sadness and depression. Additionally, the desire to go to a bar to be surrounded by people during the new year indicates a longing for connection and a sense of alienation from others. The individual's perception of their nerdy demeanor and social anxiety as barriers to forming relationships further points towards feelings of alienation and isolation.","persisting false rumors, stuck in my room just sad and depressed, down as hell, Idk what to do",0.2925930917263031
1052,The person seems to be experiencing relationship-related stress as they are feeling conflicted about not being able to enjoy simple joys with their family. This conflict may be causing emotional distress and dissatisfaction in their relationships.,"they invited me, still said no ",0.042242638766765594
1053,"The person is experiencing feelings of alienation, hopelessness, and thoughts of being left behind by everyone. This sense of being unable to connect with others and feeling like a mess aligns with alienation related stress."," just gonna ruin everything all over again, everyone will just leave me behind ,collection of suicidal thoughts, feel like a mess, want to die",0.22687730193138123
1054,"The person expresses feelings of loneliness, alienation, and self-loathing, indicating a sense of disconnection and detachment from others. Additionally, the mention of drug use and its consequences, as well as regrets about missed opportunities in education, further suggest feelings of alienation and disconnectedness from societal norms and expectations.","suspended for drug use, no one will respond,spending it alone, hate myself, work two jobs, isolated myself, no friends left",0.4617353677749634
1055,"The person starts by acknowledging being in a bad mood and feeling frustrated. However, they mention that they have since gained a new perspective and feel better after receiving positive responses. This indicates a shift from a negative to a more positive or good mental state, where they appreciate their own efforts and offer encouraging words to others.","ostly frustrated as the songs I made in the period of 2 weeks, not everyone is gonna like your stuff ",0.19612768292427063
1056,"The person expressed feelings of being alone and deliberately avoiding social interactions during a celebratory event like New Year's Eve. They mentioned spending the night alone on a rooftop, ignoring invitations, and feeling ignored as nobody called or messaged them. This sense of isolation and lack of connection with others indicates a state of alienation-related stress.","alone, didn't want to celebrate this night, ignored every invitation, nobody bothered to call or message",0.6563770771026611
1057,"The person expresses feelings of isolation and exclusion, indicating a sense of alienation and loneliness during New Year's celebrations. They describe not being invited to events, feeling left out, and resorting to negative coping mechanisms like suicidal thoughts. This sense of alienation and despair is a common indicator of Alienation related stress.","No one invites me to anything, feels fucking horrible, suicidal thoughts",0.36024928092956543
1058,"The use of terms like 'lonely night', 'isolation', 'regret' indicate feelings of alienation and emotional disconnection from others."," lonely night,urgent sense of isolation, and a sadder pit of regret inside
",0.7171714305877686
1059,"Despite the person having multiple positive aspects in their life such as good grades, a job, a car, and support from friends and family, the fact that they feel their mental health has been 'off the rails' and are struggling with feelings of sadness and disinterest in activities they used to enjoy suggests that they may be experiencing challenges related to their overall well-being and emotional state, despite external success."," mental health has been off the rails this whole year, don't really know how to deal with this,stay alive,  get through life, just want to sleep",0.49210578203201294
1060,"The person's mental state is heavily influenced by medication, specifically Sertraline, for the past 9 months. The withdrawal symptoms they are experiencing after reducing and stopping the medication indicate medication-related stress. The fear of going back to their old thought patterns and anxiety could be attributed to the change in medication dosage, highlighting the significant impact of medication on their mental well-being."," Sertraline for 9 months and was on max dosage,mindset changed, scared how bad ,withdrawals are not what i expected, slept 2 hours maximum a night,brain zaps",0.707996666431427
1061,"The person is experiencing feelings of alienation and loneliness, as they express a deep sense of disconnect and isolation from others. They highlight their struggles with finding meaningful connections, sharing life experiences, and celebrating special moments with someone. The mention of not having anyone to chat with on New Year's Eve further indicates a sense of alienation and social isolation, reinforcing the feeling of being disconnected from others and society in general.","nother year without finding anyone to connect with, share life with, feel lonely,without finding anyone to connect with, share life with,",0.5979243516921997
1062,"The person's description highlights feelings of isolation, alienation, and not belonging. They mention having severe PTSD, other mental health issues, and lack of support from family and friends. Additionally, the frustrating living situation with a roommate who lacks empathy and understanding further contributes to their sense of alienation. The individual expresses a strong sense of struggling and feeling like they do not fit in anywhere, which aligns with the characteristics of alienation-related stress."," got 5k in debt,  don't fit in anywhere, don't belong, have no friends, have no family, fucking isolated,stop using your PTSD as an excuse,eating disorder, body dysmorphia, and Asperger's, ",0.29632633924484253
1063,"The person is expressing feelings of loneliness, anxiety, depression, and a sense of being uncared for, especially in the context of their girlfriend not wanting to be with them for New Year's Eve. These relationship-related stressors seem to be contributing significantly to their current mental state.","nobody cares anymore,wanted to be with my GF for New Year‚Äôs Eve, she doesn‚Äôt want to",0.38867735862731934
1064,"The language and content used in the premise suggest feelings of alienation, hopelessness, and despair. The mention of a 'big rock' not being able to end the painful life implies a sense of isolation and disconnection from solutions or support, further emphasizing the state of alienation."," ending my disgusting endless painful life,  ",0.4670047461986542
1065,"The person expresses feelings of extreme happiness and gratitude towards their friends who showed care and support during a difficult time. They also mention being pleasantly surprised by the kindness and concern shown by their friends and former roommate. These positive interactions have helped them overcome their feelings of loneliness and worthlessness, indicating a good mental state.","scared of fireworks,childhood trauma",0.12172339111566544
1066,"The person is experiencing job and career-related stress. The individual is a 19-year-old college sophomore approaching a crucial decision-making phase about their major and future career path. The uncertainty and indecisiveness about choosing between computers/IT and film as potential career paths are causing significant distress. The fear of making the wrong choice, concerns about job prospects post-graduation, and the pressure to find a sustainable career path reflect the typical stress and anxiety associated with career decision-making at a young age.","really concerned with being able to find work out of college,wanting to be a police officer,high school being an English teacher,doing something with computers and IT",0.4830009341239929
1067,"The person is feeling alienated and lonely as they mention spending the night alone, being unable to hang out with anyone due to past experiences, and expressing a laid-back attitude of 'O well, fuck it!'","spending the night alone,play video games,no one to hang out with",0.4948311448097229
1068,"The mention of using a device to stimulate the brain in order to alleviate symptoms of depression suggests that the person is dealing with medication related stress. The individual seems to be seeking validation and potentially looking for a solution to completely eradicate their depression, indicating a reliance on the device and possible anxiety around the effectiveness of the treatment."," alpha stim bought for me by a parent, depressive thoughts, not as constant as before,",0.29578909277915955
1069,"The person seems to be expressing feelings of alienation and frustration. They feel isolated in their experiences, but upon seeking connection, they find others also suffering. This fuels their sense of alienation and exacerbates their bitter and angry mood, like adding fuel to an already burning fire."," bitter angry mood, suffering the same thing",0.5443375110626221
1070,"The person is experiencing relationship-related stress evident through expressions of love, rejection, and sadness in the message.","haven‚Äôt even finished school
",-0.036703892052173615
1071,"The premise indicates severe negative self-perception, self-hatred, hopelessness, and feelings of worthlessness, suggesting relationship-related stress or internal conflict, possibly related to low self-esteem, self-worth, and self-acceptance.","waste my parent‚Äôs money with college, hate myself, wish I was never born, Nothing is going to get better",0.24205735325813293
1072,"The person is feeling relationship-related stress due to feeling betrayed, hurt, and heartbroken in a relationship. The mention of lies, false promises, and saying a final goodbye to the girl they love indicates feelings of sadness and emotional turmoil in a romantic context.","get back are lies and false promises, been crying,saying a final goodbye,",0.5490570068359375
1073,"The language used in the premise indicates a deep sense of hopelessness, self-loathing, and a desire to end it all, which are common signs of severe depression. The person expresses feeling tired of waking up with physical symptoms like chest pain, looking at themselves in the mirror, and feeling unworthy, all of which are often associated with depression. The mention of wanting to end it all suggests a need for urgent medical intervention and potentially medication for managing their mental state."," pain in the chest , tired of looking at myself in the mirror, tired of feeling unworthy ,just done",0.5409989953041077
1074,"The mention of pills and the contemplation of taking them, as well as the decision to stay alive despite inner struggles, indicates a mental state that is related to medication and the inner turmoil that can come with it."," looked at pictures tears came rolling down my face,look at the pills,quickly close them back wipe my tears and decide to stay alive,suicide attempt, many scary struggles will await",0.5475910305976868
1075,"The person seems to be experiencing relationship related stress as they mention their roommate leaving to have dinner with her parents, feeling emotional about their dad's health prognosis, and expressing a desire to make the last year with their dad a good one.","  left my job 2 weeks ago,sat at home and cried, but no one has called me back about my resume,barely eat, but am gaining weight, oversleeping, dad told me that the doctors give him a year",0.28113025426864624
1076,"The person is experiencing feelings of alienation, misery, and a lack of energy to deal with things anymore. They have a history of psychological abuse and have been in and out of therapy and on medication since a young age. The person's self-hatred, suicidal thoughts, and isolation from friends on New Year's Eve indicate a deep sense of disconnection and estrangement from themselves and others, suggesting alienation as the underlying mental state."," psychologically abused, severely by my parent, toll on me mentally,an anxious miserable wreck, don't have any energy,hated myself my whole life,  tried killing myself     multiple times,  ",0.4450216293334961
1077,"The person expresses a sense of not feeling fully comfortable or connected in the subreddit context, indicating a feeling of alienation. The statement about the struggles they face everyday and hoping for their messages to be useful suggests a sense of isolation and the need for connection. Additionally, the self-criticism about their English proficiency may contribute to feelings of being alienated or isolated in the online community.", my life and the struggles,0.3278157114982605
1078,"The individual displays symptoms of depression and mentions being on medication for about two months. They also mention contemplating suicide and suicidal urges, which are serious indications of mental health struggles. The pattern of emotional instability, vengeful behavior, self-harming tendencies, and guilt over hurting their friend aligns with the manifestations of medication related stress, where the medication may not be fully addressing their mental health issues or may be causing side effects impacting their emotional state.","Bullying, parental abuse, and at one point a boy from her school pretty much threatened to rape her, my clingyness to her, downhill in our friendship, it was getting toxic, being a fake friend, lot of guilt for what I had done to her",0.36992549896240234
1079,"The person expresses feelings of alienation and detachment from their current environment, indicating a sense of disconnection and dissatisfaction with their current activities and surroundings.",hate being in bed,0.13110029697418213
1080,"The premise depicts a person going through a recent breakup with someone they deeply love due to distance, which has caused them immense emotional pain. The individual also experienced a friendship breakup and feels that their friend might be intentionally trying to make them jealous. Moreover, they describe feeling awful about hurting their loved one and struggling with the idea of moving on. Additionally, the mention of feeling like a terrible person, being unmotivated in college and life, quitting a job due to anxiety, and seeking a new job to avoid running out of money all point towards relationship-related stress and emotional turmoil, resulting in a state of distress and depression.","ended a relationship, dad has been treating me like shit, run out of money",0.29812365770339966
1081,"The individual expresses feelings of emptiness, lack of genuine emotions, and a sense of detachment from their own feelings and experiences. They mention that every emotion they feel seems flat and fake, indicating a disconnect from their emotions. They also describe feeling like they can control their happiness and force themselves to feel a certain way, highlighting a lack of authenticity in their emotional responses. Additionally, the longing to feel empathy again and the contemplation about their male friend suggest a yearning for emotional connection and intimacy, which they feel they are lacking in their current state. The sense of detachment and longing for genuine emotional experiences point towards feelings of alienation and disconnection from themselves and others.","emotion I feel is flat and fake, not homosexual but I think about him a lot recently",0.4322913885116577
1082,"The individual's descriptions of mental illnesses such as bipolar disorder, PTSD, anxiety, and depression, along with references to the presence of another voice in their head and feeling exhausted of fighting their illnesses, indicate that they are under significant medication related stress. The mention of feeling tired, wanting to disappear, and contemplating leaving this world suggests a deep level of emotional and psychological distress related to their mental health conditions and the management of medications.","just isolate myself for weeks at a time because I have no one to turn too, just want to disappear, watching my own demise, really makes me angry is that I know I'm acting irrationally",0.3602478504180908
1083,"The person writing the premise is expressing feelings of alienation and loneliness. They are feeling excluded and left out by their D&D group, which is causing them emotional pain. The lack of consideration and acknowledgment from the group has made them feel isolated and unimportant. This sense of alienation is evident in their desire for the group to at least think about them and show some form of care or inclusion. The person's negative emotional state stems from the perceived rejection and disregard from the group, leading to feelings of loneliness and hurt."," but they never asked me, just them thinking about me would have made it easier",0.17255902290344238
1084,"The repetitive questioning about why the person is still alive, feeling stuck in the same place as before, jealous of others who seem happy, and expressing confusion and uncertainty about their emotions indicates a sense of alienation and disconnect from themselves and their surroundings.","Why im i still alive, feeling awful ,know that im stuck",0.4913971424102783
1085,The mention of depression and the severity of it as an obstacle in getting good grades indicate a focus on medication and mental health related stress.,"did really bad last semester, Don't kill myself",0.3476296663284302
1086,"The person is dealing with depression and fears related to a physical health issue, which often require medication and medical intervention. The feeling of being let down by friends and the desire to escape through alcohol indicate a state of medication-related stress.","need some sort of support,found a lump on my testicle,scared,mad, ",0.07328703999519348
1087,"The use of the phrase 'just another' suggests a sense of alienation or detachment from the significance or excitement of New Year's Eve, indicating a feeling of disconnection or lack of interest in the celebration.", just another New Years Eve ,0.5642992258071899
1088,The person is feeling isolated and experiencing alienation by planning to celebrate New Year's Eve alone. This sense of isolation may lead to feelings of loneliness and disconnection from others., celebrate New Years all by my self.,0.4899427890777588
1089,"The person is feeling overwhelmed by not only their mental illness but also the internet usage, and feels a sense of alienation from their mother's advice. This sense of detachment and isolation is indicative of alienation related stress."," my mother telling me that I need to get away,can't ignore it because it affects me",0.35547342896461487
1090,"The premise describes intense feelings of guilt and remorse stemming from a past relationship breakup, indicating relationship-related stress. The person's overwhelming sense of responsibility for the breakup, self-loathing, and thoughts of self-harm point towards deep emotional distress caused by the failed relationship, even after many years. The individual's continuous longing for their ex-partner, inability to move on, and self-destructive behavior are all indicative of relationship-related stress and unresolved emotional turmoil.","cheated on her, broke up with her, forgave all my flaws, feel more and more grief as the years roll by, never been the same since",0.47105172276496887
1091,"The person's depressive rant and negative thoughts about themselves suggest feelings of alienation and a sense of disconnection from others. They express a fear of actively engaging with people, believing that it might drive others away. This fear of rejection and the pattern of waiting to be invited rather than taking initiative indicates a deep-seated alienation. The self-isolation, despite receiving messages and occasional invitations, along with feelings of loneliness and self-hate, further point towards an overall sense of alienation from their social circle. The person's struggle to reach out and engage with others, coupled with negative self-perception, align with the characteristics of alienation-related stress.","always relied on people to invite me, always make myself lower than everyone else,  high and on the self hate",0.4163818657398224
1092,"The person is experiencing feelings of alienation, loneliness, and emptiness, especially in their interactions with friends and family. They feel detached from the people around them, except for their best friend, and struggle with self-esteem issues. The person's sense of alienation is further exacerbated by the realization that their previous friends were not as supportive as they had thought. These feelings of isolation and lack of genuine connections are leading to a deep sense of sadness and emptiness, making them long for a sense of belonging and understanding. The person's attempts to find solace in activities like creating Youtube videos provide temporary relief, but ultimately they feel trapped in a cycle of temporary happiness and persistent loneliness.","ever since I confronted my mother about my problems, she both blamed my problem on playing too much video games,Every time I'm around the people who I consider to be my real friends, I feel a bit better",0.36026543378829956
1093,"The person expresses feelings of isolation, self-hatred, desire to self-harm, and extreme hatred towards the human race. These thoughts and emotions indicate a state of alienation and disconnect from oneself and society, which is causing significant distress and hopelessness.","Isolate myself and then complain, love being sad, just hate myself, why cant i just die",0.3712770342826843
1094,"The person is expressing negative emotions and feelings associated with taking medication. They feel numb, dizzy, and depressed when taking the pills, which are common side effects that can lead to feelings of hopelessness and questioning of true happiness. This indicates medication-related stress.","hate taking my pill, never be truly happy,be like a stupid robot",0.5031846761703491
1095,"The use of the term 'another' implies a sense of alienation and disconnection, suggesting feelings of loneliness or isolation.",Another depressed son ,0.2015748769044876
1096,"The person experienced a high level of achievement and success in terms of their fitness goal which made them feel really good. However, despite achieving this success, they are now feeling more alone and miserable, which could indicate feelings of alienation. This shift in emotions from happiness to loneliness and misery after a celebratory event like New Year's Eve may suggest a sense of disconnection or isolation from others, leading to the feeling of alienation.","gained exactly 10kg ,feel more alone, miserable",0.3354957699775696
1097,"The mention of trying opiates for the first time and experiencing severe physical reactions like sweating, itching, vomiting, and loss of consciousness indicates a medication-related issue. The fear and realization of coming close to death suggest a deep impact on the individual's mental state due to the consequences of their actions involving substances."," trying opiates,started sweating buckets, getting an intense itch, throwing up, and falling in and out of consciousness, coming that close to death has shaken me to my core",0.6840441226959229
1098,"The person is experiencing relationship-related stress due to feelings of rejection by a girl they liked and being friend-zoned. Additionally, they are facing negative comments and jokes about their appearance from their family, which is likely contributing to their low self-esteem and feelings of inadequacy. These experiences are impacting their confidence and sense of self-worth, leading them to seek advice and validation from others who may have gone through similar situations.","lost confidence after this girl I put so much into, rejected me,  nose is large and sticks out and my ears are ugly, may never be accepted",0.4447250962257385
1099,Having a breakdown in front of family and friends indicates relationship related stress and possibly feelings of vulnerability and embarrassment in personal relationships., had a breakdown in front of my family and friends,0.5460560321807861
1100,"The premise describes a cycle of feeling depressed, engaging in self-harm, facing disappointment and anger from the mother, feeling worse, and eventually, having thoughts of self-harm and suicide. This cycle indicates a relationship-related stress, particularly with the mother, which is causing a negative impact on the mental state of the person."," mom get disappointed, angry, feelling worst,cutting to feel better, mom gets depressed by it",0.6515186429023743
1101,The mention of a specific year causing dread indicates a feeling of alienation or discomfort with the past experiences or memories associated with that year.,fills me with dread.,0.49507129192352295
1102,"The language used in the premise, indicating a feeling of hopelessness and disappointment, suggests a sense of alienation. The individual expresses a deep sense of dissatisfaction and feeling that they do not achieve any wins in their life, leading to a feeling of disconnect or alienation from their surroundings. This kind of sentiment is often associated with alienation-related stress.","still wanna die, ",0.17040154337882996
1103,"The person is expressing feelings of hopelessness, emotional instability, ruined relationships, loneliness, and ongoing struggles with anxiety and depression despite being on antidepressants for several years. The person acknowledges the negative impact of medication on their life, considering that starting antidepressants worsened their anxiety and depression. They also express a strong desire to discontinue the medication and seek alternatives, indicating a high level of frustration and distress related to their current treatment. The focus on medication, its perceived effects, and the struggle to find a way forward suggest a predominant mental state related to medication-induced stress.","hate my school, realized how shitty of a person I am, how selfish I am and how I've ruined every good relationship and friendship in my life",0.271475613117218
1104,"The individual expresses a history of mental health struggles including chronic depression and anxiety. They mention seeking therapy, discussing suicidal ideation, and recognizing the need for professional help instead of burdening family and friends. Additionally, they acknowledge the importance of taking care of their body and believing in themselves, indicating a focus on self-improvement and self-care that aligns with the mental state of someone under medication-related stress."," on antidepressants for around 4 or 5 years, but I'm still a mess,no control over my emotions, my panic attacks and general anxiety lead me to ruin friendships and relationships",0.36184418201446533
1105,"The person expresses feelings of alienation, loneliness, and pessimism about the future, indicating a sense of disconnection from others and a lack of hope for improvement in the upcoming year."," miserable as fuck on New Years,year of pain and shit incoming ",0.3687584698200226
1106,"The person's feeling of disconnection and alienation from almost everyone and everything, as well as their sense of being left behind and not living the life they should, indicate a heightened state of alienation-related stress."," feel disconnected from almost everyone and everything, no motivation , just want to cry",0.38367778062820435
1107,"The person is experiencing a combination of depression, anxiety, and feelings of being emotionally exhausted. They mention being out of anxiety medication and having to wait until January to get more, which indicates a dependence on medication for mental well-being. This medication-related stress is further exacerbated by the lack of emotional support from their family, as mentioned by their mother's dismissive attitude towards depression. The person's overwhelming sense of feeling useless and wanting attention to feel loved also points towards the mental state being influenced by the absence or lack of proper medication to manage their mental health issues.","my birthday, was spent working and alone, Nobody remembered it failed suicide attempt on Christmas,  My life is a mess
",0.20658069849014282
1108,"The person's mental state indicates a high level of distress and despair stemming from a complicated relationship with their best friend. The person is deeply in love with their best friend but has faced rejection, resulting in significant emotional pain and suicidal thoughts. The fear of facing another rejection from their friend after an upcoming talk is causing extreme anxiety and fear of losing the friendship. The person's intense emotional entanglement with the friend, coupled with the uncertainty of the future of their relationship, is a strong indication of relationship-related stress.","she straight out rejected me, wanting to kill myself, started smoking ",0.26821333169937134
1109,"The language and tone used in the premise indicate a high level of emotional distress, confusion, and self-doubt, suggesting a potential bias or abuse related stress. The individual seems to be struggling with their thoughts and feelings, and is questioning the validity of their own emotions, which may be influenced by past experiences of bias, abuse, or manipulation.",like everything in my life is my fault ,0.22344975173473358
1110,"The person is experiencing relationship-related stress due to parents divorcing, which can have a significant emotional impact. This, combined with the loss of grandparents and struggles in college, is causing feelings of depression and sadness. Furthermore, feeling ignored by friends when talking about these issues may worsen the sense of isolation and emotional distress. The overall context suggests a heavy emotional burden related to relationships and support systems."," Parents divorcing, Grandparents died , talking to my friends, seem to ignore it and talk about something else,College going shit,",0.5722206234931946
1111,"The statement indicates that the person experienced trauma in 2017 and is hopeful that the upcoming year, 2018, will not be as bad. This shows that the person is stressed about relationships or past experiences, possibly indicating that the trauma in 2017 was related to relationships or personal experiences.", traumatizing and hard year for me that I can rest assured,0.6232495307922363
1112,"The expressions of hating being alone and being single, along with the pain mentioned, indicate relationship-related stress leading to feelings of loneliness and disappointment. These feelings are further emphasized by the moping and the sentiment that life sucks.","hate being alone, being single",0.7581424117088318
1113,"The person exhibits a deep sense of alienation in various aspects of their life, including social isolation, lack of relationships, lack of friends, and feeling disconnected from society. This alienation contributes to their feelings of severe depression, anger, and social anxiety. The individual expresses a desire to enjoy life and have meaningful relationships but feels unable to due to their mental health issues and physical condition. They also feel unsuccessful in finding suitable career options due to their limitations, which adds to their sense of alienation and frustration. The overall tone of the premise suggests a strong feeling of being disconnected from others and from building a fulfilling life, indicating high levels of alienation related stress.","Job, career, pursue with my social anxiety social anxiety,  built up anger hate, living with my mom, move out on my own",0.4474356174468994
1114,"The person expresses feelings of depression, tiredness, and sadness, as well as growing distant from friends and pushing people away. These feelings of alienation and disconnection from others indicate alienation related stress.",distant with my friends,0.43098878860473633
1115,The sudden shift from a good time with family to thoughts of self-harm suggests feelings of alienation and disconnect from one's surroundings.," cutting myself,wrong with me",0.3729866147041321
1116,"The person is expressing feelings of alienation and frustration towards societal expectations, indicating a sense of disconnection or isolation from the society.","fake joyous, FU society",0.36556294560432434
1117,"The person expresses feelings of never being content, insecurities resurfacing in social situations, feeling not enough, and experiencing hopelessness when alone. These indicate a sense of disconnection from others, self-doubt, and a lack of fulfillment in social interactions, pointing towards alienation-related stress.","never really content, insecurities always resurface, over analyse, voice in the back of there head, you‚Äôre not enough, feel hopeless",0.5453878045082092
1118,"The person seems to be feeling alienated or disconnected, seeking social interaction through chatting on Discord.",Anyone down to chat  ,0.23242302238941193
1119,"The person mentions experiencing mild symptoms that progressively worsened, followed by moderate depression, anxiety episodes, and feelings of euphoria triggered by a video. These symptoms could indicate a complex mental health condition that may require medication management and treatment, as suggested by consulting a psychiatrist. The guilt mentioned about calling the psychiatrist frequently also reflects a level of stress or concern related to medication and mental health treatment.","video triggered, heart is racing, progressively got worse",0.32747071981430054
1120,"The use of special characters and a username instead of a personal introduction might indicate a feeling of alienation or disconnection from others, possibly seeking contact through a platform like Discord.",discord ,0.37247413396835327
1121,"The person seems to be feeling alienated and lonely, as indicated by shutting down social media accounts to avoid feeling worse. They mention that being lonely sucks, showing a sense of disconnect or isolation from others. This suggests a feeling of alienation which is leading to stress and negative emotions."," shut down, Snapchat and instagram accounts,, Being lonely suck, comparing themselves,",0.5462285876274109
1122,"The language and sentiments expressed suggest a deep sense of alienation and disconnection from others and society as a whole. The person feels isolated, abandoned by friends and family, and overwhelmed by negative emotions, reflecting a state of alienation-related stress.","friend moved all the away, broke down in front of 200 people, loser,embarrassment, Why the fuck did God create me, hate everything and everyone",0.23508742451667786
1123,"The person is feeling alienated, expressing feelings of being a loser, lonely, worthless, and isolated from others. They mention how they never experience happiness like others do and feel disappointed with their own life and lack of accomplishments. These thoughts and emotions indicate a sense of alienation from society and a disconnection from the positive experiences that others seem to have."," loser you are, how lonely you are, Birthdays are bad, no one cares enough to remember, worthless, pathetic waste of energy, lots of my blood and tears will be shed tonight",0.3172392249107361
1124,"The person expresses feelings of loneliness, rejection, and dissatisfaction in relationships. The mention of never having had a girlfriend, being dumped after just a kiss, and struggling to find a job to move out indicates relationship-related stress and unhappiness.","can‚Äôt find a job, she dumped me, everybody eventually seems to get what they want, seem to lose everything,",0.4566793143749237
1125,"The person who wrote the premise is experiencing extreme feelings of isolation and alienation. They have expressed a profound sense of loneliness, lack of social connections, and a feeling of being worthless and unwanted by others. The individual feels detached from society, unable to make meaningful connections with people, and sees themselves as a burden to those around them. This deep sense of alienation is evident throughout the text as the person struggles to find solace in their surroundings and contemplates extreme measures such as suicide. The constant reminders of their ex-girlfriend's happiness and engagement further amplify their feelings of isolation and despair, emphasizing their sense of being left behind and forgotten. The overwhelming sense of alienation is a prominent theme in the person's narrative, making Category 5 the most fitting categorization.","demoted at work, feel so alone, started drinking, don't have friends, hate how I look, worthless, burden ,not wanting to live anymore",0.40070897340774536
1126,"The individual expresses feelings of loneliness, isolation, and a desire for social connection, highlighting a sense of alienation. This alienation is evident in their avoidance of social activities, struggle with social anxiety, and reluctance to engage in celebratory events that signify the passage of time.","don't go out of the house,  mostly live a lonely, unfulfilling existence",0.3893275260925293
1127,"The statement indicates suicidal thoughts and the desire to end one's life, which can be related to a mental health issue requiring medication. It is important to seek professional help and support in such situations."," kill myself, end all of this",0.3713107407093048
1128,"The person is experiencing feelings of loneliness, being lost, scared, and confused, indicating a sense of alienation. They express frustration with their environment, feeling that every time they try to better themselves, someone or something ruins it. This continuous disappointment and lack of support from their family when trying to address their anxiety and depression further highlights feelings of alienation. Additionally, the person mentions wanting to make positive changes in their life such as improving their drawing skills and losing weight, but the unsupportive family environment makes it difficult for them to pursue these goals. The overall sense of hopelessness and the sole motivation of escaping to find happiness suggest a deep sense of alienation and disconnection from their current reality.","someone or something ruins it, idea of getting away, feel so lonely, lost, scared, confused",0.6534911394119263
1129,"The person who wrote the premise appears to be in a good mental state as they are reflecting on their past struggles and expressing gratitude for their current happiness. They mention being able to recognize and deal with emotions, indicating a sense of emotional intelligence and self-awareness. The tone of the statement also suggests a positive outlook on life and an appreciation for the support of friends.",Sometimes it creeps up,0.08205776661634445
1130,"The language used suggests feelings of alienation and loneliness, indicating a sense of disconnection and isolation from others.","Nothing fuckin changes,alone",0.14289772510528564
1131,"The person is experiencing relationship-related stress, as evident from the heartbreak after being broken up with by their boyfriend, feeling replaced by someone they perceive as better, and longing for the affection and attention they once had. The person's distress is exacerbated by feelings of loneliness, social isolation, and rejection from friends and family, further deepening their sense of worthlessness and despair.","loser with a shit retail job, can't get a single job with my degree, He broke up with me, next day my grandfather died, my favorite cats in the world passed away",0.28862833976745605
1132,"The person seems to be in a good state, enjoying a celebratory moment and expressing well wishes for the new year.","glasses clink
",0.08693403005599976
1133,"The person is experiencing relationship related stress. They express feelings of loneliness, rejection, low self-worth, and the desire for romantic connection. The individual's dissatisfaction with their current situation, their perception of being judged and degraded by others, and the fear of facing another year of unhappiness are all indicative of relationship-related struggles.","degraded by other men,not seeming masculine enough, few people understand that men have feelings too.another year in poverty, loneliness, hatred and sadness ,",0.487801730632782
1134,"The person seems to be dealing with complex emotions related to their mother's suicide attempt and their own depression. They mention feeling dull despite having a great job and life, longing for a romantic relationship, and feeling sad when leaving the bar alone. These indicate relationship-related stress and emotional struggles.","mom tried to end it back , cold seems to make the sadness worse",0.5022565722465515
1135,"The author's mentioning of worsening depression over time, feeling isolated and unable to enjoy typical activities, such as attending parties and socializing with friends, suggests a mental state related to medication. The thoughts of suicide and the belief that it will happen sooner rather than later indicate a serious level of distress and hopelessness that may be influenced by medication-related factors.","laying in bed, shithole apartment, suicide is the end goal, hanging myself",0.4498131275177002
1136,"The use of formal language like 'wilt thou' suggests a feeling of isolation and disconnection from the party, indicating a sense of alienation.", isolated in their piece of the room,0.2804713249206543
1137,The language used and the negative perspective towards celebrations and social interactions suggests a feeling of alienation and disconnection from others during the new year festivities.,"Seeing all the people kissing their loved ones,Fuck the new year",0.5120385885238647
1138,The person is experiencing job and career-related stress due to unsuccessful job interviews and financial uncertainty about being able to afford things. The mention of joining the plumbers union as a backup plan indicates the pressure and anxiety they are facing in their job search.,"no one is hiring ,sitting around the house sucks",0.31064772605895996
1139,"The person is experiencing relationship-related stress as they feel abandoned by their friends and family during a difficult time. They mention feeling alone and not having someone to turn to for support, which is impacting their mental state negatively. This sense of isolation and lack of emotional support is a common source of distress in relationships, leading to feelings of sadness, hopelessness, and despair."," go wrong at work is, lose my manager position, feel so tired, worn, broken, should just slit my wrist after work",0.030122842639684677
1140,"The statement reflects a high level of distress and negative experiences, specifically in relationships. The loss of pets, betrayal by a group of friends, and the use of harsh language towards Kim Jong Un indicate a deep emotional turmoil originating from troubled relationships."," Hell, lost 4 pets, out to ruin my life,",0.26381900906562805
1141,The mention of being in a depressive state and considering passing on to the next life suggests a deep mental struggle that may require medication-related intervention.,"time for me to pass on to the next life, afterlife, darkness, otherside, ",0.3999648690223694
1142,"The person seems to be under relationship-related stress as they mention that their friends are making them create this routine. This implies a sense of pressure or obligation stemming from their social circle, which could be causing them to feel unenthusiastic about the routine.","create this routine ,get over the d,not excited at all",0.24347300827503204
1143,The use of profanity and negative sentiment towards the new year suggests a feeling of alienation or disconnection from the idea of new beginnings and fresh starts. This could indicate a sense of detachment or isolation.,Fuck this new year,0.4692676067352295
1144,"The mention of multiple suicide attempts since 2015 and the persistence to continue despite not being successful indicates a significant level of mental distress, likely requiring medication-related intervention and support."," tried to kill myself multiple times,haven't been successful, Another year to suffer, through this hell ",0.5995395183563232
1145,"The person's mention of having suicidal thoughts, feeling down, not wanting to go to a therapist, and feeling lonely suggests that they may be experiencing medication related stress, possibly due to struggling with mental health issues and feeling overwhelmed by their current circumstances.","failed 3 of my classes, suicidal thoughts, sleeping more, down for a while, beyond help,  no friends , so lonely",0.5339540243148804
1146,"The person is expressing feelings of alienation and detachment, feeling left out and isolated from the group of people who appear to be enjoying themselves. They feel disconnected from the celebratory atmosphere and are questioning their own sobriety in contrast to the perceived drunkenness of others.","damn, alcohol, shitty, getting black-out",0.28716981410980225
1147,"The person is feeling alienated and disconnected from their peers due to missing out on typical teenage milestones, which can lead to feelings of loneliness and isolation.","alone,wasted my teenage years",0.4651685655117035
1148,"The person appears to be experiencing alienation related stress as they express feelings of disconnect and disillusionment towards societal norms, traditions, and cultural celebrations. They view themselves as an outsider and describe others as 'sheep' prancing in a world that they perceive as shallow and devoid of real meaning. This sense of alienation from mainstream society is evident in their reflections on consumerism, relationships, technology, and the superficiality of human interactions.","deeper in a hole, pathetic",0.24330416321754456
1149,The person's mental state and the mention of being diagnosed with major depressive disorder indicate that they are currently experiencing medication-related stress. The positive outcome of talking to their primary care physician and being put into a therapy program hints at the struggle they may have faced in finding the right medication or treatment for their condition., considering suicide,0.2927805781364441
1150,"The language used in the premise, such as thoughts of suicide, feelings of hopelessness, declining academic performance, lack of motivation, and a history of battling depression for six years indicate a serious mental health issue requiring professional help. The mention of going to a mental hospital and questioning the need for parents' consent to be admitted suggests a significant level of distress and a possible consideration for medication. This aligns with the category of Medication related stressed.","grades have gone from As to Ds and Fs, asking for extensions, but not fulfilling them,  all time low, killing myself every day,  no friends ,spend everyday sleeping",0.27921414375305176
1151,"The person expresses feelings of alienation and deep-seated emotional distress by sharing their struggles with feeling neglected, unloved, and verbally abused during childhood. The sense of not being taken seriously by others despite reaching out online for support contributes to their feelings of isolation. This alienation appears to have significantly impacted their mental well-being, leading to issues like self-harm, depression, and contemplating suicide. The individual's experiences of feeling fearful and anxious in response to authority figures also suggest a deep-seated sense of alienation and disconnection from others.","lacked a loving mother and father growing up and have always been subjected to, severe verbal discipline, harsh yelling, spent in a hellhole, feeling pathetic, fog still lingers, self harm addiction",0.4475630223751068
1152,"The person seems to be in a good mental state at the moment. They mention that despite facing challenges for a long time, 2017 was better for them in many ways. They are hopeful and optimistic about the upcoming year, expressing a desire to finally start enjoying life. Overall, the tone of the statement suggests a positive outlook and mindset.","shits been rough, this hole",0.14143182337284088
1153,"The person is feeling relationship-related stress because they are upset about not receiving any New Year wishes back from the people they sent snaps to, indicating a feeling of loneliness or unimportance in their relationships.", no one has wished me back,0.3712324798107147
1154,"The person is expressing feelings of alienation and loneliness in relation to the new year celebrations. They mention feeling sad and struggling to feel the expected happiness during this time, indicating a sense of disconnect or alienation from the celebratory atmosphere. This feeling of not belonging or fitting in can contribute to emotional distress and the desire to cope with the situation.","is a bitch,  no hope ",0.15803074836730957
1155,"The sudden wave of sadness and the urge to cry may indicate that the person is experiencing relationship-related stress or emotional turmoil, especially when they mention not knowing the reason behind the sadness."," hit me like a ton of bricks,don't know what to do",0.02927885204553604
1156,"The statement indicates feelings of alienation and isolation, suggesting that the person feels unwanted and excluded by others."," nothing else to it,don't want me around",0.2691371738910675
1157,"The person is dealing with multiple autoimmune disorders including lupus, which likely require medication to manage. The mention of pain, neuropathy, and vascular issues suggests that the individual is under significant physical distress. Additionally, the feelings of loneliness and lack of friends to talk to about their health issues may indicate a sense of isolation and struggle with their current circumstances. The reluctance to admit limitations at work due to the autoimmune disorders further emphasizes the mental strain and potential medication reliance in this situation.","have several autoimmune disorders ,lupus is the main, lot of pain, work full time as a valet, go to school full time, lonely",0.675180196762085
1158,The person's emotional instability and feelings of loneliness and sadness suggest that they are experiencing relationship related stress.,"emotionally unstable, feeling like shit since, so lonely, shitty",0.5496198534965515
1159,The person is expressing a strong desire to cry and release the pressure they are feeling. The mention of not being able to cry and wanting to pass away peacefully in sleep suggests a deep sense of emotional distress that may be related to medication or mental health issues.,"damn cry, cant cry, full of pressure that wont release, passing peacefully in my sleep tonight",0.6007539629936218
1160,"The person is expressing feelings of alienation, self-hatred, and lack of identity. They feel disconnected from others, unable to seek help, and overwhelmed by traumatic experiences. The mention of having no friends, feeling like the biggest piece of shit, and praying to die indicate a deep sense of alienation and isolation.","Being emotionally and verbally abused, Shit, spent days in bed, guilt, numb",0.3308136463165283
1161,"The repeated experience of getting dumped on the holidays suggests relationship-related stress, leading to feelings of sadness and desperation for improvement in the coming year.","got dumped, can't take much more pain",0.5475063920021057
1162,"The feeling of nobody caring or missing oneself is often associated with alienation and isolation, which can lead to feelings of distress and emotional imbalance.",Nobody would miss me anyways,0.414948046207428
1163,"The mention of seeking 'inspiration' through past memories in diaries and chat history with friends, as well as the reference to tears being healthy, suggests a feeling of alienation and a need to reconnect with past emotions or relationships.",contemplating ,0.25587350130081177
1164,"The person's feelings of loneliness and rejection stemming from being the only single one in their friend group, along with the specific incidents of being excluded from plans with engaged friends and rejected by the person they are interested in, indicate a significant level of distress related to relationships. The intense emotions expressed towards their friends and envy of their happiness suggest a deep feeling of discontent and pain in the realm of relationships.","numb to everything, piled up inside",0.17426607012748718
1165,"The person is experiencing relationship-related stress. This is evident from the mention of ending a long relationship with the girlfriend, feeling hurt by not being invited to social gatherings, the ex now dating a friend, and the struggle with social anxiety affecting their social interactions. These relationship challenges have significantly impacted the person's emotional state and self-esteem.","school is fuckinh hard, worst years of my life, ended a long relationship",0.3519587516784668
1166,"The person is feeling alienated and isolated, especially evident from the emotions of feeling alone, useless, and not being included in others' posts on social media. This sense of being left out and not feeling valued by others is a common sign of alienation-related stress.","fucking alone, fucking useless, awful fuck",0.27234137058258057
1167,"The person's mental state seems to be heavily impacted by their struggles with suicidal thoughts, attempts, and hospitalizations. Their mention of not wanting to die for a period but then quickly feeling worse indicates a complex relationship with medication and its effectiveness. The individual's experience of being committed to a behavioral center also suggests a reliance on medication for managing their mental health.","ending up with two hospitalizations and being committed to behavioral center, wanting to die, wishing for death, attempted suicide 4 times in the past 3 months",0.6635664701461792
1168,"The person is expressing deep loneliness and a sense of being disconnected from others, describing spending New Year's Eve alone and feeling rejected by others. They also mention feeling trapped in their room and feeling like their depression is worsening due to the isolation. This reflects a strong sense of alienation and social isolation, which is causing significant distress.","Alone, self pity, self defeating, can't blame people, suicidal, so sick of being me",0.46707943081855774
1169,"The person seems to be feeling alienated or disconnected from social activities or gatherings. They mention reasons for not going out, such as their phone issues, the cold weather, and uncertain plans with their friend. Additionally, expressing hope to be invited out again indicates a sense of longing for social interaction and a feeling of being left out.",havnt been out of the house,0.2877710461616516
1170,"The person is feeling alienation related stress as they express a sense of hopelessness, questioning the purpose of life, feeling overwhelmed by the continuous struggle, and expressing a desire to escape or self-harm. They feel disconnected from the society and the meaning of existence, which contributes to their sense of alienation.","more hard work,we humans work our asses off 24/7 for fucking jackshit, what‚Äôs the point, why even try ,life gets harder, torturous cycle",0.14320236444473267
1171,"The premise describes a situation where the person opened up to their parents about their depression, but the reaction from their father was disappointment and anger, and their mother showed no acknowledgement. This kind of negative reaction and lack of support from family members can be very distressing and contribute to relationship-related stress.","Disappointment, anger,in my fathers voice , I feel like I did the wrong",0.5160290002822876
1172,"The person seems to be in a good mental state as they are finding the self-help book helpful and effective. Their positive experience with the book indicates that they are open to personal development and growth, reflecting a positive attitude towards self-improvement.", self-help book that is working ,0.661697268486023
1173,"The person expresses feelings of alienation and a sense of disconnection from their parents due to a lack of understanding of their mental health struggles. They feel isolated and misunderstood, especially in moments of depression exacerbated by having spare time during the winter break. The individual's parents' dismissive attitude towards their depression and lack of motivation further fuels their sense of alienation and despair. The need for support and understanding from their parents while navigating their mental health issues highlights the alienation-related stress present in this situation."," parents do not understand, is hard,",0.38681262731552124
1174,"The person is feeling down after spending time with family and friends and seeing their relationships, which has further highlighted their loneliness. This emphasizes the relationship-related stress they are experiencing. Additionally, the mention of trying to drink but disliking the taste and feeling, as well as seeking advice on turning their life around, further points towards relationship-related struggles and a need for support in this area.","Seeing their relationship and me being alone, turn my life around",0.40609121322631836
1175,"The mention of feeling depressed for a couple of years, planning own death, and obsessing over making the plan perfect indicates medication related stress and potential need for mental health intervention."," plan my own death,  to end it",0.5327438116073608
1176,"The person is expressing feelings of shame, self-hatred, and fear of how their actions in the relationship might affect their partner. They are worried about being judged, making it apparent that the mental state revolves around relationship-related stress.","nocturnal enuresis, difficult thing in my life to deal with, hate myself",0.23165874183177948
1177,"The person expresses feelings of alienation and a sense of being different from others. They believe themselves to be one of the few 'pure' individuals in a world filled with 'villains,' indicating a sense of isolation and disconnection from the society around them.","rude, mean, pessimistic,  hateful, treats anyone with respect",0.491202712059021
1178,"The person's mental state seems to be primarily influenced by their relationship with their fiance. The feelings of loneliness, disappointment, and upset are all related to the dynamics or issues within the romantic relationship, making it a clear case of relationship-related stress.","alone, shit, Fuck you",0.14897802472114563
1179,"The person seems to be feeling alienated and disconnected from various aspects of their life, leading to a desire to escape through sleep and never waking up.","No more school, no more work,  no more relationships,sleep and never wake up",0.2695552110671997
1180,"The person is experiencing relationship-related stress. The mention of a past relationship where they took their partner for granted, leading to mean actions and regrets, indicates feelings of guilt and sorrow. The continuous feelings of self-hatred, crying every night, and aversion to seeing the future suggest a deep emotional struggle resulting from the breakdown of this relationship.","selfish stoner, smoked everyday, go to sleep crying, tingling, negative no matter what",0.3774116337299347
1181,"The person's narrative reflects feelings of loneliness, lack of connection, and longing for a supportive relationship. They express disappointment in the relationships with their family members, particularly their brothers who do not make themselves available. The mention of feeling lonely and not having anyone to talk to, as well as the desire for someone who truly cares for them, indicates relationship-related stress. Additionally, the uncertainty about their future, the pressure of college tuition, and the struggle of making decisions to please others while feeling unappreciated contribute to the relationship-related stress category.","tuition sucks ,apply to scholarships, to pay out all these loans, feeling lonely,  alone",0.43084627389907837
1182,"The person's mental state seems to be primarily affected by relationship-related stress. The premise details a series of events related to broken relationships, from feeling devastated one year ago to the recent breakup with their ex-girlfriend. The individual expresses regret and takes responsibility for the failures in their relationship, indicating a significant emotional impact from these events. This ongoing struggle with failed relationships and the associated feelings of loss, regret, and self-blame align with the indicators of relationship-related stress.","broken relationship, broke down mentally, lose trust, lost job",0.6634236574172974
1183,"The individual's symptoms, such as feeling apathetic, loss of appetite, and lack of interest in activities, are indicators of depression. The reliance on music and going to the gym as the sole sources of entertainment, along with the feeling that many activities lack fun, further suggests a possible mental health issue. The mention of feeling low also aligns with symptoms of depression rather than just a temporary emotional state.","lost most of my appetite, no desire to do most things, feeling low",0.5635276436805725
1184,"The person seems to be in a good mental state as they are actively engaging in learning, researching, and sharing their knowledge about mental health topics such as depression, anxiety, emotional intelligence, and emotional balance. They express confidence in their research efforts and emphasize the importance of summarizing, paraphrasing, emotional intelligence, and emotional balance for mental well-being. Overall, their tone suggests a positive and empowered mindset in seeking knowledge and understanding about mental health.","sadness, emotions take control of your mind and body completely",0.33800891041755676
1185,"The person expresses feelings of self-hatred and a belief that they will never improve, suggesting a sense of alienation from themselves and perhaps from others as well. The idea of being better off alone forever also indicates a sense of alienation from social connections and relationships.","never going to get any better,alone forever, I hate myself",0.4904915988445282
1186,"The person in the premise is experiencing feelings of alienation, loneliness, and disconnection, which are evident from their expressions of feeling left out, mistreated, and undervalued at their job. The act of stealing the beers and the subsequent regret can be linked to a sense of alienation and a 'fuck you mentality' towards their workplace. This behavior of seeking solace in alcohol and making impulsive decisions while feeling depressed further highlights the emotional distress and alienation they are going through.","The company i work for is in a moving process ,took some of it, into my misery ,big regret for stealing the beer, feel so ashamed",0.6720412969589233
1187,"The person's long-standing depression leading to isolation, self-imposed sleep schedule, and difficulty reconnecting with others due to anxiety indicate feelings of alienation and disconnection from society."," got rid of my friends,isolated, stay awake all night, sleep thru the day, avoid",0.46544763445854187
1188,"The person is experiencing intense levels of depression and suicidal ideation, which may indicate a need for medication-related intervention. The mention of feeling increasingly depressed, lonely, losing interest in activities, and having suicidal thoughts are all symptoms that could potentially benefit from medication and psychiatric support.","to bully, belittle me, Failing, out of pity, want to die, suicide is plaguing my thoughts every day",0.4984453320503235
1189,"The person is feeling down after being rejected by their friends during the New Year period, which indicates relationship-related stress.","First friend didn't pick up, second told me not to call again ,this down will last a long while",0.3228223919868469
1190,"The person expresses feelings of hopelessness, worthlessness, and contemplating self-harm. These are signs of alienation-related stress, indicating a sense of disconnection and isolation from others and the world around them.","shit I am, it's not worth it",0.03772454708814621
1191,"The person expresses feelings of alienation, loneliness, and sadness due to struggling to make friends after moving away from home. This social isolation and inability to connect with others are causing emotional distress and a sense of disconnect, making the person feel down and upset, especially during the holiday season.","don't care enough,  it's hurting, new year alone",0.2945611774921417
1192,"The person is likely in a negative mental state, calling themselves an idiot multiple times, which may indicate low self-esteem or self-criticism. However, this could also be a form of self-deprecating humor or a way to vent frustration. Overall, the mental state seems good despite the self-criticism.",an idiot,0.44987064599990845
1193,"The language and emotional intensity in the premise suggest feelings of alienation and disconnection, as well as a sense of frustration and struggle with expressing emotions in a 'normal' way. The mention of not being able to cry, self-harm, and the overall tone of the text indicate a state of alienation and emotional distress.","been doing it for 6 years now without ever stopping to wonder what the fuck it actually is,   self-harm",0.30949175357818604
1194,"The language used in the premise suggests a feeling of alienation, hopelessness, and a sense of disconnect from others. The person in the premise expresses a belief that they are undeserving of support and care from others, feeling isolated and unimportant in the eyes of society. This deep sense of alienation and lack of purpose in life is a characteristic of someone experiencing alienation related stress.","relationships suck,  Pushy, creepy, shitty person, no one cares",0.2367149293422699
1195,"The person seems to be experiencing alienation-related stress, feeling out of place due to their physical appearance and characteristics. They express a sense of not fitting in or being accepted in a certain community or profession, such as modeling, due to their height and head size."," egular sized head and wasn't short I'd probably be modeling and getting paid for lookinggood ,so small, top light",0.2773764431476593
1196,"The use of words like 'isolated', 'failing every aspect of my life', 'nothing to live for', and expressing a desire to die indicate a sense of profound alienation and hopelessness. The individual feels disconnected from society and lacks a sense of purpose or belonging, leading to extreme distress and thoughts of suicide.","isolated , failing every aspect of my life, nothing to live for, fucking die,kill myself 
",0.6969860792160034
1197,"The individual is experiencing alienation-related stress. They feel disconnected or estranged from their past self due to the cringey memories surfacing when they are at home. The constant recall of such memories that they'd rather forget indicates a sense of detachment or discomfort with their past actions, leading to feelings of alienation."," stop thinking about this stuff, dumb, steal",0.08271734416484833
1198,The mention of feeling empty and not liking oneself suggest a sense of alienation and disconnection from oneself and possibly others. This feeling can lead to a sense of emptiness and questioning one's self-worth.,emptiness,0.5726704597473145
1199,"The person is experiencing relationship-related stress as they are admitting their long-term struggle with depression to their friends, indicating a struggle with their interpersonal relationships.", Please help,0.07539058476686478
1200,"The mention of having a blank mind, long thoughts about depressing stuff, self-harming behaviors like choking oneself and scratching oneself, and the awareness of depression symptoms such as numbness in emotions suggest a potential mental health condition requiring medication and intervention.","minds all ways blank, urge to choke myself, scratched myself, don't feel anything",0.6068404316902161
1201,"The person seems to be in a good state of mind, motivated to keep fighting and believing in themselves.","we can do this ,keep fighting ",0.2257915437221527
1202,"The use of words like 'even if you're 20 minutes away', 'feeling on the edge', and encouraging others to 'vent out everything, don't hold back, scream' indicate a sense of alienation and disconnect from others. This person seems to be feeling isolated and disconnected from people around them, hence falling under the category of Alienation related stressed.",need to vent ,0.25223708152770996
1203,"The person expresses feelings of paranoia, self-hatred, and struggles with the voices in their head, which are indicative of medication related stress. They mention the need to quiet the voices in their head and feeling paranoid all the time, which could be symptoms that may benefit from professional help such as counseling or medication management.","need someone to listen, quiet the voices in my head, friends hate me",0.40518394112586975
1204,"The person is experiencing alienation related stress. They feel disconnected and isolated, comparing their life to the seemingly perfect and fulfilling lives of others on social media. This sense of not measuring up and feeling worthless is causing them distress and leading to feelings of loneliness and despair.","feel worthless, broke down crying, alone",0.5086706876754761
1205,"The language used in the premise indicates a sense of alienation and disconnection from others. The individual feels unwanted and unappreciated by everyone, which suggests a feeling of being alienated from their social circles. The feelings of loneliness, inadequacy, and jealousy towards the success of others also point towards alienation as the primary mental state.","Unwanted, everyone seems to hate me, so sick of living like this",0.37318849563598633
1206,"The person who wrote the premise is experiencing relationship-related stress. They are deeply concerned about a friend who has experienced sexual assault and is now facing significant mental health challenges as a result. The author's emotional investment in their friend's well-being, coupled with the fear of losing someone they care about deeply, indicates a high level of distress related to the relationship with their friend.","was assaulted in high school,isn't sleeping well, vivid nightmares, plans for attempts",0.413125604391098
1207,"The person's mention of having experienced four heart attacks at a young age due to bad genetics indicates a serious health condition requiring medical attention. The individual also mentions falling into a deep dark severe depression and describes emotionless days, indicating a mental health condition that may be related to their medical situation. Additionally, the mention of being drunk and the perpetual despair over the years further highlight the need for medication-related help and support.","had four heart attacks due to bad genetics ,emotionless days",0.7289804220199585
1208,"The person is experiencing relationship-related stress as they are expressing deep sorrow and grief over the loss of their baby boy, who they describe as their soulmate. The mention of dealing with the fallout of their ex also points to relationship-related challenges. The emotional turmoil, longing for their lost loved one, and feelings of brokenness all indicate that the person is in a state of relationship-related stress.","Pain, anger, hate, and suffering, fallout of my ex, to stressors at work, broken beyond repair",0.5653284788131714
1209,"The person expresses feelings of loneliness and sadness, indicating a sense of alienation from others. This emotional state suggests that the individual may be experiencing alienation-related stress.","losing it,alone,so sad",0.29583799839019775
1210,"The person is feeling alienated and disconnected from others, which is causing them distress and self-hate for not attending a social gathering where they knew everyone. The fear of being awkward and the regret of missing out on the party suggest a sense of alienation from social interactions.",hate myself,0.31228622794151306
1211,"The individual exhibits feelings of emptiness, disconnection, and lack of purpose, suggesting a sense of alienation from themselves and others. They express a detachment from their own emotions, family, and life in general, indicating a deep-seated sense of isolation and disconnect from the world around them.","Sadness, empty or hollow, not present, donít care about myself, don‚Äôt see the point in trying anymore",0.47892245650291443
1212,"The individual's prolonged experience of depression and suicidal ideation along with self-harm behaviors, mood swings, loss of appetite, and insomnia indicate a severe mental health crisis that potentially requires medication intervention. The mention of painkillers and suicidal thoughts, coupled with a lack of motivation and self-loathing, point towards a deep state of emotional distress and medication related stress.","bad shape, completely lost track with every one in my life, insanely bad mood swing,s cant do simple task anymore ,would die in my sleep, just tired",0.4458186626434326
1213,"The person exhibits feelings of alienation and anger towards others, expressing a sense of being an outcast from society and frustration with people celebrating, which is indicative of alienation related stress.","outcast from society, it pisses me offfucking people celebrating for no reason,disturbing my life,, hate other people,",0.5407268404960632
1214,"The person who wrote the premise seems to be experiencing extreme emotional distress due to relationship-related issues. The description of the failed attempts to make their aunt happy, the breakup with their boyfriend, and the feelings of worthlessness and wanting to die all point towards relationship-related stress as the primary cause for their current mental state.","can't get a job, last day on Earth, she hates me",0.2199661135673523
1215,"The person is experiencing alienation related stress due to past traumatic experiences and internal conflicts in their sexuality. Growing up in a terrible family environment, being exposed to explicit sexual activities at a young age, and facing unwanted sexual encounters have likely contributed to their feelings of dirtiness, confusion, and a distorted sense of arousal. This has led to a deep sense of alienation from themselves and their current relationship, as indicated by their struggle to reconcile their past trauma with their current desires and behaviors. The person's yearning to escape by wanting to end everything and feeling dirty suggests a deep emotional distress and detachment from their own self.","groped a lot of times, so dirty, myself from watching porn",0.43924105167388916
1216,"The language and sentiments expressed in the premise suggest feelings of isolation, detachment, and a lack of hope for improvement or change in the future. The individual expresses a sense of disconnect from others and a pessimistic outlook towards personal growth and the future, which aligns with the category of alienation related stress."," shitty life not optimistic,",0.3579983115196228
1217,"The person feels alienated and disconnected from others, craving social interactions but feeling ignored and unimportant to those around them. This sense of alienation and lack of connection can lead to feelings of depression and thoughts of death.","Unemployed, crave for social interactions, none of them responded, busy living their lives",0.4120209813117981
1218,"The language used in the premise indicates a deep feeling of alienation and despair. The person seems to feel disconnected from those around them and hopeless about their future, leading to a sense of alienation related stress."," lonely, kill myself,rotting, till i die",0.3767789304256439
1219,"The person expresses feelings of alienation, loneliness, and a lack of belonging throughout the text. They mention feeling like a loser, being alone during holidays, and not having friends who care. Additionally, they talk about negative experiences with online interactions where they were treated poorly by others. These feelings of isolation and perceived rejection suggest a state of alienation-related stress.","bipolar, several anxiety disorders, anorexia, alcoholism,psychologically tortured ,people online, scared,  emotionally blunted/numb",0.3764225244522095
1220,"The person expressed being depressed and seeking support, but they were dismissed and labeled as 'edgy'. This reaction may lead to feelings of alienation and not being understood by others, contributing to their stress.",called me edgy ,0.4812980890274048
1221,"The person is experiencing feelings of shame and embarrassment as indicated by the use of a throwaway account and self-deprecating language. Additionally, the mention of past self-harming behavior and an eating disorder show ongoing struggles with mental health. The feeling of exhaustion and the inability to stop negative thoughts suggest a state of alienation and disconnection with oneself.","eating disorder, can't stop thinking about self harming",0.5656350255012512
1222,"The premise indicates that the person is experiencing stress and emotional pain due to a lost connection with someone they deeply cared about. Relationship-related stress often involves feelings of loss, longing, and heartache. In this case, the person's sadness and sense of loss seem to stem from the separation from this important person in their life, despite the relationship being maintained online. The person's thoughts about the other individual also suggest unresolved feelings and a desire for reconnection. It is natural for individuals to feel a deep sense of grief and sorrow over the loss of a meaningful relationship, and the emotional impact can be long-lasting. Seeking support from friends, family, or a therapist can help in processing these emotions and eventually finding closure.","lost contact, past is tearing me apart",0.45492589473724365
1223,"The person is experiencing alienation related stress as they express feelings of loneliness and isolation after moving to a new city for school. They mention that none of their friends moved with them, and their interactions with friends are limited to playing video games. Additionally, they describe being left out of social events and feeling like they have no one to connect with, leading to emotional breakdowns and a sense of despair.","Not one, friends, ditched me, Loneliness",0.4186271131038666
1224,"The person expresses feelings of alienation and loneliness, mentioning a desire for closer friendships and feeling like a second-tier friend to everyone. This indicates a state of alienation related stress.","not being close to a single one of them, loner, nobody ever thinks of inviting me",0.35929298400878906
1225,"The language used in the premise suggests a deep sense of alienation and hopelessness towards life on Earth, indicating an alienation related stress."," painful,  dont care, shithole,nothing to live, or hopefor here ",0.3062838017940521
1226,"The person is expressing feelings of overwhelming depression and worthlessness despite having positive aspects in their life, such as good friends. They mention feeling like the weak partner in a business with a close friend, suggesting feelings of inadequacy and low self-worth in relationships. This indicates that the individual is experiencing relationship-related stress and struggling with feelings of not measuring up to expectations, particularly those of their family.","graduated, high expectations, squandered, wasted myself",0.27092647552490234
1227,"The person has been struggling with suicidal thoughts for a year, indicating a serious mental health issue. The mention of not being able to afford help suggests financial stress related to medication or therapy. The relief and positive outcome after seeking help from parents and the emphasis on the importance of asking for help indicates a focus on medication related stress.",runs in the family,0.16296985745429993
1228,"The person who wrote the premise seems to be experiencing ongoing depression, which is a mental health condition that falls under the medication-related stress category. The individual mentions feeling horrible for a whole month and also talks about the need for support when things get tough. This indicates a significant impact on their mental well-being, which could potentially require medication to manage their symptoms. Additionally, the person expresses a desire to find support groups and online communities to cope with their depression, which further suggests a need for medication-related assistance in managing their mental health.",work or asleep,0.12218652665615082
1229,The person is experiencing relationship-related stress due to unrequited feelings for someone who has a significant other. The situation of seeing their crush with other people and experiencing rejection has caused emotional distress and a sense of helplessness. The need to move on from this point and the mention of a recent break up indicate a state of emotional turmoil related to relationships.,"Alone, rejected, recent break up, desperately need help",0.39804530143737793
1230,"The person is experiencing alienation related stress. They mention feeling hated by everyone, hating themselves, feeling tired of being alone, wanting friends but feeling pathetic for admitting it, and feeling depressed after seeing others having fun without them. This sense of alienation, isolation, and disconnection from others is a key indicator of alienation related stress.","hate me, hating myself , tired of being alone, push people away",0.4845174252986908
1231,"The person expresses feelings of alienation, loneliness, and a sense of disconnection from others in a world heavily reliant on technology. They feel alone, envious of those with true friendships, and express a deep desire for genuine human connection. This sense of isolation and longing for authentic relationships suggests a state of alienation-related stress.","feel so alone ,nobody is on my side, everyone around me is fake",0.3259548246860504
1232,"The person writing the premise is expressing feelings of deep depression and fear of seeking help, including a fear of being diagnosed with depression and subsequently explaining it to family members. These intense feelings of sadness, hopelessness, and fear indicate a significant mental health condition that might require medication intervention. The person also mentions feeling detached from reality, experiencing personality changes, and losing interest in activities that once brought joy, which are common symptoms of depression.","lack of will and drive has caused my GPA to straddle, getting kicked out of my dream school, stable person I pretend, getting sucked, inside a deep void",0.24279262125492096
1233,"The person seems to be experiencing symptoms of alienation, as they mentioned feeling lonely, despair, numb to positive emotions, and unable to laugh or smile. These feelings of isolation and emotional emptiness are commonly associated with alienation-related stress.","hurt in my lower chest, a mild stomachache,despair, Numb",0.3997535705566406
1234,"The premise suggests the person is reflecting on the theme of emotional damage in relation to physical strength, indicating feelings of alienation or disconnection.", emotionally damaged,0.49494725465774536
1235,"The person's mental state seems to be heavily influenced by their feeling of being unwell and their struggles with mental and physical health. They express a deep frustration with their sickness and lack of improvement despite therapy and medication. The mention of wanting to die and suicide attempts also indicates a severe level of distress related to their health issues. Additionally, the person's negative thoughts about themselves and doubts about their ability to handle multiple jobs and student loans hint at a high level of stress and hopelessness, which align with medication-related stress."," fed up with living every day, get out of bed, want to die, hate my home,hate my family, hate my life",0.3966067135334015
1236,"The person is in a medication-related stressed state as indicated by their multiple admissions to the hospital and trying heaps of different medications. The mention of trying Transcranial Magnetic Stimulation (TMS) shows their willingness to explore new options due to skepticism, indicating the frustration and desperation often associated with managing medication-related issues."," different medication,try TMS.",0.48054492473602295
1237,"The person is expressing feelings of alienation, suggesting a sense of isolation and a desire to connect with a group setting rather than individual interactions. The statement 'I may feel like I want to die but I‚Äôm definitely not going to do it tonight, others could use the help' also hints at a sense of feeling disconnected from others and the need for support and community.",want to die,0.47796696424484253
1238,The person is expressing fear and hesitation about taking medication for depression. The concerns about the medication potentially making the depression worse before getting better and the fear of not being able to function indicate a high level of stress related to medication. This reflects a state of mental stress specifically related to medication and its potential effects on their mental health.,"barely function, literally push myself, too embarrassed",0.08728933334350586
1239,"The person is expressing confusion and uncertainty about the process of getting prescribed medication for their depression. This indicates a level of stress related to medication, specifically in regards to the potential side effects and the lack of understanding about how the selection process works.",severe side effects,0.2976522445678711
1240,"The person in this premise is experiencing alienation-related stress. They express feelings of loneliness, not being understood, and feeling out of place in connection to their interests like listening to vocaloid music. They also mention a sense of detachment from societal norms and expectations, such as feeling dumb for enjoying certain types of music. These feelings of alienation and disconnect contribute to their overall sense of unhappiness and lack of fulfillment.","Loneliness, Years of isolation",0.5176995396614075
1241,"The person's sudden feelings of hopelessness, lack of interest in activities, including schoolwork and job searching, and thoughts of death suggest a mental state that may be influenced by medication-related stress. The person mentions writing a haiku which is a creative outlet they enjoy, indicating a recent interest in writing poetry, which could be linked to a change in medication or its side effects. The increasing intensity of their fantasies about dying since playing a horror game and the self-indulgent desire to not have to fight anymore may be exacerbated by the impact of medication on their mental health.","utterly hopeless, feel no interest, in doing anything, fantasising about dying",0.6019421815872192
1242,"The individual is experiencing feelings of loneliness and thoughts of suicide, indicating a sense of alienation. The lack of a strong social support system, coupled with the intensity of emotions and sleep disturbances, suggests a deep sense of disconnection from others. These feelings of isolation can lead to significant distress and a feeling of being separated from society, which falls under the category of alienation related stress.","feel lonely all the time, think about killing myself",0.531301736831665
1243,"The individual is experiencing relationship-related stress, particularly related to feeling neglected by their partner and missing their family. The mention of feeling hurt, jealous, and left out when seeing their girlfriend spend time with her family indicates a sense of longing for emotional connection and support from their partner. This sense of loneliness and desire for companionship going into the new year suggests underlying relationship strain and the need for open communication and reassurance from their partner.","angry, jealous",0.3237854838371277
1244,"The language and thoughts expressed in the premise suggest a high level of self-criticism and negative self-evaluation, which are common symptoms of depression and medication-related stress. The person is evaluating their own behaviors and feelings through a lens of self-blame and harsh judgment, which is often indicative of a mental state influenced by medication-related stress. Additionally, the individual's descriptions of feeling numb, struggling with cognitive tasks, and self-perceived decline in intelligence align with potential side effects or perceived inadequacies related to medication use.","constantly late to work, can't leave my bed,  crying all the time, haven't showered in weeks",0.22809940576553345
1245,"The person's mental state seems to be heavily influenced by relationship-related stress. The mention of being alone, feeling betrayed by trusted individuals, and expressing a desire to end their life due to relationship issues indicates a significant level of distress in this area."," alone, suicidal and worse than last year, Shit doesn't change,  kill myself this year.",0.23587006330490112
1246,"The person is experiencing relationship-related stress due to the recent breakup with their girlfriend, who left them for someone else. The breakup has exacerbated their already existing depression and feelings of worthlessness. The betrayal and abandonment by their partner have deepened their sense of loneliness, brokenness, and hopelessness, leading to suicidal thoughts. The person's struggle with self-harm and substance abuse also point to unresolved emotional pain stemming from past experiences and the current relationship issues.","alcohol and drug abuser,due to work, girlfriend of 2 years left me, got dumped,self harm alone,  tired, broken, kill myself",0.49413245916366577
1247,"The author is in a relationship where there is clear evidence of emotional and physical abuse. The intense distress, fear, and self-blame expressed in the premise point towards a toxic and dangerous relationship. The author's focus on their partner's reactions, the fear of waking up to another day, and feelings of worthlessness indicate a relationship-related stress, specifically related to abuse and manipulation.","pushed, smacked with a shoe, dumped, called all kinds of names, holes in my walls, my belongings are smashed and destroyed",0.32227402925491333
1248,"The writer expresses feelings of guilt and regret for the hurtful things written about their best friend, which indicates relationship-related stress. They acknowledge being self-obsessed and ungrateful, not making enough effort to maintain friendships, and causing pain to someone who has always been nice to them. These feelings of inadequacy and remorse in their relationships point towards relationship-related stress."," self-obsessed,ungrateful,lot of work to do",0.2361583113670349
1249,"The individual's lack of interest in things they have going for them, including their academic success and potential future achievements like getting a job, having a girlfriend, or starting a family, suggests a deep sense of alienation. They feel disconnected from these potential sources of fulfillment and find it effortful to care about them. The reluctance to share their feelings with others and the belief that others won't understand or will be annoying about it further points to a feeling of alienation and isolation.","could die alone,hey‚Äôre not going to understand",0.1126096323132515
1250,"The person who wrote the premise is experiencing relationship-related stress. The deterioration of the relationship with their best friend, the feeling of being replaced by another friend, and the sense of abandonment from past traumas all point towards a significant amount of emotional distress in the relationship aspect of their life. This is further highlighted by their description of feeling like giving up, not having the energy to try anymore, and wanting to slowly fade away from the friendship. The strong emotional impact that their relationship troubles have on them is a key indicator of relationship-related stress.","had trauma in the past, relationship just began to deteriorate, irritable with each other ,passive aggressive",0.5598729848861694
1251,"The person seems to be experiencing feelings of alienation and disconnection from others, as indicated by their isolation, self-destructive behavior, and thoughts of suicide. The reliance on self-harm as an 'alternative' to suicide also highlights a lack of coping mechanisms and support system, contributing to the sense of alienation.","cover all my old scars, planning a tattoo, researched lethal doses",0.130186527967453
1252,"The person's mental state seems to be related to feelings of alienation and disconnection from oneself and others. They describe feeling removed from themselves, dissociated, and as if their inner world is an external phenomenon. This detachment also extends to their values and attachment to life, as they mention not fearing death and being able to disengage easily from things they value. The person's introspection and contemplation of existential themes, along with their lack of self-preservation instinct, indicate a sense of alienation and disconnection from the world and their own identity.","sister who is depressed, often grows impatient with my inability to empathise with that position.
",0.3157355785369873
1253,The use of substances and expressions of hopelessness and despair suggest a feeling of alienation and disconnection from life and oneself.,drunk and now first time high,0.1425907015800476
1254,"The person seems to be experiencing relationship-related stress due to the dynamics between their divorced parents and conflicting opinions about seeking help for potential psychological issues. The individual feels caught in the middle and is upset by the lack of support and understanding from their mother, leading to emotional distress and feelings of being unheard.","parents are divorced since I was 3,met up with my dad and my foster mother, and they thought I might have some psychological problems,mom still wouldn't take it more seriously and ignore iteel really upset with the fact that mom wouldn't get me any help even though it costs her nothing",0.5726089477539062
1255,"The person is showing signs of relationship-related stress. Despite having a good relationship with the love of their life and other positive aspects in life such as school and job going well, they still feel like they are drowning and overwhelmed. This could be due to underlying issues or challenges within the romantic relationship that are causing emotional distress and confusion, leading to feelings of being lost and not knowing the cause of their emotional state.",ometimes it just gets too much and I end up like I am now crying at my desk with no real reason,0.28876107931137085
1256,The mention of being depressed for ten years suggests a long-term mental health issue that requires medication and professional treatment.,depressed for 10 years ,0.8196114301681519
1257,"The individual expresses feelings of alienation, inadequacy, and despair throughout the text, specifically related to their appearance and perceived lack of success in romantic relationships. They feel disconnected from their peers due to their self-perceived physical shortcomings and attribute their struggles to genetic factors, leading to a sense of alienation and hopelessness.","My parents pretty much didnt really care, friend zoning"" me",0.19039900600910187
1258,"The person expresses feelings of alienation, specifically feeling left out and isolated from their friends. This sense of not being wanted or included has triggered feelings of being the worst since starting antidepressants, indicating a deep emotional impact. The individual also mentions spending a long time trying to convince themselves that there's no flaw in their personality that pushes people away, suggesting a persistent struggle with self-worth and belonging.",glaring flaw with my personality that drives people away,0.46912717819213867
1259,The use of derogatory language towards oneself and expressing wishes to die indicates a negative self-image possibly stemming from bias or abuse related stress.,retard ,0.18902772665023804
1260,"The person's struggle with depression and their family dynamics, particularly the strained relationship with their dad, indicates relationship-related stress. The challenging family environment, strict academic expectations, and lack of understanding and support for mental health issues from family members have likely contributed to their depression. The desire to mend the relationship with the dad and the fear of losing that connection further emphasize the relationship-related stress present in the individual's situation.","extremely strict with their expectations grades,it's nearly impossible to remember anything but yelling",0.18892112374305725
1261,"The person's mental state seems to be primarily related to relationship issues and feelings of worthlessness and loneliness. They express a strong desire for companionship, attention, and physical affection, highlighting the lack of emotional fulfillment and connection with others. These feelings are often associated with relationship-related stress and can significantly impact one's well-being and self-esteem.","took a semester off from college because I failed the semester before that, It was a big mistake that I'll now have to make up for, It strained many family relationships",0.23273585736751556
1262,"The person who wrote the premise seems to be struggling with relationship-related stress. The complex love triangle involving Megan, Danny, Gwen, and the writer has caused a lot of emotional turmoil. The writer expresses regret over past actions, a longing to fix the broken relationships, and a sense of pain and loss over the situation. This emotional turmoil and desire for advice or help indicate a significant level of distress related to relationships.","we have officially ‚Äútaken‚Äù each other, but she still hasn‚Äôt broken up with one of my best friends danny",0.3115219175815582
1263,"The writer seems to be experiencing feelings of isolation, disconnection, and hopelessness, which are indicative of alienation-related stress.",bigger chance of me killing myself than things getting better this year,0.09036657214164734
1264,"The person's writing indicates feelings of loneliness, isolation, and alienation. They express a sense of feeling like an outsider, avoiding social gatherings, declining invitations, and fearing to bring down others' joy. The person feels disconnected from friends, family, and coworkers, even though they appreciate and love them. This sense of alienation is further emphasized by the lack of invitations to Christmas parties, family events, and teambuilding activities. The person's reluctance to share their true feelings stems from not wanting to burden others or potentially being perceived as whining or entitled. The internal struggle with loneliness, anxiety, and depression without external support or understanding indicates a deep sense of alienation.","spent my christmas alone. There were no presents, there was no family dinner",0.3436446785926819
1265,"The premise indicates a deep sense of alienation and disconnection from both friends and acquaintances. The author expresses feelings of betrayal, abandonment, and insincerity from the people around them. The focus on fake relationships, lack of genuine connection, and the belief that only family cares about them suggest a state of alienation-related stress.",Friends= useless fake snakes who will try to please you but actively they don‚Äôt care,0.4078214764595032
1266,"The person mentions booking something while drunk, indicating a potential issue with alcohol consumption. The presence of anxiety alongside depression suggests a complex mental health situation where medication may be involved. The use of the term 'really fucked up' also hints at a stressed and overwhelmed mental state, which aligns with medication related stress.",booked it when I was drunk and really fucked up,0.46886199712753296
1267,"The person is expressing feelings of deep regret, self-blame, and worthlessness, which are often associated with relationship-related stress. The mention of feeling like a terrible person, family not deserving pain, and thoughts about losing everything indicate underlying relationship issues that are contributing to the person's current mental state.","why did my life have to turn into this, I made mistakes yes, but like this, this is what I deserve",0.2934196889400482
1268,"The person's emotional breakdown and experience of being bullied by their ex's friends indicate a significant amount of relationship-related stress. The hurt caused by the breakup, as well as the subsequent bullying and feeling of betrayal from people they once knew, all point towards a focus on relationship issues causing distress.",got dumped by my ex I had a mental breakdown,0.4511067867279053
1269,"The person's expressions of feeling like a burden, neglecting themselves, lacking intimacy, and questioning their partner's fidelity suggest relationship-related stress. The mention of being abandoned by their own family and feeling cared for by their partner also point towards issues related to past abandonment and dependency dynamics in current relationships."," seroquel has helped keep me stabile, instead of getting mania,like I used too just tend to be on a consistent level of depression",0.1284308284521103
1270,"The person expresses a sense of alienation, feeling detached from the typical issues often discussed in the community. They mention not suffering from depression and having a positive outlook on life, which sets them apart from the common theme of struggles and self-improvement in the subreddit. This sense of detachment and different perspective on life could indicate feelings of alienation from the general tone of the community.","may seem like it's impossible for some, but life is a hard, hard road. ",0.20914164185523987
1271,"The person in the premise is experiencing alienation related stress. They fear rejection, feel boring, and are afraid of being alone due to their struggle to express emotions and connect with others. This sense of loneliness and fear of growing old without forming meaningful relationships is a strong indicator of alienation-related stress.","m afraid that if I express myself people will reject me, So I just come off as a boring and non interesting person",0.24044007062911987
1272,"The premise expresses feelings of unbearable pain and thoughts of disappearing, indicating a deep emotional distress likely related to personal relationships, especially with the mention of not wanting to upset parents and the desire to no longer be remembered.",How long am I supposed to keep enduring this pain for the sake of not upsetting my parents who would be devastated,0.35601046681404114
1273,"The mention of wanting healthy relationships and a good self-image, along with being stuck in a depressive and anxious state, suggests that the person is experiencing relationship-related stress.","healthy relationships,stuck in this hellhole ",0.47789207100868225
1274,"The use of harsh language like 'getting my shit together', 'self destructive things', and 'depression' indicate a struggle with mental health that may require medication. The mention of feeling good after eating well and exercising suggests an attempt at self-care, but the eventual return to depression indicates the need for medication-related support.","get my shit together, so tired of this, self destructive thing",0.4165114760398865
1275,The writer is expressing deep concern and fear for their friend who is displaying suicidal behavior. The feeling of helplessness and inability to positively influence their friend's state of mind is causing significant stress and worry. This relationship-related stress is evident in the writer's emotional connection and worry for their friend's well-being.,"I can be supportive but aside from that, I can't say or do anything to change his mind,suicidal lately, suicide attempt",0.4078267216682434
1276,"The person's description of feeling trapped, unable to reach happiness despite seeing it, and feeling like their depression is an obstacle that prevents them from obtaining it, indicates a deep sense of hopelessness and helplessness, which are common feelings associated with depression and the struggles related to medication and treatment.","trapped in shackles, shackles have dug into my limbs, struggle until my limbs bleed, lack of trying, rubbing salt in the cuts",0.24103805422782898
1277,"The person is expressing feelings of depression and hopelessness, which are often associated with mental health issues. The mention of holding a gun to their head and almost killing themselves indicates a serious mental health crisis. The frustration with not being able to access proper help, such as getting a therapist due to parental consent issues, further highlights the mental health struggles. The individual's seeking help and feeling let down by various support systems points to medication-related stress as they are struggling with finding appropriate help and treatment for their mental health concerns."," Counsellor hasnít helped, parents havenít, best friend hasnít ,make fun of my depression, they talk about me behind my back",0.35950297117233276
1278,The person expressed frustration about their financial situation and the desire to be rich. The mention of quitting a job due to it being 'shitty retail slavery' indicates job-related stress and dissatisfaction. The feeling of being stuck in retail and the extreme statement about potentially killing oneself suggests a high level of stress related to jobs and careers.,"quit my job, shitty retail slavery,exhausting be stuck , kill myself. ",0.7437306642532349
1279,"The person expresses feelings of sadness and isolation due to feeling left out and not being invited to parties. This suggests a sense of alienation and disconnection from others, which is causing distress.","drink,alone",0.29401057958602905
1280,"The person seems to be expressing feelings of relief and happiness about the unconditional love and positive relationship they have with their dogs. This indicates a focus on positive social interactions and emotional connections, suggesting relationship satisfaction."," like being near me, good doggies...",0.5163717269897461
1281,"The language used in the premise suggests feelings of discomfort and awkwardness around others, as well as a sense of disconnect or alienation in social interactions. The individual's struggle with avoiding eye contact and feeling awkward or disgusted when looking at others indicates a sense of alienation or social anxiety, leading to difficulties in forming connections with others.","look down, side, hurts to look, feeling awkward, disgusting, avoid eye contact",0.5162773132324219
1282,"The person is feeling high levels of stress and emotional disturbance due to toxic and abusive relationships within their family. The constant fights, belittling, and emotional manipulation from their mother's side indicate a significant strain on their mental well-being caused by the unhealthy family dynamics.","Constant fights, anger out on me, belittle me, pathetic, victim card, shitty family",0.5257061719894409
1283,The use of emoticon followed by a statement regarding regret over not committing suicide indicates a deep sense of alienation and emotional distress., kill myself ,0.3057188391685486
1284,"The individual expresses feelings of alienation, loneliness, and social isolation in the premise. They mention not being able to pretend to be happy anymore, feeling drained and depressed, and not feeling wanted by others. These feelings indicate a sense of alienation and disconnection from those around them."," Bottling, draining, reject",0.08237873762845993
1285,"The person expresses feelings of being in an abusive relationship, feeling trapped, and experiencing worsening depression as a result. The mention of controlling behavior, isolation from social activities, and emotional manipulation are indicative of an abusive relationship. The individual also mentions feeling lifeless and having their dreams shattered, which are common consequences of experiencing abuse. This situation is categorized as Bias or abuse related stress.","abusive, can't sleep, GPS tracked my location , cheating, lifeless.",0.4185134768486023
1286,"The person appears to be experiencing feelings of alienation and disconnect from society. They mention feeling alone, struggling with their mental health, lack of job prospects, and not knowing what to do with their life. These feelings of isolation and being out of place are indicative of alienation-related stress.","No job, no friends, no money, really shitty, died, alone",0.31104516983032227
1287,"The premise indicates feelings of alienation, as the person perceives that others have negative feelings towards them, leading to a sense of isolation and detachment from others.","people hate me more, hate my self",0.2587564289569855
1288,"The person's mention of being on the same low dose of fluoxetine for years and contemplating about death each night indicates medication related stress and a feeling of hopelessness in their current situation. The decision to see a new psychiatrist, despite the expense, suggests a level of desperation to seek a change in their mental health treatment.","considering switching to a psychiatrist , been on the same low dose of fluoxetine for year,Alone, dead",0.8215489387512207
1289,The person seems to be in a good state overall despite the initial feeling of fear. They mention that things have been going well for a while and express gratitude towards the kind man named Terry from the Samaritans who helped them during a difficult time. This positive experience and reflection on a past situation suggest a good mental state.," suicidal hotlines, probably saved my life,  pretty scary,",0.22379976511001587
1290,"The language and tone used in describing the bosses and the overall work environment indicate a state of bias or abuse related stress. The use of strong negative language such as 'unprofessional cunts', 'uncouth and rude', and 'they yell at everyone' suggests a hostile and toxic work environment. Furthermore, feeling the need to use strong language to express dissatisfaction and resorting to legal action due to broken equipment also point towards a sense of unfair treatment and bias in the workplace. This combination of negative emotions, sense of powerlessness, and fear of potential consequences aligns with the category of bias or abuse related stress.","job sucks,work at a tv repair company, unprofessional, want to quit ,need advice",0.27834761142730713
1291,The mention of feeling lonely and expressing a desire for a friend suggests the individual is experiencing alienation-related stress. The feeling of going insane could also indicate a sense of disconnection from reality or a lack of belonging.," going insane, lonely, friend ",0.6343270540237427
1292,"The person is experiencing mental health issues including depressive episodes, suicidal thoughts, and mood swings, which are indicative of a potential mood disorder like bipolar disorder. The mention of self-harm, past depressive feelings, and increase in suicidal thoughts points towards significant mental distress. The reluctance to seek help due to shame, concerns about medication cost, and delayed treatment until the end of the year suggest a high level of stress related to medication and mental health treatment.","Postpartum Depression, child birth , my first son, Bipolar, abusive behavior, raging, suicidal thoughts, self harmed",0.5239874124526978
1293,"The person's mention of living with depression for at least 8 years and feeling at the tipping point indicates a long-standing mental health issue that requires medical intervention, such as medication. The person's hesitation towards seeking counseling and their resigned attitude towards the future despite knowing that their death would upset some people highlights a sense of hopelessness and a lack of belief in the effectiveness of traditional therapy methods. The person's view that their situation wouldn't change even with a change in attitude and their perception of relying on hope as painful suggest a deep-seated skepticism towards the potential benefits of counseling.","really hard, forced to live, despair",0.4646863639354706
1294,The person seems to be experiencing alienation related stress. They feel disconnected from their physical appearance and are unable to convey their true mental state to the world due to their physical manifestation of depression. This sense of detachment and inability to align their internal feelings with their external appearance is a key characteristic of alienation related stress.,"sad ,unhealthy, my eyes are hollow, donít recognise myself",0.35413995385169983
1295,The references to suicide attempts and fantasies about different ways to die suggest a deep level of distress and hopelessness. The individual's desire to die and difficulty in acting on it themselves despite multiple attempts indicate a serious mental health concern. The mention of terminal disease and reaching out for a cop's gun may also suggest a degree of delusional thinking. This level of depression would likely require medication and therapy to address the underlying issues.,"Can you be a perfect functional member of society if you are depressed,m I going to be stuck with me and be miserable for the rest of my life",0.367929607629776
1296,"The person seems to be expressing feelings of alienation and disconnection, particularly related to the concept of celebrating the passage of time during New Year's Eve. They mention feeling depressed about the previous year and the prospect of starting the new year in a similar state. This sense of detachment and discontent with societal norms and celebrations indicates an alienation-related stress.","Last year was so shit, was happy to put it to bed,  when I was out I realised that I'm still going into the new one the same",0.274211049079895
1297,The person seems to be in a good state as they are simply asking a question tentatively without indicating any signs of stress or specific emotional distress.,"Just asking, tentative",0.31801408529281616
1298,"The individual's feelings of isolation, poor self-esteem, and questioning their own reality point towards alienation related stress. The lack of friendships, romantic connections, and feeling ignored by others are characteristic of alienation, which can lead to a sense of invisibility and disconnection from the world around them. The excessive daydreaming and lack of motivation further emphasize their struggle to feel present and engaged in their current circumstances.","have zero friend, Nobody reaches out to me,not romantically pursued",0.2691980004310608
1299,"The person expresses feelings of disillusionment and detachment, feeling disconnected from others and society. They seem to believe that celebrating and temporary relief from problems won't change their overall situation, indicating a sense of alienation and hopelessness.","same problems, amount of friends, salary and so on",0.1364060640335083
1300,"The statement indicates a feeling of reluctance or dissatisfaction with the current situation, suggesting possible relationship-related stress or dissatisfaction.",don't want to do this for another year,0.02030475065112114
1301,"The person seems to be experiencing extreme distress and self-hatred, indicating a mental state that may require medication for stabilization. They mention needing help and specifically mention the high cost of psychiatrists, suggesting a focus on medication-related stress.","in Spain psychiatrist are expensive, see if that shit help,",0.5016875267028809
1302,"The person expresses feelings of emptiness, detachment from society, loneliness, and a lack of connection with their family or themselves. They mention feeling detached from society and not caring about anything or anyone, indicating a sense of alienation. Additionally, the person feels like they have zero personality or character, which further points to a feeling of being disconnected from their own identity. The person also talks about not feeling magical about life and desiring to escape this cycle of feeling horrible and tired every day, further highlighting their sense of alienation and disillusionment with life.","No dreams or goals,No pull in any direction",0.3123435378074646
1303,"The person expressing the premise is clearly experiencing deep feelings of alienation and isolation. They feel like they are everyone's last choice, are unable to connect with new people due to social anxiety and panic attacks, and have lost their last real friend. The individual describes themselves in a very negative light, feeling worthless, talentless, and hating themselves. They mention how their friends either laugh at them or dismiss their struggles, further emphasizing their sense of being alone and misunderstood. The extreme self-harming behavior and suicidal thoughts indicate a profound sense of alienation and disconnection from the world around them. The person's belief that no one will notice their absence and their detailed description of planning suicide illustrate a deep sense of isolation and hopelessness.","my last real friend left me, Don't blame them, I'm a pessimistic, worthless, talentless idiot",0.41308093070983887
1304,"The person seems to be experiencing alienation related stress. They mention feeling overwhelmed by someone offering unsolicited advice and job recommendations, which made them feel pressured and misunderstood. They also express a sense of not being fully understood or supported by others, as indicated by the need to rant and clear their head. This sense of disconnect and feeling out of place aligns with the category of alienation related stressed.","have multiple learning disabilities,mental illnesses, so much tension with family,",0.2916240990161896
1305,"The person expresses feelings of alienation, loneliness, and a sense of being unloved and uncared for by those around them. This suggests a state of alienation-related stress, where the individual feels disconnected from others and isolated, leading to thoughts of hopelessness and contemplating the purpose of life.","have no friends, family is horrible, Everyone hates me, No one cares about me, Whoever cares about me leaves me, Iíll forever be alone",0.30654463171958923
1306,"The person expressed feelings of loneliness, being unwanted, and alienation throughout the text. They mentioned being so hurt that they will do anything just to be seen and spoken to, highlighting a sense of disconnection from others. They described themselves as feeling pointless, worthless, and a failure, and expressed that they do not care about themselves. Furthermore, the strained relationship with their siblings, characterized by destructive behavior and violence, adds to the theme of alienation and lack of connection with family members. The person's overall view of themselves and the world oscillates between extremes, indicating a deep sense of alienation and disconnect from their surroundings. This suggests that the individual is experiencing alienation-related stress.","sexual abuse, trauma",0.2718392312526703
1307,"The person's struggle with depression and anxiety, as well as their experience of a mental breakdown and subsequent medication prescription, indicate a focus on medication-related stress. The mention of getting a new doctor who prescribed medication to help conquer their problems further supports this reasoning.",anxiety,0.42400574684143066
1308,"The person is experiencing relationship-related stress, particularly with their boss, which is evident from the tense dynamic described in the workplace. The individual expresses a deep emotional connection to their boss's emotions, indicating a strong desire for approval and a fear of anger or disappointment from authority figures. The mention of feeling awkward in communication and the fear of their boss being angry further highlight the strained relationship. The overwhelming sense of failure and inability to meet expectations in the workplace has led to feelings of depression and even thoughts of suicide. The individual's focus on maintaining their boss's happiness at the expense of their own well-being reflects a deep-seated need for validation and a fear of rejection or disapproval.","fire me,  everyone was treating me bad, even strangers",0.17415323853492737
1309,"The individual is expressing difficulty in getting their brain to function in the morning and lacks motivation to do work, indicating stress related to jobs and careers.","cannot get brain working,to do work",0.5408226251602173
1310,The expression 'I can't take it anymore' usually indicates a sense of alienation and being overwhelmed by various external pressures or circumstances.,can't take it anymore ,0.6068660020828247
1311,"The person is experiencing a serious decline in mental health, particularly depression, which has escalated significantly this year, affecting every aspect of their life. The mention of considering being honest about their depression to their bosses in relation to their job performance and potential firing indicates a strong connection between their mental health issues and work-related stress. The person is in a state of medication-related stress, as they are facing potential job loss due to their performance decline, which they attribute to their worsening depression. This situation highlights the significant impact of mental health issues on work life and the individual's fear of losing their job due to their condition.","fired , finances, mess, worst, performance at work, really bad, boss is very hands off, pushed most of my friends away, barely been talking",0.40830233693122864
1312,"The person expresses fear, difficulty in opening up about their feelings, and feeling abandoned when they do open up. This indicates relationship-related stress and fear of rejection from those close to them."," scared, run away, big pain,suffering, won't stop",0.36131542921066284
1313,"The author of the premise is experiencing alienation and comparison-related stress. They feel disconnected and isolated from others, particularly due to challenges in comparing themselves to their successful classmates. The sense of shame, inadequacy, and feeling like a 'loser' indicates that the individual is struggling with feelings of alienation and low self-worth. The conflicting thoughts about deleting social media and the internal criticism suggest a deep sense of alienation and struggle with social comparison.","feel shame, loser, delete social medias, feel awful, Pathetic",0.5559051036834717
1314,"The person is feeling a sense of emotional exhaustion and dissatisfaction in their relationships, as they feel they are putting in effort without receiving care or reciprocation in return. This indicates stress related to relationships and the need for emotional support from others.","tired of caring, no one else reciprocating,  want a friend",0.3532063961029053
1315,"The individual is feeling alienated due to their struggles with depression and their efforts to hide it at work. The act of a coworker offering a hug unexpectedly indicates that the person may be feeling isolated or disconnected from others at work, leading to feelings of alienation.","trying to hide,",0.16238239407539368
1316,"The person feels isolated and disconnected from others, as indicated by mentioning that everyone else was out with friends or family while they stayed in to play video games, drink, and smoke weed. This sense of alienation and loneliness can be a source of stress and concern, leading to the desire for a change in the upcoming year.","drink ,smoked weed",0.30165475606918335
1317,"The person is feeling alienated and experiencing a sense of exclusion and detachment from others, specifically in the context of their interactions with friends and potential romantic partners. The lack of positive attention, coupled with negative feedback from others, has led to feelings of unattractiveness and loneliness.","girls basically called me unattractive, no one ever approaches me",0.3918619155883789
1318,"The person seems to be experiencing relationship-related stress as indicated by feeling depressed when having a crush on someone. The added complication of living in two different countries may contribute to feelings of distance, uncertainty, and longing, further amplifying the relationship-related stress.",crush in someone I feel depressed,0.6266516447067261
1319,"The premise suggests a feeling of alienation or isolation, where the person is seeking connection or conversation with someone to alleviate feelings of loneliness or disconnectedness.", chat for a while,0.22352343797683716
1320,"The person expresses extreme feelings of disconnect and isolation from themselves and others. They have a very negative self-perception and feel as though they do not fit in or belong in any aspect of their life. This sense of alienation is reflected in their lack of self-worth, inability to find positive qualities about themselves, and perceived lack of connection with their friends. The person's belief that every aspect of their life is going terribly and attributing it as their own fault further exemplifies their feelings of alienation and exclusion. Overall, the individual is experiencing deep emotional distress due to this profound sense of alienation.","not smart, not charismatic, not good looking, not a good person, not got social skills, got no talents or skills,  bad at everything, boring, hate myself",0.2608043849468231
1321,"The person's self-loathing, feelings of uselessness, anxiety, and panic-driven actions leading to a car accident suggest that the mental state is primarily related to relationship stress. The individual's negative thoughts about themselves and their actions indicate internal conflict and struggle with self-worth within the context of relationships, possibly leading to feelings of being a burden or causing harm to others.","panicked and swerved into another car,nightmares of this scenario,hate existing,hate myself,hate how useles,unncessary financial issues,",0.44498032331466675
1322,"The symptoms described such as fatigue, racing thoughts, agitation, and irritability, along with a history of depression and anxiety, can be indicative of medication-related stress. It's important to consider the possibility of side effects from medication or interactions that could be causing these symptoms.","history of bipolar,especially in winter, really fatigued, drag myself out of bed, was a zombie, agitated, outbursts of rage",0.4791816174983978
1323,"The person who wrote the premise is experiencing relationship-related stress. The individual's narrative portrays a deep sense of loss, heartbreak, and loneliness stemming from the breakdown of their marriage and the subsequent challenges in forming new relationships. The longing for a happy family, the betrayal by their ex-wife, and the struggles in finding love again indicate a profound emotional turmoil related to relationships. This has led to feelings of inadequacy, fear of being alone, and questioning their self-worth, all of which are typical manifestations of relationship-related stress.","she cheated on me, divorce , repair our marriage, shy person, really hard to meet new people, tired of being alone, me and my daughter, No siblings, no parents, no cousins or in-laws",0.38507360219955444
1324,"The person describes feeling fine and enjoying themselves at a party, only to be abruptly hit with thoughts that make them feel worthless and lose all life in themselves. This sudden change from being on 'Cloud 9' to feeling worthless points to alienation-related stress, where the individual may be struggling with feelings of disconnection, isolation, and a lack of belonging, causing them to experience overwhelming sadness even in moments of happiness.","lose all life , feel worthless, overarching sadness",0.5262729525566101
1325,"The person appears to be feeling alienated and disconnected from their surroundings, feeling like they do not fit in socially, culturally, and in terms of their beliefs. They express a sense of being forced into behaviors and roles that do not align with their true self, leading to feelings of being outcast and undesirable. This sense of alienation is evident in their disappointment with relationships, societal expectations, and religious constraints. They also mention feeling like a weirdo and experiencing guilt for beliefs and behaviors that conflict with their environment. The overall tone of isolation and longing for deletion suggests a deep sense of alienation and discontent with their current state.","gruelling career, Future Bleak, job-wise, weirdo",0.3664172887802124
1326,"The person expresses feelings of alienation, hopelessness, and fatigue. They feel disconnected from a positive future and seem consumed by sadness and tiredness, indicating a sense of alienation and disconnection from themselves and the world around them."," Pathetic, kill myself, so tired",0.3705345392227173
1327,"The person is expressing feelings of alienation, isolation, and hopelessness. They feel disconnected from others and mention wanting to run away and vanish, as well as not seeing the point in living. This sense of alienation and despair is indicative of a mental state categorized as alienation related stressed."," suicidal thoughts, tired of it, run away, vanish, no point in living",0.5276063680648804
1328,"The person seems to be experiencing a sense of alienation and hopelessness, feeling completely overwhelmed by problems and unable to find solutions. They express a deep sense of being besieged by issues from all sides, with no end in sight. This emotional state is often associated with alienation and feeling disconnected from others or society in general.","suicide is a ""permanent solution, have no mercy",0.25036102533340454
1329,"The person expressed feelings of loneliness, alienation, and hopelessness in their premise. They mentioned feeling alone, disliked at school, unloved by their boyfriend, and even expressed thoughts of suicide. These feelings of isolation and despair point towards alienation-related stress.","stress of college,anxiety, loneliness, no one likes me, people hate me, alone in pain",0.5292880535125732
1330,"The person is feeling unable to motivate themselves and mentions taking medication at the maximum dosage without improvement, indicating a level of distress related to medication and its inefficacy in managing their mental state."," motivate myself to do anything at all, awful , negative state of consciousness",0.42659980058670044
1331,"The person who wrote the premise is experiencing alienation-related stress. They feel disconnected and isolated from their old friend groups due to various circumstances such as attending a different high school, family issues, and the distance of attending college out of state. They express feeling like an outsider, not fitting in, and longing for a close and supportive friend group. This sense of loneliness and longing for deeper connections suggests an inner turmoil related to feeling alienated and disconnected from those around them.","ad to work, get myself a scholarship to college, m a failure, really alone",0.16952970623970032
1332,"The person is expressing feelings of overwhelm and anxiety stemming from the constant responsibilities and tasks they have to juggle every day without much external support or fulfillment. They mention feeling like there is no point in trying to keep up with chores and daily routines, as it feels like an endless and futile cycle. This sense of alienation and disconnection from the purpose of their actions is a common indicator of alienation-related stress.","20 hours of work a week, feels like too much, go back to bed and shut down",0.36183053255081177
1333,"The person mentions feeling low for a prolonged period of 7 years, indicating a long-term struggle with mental health. The fact that they are uncertain about being medically diagnosed with depression but suspect it to be serious suggests a high level of concern and distress related to their mental health and the possibility of requiring medication to address their condition."," feeling low, just the tip of the iceberg",0.4621714651584625
1334,"The person expressed feelings of worthlessness, lack of love, and being abandoned by friends, indicating relationship-related stress. The sense of not having anyone who cares and feeling like life has no meaning are common characteristics of relationship-related stress, which can lead to thoughts of self-harm or suicide.","feel nothing, life keeps going downhill, want to disappear, worthlessness, nothing motivates me, no one seems to care enough, the point of living",0.5684494972229004
1335,"The person's history of severe depression, darkness, and suicidal thoughts, along with the trauma of losing their sister and father at a young age, indicate that they are currently struggling with relationship-related stress. The feelings of loneliness, grief, pain, and feeling lost, as well as the perception that people may be avoiding them due to their past suicidal thoughts, suggest a deep emotional struggle related to relationships and social connections."," father passed away, sister died of an overdose, loneliness, grief, pain, feeling lost suicidal",0.6384267807006836
1336,"The person expresses feelings of loneliness, alienation, and a sense of not belonging. They seem to have a deep need for physical comfort and touch, which can be interpreted as a result of feeling disconnected from others. The mention of rejection by family and the belief that they are undesirable to women also points towards a sense of alienation and lack of social connection.","Forever alone, suicidal depression",0.2423510104417801
1337,"The person is feeling depressed due to realizing they have been a bad friend to someone they care about deeply. This has triggered negative thoughts and self-reflection, leading to a lack of motivation and energy to engage in activities they used to enjoy. The suicidal thoughts and desire for accidental death indicate a deep sense of despair and hopelessness. The concern about others noticing the change in behavior and performance upon returning to school suggests anxiety about social relationships. The refusal or inability to see a therapist and lack of familial support further exacerbate the feelings of being trapped and unable to seek help or support."," negative aspect of my personality, no desire to do anything",0.4169723391532898
1338,"The person is expressing feelings of guilt and regret about decisions made in their relationship, particularly about feeling stuck in a life they don't want to live. They mention not wanting to put their partner through the stress of military life and feeling like they made selfish decisions in the past. This indicates relationship-related stress and a sense of being trapped in an undesired situation due to past choices.","should have been a military man,fault and mine alone",0.359383761882782
1339,"The premise demonstrates a positive mental state by emphasizing self-care and self-worth, as well as expressing motivation and determination to overcome depression in the new year."," new year, new you",0.34680432081222534
1340,"The premise indicates a sense of alienation and emotional isolation. The person is expressing feelings of helplessness, suffering alone, and developing a self-reliant attitude due to past experiences of not receiving support or empathy from others. This has led to a state of emotional detachment and a belief that relying only on oneself is the solution to dealing with problems. The individual has learned to cope by approaching situations in a pragmatic and detached manner, focusing on finding solutions rather than expressing emotions."," Hurts, sweep, cry ,suffer alone, helplessness",0.4479527175426483
1341,"The person is expressing feelings of worthlessness, loneliness, and a desire for human connection. They feel alienated and disconnected, and crave validation and support from others to feel valued. This sense of alienation and lack of human connection is causing distress and negative self-perception.","bad to rely,worthless,alone,  shitty thoughts",0.48248422145843506
1342,"The person is experiencing a complex combination of symptoms including sudden intense fear, intrusive violent thoughts, feelings of resentment and hatred, disconnection from loved ones and previously enjoyed activities, as well as suicidal ideation. The mention of being on an antidepressant and going through Cognitive Behavioral Therapy (CBT) points towards medication-related stress. The person's drastic change in mental state and behavior, coupled with the struggle to find answers and the feeling of being an entirely different person, indicates a deep internal conflict likely exacerbated by the side effects or inefficacy of their current medication."," on an antidepressant,violent thought visceral fear, confusion and fury, evil , was scared I'd hurt my dog. I didn't want my spouse to come home incase I hurt them,
 insane",0.5110528469085693
1343,"The person is experiencing feelings of alienation and low self-esteem related to their physical appearance, leading them to doubt their attractiveness and desirability.","Why would anyone think that I'm pretty, attractive",0.4328956604003906
1344,The person appears to be feeling alienated and disconnected from their friends due to their struggle with depression. They feel that sharing their problems with friends brings them temporary relief but also believe that they are burdening their friends and causing them distress. This sense of alienation and guilt points towards an alienation related stress.,"hate venting to friends , something off my chest, feel worse",0.3600463271141052
1345,"The person is seeking internal strength and courage through prayer, indicating they are in a good state of mind, possibly trying to overcome a challenging situation or seeking guidance.",courage to  go through ,0.3833806812763214
1346,"The person expresses feelings of loneliness, alienation, and a sense of not belonging while comparing themselves to others who are socializing and having fun. They also mention dark thoughts and feeling troubled, indicating a strong sense of disconnect from their surroundings and a lack of belongingness.","Alone, shit, life, will just fall apart, don't enjoy, anything, anymore dark thoughts, hurting myself",0.5272459983825684
1347,"The person expresses feelings of loneliness and the desire to die, indicating a sense of alienation or disconnection from others. These thoughts and emotions suggest a state of alienation related stress."," so lonely,want to die. ",0.44487306475639343
1348,"The person is experiencing symptoms of depression, such as feeling low, worthless, and losing interest in life. The mention of crying a lot, feeling tired, and having moments of uncontrollable emotional outbursts suggests a possible need for medication for managing these symptoms. Additionally, the feeling of burdening their mother and wanting to be left alone also demonstrate a sense of distress that could be alleviated with medication and professional help.","so low, worthless ,can't cope, smashing things or punching doors, just want to be left alone",0.35833847522735596
1349,"The person's struggle with depression, continuous medication use, and the mention of therapy sessions indicate a strong link to medication-related stress. Despite trying different medications and therapies, the individual still feels hopeless, which can be a common experience for those dealing with ongoing mental health issues.","checked my phone, friends ended up bailing, spiraling back, alone in my room, nobody to talk to",0.15791857242584229
1350,"The person is experiencing severe depression and has been for 8 years. They have lost interest in activities they used to enjoy, feel lonely, and have a sense of worthlessness. Additionally, they express skepticism towards seeking professional help from therapists and psychiatrists due to financial constraints and lack of belief in its effectiveness. The mention of self-harm and feeling like it's too late for their life suggests a deep state of despair and hopelessness, which indicates that the person is under significant mental health distress, likely requiring medication intervention.","Lonely soul, Worthless, self harm, end up dead somewhere",0.5060665011405945
1351,"The person is experiencing relationship-related stress due to feelings of guilt and depression surrounding the disclosure of their academic career change to their family. The individual is facing inner turmoil about disappointing their family, causing their current state of sadness and anxiety.","made a mistake in choosing my current course, wasted 4-5 years, realised 2 years ago, cost my family a lot, tell my parents, eating away at my happiness,  feeling of guilt,",0.3807896375656128
1352,"The person is feeling relationship-related stress due to financial struggles after moving across the country with their partner. They express disappointment about not being able to afford Christmas presents for family and mention resorting to desperate measures like visiting a pawn shop, which indicates a significant level of stress and strain on their relationship."," been hard financially, working 2 jobs,rents due,other bills, no money ",0.36978691816329956
1353,"The person seems to be experiencing alienation related stress as they feel lost, confused, and unable to control their emotions. They express a sense of detachment from their own feelings and struggle with finding a starting point to work on their happiness, indicating a feeling of disconnection or alienation from themselves.","hyper fixated, hate ",0.16093319654464722
1354,"The language used indicates a sense of alienation and disconnection from oneself and potentially from others. The mention of finding a goal worth chasing and not wanting to 'kill' oneself in the next half year suggests feelings of detachment, emptiness, or lack of purpose.","I will try to Work on my self so that I find a Goal that's Worth chasing, kill my self",0.5728915929794312
1355,"The language and imagery used in the premise reflects a deep sense of despair and hopelessness, which are common feelings experienced by individuals struggling with depression. The constant battle, self-destructive thoughts, and feeling like there is no escape are indicative of someone under medication-related stress, as they may be grappling with the challenges of managing their mental health through medication."," nightmare,can't wake up,can't escape, can't fight",0.2812005281448364
1356,The mention of suicidal thoughts indicates a serious mental health issue requiring medication and treatment.,"killing myself,deal with it anymore",0.2987542748451233
1357,"The person expresses feelings of alienation and disconnection from others, indicating an overall sense of social isolation and lack of belonging. They mention feeling down all the time, perceiving everything they do as getting worse, and not caring about anything, which can be signs of alienation-related stress.","fucked up relations, down all the time, worse and worse, loophole",0.18267667293548584
1358,"The writer is experiencing intrusive thoughts about self-harm and struggling with emotional regulation, indicating a mental health concern that may require medication. Additionally, the writer expresses self-doubt and minimizes their own feelings, suggesting a possible underlying issue that could be exacerbated by the inability to cry despite feeling the need to do so."," urge to kill myself, suppress tears, feel so over-dramatic, pity party",0.5417457818984985
1359,"The person is feeling relationship related stress as they are feeling betrayed and left out by their friends, leading to feelings of loneliness and rejection.","same school,discovered, partying all together, without me",0.16362477838993073
1360,"The person who wrote the premise seems to be experiencing relationship-related stress. The situation with their friend, who they previously dated, is causing them agony. The friend's behavior of growing distant, not sharing any personal information, only contacting when the writer is upset, and not maintaining communication unless prompted, reflects a lack of mutual connection and emotional support in the relationship. This one-sided dynamic where the friend only engages in conversation for the benefit of the writer showcases a one-sided and possibly unhealthy relationship, contributing to the writer's distress and feelings of being unappreciated or used.","broke up, move away, agonizing, deactivated my facebook",0.2486448585987091
1361,"The person is experiencing relationship-related stress due to feeling betrayed by someone they trusted and cared for. The situation has significantly impacted their mental health, making it difficult for them to cope. They are struggling with the idea of leaving the situation because of fear, financial concerns, and lingering feelings. This emotional turmoil is affecting their well-being and they are seeking advice and support to make a decision.","led me on, ignore them both, quit, constant reminder",0.19625923037528992
1362,"The person is expressing frustration and hopelessness about trying multiple medications for their condition without any improvement. They are mentioning the financial burden of medication and the lack of positive outcomes despite trying various treatments, which are common stressors associated with medication-related issues.","wretched disease, thoughts, relationships, life.",0.29379719495773315
1363,"The person is feeling alienated and disconnected from their family, which can lead to feelings of loneliness and isolation."," no parents, estranged from my only sibling
",0.4068523645401001
1364,"The individual's feelings of loneliness, depression, and constant desire to drink, along with their yearning for a connection and someone to love, suggest relationship-related stress. The breakup with their girlfriend and the subsequent realization of missing the companionship and emotional connection that comes with a romantic relationship are contributing to their current mental state."," broke up, lonely, drink constantly",0.6117070913314819
1365,"The person is feeling isolated and lonely, as indicated by sitting alone in their room on New Year's Eve and feeling depressed. This sense of alienation and disconnect could be a major source of stress and contribute to their ongoing depression."," shit , alone,struggling, nothing is going to change",0.3145049214363098
1366,"The use of expletives, intense negative emotions, feeling depressed compared to family members, hiding emotions, and sending virtual panda hugs all indicate a sense of alienation and disconnect from others, which may be causing significant stress and emotional distress for the individual."," hopeless, compared,break down, fucking sucks",0.1921726018190384
1367,"The person is experiencing medication-related stress. They are struggling with the anticipation of having to wait until the 17th to get back on their medications, which were crucial for managing their mental disorders. The mention of the person being off their meds during pregnancy and the psychiatrist's hesitation to provide the medication post-pregnancy contributes to the medication-related stress category.","pregnancy psych, burden, always have been, want to cut",0.5268195271492004
1368,The individual's description of feeling like they are in their own world and nobody understands how they are feeling suggests a sense of alienation and isolation from others. This feeling of disconnect from those around them can be a source of significant stress and anxiety.,"all my mh issues were subsided, nightmare, never feel okay ever again, ",0.1709553301334381
1369,"The person is feeling alienated and isolated, with a deep sense of despair and hopelessness. They are struggling with dark thoughts and feel unable to communicate their inner pain to others, even though they are being asked about their behavior. This sense of disconnect and overwhelming emotional burden indicates a state of alienation-related stress.","not break down in tears,, look sad , broken inside, hang myself,",0.3224565386772156
1370,"The person seems to be experiencing relationship-related stress. They have developed a long-lasting crush on someone they perceive as having flaws but still feel deeply connected to. The intense focus on this person, feelings of nausea, and fantasies about becoming their partner indicate a preoccupation with the relationship aspect of their life. Additionally, the person acknowledges the obstacles such as distance, age difference, and lack of real-life connection, yet struggles to move on, suggesting a persistent emotional distress related to relationships.","social media presence, she's all I think about, a nauseating feeling",0.36526253819465637
1371,"The person who wrote the premise is under relationship-related stress. They are expressing concern and worry about their boyfriend who is dealing with severe depression and suicidal thoughts. The pressure of being the only person their boyfriend talks to about these issues, along with the struggle to convince him to seek professional help and medication, is creating a significant emotional burden on the writer. The fear of their boyfriend potentially harming himself adds to the stress and indicates a strained and distressing relationship dynamic."," he should tell his parents, professional help,suicidal  ",0.4101119637489319
1372,"The symptoms described indicate a high level of anxiety, worry, feeling suffocated, loneliness, and racing thoughts, which are often associated with mental health issues. The mention of feeling like there's something wrong and the fear of having a mental illness suggest a heightened level of stress and concern related to medication and mental health."," heart is beating so fast, feel suffocated, so lonely , have no one",0.31745725870132446
1373,"The person expresses feelings of depression, anxiety, and hopelessness related to turning 28, indicating relationship-related stress. They mention regrets, failures, lack of job, money, and friends, all contributing to their current mental state."," passing me by, ending it,many regrets, many failures. No job money , friends",0.367958128452301
1374,"The writing demonstrates clear signs of bias and abuse-related stress. The person describes a pattern of emotionally abusive behavior from their parents, including constant belittling, dismissal of their feelings and concerns, name-calling, controlling behavior, and manipulation. The individual expresses feeling broken, depressed, and anxious as a result of the emotional trauma inflicted by their parents. The parents' actions have had a significant negative impact on the individual's mental health and self-worth, leading them to feel like they are walking on eggshells and having no will to live. The lack of acknowledgment, apology, and continuous emotional manipulation further support the categorization of bias and abuse-related stress.","emotionally abusive, walk on eggshells with him, complaining ,Dismissed ,belittled ,Made fun, Yelled, Mocked, jealous",0.5642401576042175
1375,"The presence of symptoms like lack of energy, loss of interest in activities, and social withdrawal, along with concerns about moving in with the love of your life and starting therapy, indicate relationship-related stress. The uncertainty about the upcoming move and potential changes in therapy could be contributing to the worsening of your depression symptoms, as well as the feeling of being lost and not knowing where to start.","getting worse, lack of energy, loss of interest",0.49132251739501953
1376,"The premise expresses feelings of alienation, loneliness, and a sense of not fitting in with peers, which are indicative of alienation related stress. The author describes feeling ignored, left out, and isolated by friends, struggling with unreciprocated feelings for one friend, and being pushed out of social circles by peers. These patterns of behavior and emotional responses suggest a deep sense of disconnection and alienation from social relationships, contributing to the author's distress.","alone during break, narcissistic dickheads, bullies, another passing person, much ignored,",0.38362619280815125
1377,"The individual's description of neglecting basic self-care tasks like brushing teeth, living in a cluttered and unhygienic environment, and engaging in unhealthy behaviors like excessively sitting in the shower and intentionally pushing loved ones away, along with the statement 'I'm not alive and I died years ago', indicates a deep sense of disconnection, isolation, and alienation from oneself and others.","haven't brushed my teeth in 4 months, dirty clothes, garbage all over , hate me on purpose 
",0.38274484872817993
1378,"The person seems to be going through severe stress and emotional turmoil due to the breakdown of their relationship, particularly with their soon-to-be-ex-wife. The sense of loss, betrayal, and being deprived of seeing their kids has led to feelings of hopelessness and worthlessness. This emotional distress is further exacerbated by their current living situation and financial struggles. Relationship-related stress can often lead to feelings of despair and thoughts of not wanting to live.","giant burden, struggling, back on my feet",0.27436909079551697
1379,"The person is expressing feelings of being unhappy, missing hobbies, and lacking joy, which are common indicators of relationship-related stress, possibly due to the changes and challenges that come with pregnancy.","Pregnant, weigh the risks, tired of feeling this way",0.4702369272708893
1380,"The person showcases concerns and worries related to dealing with depression, questioning their own identity and fearing the potential changes that may come with recovering from their mental illness. The mention of not being able to afford medication or therapy also hints at stress related to the financial aspect of managing mental health. This indicates a medication related stress, as the individual is struggling with the challenges of addressing their depression without professional medical help.",new version of myself,0.13401083648204803
1381,"The person expresses feelings of worthlessness, alienation, and a lack of connection with the nerdy community. They describe feeling inadequate in terms of being a nerd, indicating a sense of isolation and disconnect from their own identity and interests.","worthless, nerd,poor, alienated myself, too late for me",0.6400495767593384
1382,"The person feels alienated or disconnected from others, as indicated by the references to not driving everyone away and feeling like a fuck up. This sense of alienation may contribute to feelings of confusion and uncertainty about their current situation and future.","grades ,addicted to porn,",0.18064288794994354
1383,"The writer's mental state appears to be focused on concerns related to medication and self-medication. They mention losing the 'Genetic Brain Chemistry Lottery' and self-medicating with alcohol for several decades. The mention of getting brain chemistry stable through trial and error and signing up for a stopdrinking Reddit indicates a realization of the seriousness of depression and anxiety, and the need for proper medication and support.",heavy drinker,0.1749325394630432
1384,"The person is mentioning thoughts of suicide and seeking ways to improve their mental health through medication, specifically mentioning mushrooms. This indicates medication related stress and concern about mental well-being.","commit suicide, less pathetic, magic mushrooms",0.5955554246902466
1385,"The mention of feeling depressed, trying to overdose on zoloft (medication for depression), and the reference to being 17 years old and dealing with depression for the past three years indicate a strong link to medication-related stress.","she doesn't want to be in a relationship, want to hug somebody, so sad ",0.21529385447502136
1386,"The person is expressing feelings of loneliness, disappointment, and a sense of abandonment in their relationships. They mention ending a long relationship, losing friends, feeling isolated, and realizing they can't rely on their friends as they thought. This emotional state is indicative of relationship-related stress.","friends left me high and dry, self degradation done alone ",0.3062811493873596
1387,"The individual's mental state indicates relationship-related stress due to the unhappiness and sense of regret associated with leaving a happy but low-paid job for one with better prospects. The mention of feeling miserable and the impact on their enjoyment of life suggests an internal conflict related to their decision, which is characteristic of relationship-related stress.","low paid job, absolutely hate,
absolutely miserable,unwanting",0.3849872946739197
1388,"The person is feeling deeply distressed due to conflicts with their family members, feeling ignored, and not understood. They express a desire to end their life, indicating severe emotional distress within their relationships. The interactions with their parents, siblings, and extended family members have caused significant emotional pain and feelings of alienation. The mention of wanting to leave but not knowing where to go, as well as considering doing things they never would have before, highlights the intensity of the relationship-related stress they are experiencing.","parents snapped, threatened, kick me out, Miserable, low ,body numb, and drowning in despair",0.4324605166912079
1389,"The mention of suicide attempts and self-harm, as well as the focus on developing healthy coping mechanisms, indicates a need for mental health support and possibly medications for managing thoughts and emotions.","was thinking about making suicide my new years resolution, the negatives can fuck right off,no matter how bleak the future seems",0.5084245800971985
1390,"The person's major depressive disorder and current episode indicate medication-related stress, which can cause changes in mood and lead to feelings of anger or frustration towards loved ones without a specific reason.","seem to be getting really mad at my boyfriend for seemingly no reason, he hasn't done anything wrong I've just been so frustrated with his existence lately but I don't want to be without him",0.2874913513660431
1391,"The person expresses feelings of being isolated, feeling like a poison, wasting time, and struggling with progressing in life, indicating a sense of alienation from others and themselves. This feeling of isolation and internal struggle is a key characteristic of alienation-related stress."," have a mild OCD ,top obsessing over my mental health and how, slowly rotting ,waste,isolate, 
",0.23219086229801178
1392,"The person is experiencing worsening panic/anxiety attacks despite being on medication for the same previously. The mention of considering increasing the dosage to feel better and to stop the horrible attacks indicates medication related stress. This suggests that the individual is currently under stress due to their medication not providing the expected relief, leading to a decision dilemma regarding changing the dosage.","was on effexor xr 187.5mg for about 3month , panic,anxiety attack",0.5444003343582153
1393,"The language used in the premise suggests feelings of loneliness and alienation, with an emphasis on negative emotions related to solitude and inner turmoil.","alone, aching ",0.3977711796760559
1394,"The person describes feeling hopeful despite being depressed, indicating a positive mental state overall. They express belief in finding help and support, showing a sense of optimism and faith in a higher power or guardian angels, which highlights a good state of mind.", sad,0.19497373700141907
1395,"The person is feeling alienation related stress because they are feeling isolated and disconnected from their 'friends' who organized a huge party without including them. This sense of exclusion and feeling left out can lead to feelings of alienation and a desire to find new people to connect with, even though they acknowledge that it may be challenging due to their introverted nature.","ever have had many friends, no one,introvert",0.45231544971466064
1396,"The person's description of their mental state reveals a deep struggle with depression over a prolonged period of time, reaching both high and low points. Their thoughts of suicide, feeling like a burden to others, and struggling with the burden of past coping mechanisms indicate a significant level of distress. The lack of access to medical help due to financial constraints further exacerbates their mental health struggles. The mention of anxiety and difficulty in talking about their feelings with close ones adds another layer of complexity to their situation, pointing towards medication-related stress as a predominant factor in their mental state.","judgemental tone, cuts me off from everyone, Intense, internal conflict, loneliness, sleeping problems, feelings of worthlessness, laziness , intrusive thoughts",0.44946303963661194
1397,The person seems to be expressing feelings of alienation and frustration towards the concept of God and questioning the purpose of suffering or challenges imposed on them.,"up above watching you suffer, to ""learn"" or ""gain strength",0.26853376626968384
1398,"The premise suggests a concerning mental state where the individual is contemplating suicide. This indicates potential bias or abuse related stress, as the person may be experiencing significant emotional distress or abuse to express such thoughts.","suicide bridge,so you can jump off ",0.33513307571411133
1399,"The person in the premise expresses a sense of loneliness and isolation by mentioning that they want to share their activities with someone but do not have anyone present. This feeling of alienation is further highlighted by their mentioning of feeling anxious and the need to praise oneself. They also mention feeling hesitant to engage in activities they had planned with others who have let them down, indicating a sense of disappointment in relationships. The overall tone of seeking validation from virtual interactions and self-praise suggests a state of alienation-related stress.","don't have anyone here, annoying ",0.24484895169734955
1400,"The person expresses feelings of alienation and low self-worth, believing that they are unworthy of social connections and that others see them as unattractive and useless. This sense of isolation and worthlessness contributes to their difficulty in connecting socially and their belief that they will always be alone. The emphasis on external factors such as appearance and the perception of being unwanted by others suggests a deep sense of alienation.","With severe anxiety and body dysmorphia it's extremely hard for me to connect socially,useless me",0.4343951344490051
1401,"The feelings of guilt and the need for tidiness and avoiding food wastage can indicate a mental state related to medication. The intensity of these feelings may suggest a strong impact on the individual's mental well-being, potentially linked to medication-related stress.",guilt ungrateful,0.4496827721595764
1402,"The person is feeling alienated and overwhelmed by the pressure of school work, to the point of considering suicide. This sense of isolation and hopelessness is a key indicator of alienation-related stress.","Doing school work increases my appeal for suicide, but i really am trying to push through this",0.5777207612991333
1403,"The use of 'Anyone down to chat' suggests a feeling of alienation or loneliness, seeking connection with others on Discord.",chat ,0.540057361125946
1404,"The person's avoidance of looking at themselves in the mirror and feelings of disgust indicate a state of alienation or disconnection from oneself. This may stem from deep-seated feelings of dissatisfaction, self-loathing, or difficulty in accepting one's own image, possibly leading to a sense of alienation from one's own body or identity.","reflection, disgust",0.6037472486495972
1405,"The person is feeling alienated and disconnected from the people around them, as evident from their sense of not fitting in at the New Year's party and feeling inadequate compared to others. They express a deep desire for love and connection, but they also feel unworthy of it, indicating a sense of alienation and isolation from the idea of being loved and accepted by others.","went to a New Years Party last night with some people I hadn't seen in a while,felt so out of place the whole time,had hoped this would help me find new friends in addition to connecting with her but I feel like I failed at both,deserve to be loved but I've never felt like I should be",0.34547796845436096
1406,"The premise reflects thoughts and uncertainties about relationships, specifically questioning the genuineness of statements like 'you deserve better than me'. This indicates a state of relationship-related stress, where the individual is possibly experiencing emotional turmoil and uncertainty in their personal relationships.","you deserve better than me,different way of saying ""I'm sorry"".",0.6053875684738159
1407,"The person expresses feelings of alienation, isolation, and a lack of understanding from others regarding their life choices. They mention not feeling understood by others, feeling lost, and struggling with their mental health, which are common themes of alienation-related stress."," Some days I even don't know who I am,Who I really amonly surviving suicidal thoughts",0.28742504119873047
1408,"The person is feeling mentally and physically unwell, terrified, and has received horrible news, suggesting that they are experiencing relationship-related stress, possibly connected to the news they have received.","feel shit ,terrified, ",0.3467909097671509
1409,"The use of words like 'everyone's expectations' and 'normal 9-5, A4 human being' suggests a feeling of alienation or not fitting in with societal norms, possibly leading to feelings of stress or discomfort.","expectations,it hurts ",0.4690817594528198
1410,"The person is experiencing alienation related stress as they express feelings of isolation, self-hatred, and a desire to be alone. They mention losing themselves and feeling the need to rediscover self-love before facing their depression in social situations. This sense of disconnection and alienation from oneself and others is indicative of alienation related stress.",isolation ,0.3222198486328125
1411,"The person seems to be in a good mental state as they are actively participating in activities that have previously helped them cope with depression, indicating a positive and proactive approach towards self-care.",baking ,-0.006279579363763332
1412,"The person is experiencing alienation related stress, feeling disconnected and isolated despite having loving friends and family members offering support. They struggle with a sense of burden and believe they annoy everyone, making it difficult for them to ask for help. This feeling of alienation and self-doubt may be contributing to their hesitation in seeking help and opening up about their struggles.","pretending ,ok ",0.05490342527627945
1413,"The use of phrases like 'life is meaningless,' 'numb,' 'going about my day in a daze,' and expressing no desire to live suggest feelings of alienation and detachment from one's own life and surroundings. Additionally, the mention of not wanting to hurt family members but feeling ready to leave everything behind could indicate a sense of disconnection and isolation from personal relationships and social connections.","There are so many problems in my life,on't want to hurt my family, meaningless,numb ",0.6171836853027344
1414,"The person expresses feelings of loneliness, sadness, and self-hatred, which are indicative of relationship-related stress."," Every time something good happens to me something 10 times worse comes to shut it all down,hates me",0.21525533497333527
1415,"The person is feeling alienated and isolated within their own family. They are being pressured to conform to their family's expectations and are not allowed to make decisions for themselves. This lack of autonomy and support is causing them to feel like they have no control over their own life, leading to feelings of despair and thoughts of wanting to die.","an immature autistic 23 year old, only staying with them because they offered me a place to stay while I build up money and looked for housing, been pressured to take a 2nd job in October,get praised for doing things their way but scolded for doing things my way, nothing I do pleases, waned to die, ",0.4025721251964569
1416,"The person is experiencing relationship-related stress due to a toxic and abusive marriage, resulting in a difficult divorce and ongoing custody battle. The manipulative and abusive behavior of the ex-wife has caused significant emotional distress, including feelings of being constantly under attack, isolated, and unable to focus on work or concentrate. The person's thoughts are consumed by defending against false accusations, leading to a sense of hopelessness and worry about the future. This intense and prolonged exposure to emotional abuse and manipulation is likely contributing to feelings of sadness and despair, impacting the person's mental well-being. It is important for the individual to seek support, continue therapy, and explore options for coping with the effects of the abusive relationship.","bankrupt, divorced, isolated",0.3467463254928589
1417,"The person's description of abusing drugs heavily, experiencing suicidal thoughts, and engaging in self-destructive behavior indicate a deep struggle with mental health. The mention of self-harm, suicidal thoughts, and abusing drugs suggests a serious level of distress and the need for professional help. This category relates to medication-related stress as the individual's coping mechanisms involve drug abuse and the acknowledgment of the need to cut out drug use to improve their routine and mental well-being.","abused drugs,withdrew ,loser, failure,",0.5055841207504272
1418,"The writer of the premise is experiencing feelings of alienation and social disconnection. They express a deep yearning for human connection and a sense of being on the edge in their relationships, comparing friends to coffee mugs that are always in danger of falling over. This sense of isolation and fear of taking risks in forming new connections indicates a state of alienation-related stress.","breaks,lose those oppurtunies.",0.19298242032527924
1419,"The person seems to be self-aware of their mental health struggles and is actively trying to communicate with their parents about it. They acknowledge that they are feeling a little depressed and are experiencing bad anxiety, showing a level of insight into their emotional state. Despite their attempts to hint to their parents, they feel that their message is not getting through, indicating a desire for support and understanding. Overall, the person seems to be in a good state of mind but is facing challenges in effectively expressing their feelings and receiving the help they need.","trying to hint and my parents that I‚Äôm not depressed, got really bad anxiety,they just keep asking if I‚Äôm ok every now and again,thats it ",0.5500613451004028
1420,"The person expresses feelings of alienation, loneliness, and a sense of disconnection from their current environment. They mention having no friends, no social life, feeling like their youth has passed them by, and finding no joy in their daily routine. These are all strong indicators of alienation-related stress.","miserable for 8 hours, moms'cancer is back,no friends ,social life, ",0.30871498584747314
1421,"The person expresses feelings of alienation and loneliness throughout the premise. They mention feeling like nobody cares about what they have to say, not being able to open up to people, and feeling alone due to a lack of close friends and family. Additionally, their struggle to communicate with their significant other and the sense of being left out of plans indicate a deep sense of alienation and disconnection from others.","sat home alone and drank myself sick until 3:45 ,People really don't give a shit what I have to say about anything, I can't talk to my family about anything because I haven't live near them for years, pulling away, alone, drank, ",0.24010536074638367
1422,"The person is experiencing relationship-related stress. The absence of a supportive family structure, coupled with toxic and abusive behavior from extended relatives, has deeply affected their mental health. The emotional abuse and traumatic experiences within the family have led to depression, anxiety, and thoughts of suicide since a young age. The fear of losing their job is also tied to the threat of potential harm from the same relatives. This person is seeking advice and help in dealing with the complex and damaging dynamics within their family relationships.","verbally and physically abused, haven't graduated yet, abandoned,horrible childhood",0.46886032819747925
1423,"The person expresses deep emotional pain and turmoil related to a lost romantic relationship. They feel like a 'broken man' who couldn't fix himself after losing the person they love. This relationship related stress is further evident in their self-reflection on past failures in relationships and their struggles with commitment, feeling let down by partners, and the devastating cycle of relationship failures. The person's desire to have their love back and their despair at not being able to have it suggests a significant focus on relationship-related stress and heartbreak.","relationship crumbles, devastating",0.5144321918487549
1424,"The person's mental state seems to be heavily influenced by their relationships, particularly with their family. They express feelings of inadequacy, disappointment, and despair in the context of their failed relationship with their wife, strained dynamics with their in-laws, and the challenges they face with their child. The sense of failure and hopelessness in maintaining these relationships is a dominant theme in their narrative.","gf pregnant, get my PhD , was a liberal arts major, had to quit ,work two jobs , support my new family.",0.39418643712997437
1425,"The person is experiencing alienation related stress as they find human interaction, talking, eating, and cleaning exhausting. They express a strong desire to isolate themselves in bed, hide, and sleep, indicating a need to withdraw from social interactions and seek solitude.","wish people would leave me alone,ehausting ",0.308990478515625
1426,"The person mentioned being on antidepressants and going to therapy, indicating that they are dealing with depression and seeking help for it. The sense of feeling like a hypocrite for only recently realizing they might have depression suggests a level of internal conflict and emotional turmoil. Additionally, the fluctuation between feeling better after a horrible day and feeling like 'fucking shit' indicates a struggle with managing their mental health. Overall, the focus on mental health issues and the journey of realizing and coping with depression points towards medication related stress as the predominant category.",like everyone was better than me,0.12432114779949188
1427,"The person's mental state and experiences described indicate a history of struggling with mental health issues such as psychosis, panic attacks, paranoia, suicidal thoughts, self-harm, and anxiety. The mention of trying medication (which was stopped quickly), being hospitalized, and having a psychosis evaluation suggests a significant level of distress and potentially unsuccessful attempts at managing their mental health with medication. This indicates the stress and struggles related to medication and the challenges of finding the right treatment approach, leading to feelings of hopelessness and loneliness despite some improvement in recent weeks.","so alone, can't talk , sit in silence, nothing to say ",0.36687836050987244
1428,"The mention of being stuck in an empty void of darkness forever suggests feelings of alienation and existential dread, which are common sources of stress related to alienation.","void, darkness",0.5532731413841248
1429,The person expresses feelings of alienation by indicating a lack of support from friends and society in dealing with their mental health issues. The sense of isolation and disillusionment suggests an alienation-related stress.,"been on meds and doing therapy,bothering everyone, done trying ",0.24535301327705383
1430,"The person is feeling alienated and isolated, expressing feelings of loneliness, worthlessness, and hopelessness. They believe no one cares for them, and that no amount of success can alleviate their pain. The sense of disconnection from others and the world is evident in their words.","have no friends and no one will ever truly care about me,want to  study, unbearable, pain  ",0.33831560611724854
1431,"The mention of not feeling the pills along with the state of being day drunk and miserable suggests a possible struggle with medication, leading to stress and discomfort.","day drunk, not feeling the pills  ",0.8158254623413086
1432,"The person may be feeling alienated and disconnected, seeking retreats for support and to find a sense of belonging and understanding among others who are also dealing with mental health issues.","retreats , affordable, for people suffering from depression,anxiety,low confidence ",0.4750036597251892
1433,"The person's mental state is related to relationship stress, particularly stemming from the breakup with their girlfriend and subsequent difficulty in forming new connections and friendships. The feelings of loneliness, rejection, and desperation for companionship indicate a significant focus on relationship-related stress."," also began to feel as if people hated me, as if nobody wanted me and preferred to get away from me, as if I were a bloodthirsty,broke, being alone, worse, committing suicide",0.2854328155517578
1434,"The person seems to be feeling alienated and disconnected from others, as they reflect on a past traumatic event and perceive themselves as mentally the worst person. The mention of going away and receiving support from Reddit indicates a sense of seeking validation and connection online, which is common among individuals experiencing alienation-related stress.","Over 80 stitches , cut my wrists, arms, veins on joints both vertically and horizontally. Blood bath. ,Nothing has changed,worst person ,",0.12788380682468414
1435,"The person is experiencing depression and mentions not taking antidepressants until recently, which indicates medication-related stress. The symptoms described such as struggling with conversations, inability to leave bed, and seeking a therapist also point towards the impact of discontinuing or inconsistent use of antidepressants on their mental state.","relationship ended, worse, could not leave my bed",0.2215319722890854
1436,"The person seems to be in a generally good state but is experiencing occasional 'bleh' moods on Sundays or random days. They specifically mention that they like their job, indicating that work is not the source of stress. The fact that they are seeking ways to combat this feeling and asking for suggestions shows that they are proactively trying to improve their mood, which is indicative of being in a good mental state overall.","bleh' mood , different person, combat this feeling",0.5259535312652588
1437,"The writer felt comfortable enough to confide in their parents about their depression, suggesting a degree of closeness in their relationship. The fact that their parents are supportive and getting them a therapist indicates that the writer may be experiencing stress related to their relationship with their parents and their own mental health.","told my parents,they're getting me a therapist ",0.48942652344703674
1438,"The person's state of mind is heavily focused on their family, feeling the need to be 'strong' for a long time, and expressing thoughts about death. The constant crying and feelings of being at rock bottom suggest a deep emotional turmoil possibly related to strained or troubled relationships, hence the category of relationship related stressed fits best.","Spent all day on the phone with my family crying , thinking about dying, to hang myself,  couldn‚Äôt breathe,so desperate,",0.3906533718109131
1439,"The person mentioned struggling with depression and how it has been affecting their job performance, leading to a meeting with their bosses about the performance issue. The focus on depression and its impact on work performance indicates that the person is under medication-related stress. This is further supported by their desperation to seek advice from others with similar experiences, as well as their disclosure of breaking down during the meeting and having trouble expressing themselves due to the toll of depression on their mental state.","start the termination process, job performance, be fired,resign,  failed again. ",0.1886901557445526
1440,"The mention of feeling overwhelmed with anxiety, not wanting to be alive, and struggling implies a deep sense of emotional distress and the need for immediate mental health support. The use of phrases like 'anxiety', 'difficult tomorrow', 'struggling so much', and 'life's such a mess' suggests that the person may be experiencing mental health issues that require medication or professional intervention.","Tomorrow is going to be so difficult and I am struggling so much at the moment ,don't want to be alive, such a mess",0.5180979371070862
1441,"The person seems to be expressing feelings of detachment and disconnection, which are characteristic of alienation-related stress.","I need help,",0.08948676288127899
1442,The use of the term 'depression' suggests that the person is dealing with a mental health condition that may require medication. The mention of finding it easier to write than to speak certain things out loud indicates a level of discomfort or struggle that can be associated with managing medication-related stress.," talk to someone,",0.2262875884771347
1443,"The person is expressing deep feelings of depression, self-disliking, and hopelessness, indicating a significant mental health struggle. The mention of suicidal thoughts and feeling like a burden suggests a need for medication-related support and intervention to address these intense emotions and thoughts.","self- disliking, hate,useless , demotivated,killing myself,, needs me,stop his hurting",0.49163156747817993
1444,"The person's description of feeling alone, like a second choice, and experiencing continuous sadness and nervousness when alone, as well as difficulty expressing their feelings, suggests relationship-related stress. They are struggling with feelings of being unimportant or not valued in their relationships, which is contributing to their misery and self-doubt."," miserable, alone,",0.4995470941066742
1445,"The person is feeling relationship-related stress due to mixed emotions following a sexual encounter. They are experiencing feelings of regret, paranoia, and fear of being hated by the partner, which is common in such situations.","m 14 . lost my virginity,she hates me ",0.07627343386411667
1446,"The person is experiencing relationship-related stress due to bad management at work, leading to anxiety and difficulty in finding a job they love. The fear of going back to a similar work environment is making them feel sick, indicating an emotional struggle in relationships, particularly with the workplace environment."," out of a job,bad management, anxiety",0.5699551701545715
1447,"This person mentioned undergoing therapy and medication for anxiety, depression, and PTSD for three years, indicating a significant level of stress related to medication. The mention of feeling better after giving up on therapy and medication suggests a conflicted state of mind regarding the effectiveness and necessity of the treatment, further indicating medication-related stress.","PTSD,, shut the world out , exist only in solitary",0.39272773265838623
1448,"The person's feelings of overwhelming anxiety, insecurities, jealousy, loneliness, and isolation indicate a deep sense of alienation and disconnection from themselves and the world around them. They feel trapped in a cycle of problems and solutions that only seem to lead to more issues, which is causing them to feel hopeless and like there is no way out. The mention of feeling like it would be easier to end their life than to continue trying to fix their problems also highlights the extreme sense of alienation and despair they are experiencing. Overall, the person's mental state is heavily influenced by feelings of alienation and disconnection, leading to significant distress and a sense of being overwhelmed by their circumstances.","my crippling anxiety issues, insecurities,jealousy, loneliness, isolation, killing myself",0.5666800737380981
1449,"The person is experiencing alienation-related stress, feeling disconnected and isolated from society. They believe that the direct relationship between money and mental health is causing their misery and that happiness solely depends on wealth. This belief of being unable to achieve happiness due to financial status is leading to extreme thoughts of wanting to end their life as a way out. The person is also expressing jealousy towards rich people, further highlighting their feelings of alienation and inadequacy.","If i have so much money i guess i wouldn't be so damn miserable,
money, happiness",0.5245403051376343
1450,"The person is clearly experiencing relationship-related stress, feeling betrayed and abandoned by those who are supposed to be there for them. They express deep emotional pain from lack of support, feeling alone despite the promises of others. The fear of being forgotten and the cynicism towards insincere social media behaviors indicate a significant level of distress related to relationships.","People swear they are there for you. They say ""I'm here for you if you ever need me!"" but then when you need them, they don't answer your calls, they don't answer your messages, they blatantly ignore you,posts on facebook, suicide is a constant thought, lonely",0.4965652823448181
1451,"The writer seems to be under emotional distress due to bias or abuse related stress. The tone of the text indicates a harsh and critical judgment from someone else towards the writer's struggles with depression. The use of derogatory language and strong accusations suggest a lack of empathy and understanding from the other person, which can contribute to the writer's feelings of worthlessness and hopelessness."," left alone,  you do is whine",0.19378909468650818
1452,"The person is feeling sad and empty despite having aspects of a fulfilling life such as a job, own house, car, and friends, indicating a sense of alienation. They describe feeling like a shell who is physically present but emotionally detached, unable to fully engage in conversations or enjoy activities. This disconnect from their surroundings and the inability to express emotions, except for a sudden outburst of tears, suggests a feeling of being disconnected or alienated from themselves and possibly from others, which aligns with alienation-related stress.","  full time job, own house(rental), own car, no depth, alot of friends(male and female) yet i still feel sad and empty most of the time..sad, empty, it has haunted me ever since

",0.5226873159408569
1453,The use of a tool like 'Year in pixels' to track depression symptoms indicates medication related stress. The mention of how depression affects day to day life and the intention to use the results to benefit psychology students suggest a focus on mental health and medication.,track my depression,0.5839462876319885
1454,"The person expresses feelings of alienation and isolation at school, having difficulty finding a place to fit in and connect with others. The mention of not having friends in classes, struggling with group work, and feeling alone after a breakup all point towards feelings of alienation and disconnectedness. The desire for the ex's company to avoid feeling alone further emphasizes the sense of isolation and separation from others.","dont want to go back to school, barely existing friends, isolating",0.4095064401626587
1455,"The person is feeling extremely isolated and disconnected during the holidays, as evident from the absence of calls, messages, or emails. This sense of complete loneliness and despair, expressed through the extreme statement of asking God to kill them every day and feeling ignored even by God, points towards feelings of alienation and emotional disconnection from the world around them.","ask God to kill me every day, even he ignores me ",0.45284363627433777
1456,"The individual's mental state seems to be heavily influenced by their experiences with school and the lack of support from their head of year. The fact that they have attempted suicide multiple times due to school-related issues suggests that they may be experiencing high levels of stress and anxiety, which could potentially necessitate medication. Their current feelings of being suicidal and seeking help from their mum, despite fearing being labelled as attention-seeking, further indicate a need for professional intervention and possible medication to address their mental health struggles.","suicide, because of school",0.6869831085205078
1457,"The person is experiencing relationship-related stress. The emotional turmoil stemming from his past relationship dynamics and the subsequent breakup has significantly impacted his self-esteem, social interactions, and overall mental well-being. He is struggling with feelings of inadequacy, comparison, and failure, particularly in the context of his ex-girlfriend's achievements and his perceived lack of progress in personal and professional aspects of life. This is further exacerbated by his challenges in forming new connections, both romantically and socially, leading to feelings of alienation and disconnection from others. His difficulty in moving on from the past relationship, despite efforts to cut ties and seek therapy, is a clear indication of the lasting impact of the breakup on his mental state.","cannot stop comparing, friends and family were boring ,feel disconnected from them,low self esteem",0.44866877794265747
1458,"The person expresses feelings of extreme isolation, alienation, and an overwhelming sense of being trapped in a situation they hate. They lack a support system, have severed ties with their family, and feel like they have no control over their life. These feelings of being completely alone, both socially and emotionally, point towards alienation-related stress as the dominant mental state.","family financially ruined me, husband had a heart attack, can't drive, no savings, stuck in a place,hate, financially supporting my parents, point of abuse, have no savings",0.2528603971004486
1459,"The person's mental state is primarily focused on their experience with medication, particularly Effexor, and the detrimental effects it has had on them. They describe feeling disconnected from their own actions and emotions, which could be due to the side effects of the medication. The withdrawal symptoms mentioned, such as brain zaps, lethargy, hot flushes, high temperature, and extreme anger, are commonly associated with discontinuing antidepressants like Effexor. The person's decision to taper off the medication and eventually quit cold turkey reflects a struggle with the medication-related stress and their desire to regain control over their emotional well-being. The feelings of being alone, disconnected from others, and the intense emotional turmoil they are experiencing align with the challenges faced by individuals dealing with medication-related stress.","prisoner with this fucking drug anymore,  bouts of extreme anger, family have no idea",0.4711190462112427
1460,"The person seems to be experiencing medication related stress. They are expressing concern about the possibility of seizures while taking two different medications, Lexapro and Wellbutrin XL. The mention of waiting on a response from the doctor and seeking additional opinions reflects their anxiety and uncertainty about the potential risks of the medications they are currently taking.","been on Lexapro (generic),concerned with the possibility of seizures, worried for nothing,",0.6958065032958984
1461,"The mention of being deep into an acid trip indicates a medication related stressed state. Using hallucinogenic substances such as acid can sometimes lead to intense and overwhelming experiences, which might result in negative thoughts or emotions like wanting to die.",acid trip,0.5576497316360474
1462,"The person mentions seeing a shrink and trying to set up an appointment with them, indicating that they are dealing with mental health issues and seeking professional help. The reference to tripping acid and experiencing panic for a prolonged period also suggests a struggling mental state. The feeling of needing pressure to get things done and the self-apology for sharing their feelings further points towards medication related stress.","best friend hasn't talked,pity party, hold onto.",0.25684845447540283
1463,"The person seems to be experiencing alienation related stress. They express frustration and anger towards people who complain about specific years due to one or few negative events. This indicates a sense of disconnect or isolation from the common societal behavior of categorizing years based on positive or negative experiences. The excessive use of swearing and apology for it suggests a feeling of being misunderstood or judged for their emotions, contributing to their alienation-related stress.","g bad things, dumb to waste your memory, sound idiotic.",0.25444936752319336
1464,"The person seems to be feeling overwhelmed and exhausted, expressing a desire for some relief or rest. This indicates a generally good mental state but feeling tired or in need of a break.","breaks,",0.41633379459381104
1465,The person's ability to fake emotions may indicate a sense of alienation or disconnection from their true feelings and the feelings of those around them.,faking feelings,0.5907870531082153
1466,"The person is experiencing significant stress and anxiety related to their university law essays and the fear of failing. The constant pressure, lack of socialization, and feelings of disappointment and worthlessness are all common indicators of job and career-related stress. The focus on academic performance, fear of not getting a good job, and concerns about wasting time and money on education point towards a category of job and career-related stress."," 3rd year uni law,  wake up, work, go to bed,  panic attacks, fail,  disappoint,  bad,",0.46099501848220825
1467,"The person who wrote the premise is experiencing feelings of isolation, alienation, and disconnectedness. They describe a malevolent force tormenting them, causing psychological distress and inner turmoil. This sense of being trapped and powerless, as well as the perception of others recoiling from their pain, indicates a deep sense of alienation from society and a lack of social support. The mention of feeling undeserving, looking into a mirror and seeing a fair face while feeling internally disgusted, and the longing for love and healing suggest a profound sense of alienation and disconnection from oneself and others.","Unattractive to most, physical flaw, agony, aware of flaws, best left ignored",0.36286476254463196
1468,The person's feelings of alienation and loneliness are evident in the text. They express a sense of isolation and a longing for companionship to enjoy activities with. The individual feels like they have no one to share experiences with and this lack of connection is causing them distress. This sense of not fitting in or belonging anywhere leads to feelings of alienation and a desire to escape from this state.," alone,wasting, triggers my sad thoughts",0.38132432103157043
1469,"The person's narrative indicates a deep sense of hopelessness, indifference, and acceptance towards life and past experiences. They mention having a disability, depression, and multiple suicide attempts, which suggest mental health struggles. The mention of medication-related themes like disability and depression, as well as the acceptance of potentially not being able to work and relying on financial aid, point towards a medication-related stress as the primary category.","back to school, not looking, gonna be tough, multiple suicide attempts, shutting myself away, intense pain, Anger, can die now",0.4726064205169678
1470,"The person exhibits symptoms of alienation-related stress as they feel disconnected and estranged from their friends, experiencing paranoia and mistrust towards them. They perceive hidden meanings in their friends' actions and words, leading to a sense of being isolated and not being able to trust anyone, including themselves.","speaking in code, paranoid, trust anymore, publicly shamed, planning to hurt, ",0.38738495111465454
1471,"The person expresses feelings of detachment, alienation, and a sense of being disconnected from reality. They describe themselves as feeling like an alien in a human body, which indicates a deep sense of disconnection from their surroundings. The individual also mentions a lack of interest in forming relationships, such as avoiding sealing the deal with girls they are talking to. These are all signs of alienation-related stress, where the person feels isolated and estranged from their environment and others.","dropped out of high school, got a GED, failed, worse place, dissociating, writing my suicide, cathartic, alone, crying",0.18985897302627563
1472,"The use of phrases like 'my time is up' and expressing love and hope for others typically indicate a good mental state filled with love and positivity, despite the mention of time running out.",time is up,0.6336498856544495
1473,"The individual is experiencing significant emotional distress due to a romantic situation involving their crush hugging their best friend in a romantic way. This has led to feelings of betrayal, sadness, and envy towards both the crush and the friend. The internal conflict of wanting to stop pursuing the crush but also feeling hurt and conflicted about the whole situation indicates relationship-related stress."," blew it, smashed my phone , fucked up my hand,stop chasing,stay single, sad,hate my friend ",0.2729473114013672
1474,"The person who wrote the premise is experiencing relationship-related stress. The multiple changes in their family dynamics due to divorces, remarriages, and the loss of loved ones have had a significant impact on their emotional state. They struggle with feelings of isolation, loneliness, and heartbreak, particularly highlighted by the failed romantic relationship and the loss of a close friend who used to provide emotional support. This has led to a deep sense of despair, questioning their worth and purpose in life, and contemplating suicide. The person is seeking advice on how to cope with the emotional turmoil and longing for someone to talk to about their feelings, indicating a strong need for emotional support in relationships."," parents got divorced, mother got married to another woman, grandparents died, father killed himself, very shy, anxious and introvert, no friends, let the emotions out ,terrible, lonely",0.4796648323535919
1475,"The language used indicates a sense of alienation and hopelessness towards the world, which could stem from feeling disconnected, isolated, or detached from society. This feeling of absence of purpose and lack of fulfillment suggests a deep sense of alienation."," sucks, no reason to live",0.1562223732471466
1476,"The person is experiencing symptoms of alienation related stress, such as feeling extremely alone, isolating themselves by not turning on lights, and trying to distract themselves with TV shows and manga. The sudden overwhelming flow of anxiety and physical symptoms like empty stomach and chest indicate a deep sense of disconnection from their surroundings or themselves, leading to immense emotional pain."," feeling extremely alone for no reason, head is about to explode, cry for no reason, more empty, hurts",0.6476203203201294
1477,"The person exhibits feelings of isolation and alienation, as indicated by their lack of emotional connection in relationships, self-harming behavior, and reluctance to talk about their feelings to others. These feelings of detachment and disconnection contribute to their ongoing waves of depression and lack of motivation, leading to a passive and grey outlook on life. Seeking help and support can be crucial in addressing these alienation-related stresses.","dropped out of collage, lack of motivation, relationships fail, block everything out, self harming, so isolated",0.5575010776519775
1478,"The person in the premise expresses feelings of loneliness and isolation, indicating a sense of alienation. The mention of pushing away old friends and feeling alone despite their support suggests a deep emotional struggle with alienation and the need for connection.",not alone,0.22470204532146454
1479,"The person is experiencing physical symptoms (headaches and passing out) that doctors have been unable to diagnose, leading to frustration and potentially feeling unsupported in their condition. The mention of depression suggests that they may be experiencing mental health issues as well, and suspecting a connection between their physical symptoms and depression. This could be causing significant stress and discomfort, as they grapple with the possibility of their mental health impacting their physical well-being.",headaches ,0.4503816068172455
1480,"The person is expressing intense feelings of hatred, loss, and self-deprecation related to love and relationships. The use of strong language and the focus on losing love from someone indicates relationship-related stress and emotional turmoil.","donít deserve her, hate myself.",0.23063120245933533
1481,"The person expressed a preference for being alone despite their parents' encouragement to go out and socialize, indicating a sense of alienation or disconnection from social activities.",be alone,0.590403139591217
1482,The person is experiencing relationship-related stress as they are going through a turbulent time with their ex-partner. The guilt and emotional turmoil resulting from their actions have led to anxiety about the future of their relationship. The uncertainty and emotional distress from the breakup and its aftermath are significant triggers for relationship-related stress.,"Throughout the relationship we both ‚Äòflirted‚Äô with other people but never physically cheated, done for good,",0.3356531858444214
1483,"The person shows signs of alienation related stress by constantly longing for past good moments and trying to recreate those feelings of peace, but failing every time. This sense of disconnect from the present and the inability to find happiness in current experiences is causing distress to the individual.",get back,0.16724461317062378
1484,"The person is expressing feelings of alienation, loneliness, bitterness, and a sense of not belonging. They describe feeling disconnected from others, unable to interact normally, and comparing themselves negatively to those around them. The mention of childhood experiences with bullies, lack of true friendships, and spending time online as an escape indicate a deep sense of alienation. The person also expresses hopelessness about their future social success, feeling unloved and unappreciated, which further points to feelings of alienation and disconnection from others.","abused in childhood, never loved, jealous, bullies who abused, lack of courage, mind is gone,",0.38963818550109863
1485,"The mention of troubles with partner, issues with family, and deteriorating mental health all point towards relationship-related stress. These factors can contribute to a feeling of wanting to hide away forever.",issues with family,0.38386085629463196
1486,"The use of words like 'lonely', 'isolating', 'hopeless', 'regretful', 'shameful', 'heart-breaking', 'suicide-inducing' indicate feelings of alienation and isolation, suggesting an alienation related stress.","hopeless,regretful, suicide ",0.5160496234893799
1487,The person who wrote the premise seems to be experiencing feelings of alienation and social disconnect. They describe themselves as an outcast who struggles to connect with others. The disappointment and self-doubt they express after realizing that their perceived connection with someone may not be genuine and that they may not be accepted by them indicates a sense of alienation and loneliness. The constant overthinking and fear of being laughed at behind their back further highlight their feelings of being an outsider and not belonging.,"posted a picture of them at a party, outcast, boring, pathetic, awkward, socially incompetent",0.3445606827735901
1488,"The person is describing symptoms of constant anticipatory anxiety and hypervigilance, which are common in individuals struggling with depression and undergoing medication treatments. The individual's fear and anxiety about potential negative outcomes and the temporary relief from checking emails align with the mental state of someone experiencing medication-related stress.","phone vibrates, nervous,bad things to happen",0.2966251075267792
1489,"The person expresses feelings of neglect, judgment, loneliness, and fear of unpredictable reactions from others. They feel alienated, disconnected, and unable to seek help due to the perceived lack of understanding and support from their peers. This sense of alienation and isolation is evident in the way they describe their high school environment and the reluctance to share their feelings with others.","high school, hate this,always neglected, judged, but there is nowhere else to go, hide forever,",0.4801562428474426
1490,"The person's history of depression, use of medication (Zoloft and Xanax), and the subsequent abrupt discontinuation of Zoloft without medical guidance indicate a significant concern with medication related stress. The symptoms experienced after stopping Zoloft, such as extreme fatigue, loss of appetite, and sudden weight loss, are commonly associated with withdrawal effects from antidepressants. The financial stressors also add to the overall burden, contributing to the mental state being primarily medication related stressed.","student loans, stressed, don't have an appetite, extreme fatigue, always tired, sudden weight loss",0.35524436831474304
1491,"The writer expresses feeling alienated despite having great experiences and growth in 2017. They are yearning for fulfilment that seems to be missing despite external success, which can lead to a sense of alienation from others who perceive them as having everything going great. The writer's reluctance to express these feelings to people they know due to fear of being judged as ungrateful or spoiled also highlights a sense of alienation and disconnect from their social circle.","Ungrateful, spoiled, persistent nagging",0.42677485942840576
1492,"The individual seems to be experiencing alienation related stress, as they are feeling bored and resorting to substance use as a way to cope with their feelings of emptiness or disconnection in the evening.","urge to smoke, drink , cycle",0.35791316628456116
1493,"The person is under relationship-related stress. The breakup with their boyfriend of 3 years, followed by a complex emotional reunion and subsequent betrayal, has caused immense emotional turmoil and heartbreak. The person is struggling to come to terms with the fact that their ex-partner is seeing other people, despite expressing love and future plans together. This situation has left them feeling betrayed, crushed, and unsure about how to move forward, highlighting the intense relationship-related stress they are experiencing.","broke up, first love, my universe, my everything ",0.3112937808036804
1494,"The person expresses feelings of emptiness, existential dread, and alienation, and mentions past experiences of pain, abuse, and rape. These factors indicate a deep emotional distress related to past or current relationships. The constant search for meaning, feelings of isolation, and inability to find happiness despite having a supportive partner suggest a significant relationship-related stress and emotional turmoil.","existential dread, the pain, the abuse, the rape, feel bad for feeling bad, alone",0.6380743384361267
1495,"The person seems to be experiencing feelings of alienation and detachment, as they describe a sense of disconnection from their emotions, relationships, and the world around them. They mention feeling like a robot with no purpose, pondering the meaninglessness of everything, and expressing a lack of emotional response even to significant events like a breakup. These feelings of numbness, detachment, and questioning the purpose of existence are indicative of alienation-related stress.","broke up, barely affected, just existing, meaningless everything ",0.33673250675201416
1496,"The mention of thoughts becoming actions, temptations, never-ending battle, feeling like destined to lose, and uncertainty about how long one will last suggests a mental state related to medication stress, possibly indicating thoughts of self-harm or suicide.","tying a tie around my neck will feel like, thoughts scare me, occurring more, destined to lose",0.44572556018829346
1497,"The person is stressed about their job at the pizza place, feeling incompetent and inadequate in their role. They express frustration with constantly making mistakes in taking orders, causing wasted food, and being reprimanded by their boss. This indicates a high level of job-related stress and negative self-perception in the workplace.","work at a pizza place, worst employee ever, mess up the order, get fired, waste of, space and oxygen",0.6269592642784119
1498,"The writer's self-reflection reveals deep-seated concerns about their upbringing as the youngest sibling and the potential lack of appropriate guidance or boundaries from their parents. This relationship-related stress is magnified by their feelings of being babied and not being taught essential life lessons, leading to a sense of uncertainty about their perception of reality and their behavior. These unresolved issues and the writer's struggle to find closure contribute to their overall mental state.","parents just didn't care anymore, drunk, self reflect",0.504041314125061
1499,"This person is expressing feelings of hopelessness, lack of motivation, and struggling with self-improvement, which are common indicators of medication-related stress. The mention of depression as a scapegoat also suggests a connection to mental health challenges that could be related to medication use.","comfortable with failure, unhelpful coping mechanisms, procrastinating",0.3852176070213318
1500,"The person who wrote the premise is in a good state of mind as they appreciate the care and support they are receiving from someone close to them. The act of bringing food, checking on their well-being, and being described as 'awesome' all indicate positive emotions and a sense of gratitude.","no friends, no money,any sense, tired, ",0.16767320036888123
1501,"The person is expressing feelings of alienation, loneliness, and hopelessness. They are feeling disconnected, unsupported, and unfulfilled in various aspects of life such as relationships, achievements, and personal growth. The sense of feeling unreachable heights and doubting any positive change indicates a deep sense of alienation and disconnection from the world around them.",lonely,0.3445618748664856
1502,"The person is experiencing alienation related stress. They feel disconnected from others, have never had friends, and face isolation. This sense of alienation has been exacerbated by a difficult past, including abuse, depression, bullying, and physical deformity, which have led them to a state of extreme self-hatred and hopelessness. The feeling of wasting their youth and not being able to live their own life further contributes to their alienation and desire to end their life.","40k debt, College, struggling, wasted youth, self hating, isolated",0.3876766562461853
1503,"The person expresses feelings of alienation, self-disgust, and anxiety when interacting with people, indicating a sense of isolation and disconnection from others. They also fear being judged or targeted by others, which points towards alienation related stress.","gang up on me,  make my life miserable,hate, feel disgusted, waste of space,  ",0.2580212354660034
1504,"The person is experiencing severe depression, lack of motivation, and anxiety, along with the mention of being on and off antidepressants since a young age. The frustration of having to go back on medication, knowing the possible side effects and dealing with the stigma associated with mental health in the medical field, indicates a significant level of stress and struggle related to medication.","wean off medications, no support system, no will to live",0.3855544626712799
1505,"The person's description of feeling not good enough, especially in comparison to others, the longing for validation from friends, the disappointment from the lack of appreciation from a friend, and the fear of burdening their spouse all point towards relationship-related stress. The person's concerns about their social relationships, including feelings of neglect and loneliness, indicate a deep sense of emotional distress in their interpersonal connections.","ignored me, hurt, bouts of utter sadness, despair, not good enough, sad, withdrawn a lot for no specific reason,  ",0.46667206287384033
1506,"The person expresses feelings of alienation and dissatisfaction with their appearance, comparing themselves unfavorably to others and feeling constantly judged by people around them. They have low self-esteem and body image issues, fixating on perceived flaws and showing signs of body dysmorphia disorder. This sense of alienation and dissatisfaction with their physical appearance is a significant source of stress and contributes to their feelings of depression.","someone rips me down, hate the way i look, hate my breasts, shitty stomach that sticks out, body dysmorphia disorder, fixate on everything, constantly look at the mirror at my flaws, low self esteem",0.5649263262748718
1507,"The writer's constant need for validation from others and lack of trust in their own opinions indicate feelings of alienation and insecurity, causing stress in their life."," trust my own opinion,seeking validation",0.43319475650787354
1508,"The person expresses a sense of alienation and detachment from their past self and current state. They mention a significant change in their personality that occurred around the age of 6-7, which could indicate a period of emotional distress or psychological pressure. The feeling of not caring about anything and describing themselves as 'detached' suggests a deep disconnection from their emotions and surroundings. This detachment and lack of interest in hobbies or expressing likes/dislikes may stem from a sense of alienation, possibly caused by societal expectations or other events that led them to suppress their true self. The overall tone of the premise conveys a state of alienation and disconnection from oneself and others, which aligns with the category of Alienation related stress (C5).","don't care about anything, detached",0.4374268651008606
1509,"The premise indicates feelings of alienation and disconnection from human connections, especially in terms of romantic and sexual relationships. The person expresses deep loneliness and a sense of being unable to connect with others emotionally and physically. The lack of meaningful relationships and the pessimistic view on their future highlight a profound sense of alienation from the society and a feeling of being left out from essential human experiences. This alienation-related stress is evident in their perception of being unable to navigate normal social interactions and their belief that they are inherently unattractive and unlovable.","birthday alone, fatter, bald, bitter, negative, blame my own cowardice, missing out, human connections",0.43607261776924133
1510,"The premise reflects a high level of distress triggered by the mother's constant comparisons and accusations of causing stress. This kind of relationship-related stress is often deeply emotional and can lead to feelings of inadequacy, helplessness, and a desire to escape from the emotional pain, as indicated by the mention of wanting to grab a bottle of pills. These factors align with relationship-related stress.","mom compares me to my cousin, you stress me, trying my ass off not stress my mom out",0.5290112495422363
1511,"The writer's description of falling into depression again, seeking therapy, and being prescribed multiple medications including an anti-depressant, anxiety medication, and medication for insomnia and nightmares indicates a medication related stress. The writer's concern about the potential interaction between the prescribed medications and smoking weed suggests a heightened state of anxiety and uncertainty about their mental health treatment, which aligns with the category of Medication related stressed.","smoking weed, taking those meds",0.5208808779716492
1512,"The person who wrote the premise is experiencing extreme feelings of self-loathing, shame, and alienation from their own body. They express a deep sense of repulsion and disgust towards their physical appearance, feeling burdened and ashamed by their own existence. This pervasive sense of shame and self-hatred indicates a deep-rooted alienation from oneself. The individual's intense focus on their perceived flaws, the desire to hide from the world, and the belief that they need to protect others from their appearance all point towards feelings of alienation and disconnection from their own body and identity.","abusing my body, sack of pig's flesh, hating my body, repulsiveness, hate my face, horrible weight, impending shame, hate going outside",0.47161024808883667
1513,"The person in the premise is experiencing relationship-related stress. They mentioned feeling lonely and craving companionship, especially in a romantic manner. The disappointment from a recent interaction with a girl, where they realized the feelings were not mutual, has significantly impacted their mental state. This desire for a meaningful relationship and the struggles in finding it have contributed to their feelings of loneliness and sadness. The person's longing for a partner and the emotional ups and downs related to their romantic pursuits are indicative of relationship-related stress.","overeating, over aggressive, longing for companionship, a relationship, lonely,",0.6064112186431885
1514,"The person exhibits symptoms of alienation-related stress, as indicated by feelings of detachment from their own emotions, a sense of being frozen in time while others move on, and difficulty feeling empathy towards others. These experiences suggest a disconnect from oneself and others, highlighting a potential disconnection from the world and those around them. The individual's struggle with feeling emotions, including positivity, negativity, and neutrality, may stem from the alienating effects of their medical condition and the resulting isolation from the typical emotional experiences of others. It's essential for the individual to seek support and guidance to navigate these feelings of alienation and explore ways to reconnect with their emotions and others.","removed me from any school, heartbreaking , lack of emotion, just don't feel",0.40297824144363403
1515,"The person expresses feelings of isolation, difficulty in social interactions, and being an outsider in a world that does not understand them. These are common indicators of alienation-related stress, which stems from a sense of disconnection and lack of belonging in social settings."," Asperger's Syndrome, understanding social cues, empathizing with others, social interaction in general very difficult, feel profoundly isolated,looking for a full-time job,",0.3906669616699219
1516,"The mentioned symptoms of feeling empty, lack of creativity, and difficulty in sparking imagination could be indicators of depression affecting the individual's mental state. Depression can greatly inhibit creative abilities and make it challenging to experience joy and excitement in activities that were once pleasurable, which aligns with medication related stress.","song might spark some emotional response, just feel empty, loved to write, hate it",0.40654557943344116
1517,"The person writing the premise is feeling alienated and lonely, as evident from spending a lot of time on a subreddit for depression where they noticed a common theme of loneliness. The desire to start a WhatsApp groupchat with the intention of finding people to talk to without fear of judgment and to provide mutual support indicates a strong sense of alienation and a need for connection and understanding.",feeling lonely,0.5116524696350098
1518,The loss of feelings and inability to cry could be a side effect of certain medications or a sign of a medication-related issue. The panic attacks and the time of occurrence (4 am) further indicate a sense of distress and potential medication-related stress.,"lost almost all feelings,unable to cry, panic ",0.5753698945045471
1519,"The person is struggling with feelings of unhappiness despite trying various methods, including medication. The negative experience with seeking help and feeling misunderstood by their mother indicates frustration and stress related to medication and treatment for mental health. The upcoming psychological evaluation and the desire to feel genuinely happy point to ongoing struggles with mental health and the need for proper care and support.","fake it till you make it, reaching out for help",0.1552874892950058
1520,"The person's description indicates feelings of alienation and disconnection. They express a sense of being unable to connect emotionally, having a lonely New Year's, and struggling with forming attachments and relationships due to past trauma. This feeling of being disconnected from others and themselves is a significant source of stress and distress for them.","Molested, never been able to move past, impaired my ability, to form emotional attachments, even to perform sexually, workplace accident, couldn't handle the job, Lonely, in pain",0.2744300365447998
1521,"The person is experiencing relationship related stress as they are discussing a cycle of feeling better, taking happiness for granted, and falling back into depression. This cycle may indicate a struggle in maintaining healthy relationships or dealing with issues within their social or personal relationships.","self destructive things, donít know how to end the cycle",0.2577384412288666
1522,"The person's reliance on distraction as a coping mechanism even after their mood has stabilized and engaging in excessive use of distraction techniques like listening to podcasts may suggest a lingering dependency on such coping mechanisms, potentially due to the medication they are taking for their mental health issues.",consumed by flashbacks of former trauma,0.3216671943664551
1523,"The person expresses feelings of alienation, indicating a sense of being isolated, unimportant, and lacking worth. They feel that being ignored devalues their existence and makes them feel inferior to others. This sense of being 'below' others and having 'nothing redeeming' suggests a deep feeling of alienation and disconnection from those around them."," rejecting someone, by ignoring, them you take away their worth. Like they're below you.

For me, it's the lowest feeling. Nothing redeeming about me to even be noticed.",0.5275040864944458
1524,The person expresses feelings of alienation and a sense of being pushed away by others when trying to talk about their depression. They mention how people only want to hear about positive things and how focusing on something positive or not talking about anything at all is better. This sense of alienation and the belief that others do not care about their problems indicate a state of alienation-related stress.,"pushed people always, no one really cares",0.09279228746891022
1525,"The premise shows signs of extreme hopelessness, a lack of faith in treatment, mentions of medications not helping, and a desire to end life. These are strong indicators of a medication-related distress and the need for immediate intervention and support.","complete failure, Drifted, deserve to die",0.3828716278076172
1526,"The person's struggles with depression, anxiety, and the feeling of not understanding who they are indicate a mental health-related stress. Additionally, the mention of trying therapy but finding it impersonal and unproductive suggests a level of frustration with the medication or treatment they are currently receiving. The individual's search for self-identity and difficulty in maintaining relationships also point towards a deep-seated mental health issue. The positive impact of joining a supportive community shows a desire for connection and understanding, which can be crucial in managing medication-related stress.","struggle with meeting new people, maintaining relationships",0.39451178908348083
1527,"The person is expressing feelings of being stuck in the same place, lack of direction, and contemplating impossible desires like immortality for their family. This sense of alienation and confusion about life's purpose is indicative of alienation related stress.","stuck in the same place, want out of life",0.43844401836395264
1528,"The premise describes a deep emotional response to being rejected by a close friend, indicating relationship-related stress. The individual's experience of heartbreak, love, and struggles with depression highlight the significant impact this rejection has had on their mental state, causing them to withdraw further into themselves and fostering feelings of hopelessness regarding future relationships.","heartbroken, rejected",0.5572773218154907
1529,The person is feeling relationship-related stress due to their actions taken out of interest in someone they like. They are now experiencing regret and worry about being viewed negatively by the person they are interested in.," created an instagram account, interest in this guy, just wanted to be closer to him, stupid in retrospect",0.286559134721756
1530,"The mention of suicide indicates a serious mental health issue, possibly related to bias or abuse, as the perception of suicide being the best option may be influenced by negative experiences or mistreatment.",suicide,0.6032171845436096
1531,"The language used in the premise shows a strong sense of alienation and disconnect from the environment, specifically winter. The person expresses feelings of being overwhelmed by the challenges posed by winter, leading to a reluctance to engage with everyday activities and people. This sense of isolation and aversion towards winter-related aspects indicates a significant level of alienation-related stress.","commuting to my icy-road job, loathe winter, talk to anyone",0.468999981880188
1532,"The person who wrote the premise seems to be under relationship-related stress. They are expressing concern about a loved one who has recently experienced significant traumatic events such as losing close family members and being a victim of assault. This has put a significant strain on the relationship and seems to be causing distress to the writer, who is seeking help and support for the individual in question.","was assaulted, bad memories, lost her best friend, her grandmother, both passed away",0.4372953772544861
1533,"The person mentions feeling unable to talk to their parents about being depressed, indicating a level of hesitation or fear surrounding medication and seeking professional help, which could be related to medication-related stress.","Burdening, no hope for change",0.17297819256782532
1534,"The person's mention of experiencing depression, anxiety, and desperation for a long period of time indicates a mental health issue that may require medication. Seeking help by calling 911 and focusing on themselves suggests a need for medication-related support and treatment for their mental health condition.","Depression has been with me for about 30 years, 2017 was probably my hardest year,point where I was, called 911",0.5287923812866211
1535,"The language used in the premise suggests feelings of alienation, hopelessness, and disconnection from societal expectations and norms. The person appears to be overwhelmed by the pressure to conform to certain standards and expectations, which are causing them to feel isolated and incapable of meeting those demands. Their extreme thoughts and emotions indicate a deep sense of alienation and despair.", never be sucessful,0.24518030881881714
1536,"The individual is experiencing stress related to their career prospects and portfolio readiness as they are about to graduate from college. This stress is further exacerbated by the pressure to work on side projects for their demo reel while feeling spread too thin. The feelings of being unprepared, lack of improvement, disrupted sleep schedule, decreased interest in enjoyable activities like watching movies, difficulty in getting out of bed, and slipping motivation are all indicative of job and career-related stress.","graduating from college this year,  not ready,study character technical direction at an art school,portfolio is not where it needs to be for job opportunities,haven't been improving much, motivation is slipping away",0.5645692348480225
1537,"The person shows signs of alienation-related stress, feeling disconnected or isolated from others. They express a deep desire for more meaningful and proactive connections with their friends, seeking reassurance and validation without constantly initiating contact. This feeling of bothersomeness and the fear of coming off as harassing suggests a sense of disconnection and lack of reciprocation in communication.","physical and psychological abuse, not close with my family",0.29387789964675903
1538,"The person expressed feelings of alienation, voicing a deep sense of being unwanted, unappreciated, and insignificant in life. The mention of feeling like they could be uprooted and not missed, as well as contemplating suicide but being too scared, indicates a state of alienation-related stress.","unwanted, appreciated, don't matter in life, uprooted, miss my presence, Suicide",0.45315200090408325
1539,"The person who wrote the premise seems to be experiencing feelings of alienation and disconnection from their current life situation. They mentioned feeling like a 'nobody' and expressed a desire to escape reality by immersing themselves in video games. This sense of alienation can lead to stress and confusion about one's purpose and future. The individual seems to have a realization about their current mindset and behaviors, indicating a deep sense of unease and dissatisfaction with their current trajectory. These feelings of alienation and disconnection are reflected in the person's introspection and desire for a change in their approach towards school and life in general.","smoking weed, throwing my life away",0.2765353322029114
1540,"The person is experiencing alienation and a sense of disconnection from their achievements and surroundings. Despite having accomplished a great deal in academics, coming from a well-off family, being successful in school, and having relationships, they are expressing feelings of depression, inadequacy, and fear of living an ordinary life. This sense of alienation is further evidenced by their comparison to other individuals who are perceived to have achieved more at a young age. The person's yearning for a different life and feeling of being trapped in their current circumstances reflect a deep sense of disconnect and dissatisfaction with their own achievements and aspirations.","Studying math, CS at a good university,feeling inadequate, compared",0.3191872835159302
1541,"The mention of trying multiple therapists, medications, daily exercise, and diet changes indicates a struggle with mental health issues that extend beyond general stress or life difficulties. The mention of feeling like something inside wants the person dead suggests a deep sense of hopelessness and possibly suicidal ideation, which are often seen in individuals experiencing severe medication-related stress.","4 therapists, so many medications, daily exercise, diet changes,something inside me wants me dead",0.6805304288864136
1542,"The person is expressing feelings of pressure and struggle, indicating relationship-related stress. They mention backsliding and feeling under immense pressure, which could be related to relationships in their life.","immense amount of pressure, hard time finding my way out,",0.2805137634277344
1543,"The person expresses feelings of alienation and loneliness due to growing up without their parents around. This sense of abandonment and lack of emotional support could be contributing to their feelings of anger, depression, and sadness.","parents were never really around,have been on my own since the day I turned 18,lot of problems with anger and depression ",0.4238414764404297
1544,"The individual seems to be expressing feelings of alienation, hopelessness, and exhaustion with phrases like 'why bother starting the year off right', 'i don’t want to do this anymore', 'I made it to 19 but I don’t think I want to do this any longer', and 'I give up'. These indicate a sense of disconnection and detachment, possibly from one's environment or society, leading to feelings of being done.","fucking done, give up, done",0.35718363523483276
1545,"The person expresses feelings of alienation, isolation, and a sense of being ignored or shunned by others. They mention that nobody cared enough to wish them a happy new year, and feel that their efforts to connect with others are not reciprocated. This deep feeling of loneliness and the desire to escape the despair of feeling unvalued points towards an alienation-related stress."," hollow person, Nobody even cared enough, nothing is reciprocated, despair, anguish",0.4576033353805542
1546,"The person expresses feelings of alienation, hopelessness, and a lack of purpose in their life. They mention that going to school doesn't feel worth it, therapy doesn't seem like it will help much, and that they would resort to destructive behaviors if not for the presence of their family. This sense of detachment, disillusionment, and confusion suggests alienation-related stress.","stopped going to school, isnít worth",0.2966233491897583
1547,"The person is experiencing significant distress and strained relationships with their family, especially the mother. The lack of proper emotional support, understanding, and help from the family, particularly the mother, despite clear signs of self-harm, suicidal ideation, and depression, indicates a relationship-related stress.","what are your grades, how clean is your room, hated myself, self harmed, plans of suicide, cutting",0.30290794372558594
1548,The mention of overwhelming sadness for no reason indicates feelings of alienation and disconnection from one's emotions or surroundings.,sadness for no reason ,0.6344519257545471
1549,"The person expresses feelings of worthlessness, disappointment, and lack of accomplishment, indicating a sense of alienation and disconnection from themselves and others. They are struggling to find a sense of purpose and hope for a better day, which aligns with alienation related stress.","disappointment to my family, hard to find any sense of purpose, ",0.5252692699432373
1550,"The use of drugs and alcohol, feelings of deep sadness and hopelessness, and the desire to end one's life suggest that the person might be dealing with mental health issues and may have a reliance on medication to cope with their emotional pain.","risk losing my job, truly cares, debilitates",0.1610698401927948
1551,"The person expresses feelings of alienation, detachment, and a lack of sense of self, leading to a sense of being a 'walking zombie'. They mention feeling defeated due to not having common interests with others, highlighting a sense of disconnection and isolation. This suggests that the individual is experiencing alienation-related stress.","no sense of self, defeating",0.4520753026008606
1552,"The writer's distress seems to stem from a past relationship that ended with regret and longing. The mention of pushing away a loved one, feeling alone, crying excessively, hating oneself, and wishing for a redo all point towards relationship-related stress and heartbreak. The writer's loss of energy, lack of pleasure in activities, and constant thoughts about the ex-partner further indicate a significant impact of past relationship on their current mental state.","all alone, hating myself, no more energy",0.31053265929222107
1553,"The mention of spending New Year's alone and expressing negative anticipation for another year suggests feelings of isolation and disconnection from others, which are common indicators of alienation related stress.","Spent New year's alone,shit year",0.5496493577957153
1554,"The person is expressing feelings of depression, uncertainty about recovery, thoughts of suicide, fear, and desperation for relief. These are common symptoms of someone who may be struggling with their mental health and may require medication to cope with their condition."," mentally wired, experienced some awful trauma or emotional pain, it is both",0.4951584041118622
1555,"The person is feeling overwhelmed and anxious about going back to work after the holiday break, especially due to the negative emotions amplified by interactions with family members during the break. The fear of not meeting expectations at work, letting people down, and having to put on a happy facade despite feeling awful all point towards relationship-related stress, particularly in the workplace.","get stuff done,have been feeling so horrible, haven't been able to do anything, going to be frustrated, feeling so horrible, work days easier",0.4122571647167206
1556,"The person seems to be experiencing feelings of numbness and disconnection, indicating a sense of alienation. The mention of feeling empty after getting attached to someone online and losing a sense of self or identity suggests a deeper emotional alienation. Additionally, the reference to suffering ego death and the struggle with Borderline Personality Disorder further emphasize the feeling of being disconnected from oneself and possibly from others as well.","discarded her, have felt empty, not happy, sad, angry, numb, disconnected",0.46431994438171387
1557,"The person is experiencing severe relationship-related stress, as indicated by their mention of feeling burdened by the expectations of their partner's mom, feeling like their partner didn't sign up for their depression, and feeling guilty and ashamed when they act without discipline in the relationship. These relationship challenges seem to be exacerbating their feelings of depression and hopelessness, leading to thoughts of suicide. Additionally, the person's sense of not being understood by therapists and feeling enmeshed in their identity by depression further highlights the impact that relationship dynamics are having on their mental state."," ass of myself, feel suicidal, hurting people who care about me, badly to kill myself, feel empty and hopeless",0.39221808314323425
1558,"The person is experiencing a sense of alienation and disconnection. They feel demotivated, bored, and lack interest in both career options and personal activities. They mention having few friends and feeling unsure about their future, which contributes to a feeling of isolation. This alienation is reflected in their description of grinding a dead-end job and feeling lost in their Year-End Review.","dropped all my classes, paying my loans back, demotivated, bored,",0.3225981593132019
1559,"The mention of anxiety, panic attacks, feelings of worthlessness, depression, and feeling overwhelmed suggests a possible medication-related stress. These symptoms might indicate a need for a review or adjustment of current medication, or the need to seek professional help for proper treatment.","Worthless , everything around me is gigantic, overwhelming",0.2596447467803955
1560,"The person in the premise is expressing feelings of worthlessness and sadness due to a recent breakup with their girlfriend, who cheated on them with multiple partners. This relationship-related stress has caused them to feel undeserving of love, impacting their ability to sleep and eat. The weight on their chest and inability to imagine happiness point towards relationship-related stress and heartbreak.","girlfriend of 3 years just left me, After I found out she has slept with 7+ different guys, deserving of love, there's a weight on my chest",0.45641547441482544
1561,"The person expresses feelings of not getting better and fearing reaching a rock bottom despite being young. They mention doing worse and worse things, which indicates a sense of alienation or disconnect from their current situation or self. This feeling of not improving and the desire for a change point towards alienation-related stress.","life isn't getting better, progressively doing worse",0.43433308601379395
1562,The person's mental state seems to be primarily focused on their romantic relationship with their best friend. The excitement and happiness expressed after finding out that the feeling was mutual indicate that the relationship plays a significant role in their emotional well-being at the moment.," been in love with this girl who also is my best friend, been indirectly friendzoned",0.46449339389801025
1563,"The mention of needing to sleep, struggling to keep oneself distracted, and having something to do the next day suggests a pattern of sleep-related anxiety. This may be related to medication, as difficulties with falling asleep and anxiety at night are common problems that individuals on medication may experience.",Distracted,0.35847407579421997
1564,The person's description of becoming negative and depressive after the death of their grandmother suggests a deep emotional impact related to a significant loss. This relationship-related stress has caused feelings of guilt and a shift towards a more negative perception of life. Seeking help to cope with the grief and finding ways to move forward indicates a focus on relationship issues and emotional well-being.,"death of my grandmother, guilty, negative person, worse in my life",0.6043365001678467
1565,"The person expresses feeling numb and mentions losing the will to live, indicating relationship-related stress which can cause such extreme emotions.",feel really killsme ,0.2608644962310791
1566,The person appears to be in a relationship related stressed mental state. The premise indicates a strong emotional attachment and disappointment resulting from a romantic relationship not going as expected. The individual's feelings of rejection and confusion about the change in the other person's feelings point towards relationship-related stress.,"One text from a girl destroyed, self harm ,can't stop thinking",0.24858210980892181
1567,"The person seems to be feeling alienated and disconnected from their daily routine and life in general. They express feeling drained, depressed, bored, and finding comfort only in sleep, indicating a sense of disconnection and lack of fulfillment. The sentiment of expecting disappointment from future experiences suggests a feeling of alienation and detachment from the world around them."," feels the same, feeling drained, overwhelmingly bored",0.5153611898422241
1568,"The person's extreme fear and anxiety, as well as the mention of therapy and past cutting behavior, suggest that they are heavily impacted by mental health issues and are possibly dependent on or affected by medication. The fear of their therapist disclosing sensitive information to their parents further supports the categorization as medication related stress.","scared of myself, scared of other people, scared in general, cutting, just kill myself",0.5153542160987854
1569,"The individual seems to be experiencing a sense of alienation, feeling disconnected and detached from the society and the routine of everyday life. The mention of a void inside of them and the lack of purpose in modern lives, along with feeling like there's no way out of the boredom, reflects a deep sense of alienation. They also express a feeling of isolation and lack of community or responsibility, further emphasizing the alienation they are feeling.","bored of everyday life, mindless escapism",0.5658237934112549
1570,"The person's narrative indicates feelings of alienation, isolation, and a lack of meaningful connections with others. They have cut out friends and family, isolated themselves, and feel like they are ruining their life. These experiences of disconnection and loneliness suggest a state of alienation-related stress."," toxic relationship, Long lost love, cut out friends, ruining my life",0.46892523765563965
1571,"The person mentions being depressed for almost 3 years, failing college classes, struggling with basic self-care tasks, and feeling empty inside. These are all indicative of a serious mental health issue requiring medication. The mention of taking meds also suggests that the person is already on medication, possibly struggling with finding the right medication or dosage. This indicates a medication-related stress.","failed almost all of my college classes, being dismissed, still work full time",0.24823929369449615
1572,"The person is expressing feelings of missing their ex-girlfriends, struggling with loneliness, and feeling like a failure, which indicates relationship-related stress. Additionally, the mention of living with their dad and not having a car may also contribute to relationship-related stress.","hate my job, failure, Miss, ex gfs, all of them ghosted me, really lonely",0.34225887060165405
1573,The mention of medication and the desire to test how long one can go without medication suggests a state of stress related to medication.,"Meds,not supposed to stop but I just really want to see how long I can go before Someone notices",0.38130176067352295
1574,"The premise reflects a sense of alienation where the person seems to feel disconnected, isolated, or estranged from the positive aspects of life. They are pondering whether there will be any compensation or reward for enduring a difficult chapter or a lifetime filled with negativity.",life filled with negative feelings,0.5569108724594116
1575,"The person's mental state is focused on their history of depression and medication. They have mentioned being on medication for 4 years and going to therapy for 1 year to manage their depression. While they mention feeling better after stopping the medication and therapy, the return of their symptoms indicates a concern about their mental health. Their mention of the 'depression monster' creeping back up suggests a fear of relapse and a need for understanding and support, possibly indicating medication-related stress.","post holiday blues, Monster, creep back",0.2126491367816925
1576,"The person expresses feelings of invisibility, of not being noticed, and being considered mediocre and talentless, indicating a sense of alienation and disconnection from others. This individual yearns for recognition and validation, highlighting their struggle with feelings of being unnoticed and unimportant in social settings.","invisible to everyone, fly on the wall, just mediocre",0.4891650080680847
1577,"The person writing the premise has been struggling with major depression since a young age and has tried several different medications, indicating a deep reliance on medication for managing their mental health. The constant battle of trying different medications and experiencing negative outcomes has led to a sense of frustration and hopelessness, as seen from the continuous cycle of stopping and restarting medication. The person's persistent suicidal ideations despite being on an antidepressant further emphasize the severity of their mental health struggles and the limitations of medication in alleviating their distress. The focus on seeking tips or ideas to stop these thoughts suggests a heightened level of distress and a search for alternative solutions due to the apparent ineffectiveness of medication in reducing their suicidal ideations. Overall, the emphasis on medication and the ongoing struggle with suicidal thoughts point towards the premise falling under the category of 'Medication related stressed'.","brother hung himself, suicidal ideations, gun in my mouth",0.36191466450691223
1578,"The person seems to be experiencing a sense of alienation and detachment from life, feeling like nothing is worth the effort and that they are incapable of improving their situation. This kind of hopelessness and apathy often indicates alienation related stress.",Nothing is worth the effort,0.22695186734199524
1579,"The repeated statements of not wanting anything, not wanting to live or die, and a sense of not deserving happiness or love indicate a deep sense of alienation and detachment from oneself and the world. The feelings of indifference and emptiness expressed in the premise suggest a state of alienation-related stress.",donít ,0.15672951936721802
1580,"The person in this premise feels disconnected and alienated from their friends, despite genuinely caring for them. This sense of loneliness and the feeling of constantly pretending to be someone they are not points to alienation-related stress. The individual is overwhelmed by the fear of losing the only thing that seems to give them hope, indicating a deep-seated sense of isolation and disconnect in their relationships.","Sad, alone, don't know the real me",0.38480710983276367
1581,"The person's description of feeling depressed, having stress and trauma, and considering medication such as anti-depressants as a potential solution indicates a medication-related stress. They are expressing a need for a way to alleviate their constant sadness and are considering medication as a possible option due to the challenges they face in seeking regular therapy. This suggests that their mental state is primarily focused on finding a solution through medication.","only happy when I'm with a select two people,Trauma, taking my life, rid of the pain",0.36285507678985596
1582,"The person who wrote the premise seems to be experiencing alienation-related stress. They have a long history of feeling left out and not connecting with people in various social settings, such as during childhood when they were bullied, in high school with transient friendships, and now as an adult in a class setting. Despite their efforts to engage with others, they feel like they are being excluded, overlooked, and not valued by their peers. This sense of alienation and disappointment in their social interactions is evident throughout the premise.","Bullied, did things to hurt, not inviting me to the farewell class party disappointed",0.4634402394294739
1583,"The person is expressing feelings of alienation, loneliness, self-doubt, and hopelessness. They mention pushing people away, feeling alone, questioning their identity, seeking acceptance, engaging in destructive behavior, crying out of despair, feeling stuck, and expressing a sense of time running out. These are common indicators of alienation-related stress.","drinking almost everyday, self destruct, pushed people away, alone, acceptance",0.2826758623123169
1584,"The person expresses feelings of alienation, lack of belonging, and disconnection from their surroundings. They mention being isolated without friends or family, feeling humiliated and ridiculous about sharing their feelings online, and living in a toxic environment with an abusive partner's family. These factors contribute to a sense of alienation, which is further highlighted by their struggles with homelessness, financial difficulties, and lack of support systems. The mention of suicidal thoughts, past suicide attempts, and feelings of being driven out of their own skin also emphasize a deep sense of alienation and disconnect from themselves and their reality. The overall tone of the text indicates a profound sense of being lost and falling apart, which aligns with the category of alienation-related stress."," hallucinate, paranoia, overthinking,bf and his abusive family, Homeless, Humiliating, ridiculoussuicidal thoughts, attempted twice ",0.45467931032180786
1585,"The premise suggests a feeling of responsibility and self-blame in a relationship context. The notion of 'It's all on me' indicates a burden of accountability within a relationship, leading to relationship-related stress.", nothing they can do,0.07277687638998032
1586,"The person who wrote the premise seems to be experiencing a sense of alienation and disconnection from their emotions and experiences. They mention feeling numb and unable to fully enjoy things, which can be indicative of feeling alienated from oneself or others. Additionally, they express a fear of becoming numb and empty, highlighting a deep sense of disconnection. The person also struggles with processing their past memories and emotions, which further contributes to the feeling of alienation. Overall, the theme of alienation and emotional disconnection is prominent in the text, leading to the categorization of the mental state as C5."," rejected, burned out,self harm",0.2899465560913086
1587,"The individual's description of experiencing depression that comes in waves, with no warning or reason, and lasting for extended periods since the age of 18 indicates a significant mental health issue. The mention of suicidal thoughts and feeling detached from reality suggests a serious concern that may require medication and professional help. Additionally, the fluctuations in behavior such as losing inhibitions, engaging in risky behaviors like drinking excessively, and being mean to others during depressive episodes are also indicative of the need for medication-related stress. The individual's struggle with drastic mood swings and the impact on their academic performance and relationships further emphasize the severity of the situation.","comes in waves, Suicidally, extremely mean, physically horrible, exhausted, headache",0.5389378070831299
1588,"The premise indicates a sense of internal conflict and emotional turmoil related to a past or current romantic relationship. The statement 'I shouldn't care but I do because I still love her' suggests ongoing emotional attachment and possibly unresolved feelings, leading to relationship-related stress.",still love,0.38963526487350464
1589,"The writer is experiencing relationship-related stress, specifically concerning the well-being of their best friend who is struggling with mental health issues and drug addiction. The emotional weight of feeling responsible for their friend's life and the challenge of trying to convince them to seek rehab/further therapy is indicative of the category of relationship-related stress.","Drug, rehab",0.3963550925254822
1590,The person is expressing feelings of loneliness and longing for a romantic relationship. The desire for validation and confidence boost in being liked back by someone suggests relationship-related stress.,"Lonely,validation",0.35656076669692993
1591,"Despite experiencing exhaustion and physical discomfort from the outing, the person is feeling good overall. They express satisfaction in being able to take their sons out after a challenging period, appreciate the environment they visited, and express positivity about the experience overall. The sense of accomplishment in overcoming the challenges and having tangible memories in form of photos indicates a positive mental state.","Exhausted, dehydrated",0.3803912401199341
1592,"The premise reveals a deep sense of hopelessness, self-doubt, and insecurity, particularly evidenced by the relationship dynamics with the mother and the feeling of seeking reassurance from others. The individual expresses feelings of worthlessness and a lack of motivation, which are common indicators of relationship-related stress. The mention of past happiness being questioned by the mother, difficulty in maintaining positive emotions, and feelings of inadequacy point towards a significant impact of relationships on the individual's mental state.","fucked up in high school, borderline nihilism, insecurities, self loathing",0.3531280755996704
1593,"The person is feeling alienated and seeking comfort through a coping mechanism. They express a sense of weakness and a lack of comfort from others, which indicates feelings of isolation and alienation."," self-reinsurance, weak, need comfort",0.24591073393821716
1594,"The premise indicates a sense of deep emotional distress related to self-image and body flaws, suggesting relationship related stress. The constant reminder of body flaws and the impact on self-confidence indicate a struggle with how one is viewed by others, which can be detrimental to one's relationships with oneself and others.","body flaws,doubt, strong impact,everyone views you as, never escape your mind",0.6451196670532227
1595,"The mention of picking new scabs into the face due to anxiety suggests a level of distress that may be beyond normal anxiety, indicating a deeper mental health issue. Additionally, the fact that the person is returning to school tomorrow and expresses hatred towards it, along with the negative statement about the year 2018, might indicate a pattern of negative thoughts and feelings that are beyond the realm of regular stress or anxiety.","returning to school, hate, anxiety",0.5831723213195801
1596,"The person's mental state seems to be heavily influenced by their past and current relationships. They express feelings of being trapped, thoughts of self-harm and suicide, and a sense of sinking despite their current relationship being positive. This suggests that relationship-related stress is a significant factor in their emotional turmoil, leading to feelings of inadequacy, fear of loss, and a lack of control over their emotions.","felt trapped, suicide, self harm",0.4530541002750397
1597,"The person is experiencing feelings of relief and happiness when their social plans are canceled, indicating a sense of alienation or detachment from social interactions. They also feel dread and exhaustion when socializing, which further suggests feelings of disconnect or disconnection from others. This inconsistency in emotions and the struggle to maintain social interactions highlights a sense of alienation-related stress.","craving human contact, up exhausted",0.49522602558135986
1598,"The person expresses feelings of alienation, discomfort, and lack of interest in life, indicating a sense of disconnection from the world and others. They question the point of engaging in daily tasks and seem to feel out of place or unable to find joy or fulfillment, suggesting alienation-related stress.","Struggle, hate almost everything, ALWAYS uncomfortable",0.29611635208129883
1599,"The person expresses feelings of loneliness, failure, and alienation throughout the premise, indicating a state of alienation-related stress. They mention spending important occasions alone, feeling anxious and avoiding social situations due to fear of failure, discovering a chronic deficiency that could have impacted them for years, and contemplating how their actions may affect their friend. These aspects highlight a sense of disconnection, isolation, and difficulty in finding a way out of their current struggles, which aligns with alienation-related stress.","failed ,square one, dream career is a bust",0.13819199800491333
1600,"The mention of anxiety along with thoughts of suicide suggest a deep level of distress, indicating that the person may be struggling with mental health issues that require medication. The juxtaposition of anxiety about a waterslide with a statement about suicide also highlights a significant level of emotional turmoil and the need for professional help and medication.","Anxiety, kill myself ",0.6019415855407715
1601,"The person is experiencing alienation related stress as they are intentionally engaging in activities that make them feel disconnected, out of place, or isolated. They are seeking out arguments with others on social media, possibly to validate their own beliefs, but end up feeling more miserable and hating themselves in the process. This behavior indicates a sense of alienation from others and themselves.","Opinionated, self harm, unpopular, hate myself",0.30494600534439087
1602,"The person expresses feelings of alienation, loneliness, and self-doubt, indicating a sense of being disconnected or estranged from others and possibly feeling like an outsider in social interactions.","Alone, crippling shyness, dumb",0.43144291639328003
1603,The writer's description of their brother's ongoing struggle with depression despite seeking therapy suggests a deep sense of concern and helplessness. The mention of not being able to find joy despite professional help indicates possible medication-related stress. The writer's anxiety over not being able to help their brother further and the fear of losing him also align with the emotional burden that often accompanies concerns about medication effectiveness in treating mental health issues.,"Struggling, never be happy, no matter what he does",0.5324389934539795
1604,The mention of dark thoughts and the desire for them to go away suggests a medication related stress. These thoughts may be indicative of a deeper issue that the individual is trying to cope with.,"thougts, want them to go away",0.282298743724823
1605,"The person who wrote the premise is experiencing feelings of alienation and disconnection from the world around them. They express a sense of hopelessness and disillusionment with the current state of society, feeling like the 'good guys' are losing and that the 'evil empire' represented by abusive and inconsiderate people is prevailing. This sense of alienation is further highlighted by their reluctance to discuss their feelings with friends and family due to toxic dynamics, leading them to seek solace in fictional worlds like Star Wars where they can find characters to relate to and provide a sense of belonging and resistance.","lost my best friend, Abusive, hurt, anger, scared",0.24989654123783112
1606,"The person expresses feelings of alienation, loneliness, and a lack of significance. They mention feeling like another face in the crowd and needing reassurance that their existence is significant. These feelings of disconnect and insignificance align with the category of Alienation related stress.","alcoholism, depression, anxiety, self harm",0.2462824136018753
1607,"The person mentions dealing with horrible anxiety and depression, being on a high dose of antidepressants, and feeling like their depression is overtaking their life, indicating a significant impact on their mental health. The mention of having no motivation to do anything, feeling physically and mentally unable to engage in basic self-care tasks, and being aware of their ambition and goal-oriented nature further emphasizes the severity of their mental health struggles. The reliance on medication and the ongoing battle with depression suggest a high level of stress related to medication management and mental health issues.","no motivation, so frustrating, physically and mentally impossible at the moment",0.4472332000732422
1608,"The person seems to be experiencing alienation-related stress, feeling isolated or misunderstood by society for expressing their emotions and struggles online. They are frustrated by the stigma and judgment surrounding mental health discussions on social media, especially regarding others' perceptions of attention-seeking behavior and dismissal based on age. The mention of struggling with depression and the late-night posting suggest a sense of disconnection and loneliness, contributing to the feeling of alienation.","cry for help, suffering online",0.5135575532913208
1609,"The premise indicates a relationship-related stress, specifically from the passive aggressive behavior of the person's mother, creating a toxic and dependent relationship dynamic.",hateful,0.16166144609451294
1610,"The person is exhibiting signs of relationship-related stress. They are feeling upset and disappointed about the behavior of their long-time friend, expressing feelings of being underappreciated and not valued in the relationship. The person felt liberated after ending the fling but still seems to be grieving over the lack of effort and respect shown towards them. They also mention wanting the other person to see what they missed out on, indicating a desire for validation and recognition. This emotional turmoil and desire for acknowledgment in relationships point towards relationship-related stress.","Blocked, emotional breakdown",0.3807053864002228
1611,"The person expresses feelings of self-doubt and inadequacy in their ability to care for their cat, indicating relationship-related stress regarding their pet.",better off with someone,0.13729433715343475
1612,"The person seems to be describing feelings of alienation and detachment, as they are using random hobbies as a way to escape from other aspects of their life. The behavior of becoming absorbed in the hobby to the point where it is scary to stop indicates a deeper underlying sense of disconnection or alienation from their surroundings or responsibilities.","obsessing, random hobbies",0.6193859577178955
1613,The person is expressing feelings of alienation and inferiority regarding their friends' experiences and perceived advantages. They feel left out and disconnected from their friends due to not having had similar opportunities. This sense of alienation and inadequacy is causing distress and negative emotions for the individual.,poor family,0.2559020519256592
1614,"The person is expressing feelings of complete alienation and loneliness, indicating a sense of disconnection from others. They mention feeling completely alone, blocking everyone on Whatsapp, and contemplating suicide as a way out. The individual seems to be in a state of emotional distress and hopelessness, struggling with feelings of isolation and a lack of support from others.","complete existence, punch the wall until my hands started to bleed, blocked everyone on Whatsapp, Suicide",0.4943429231643677
1615,"The writer seems to have had a negative experience with therapy, feeling let down and unsupported by their therapist's behavior. This has led to a sense of disillusionment and skepticism towards the effectiveness of professional help, indicating stress or frustration related to medication or therapy.","rationalizes, personal stigma",0.4089619517326355
1616,"The individual expresses feelings of emptiness and alienation, indicating a sense of disconnection and isolation from others. They also mention feeling that their friends are using them, further heightening their sense of alienation and detachment. The mention of contemplating ending it all but not going through with it suggests a deep emotional struggle and feeling of internal disconnection."," Gaming, my friends are just using me",0.2773652672767639
1617,"The person seems to be in a good state of mind as they find comfort in activities like listening to songs, watching TV, and allowing themselves to have a good cry. These are common activities that people engage in to feel better and manage their emotions.",good cry,0.24719643592834473
1618,"The person expressing their feelings in the premise seems to be experiencing alienation-related stress, as they mention feeling lonely, depressed, and isolated. They highlight the impact a simple gesture like a phone call from their only friend had on their well-being, emphasizing the importance of reaching out to those who are going through similar feelings of loneliness and depression. This sense of alienation and the need for connection is evident throughout the premise, leading to the categorization of the mental state as Alienation related stressed.",lonely,0.3303736746311188
1619,"The person is experiencing relationship-related stress, as indicated by their struggles with anxiety and depression that were mainly caused by their boyfriend in the past. They also express disappointment in themselves for compromising their morals for their boyfriend. Despite the challenges, the person mentions that their boyfriend is the light of their life, implying a complex and emotionally intense relationship dynamic that has been a significant source of stress and emotional turmoil for them.","anxiety, mainly caused by him ",0.4132522940635681
1620,"The person is experiencing alienation related stress. Despite having loving relationships, a stable job, and hobbies, they feel disconnected and unsatisfied, questioning why they want more and feeling a sense of inner conflict. This feeling of not being satisfied despite having external sources of happiness suggests a deeper sense of alienation or disconnect from oneself or society.",haven't been feeling competent,0.20721814036369324
1621,"The person is expressing deep confusion and distress regarding their mental health condition, particularly around the diagnosis and symptoms. The mention of being diagnosed with ADHD, showing symptoms of depression, and questioning their own experience suggests a high level of stress related to medication and mental health issues.","ADHD, hole so deep, can't see the sun anymore",0.4062140882015228
1622,"The person expresses feelings of alienation, self-doubt, and thoughts of self-harm. They seem to be overwhelmed by a series of negative events, past mistakes, and disappointments, feeling isolated and disconnected from others. The focus on self-blame and the idea of not deserving to continue living indicate a deep sense of alienation and hopelessness.","F in a class, debt, parents yelled at me",0.1506662219762802
1623,"The use of substances like coke, booze, and weed indicates possible medication-related stress or dependence, leading to an unhealthy coping mechanism.",weed,0.48412173986434937
1624,"The person is experiencing stress related to therapy and the effectiveness of medication. They feel therapy is not working for them, indicating potential medication-related stress.",mess sorted ,0.04940291494131088
1625,"The person who wrote this premise seems to be experiencing alienation related stress. They express feelings of disillusionment, detachment, and a sense of being disconnected from society and others. They talk about the hypocrisy and pretentiousness they perceive in human interactions, feeling like everyone is selfish and only cares about themselves. This sense of alienation is further emphasized by their self-perception as a hypocrite and the belief that others are judgmental and insincere. The overall tone of the premise suggests a deep sense of disconnection and cynicism towards social norms and human behavior.","gender inequality, racial inequality, hypocrisy",0.25681838393211365
1626,"The person's mental state is related to medication and health concerns. They are experiencing stress and uncertainty about their health condition, as evident from their fear of having a serious illness and their contemplation about the possibility of it being all in their head.",nothing physiologically wrong,0.22495394945144653
1627,"The person's narrative portrays a deep sense of isolation and disconnection from others. They describe feeling forgotten, having experienced loss of significant individuals in their life, and feeling detached from emotions and social connections. The person expresses a lack of love for anyone and a sense of inevitability towards becoming a sociopath or criminal. The themes of abandonment, broken promises, and lack of emotional attachment indicate significant emotional distress related to alienation from society and relationships.","terrible relationship, trouble, law, criminals, assaulted, sociopath, kill myself, meaningless",0.508323073387146
1628,"The person is experiencing relationship-related stress due to perceived lack of support and understanding from their significant other, feeling trapped and alienated as a result.","not chnging, feel lost",0.24713321030139923
1629,"The person expresses feelings of alienation and a strong emotional attachment to someone who is distant and unattainable, indicating a sense of loneliness and escapism. The individual finds solace and happiness in this idol, using their presence as a way to cope with their struggles and find joy. However, the realization that the idol is out of reach and may soon be unavailable has caused distress and the need for emotional detachment, highlighting a deep sense of loneliness and disconnect from real-life relationships.","gut-wrenching, struggling, will to live, escapism,",0.37736859917640686
1630,"The person's description of being deeply in love, experiencing heartbreak, betrayal, emotional turmoil, depression, and difficulty in letting go indicates a strong relationship-related stress. The ongoing impact of the past relationship and the struggle to move on are evident in their narrative, showcasing the significant emotional distress caused by the failed relationship.","left me, heavy drinking, breakdowns, flashbacks,   ",0.357706218957901
1631,"The mention of depression at its peak, messed up sleep schedule, loss of appetite, and the struggle to gain weight despite being underweight all indicate a mental state that is heavily influenced by medication-related stress.",hate my body,0.16042718291282654
1632,"The writer expresses conflicting emotions towards their mother, feeling guilty for wanting to escape from life while also acknowledging their mother's importance. This internal struggle and guilt surrounding their mother's care and their own desires point towards relationship-related stress.","Guilty, selfish ",0.37390804290771484
1633,"The individual's description of feeling like a robot, being numb to emotions, and having a blank stare suggests a sense of alienation and disconnection from their own feelings and experiences. This person might be experiencing alienation related stress, feeling disconnected from both their own emotions and the world around them."," Robot, numbness, blank stare",0.7779826521873474
1634,"The author's mental state reflects significant relationship-related stress. The premise describes a toxic and unsupportive relationship with the significant other, which exacerbated feelings of depression, self-hate, stress, anxiety, and sadness. The author opened up about their depression to their girlfriend, seeking support, but instead faced invalidation, blame, and emotional abuse. This negative experience in the relationship led to feelings of hatred towards the girlfriend and a general alienation from people. The author's current state of loathing interactions and lack of trust in people can be attributed to the negative impact of the past toxic relationship.","senior year,  stress, anxiety, sadness, self hate, disregarded, unsuccessful",0.40054580569267273
1635,"The person's fear and anxiety about therapy sessions and the mentioning of past self-harm behavior, as well as the concerns about telling parents, suggest a medication-related stress. The fear of potential consequences and the strong emotions related to the idea of divulging past self-harm behavior point towards a mental state influenced by concerns about medication management and its implications.","self-harm ,Scratches, cut where no one will know",0.4486624002456665
1636,"The person is struggling with clinical depression, anxiety, and possibly PTSD, and mentions going back to the hospital to get back on medication. This indicates that they are experiencing significant mental health issues and seeking help through medication. The symptoms they describe such as constant shaking feeling, panic attacks, inability to sleep or eat, and feeling like they are always in danger, are all common indicators of severe mental health issues that require medication intervention.","school ,hard time adjusting,",0.14464688301086426
1637,"The person seems to be experiencing feelings of alienation and disconnect from their surroundings. They mention feeling guilty for being white among wealthy peers and being judged by both teachers and family members. These experiences of alienation and not fitting in can contribute to severe anxiety and depression, as indicated by the person's self-reported test results. The person also expresses feelings of helplessness and uncertainty about their situation, indicating a sense of being overwhelmed by their circumstances."," dad is dysfunctional, sell drugs",0.16278859972953796
1638,"The person's description of feeling helpless, frustrated, disappointed, sad, angry, and even suicidal, along with isolating themselves, not sharing their struggles with others, and considering a negative inner voice as their only friend, all indicate a sense of alienation and disconnection from society and potentially from their own sense of self.","failed university, self-sabotaged, parasite",0.26840758323669434
1639,"The intense flashbacks and trauma symptoms mentioned in the premise suggest a medication related stress. The person is already on antidepressants, indicating an ongoing mental health treatment. The flashback experiences and the feeling of reliving past traumas indicate a significant impact on the person's mental well-being despite being on medication, highlighting the challenges and complexities of managing such intense symptoms.","Flashbacks, trauma,I had through therapy and being held at a hospital where the staff were horrible to the patients",0.6359199285507202
1640,The person is in a mental state of distress due to their current situation of needing residential care and facing challenges in finding suitable options in their own state. The mention of considering going to a different state and questioning the acceptability of doing so indicates a level of stress and uncertainty related to medication and healthcare resources.,"acute care for a week last month,residential care  ",0.272840678691864
1641,The person seems to be experiencing a sense of alienation from their own emotions. They describe a disconnect between what they know they should be feeling and how they actually feel. This disconnect and difficulty in expressing emotions could be causing stress and a feeling of alienation from their own emotional experiences.,"emotions are hard, aching in my heart, cannot cry",0.40359675884246826
1642,The mention of thinking about killing oneself frequently indicates a potential mental health issue that may require medication. The fear of acting on these thoughts further suggests a state of medication-related stress.,killing yourself,0.58948814868927
1643,"The person's mental state is primarily focused on their relationship with their partner and the negative impact of their mental health on it. The unresolved argument, feelings of worthlessness and burden, and fear of losing the partner due to their mental illness all point towards relationship-related stress. The mention of the partner getting depressed and feeling burdened by trying to help also contributes to this categorization."," worthless, burden, resent me",0.24221459031105042
1644,The mention of multiple failed suicide attempts suggests a severe mental health crisis that could be related to medication as a form of treatment. The concern about the perception of the parents indicates a deep emotional distress possibly connected to medication-related stress.,"commit suicide, tried so many times",0.4403480291366577
1645,"The person's overwhelming emotions, feelings of rejection, self-hatred, and desire to escape through death suggest they are experiencing relationship-related stress. The intense focus on the failed relationship, feelings of not being good enough, and comparing themselves to the new partner all point towards deep emotional distress resulting from the romantic rejection."," not good enough, hate myself, hate her",0.09740255028009415
1646,"The person seems to be feeling alienated and ignored by their brother-in-law who is seeking attention and support for his presumed depression without considering the emotional struggles of the person writing the premise. The writer expresses feelings of being excluded and overlooked, as their own mental health issues are downplayed and overlooked in comparison to the brother-in-law's actions. This sense of being left behind and not receiving the support or understanding they need indicates a state of alienation-related stress."," self harming, angry",0.31352877616882324
1647,"The writer is experiencing relationship-related stress due to concerns about their friend's self-harming behavior and the impact it has on their relationship. The writer's worry and dilemma about how to react and help their friend, as well as the emotional burden of witnessing their friend's struggles, point to a significant level of distress related to the relationship.","self-harming, never asks for it",0.5018243789672852
1648,"The repeated mention of being alone, feeling separate from the world, and the sense of missing someone all indicate a feeling of alienation and loneliness in the person's mental state as expressed in the premise.",still alone ,0.4664810299873352
1649,"The person expresses feelings of enjoyment in certain activities initially, but then experiences a sense of emptiness and lack of productivity, which may indicate a sense of alienation or disconnection from their surroundings and purpose in life.","wondering, life is headed",0.16765925288200378
1650,"The person is experiencing medication-related stress due to the changes in their antidepressant medication, Celexa and Effexor. The transition from one medication to another, along with the tapering off plan, can lead to fluctuations in mood and potentially worsening symptoms such as depression. The abrupt changes in dosage and type of medication may be contributing to the current depressive feelings. It's important for the individual to seek guidance from a healthcare professional, given the complexity of managing antidepressant medications.",Psychiatrist appointment,0.277410626411438
1651,The person is dealing with relationship-related stress because they are feeling overwhelmed by the news of their younger sister's struggles with anxiety and suicidal thoughts. They are unsure about how to approach the situation and are concerned about maintaining a good relationship while supporting their sister's mental health.,unsure how to deal ,0.27021661400794983
1652,"The person is describing symptoms of depression and anxiety, which are commonly addressed using medication. Mentioning being on and considering going back on anti-depressants indicates a strong connection to medication-related stress.","disappointed,",0.0007543265819549561
1653,"The person who wrote the premise seems to be experiencing alienation related stress. They express feelings of isolation, loneliness, and a deep sense of disconnection from others. The fear of being attacked, mocked, or insulted online has led to severe cyber anxiety, preventing them from engaging with others on social platforms. Additionally, they mention lacking meaningful relationships, feeling abandoned by their friends, and struggling to make new connections due to social anxiety and depression. The absence of birthday wishes and the belief that no one cares about them further exacerbates their sense of alienation and worthlessness. The person's longing for empathy and validation from strangers on the internet reflects a deep need for connection and a desire to feel valued as a human being. This pervasive feeling of being disconnected and unworthy suggests a significant level of alienation related stress in their mental state.","College, suffered , cyber anxiety, misfortune, vulnerability scared to be laughed at or attacked",0.42958927154541016
1654,The mention of mental illness and the feeling that life may not seem worth living indicates a state of emotional distress related to medication or mental health issues.,worth living ,0.3619774580001831
1655,"The person's narrative suggests medication-related stress as they are concerned about going on a medication with potential side effects that could amplify their sadness. The individual's detailed description of their symptoms and experiences, such as feeling sad, wandering thoughts, changes in behavior (e.g., walking outside more, reduced interest in usual activities like gaming), difficulty concentrating on studying, changes in sleep patterns, and contemplating difficult questions about existence and family dynamics, align with common symptoms associated with depression and anxiety. The mention of writing an apology letter to parents and feeling scared about the intent behind it also indicates emotional distress. Furthermore, the individual's reluctance to lay in bed with their thoughts, preference for distractions like watching shows, and history of avoiding electronic devices near bedtime highlight possible coping mechanisms and sleep disturbances, which are often observed in individuals with mental health concerns. Overall, the emphasis on the potential impact of medication on their emotional state and the array of psychological symptoms described point towards medication-related stress and underlying mental health issues such as depression and anxiety.","fall so behind in school, quit my job, gaming",0.22320452332496643
1656,"The person is expressing feelings of despair and disillusionment about relationships, suggesting that they may be experiencing relationship related stress.","hurt,lie,never stay",0.31609028577804565
1657,"The person mentions having stopped taking medication for depression, anxiety, and OCD without consulting their doctor or family, which indicates a significant level of stress related to medication management. The worsening symptoms of OCD affecting daily life further support the categorization under medication related stress.","OCD, destroying, frustrating",0.49045148491859436
1658,"The person is describing feelings of depression, anger, and harboring grudges. The mention of considering meditation for help but lacking motivation suggests they may be overwhelmed with their mental health and are struggling to cope. These symptoms and lack of motivation align with difficulties related to medication and mental health management, indicating a medication-related stress in this scenario.","Fight, insult others, grudges, anger",0.2442331314086914
1659,"The mention of using self-harm (cutting) as a coping mechanism in the past and the current overwhelming urge to do so again indicates a medication related stress. The individual might be struggling with managing their emotions and mental health, leading to a strong desire to self-harm. Additionally, the lack of support system and fear of themselves further suggest a medication related stress.","need to cut more than ever, hard, scared of myself",0.5775517225265503
1660,"The premise describes symptoms of severe depression, including feelings of worthlessness, hopelessness, and self-harm, which often require medication to manage. The mention of self-harm and the desire for pain as a form of coping mechanism indicate a deep state of mental distress that may necessitate medication intervention.","worthless, pathetic, useless, a failure, disappointment, escaping, pain",0.3804861903190613
1661,"The person is expressing feelings of hopelessness, worthlessness, self-harm, suicidal ideation, and resentment towards their parents, which are all indicative of serious mental health issues. The mention of self-harm and suicide attempts demonstrate a need for professional help. The individual is seeking help but faced challenges in finding a suitable doctor, which highlights a medication-related stress as they are in distress over their inability to access appropriate mental health care.","feel lonely, lost ",0.2741381525993347
1662,"The feelings of loneliness and emptiness from living alone with no social life and family support indicate a sense of alienation. The individual might be experiencing distress and disconnect from their surroundings, leading to a deep emotional struggle.","social life, no real family, too empty, ruined",0.4775283932685852
1663,"The person is expressing feelings of alienation and disconnection from their surroundings, emphasizing a sense of breaking, missing freedom and family, and feeling like time is stretching forever. They also mention wanting to die, indicating extreme distress and disconnection from their current environment.","breaking ,freedom, family, life",0.38957154750823975
1664,"The person feels alienated and disconnected, constantly seeking external stimuli to fill a void and hoping for positive changes in their life. This sense of discontent and reliance on digital activities may indicate feelings of alienation and detachment from reality.","can't enjoy, anything",0.2635321319103241
1665,"The person is experiencing a breakdown, crying, a sense of loss of mental fortitude, discouragement, and depression, indicating a deep emotional struggle. The mention of bad memories and thoughts that discourage them from engaging in activities that would supposedly improve their wellbeing suggests a possible link to medication-related stress. It's likely that the individual may be facing challenges with their current medication, its side effects, or its efficacy, leading to their current state of distress.","bad memory, breaking down, crying, losing",0.5636884570121765
1666,"The person's mental state appears to be under extreme stress due to multiple relationship-related factors. The individual faces challenges in various relationships within their workplace, including dealing with unproductive colleagues, family dynamics, and especially strained relationships with their father who is also their employer. The individual expresses feelings of being undervalued, taken advantage of, and unsupported, leading to feelings of frustration, resentment, and lack of self-confidence. The emotional strain from these challenging relationships is evident in the person's thoughts of ending their life, as well as their difficulty in coping with the stress. This exacerbates their existing depressive state and contributes to their overall feeling of hopelessness.","Sleep, never feel rested, reprimanded, sick, exhausted, physically, mentally",0.33264920115470886
1667,"The person seems to be experiencing feelings of alienation and detachment from their own life and emotions. They express a sense of inevitability towards self-harm and a lack of control over their thoughts and actions. The mention of seeking dangerous situations to feel a sense of control over their own life and death, along with a deep feeling of being trapped by their depression, indicates a state of alienation-related stress.","going to wake up and go throughout my day like normal, and then just jump off the roof ",0.20739077031612396
1668,"The mention of medication and seeking professional help indicates a medication-related stress. Despite receiving support, feeling judged or getting scolded may be causing additional stress, which is common in medication-related situations.",just get mad at me ,0.08735080808401108
1669,"The person is expressing feelings of alienation, loneliness, and despair, indicating a sense of disconnection from society and an inability to form meaningful connections with others. They feel like they do not fit in and struggle with social interactions, which is causing significant distress and leading to thoughts of death. The use of medication (SSRIs) is not effectively addressing their deep-rooted loneliness and lack of fulfillment, further exacerbating their feelings of isolation and hopelessness.",never really been able to make any friends,0.15953223407268524
1670,"The person is feeling alienated and ostracized by being the only single person among couples, which is exacerbating their feelings of being socially inept and depressed. The fear of being made fun of and the desire to escape the situation by leaving on a bus without telling anyone also indicate a sense of alienation and discomfort in the current social setting.",jump on it without telling anyone,0.11858999729156494
1671,"The person expresses feelings of not being loved or cared about, and feeling like they are nobody's favorite person, despite acknowledging that their family loves them. This disconnect between their perception of themselves and the reality of being loved by their family suggests a deep sense of alienation. The person might be struggling with feelings of isolation and disconnection from others, which is causing them distress and questioning their own emotions and reality.",feel so unloved even though they do,0.45112812519073486
1672,"The person expressed feelings of prolonged misery, depression, emptiness, and a sense of feeling trapped inside their own head, which are symptoms commonly associated with mental health disorders such as depression or anxiety. The mention of a breakdown, inability to find motivation, and thoughts about self-harm indicate a serious level of distress. Seeking medication from a doctor is seen as a potential solution to alleviate their emotional suffering, which suggests that medication-related stress is prominent in this scenario.",trapped inside my own head,0.4189195930957794
1673,"The mention of depression and anxiety indicates that the person is experiencing mental health issues. It is likely that they are feeling medication-related stress, where the side effects or impact of medications on their cognitive abilities are causing them to feel limited in their thinking.",m dumb or the depression and anxiety is making me feel dumb,0.4651448726654053
1674,"The person is describing symptoms of depression and self-harm, indicating a serious mental health issue. Despite the intensity of their depression and self-harming behavior, they express resistance towards seeking help from therapists or medication, suggesting a reluctance or aversion towards medication-related solutions. This resistance and avoidance of seeking help for their mental health issues could be categorized as medication-related stress.",I don‚Äôt want to even though my depression intensifies,0.3710043728351593
1675,"The language and tone used in the premise suggest feelings of alienation and disconnection. The person expresses a lack of self-esteem and mentions feeling like every breath is robbing another of oxygen, indicating a deep sense of isolation. Additionally, the inability to rebuild self-esteem despite knowing what needs to be done and the belief that life in general doesn't suck further highlight the individual's feelings of alienation and disconnection from themselves and others."," life sucks, your life might suck",0.23688843846321106
1676,"The language used in the premise along with feelings of loneliness, being bullied, and contemplating suicide indicate a strong sense of alienation and disconnect from society. The person feels like they are the most miserable person on Earth, believing that nobody likes or loves them. This deep sense of alienation and despair is reflected in their words and thoughts, pointing towards an alienation related stress.","At school, Some students bullied and teased ",0.304459810256958
1677,"The person is dealing with a mix of positive and challenging emotions. They express a desire for a future with a girl, finding excitement in music, and gathering motivation for self-improvement. However, they also reveal feelings of sadness, loneliness, worthlessness, and anger, highlighting struggles in their personal relationships and self-esteem. The mention of wanting to scatter their brains around the room due to feeling worthless indicates a significant level of distress and emotional instability, which are commonly associated with relationship-related stress.","Lonely, crying,",0.4389635920524597
1678,"The person is feeling lonely, in emotional pain, and afraid of making the other person sad by expressing their true feelings. This indicates relationship-related stress, as the individual's emotional well-being is intertwined with their concern for the other person's feelings and perception of them.",but I want her to think I'm happy and to not worry about me,0.23781052231788635
1679,"The person is experiencing relationship-related stress due to the unhealthy dynamics within their family. The constant blaming, pressure to conform to a certain standard, and feeling of not being understood by their father have led to feelings of worthlessness and thoughts of not being suitable for living. The conflicting emotions of love towards their family members and the desire to break free from the expectations placed upon them are evident throughout the text, reflecting a significant struggle in the family relationships. This has contributed to the person feeling trapped, misunderstood, and contemplating drastic actions as a way to express their inner turmoil.","didn't go well in my family, everyone was shouting and blaming each others",0.2831110656261444
1680,"The person feels alienated and disconnected from their own actions and their perceived self. They are experiencing inner conflict and struggle to align their behavior with their self-perception, leading to a sense of alienation and detachment.",Every time I look back on my past and even in my present I try to justify my shitty behavior ,0.23361772298812866
1681,"The person's mental state is characterized by alienation-related stress. They feel disconnected, dissatisfied, and inadequate in comparison to society's standards of beauty and attractiveness. This is evident from their preoccupation with physical appearance, self-criticism, and extreme measures they are considering to alter their genetics and appearance. The focus on external validation, such as seeking ratings on an aesthetics forum and the constant comparison to an unrealistic ideal (9/10), reflects a deep sense of alienation and lack of self-acceptance. Additionally, the mention of feeling worse when viewing porn due to comparison further emphasizes their feelings of alienation and inadequacy.","get worse whenever I see porn, since I chastise myself ",0.4039950966835022
1682,"The person is showing signs of job and career related stress as they are anxious and worried about their academic performance and the consequences of not performing well, such as losing everything including possibly jeopardizing future job opportunities.", barely know anything exams ,0.2315627634525299
1683,"The mentions of anxiety, suffering, inability to control it, inability to afford medication, and the desire to not have been born suggest that the person is going through mental distress due to medication-related issues such as the financial burden of affording medication and the feeling that the medication is not effective, leading to a strong sense of hopelessness and helplessness.",stuck to this pain,0.10238159447908401
1684,"The individual in the premise seems to be experiencing relationship-related stress, as evidenced by the dysfunctional dynamics within their family, including feeling ignored and dismissed by their sister and mother when opening up about their struggles with suicidal ideation and self-harm. The lack of empathy and understanding from family members is likely exacerbating the individual's emotional distress and feelings of hopelessness.",my retarded self decided to have a breakdown and then tell my sister that I think about killing myself,0.4282052516937256
1685,"The writer's description of a series of unfortunate events, such as frozen pipes, car trouble, financial issues, and lack of basic necessities like food, suggests that they are feeling overwhelmed and distressed by their challenging circumstances. These difficulties may be contributing to stress in their relationships, which is reflected in their desire for a fairy godmother or a winning lottery ticket to solve their problems.","have no money and no food in the house, Nothing but bad luck and bad news",0.23153330385684967
1686,"The person is expressing feelings of alienation and disconnection from society and human life, and longing for the simplicity and freedom enjoyed by animals. This sense of not fitting in and feeling defective or inadequate suggests an alienation-related stress.",main reason for my pain is money,0.16308678686618805
1687,"The person is experiencing a high level of mental distress, mentioning anxiety, depression, insanity, and bipolar disorder, which indicates a medication-related stressed state. The explicit mention of abusing various medications provided by the father's prescriptions and feeling a noticeable difference in the brain after taking those pills highlights a significant concern regarding the impact of these medications on the person's mental state.",She's destroying my mind and she doesn't even know me.,0.10275045782327652
1688,"The person expresses feelings of alienation, worthlessness, and loneliness, indicating a state of alienation-related stress. They feel disconnected from their blessings, family, and themselves, which is leading to a strong sense of despair and the desire for everything to stop.","unhappy with everything,I am the root of all of my problems",0.32663148641586304
1689,"The person is describing symptoms and behaviors that are characteristic of depression, such as feeling apathetic, lethargic, self-critical, and neglecting health. They mention taking a depression self-assessment and considering seeing a GP for it. The reluctance to seek help and the concerns about medication suggest the stress is related to medication and the decision-making process around it.","feel pretty apathetic about everything, lethargic and extremely self-critical ",0.524998664855957
1690,"The use of profanity, self-hate, and expressions of worthlessness indicate a deep level of relationship-related stress, possibly stemming from feelings of inadequacy, self-loathing, fear of judgment from others, and a desire to disappear to escape these negative emotions.",hate myself for being so fcking useless,0.3038729131221771
1691,The person is expressing feelings of loneliness and seeking validation and connection through online interactions. This behavior indicates a sense of alienation and a lack of meaningful human connection in their life.,really lonely,0.39016735553741455
1692,"The individual is experiencing relationship-related stress, specifically with their parents. They feel conflicted between pursuing their dream of becoming a politician to preserve their native culture and adhering to their parents' wishes due to a strong sense of loyalty and guilt. The pressure of potentially disappointing their parents to follow their aspirations is causing emotional distress and turmoil in their relationship with their family.","the reason I want to become a politician is because my native culture is DYING in my country, the my culture is part of the majority ethnic group, our ethnic group's culture is being wiped off",0.5004482865333557
1693,"The person is feeling stressed about their job and career, particularly about not being able to survive on their own, feeling depressed, and struggling with adult responsibilities like bills and groceries. The focus on their job and financial situation throughout the premise suggests a jobs and career related stress.",working full time @ 24 won't allow me to survive on my own,0.3234098553657532
1694,"The person's mental state is largely impacted by the deterioration of their relationship with their girlfriend, causing immense stress and feelings of guilt and self-blame. The fear of losing their girlfriend is described as the 'final straw' and their actions towards her are causing them significant distress. This relationship-related stress is at the forefront of their current mental state.",about to lose my girlfriend and that feels like the final straw,0.5262162685394287
1695,"The person expresses feelings of wanting to stop existing without having to kill themselves, feeling tired of pretending to be okay and being accused of attention-seeking. They also mention feeling sad all the time and being tired mentally and physically. These are common indicators of feeling alienated and disconnected from oneself and others.","sick of pretending to be okay,could just stop existing",0.36148548126220703
1696,"The person is experiencing job-related stress due to a breakdown in their car affecting their punctuality at work, leading to negative consequences. The pressure of being the breadwinner and the fear of not finding a job with comparable pay if they quit further exacerbates their stress and feelings of entrapment, contributing to their mental state of feeling miserable and trapped.","hate that job, and it seems dumb as hell ",0.2717706561088562
1697,"The person expresses feelings of sadness and disappointment related to their family's lack of support for their passion for literature. This rejection from their family could be causing relationship-related stress, specifically feelings of inadequacy and disregard for their interests and talents.","family completely science-orientated, and my dreams of writing literature has always been discarded as bullshit",0.4200751781463623
1698,"The person is experiencing relationship-related stress. They feel pressure from their parents to maintain a full-time job and attend college, leading to unhappiness, stress, and a desire to have their social life back. The conflict between pursuing their dreams and meeting their parents' expectations is causing significant distress and confusion."," no bills, free college tuition until i'm 25, and a full time 5 x 8 full benefit job. But I can't handle the pressure.,parents only keep me around so I can attend college but if I don't I'm out",0.3798704147338867
1699,"The person is expressing feelings of alienation and disconnection from their past self and possibly from their current life circumstances. They are struggling with finding happiness and fulfillment, which indicates a sense of alienation and isolation.",hopes and dreams we had as a child are the worst ,0.1111958920955658
1700,"The belief that there is no such thing as a fresh start may indicate a sense of relationship related stress, where the individual feels stuck in a cycle of failed relationships or unable to move on from past relationship issues.",There is no such thing as a fresh start,0.5906299948692322
1701,"The mention of depression in relation to a video clip from a TV show indicates a focus on mental health issues, which could be linked to medication related stress.",partly is about her being depressed,0.4915095269680023
1702,The person is feeling a sense of alienation despite being physically close to family members and having communicated with a best friend. The sudden shift from happiness to feeling alone and awful again suggests a deep sense of disconnect and alienation.,"My mum‚Äôs downstairs My brother and me are separated only by a wall, I‚Äôve been talking to my best friend on snapchat earlier, yet a feel so alone",0.4068721532821655
1703,"The person is expressing thoughts related to depression and feeling unable to work due to their mental health condition. The mention of worrying about starting work and potential harm to themselves indicates a significant level of medication related stress. They express a desire for a job to help with their depression, but feel trapped in a cycle of being too depressed to even apply for one. This cycle is causing them to feel even more depressed, emphasizing the medication related stress they are experiencing.","want a job to lower my depression, But I‚Äôm too depressed to get a job",0.47710558772087097
1704,"The person is experiencing symptoms of alienation, such as feeling disconnected, a sense of being in a dream, lack of caring about loved ones and interests, and a feeling that nothing really matters. These are common indicators of alienation, which is a state of feeling socially isolated, emotionally detached, and disconnected from meaningful aspects of life. This sense of alienation can contribute to mental health issues such as depression, as the person describes feeling tired, having insomnia, and going through periods of feeling disconnected for a long time. Seeking professional help and considering discussing these feelings with a doctor is a positive step towards addressing these concerns."," barely get up to go to work, and I would often write things about feeling disconnected",0.39550524950027466
1705,"The person mentioned being diagnosed with major depression in Nov 2015 and being allergic to certain medications, including SSRIs. This has likely caused medication-related stress, as finding the right medications for mental health conditions can be challenging and not being able to take SSRIs can impact the treatment process. The description of feeling the same off medications as on them and the lack of excitement or happiness despite being back on therapeutic levels further support the idea of the person experiencing medication-related stress.","been under the care of a psychiatrist for a year now and in therapy for 2 years, Just putting that out there",0.340617299079895
1706,"The person seems to be expressing feelings of alienation and loneliness, mentioning a lack of friends and seeking someone to talk to via direct message. This suggests a sense of isolation and disconnection from others, leading to feelings of stress and perhaps even a desire for human connection.",never had many friends,0.31347331404685974
1707,The use of profanity and expressing hatred towards the world indicates feelings of alienation and disconnection from society.,How can it just keep asking for more effort when it gives nothing back that gives motivation,0.08672058582305908
1708,"The person is expressing feelings of depression, mentioning the need for medication and therapy to cope with their mental health struggles. The focus on feeling depleted, needing time off work, and being honest with their manager about their situation suggests that the mental stress is primarily medication related.","needing time off of work,Should I just explain to my manager exactly what is going on",0.3156663775444031
1709,"The person is facing multiple physical health issues such as IBS, sleep paralysis, bone fractures, and has undergone painful surgeries which require the use of antibiotics and painkillers. The prolonged use of medications may have led to a deterioration in their mental health, causing symptoms of depression. This medication-related stress is further exacerbated by feelings of isolation and alienation due to experiencing these health challenges at a young age while their peers are healthy. The person's determination to regain control over their life and seek help through reading about mental health indicates a proactive approach towards managing their mental illness.","have IBS, suffer from sleep paralysis almost every single night, be a paranoiac",0.37952756881713867
1710,"The person's mental state seems to be characterized by a sense of alienation and disconnectedness from their own life. Despite having many positive aspects in their life such as financial stability, a great girlfriend, supportive parents, and career success, they express a deep sense of hopelessness, lack of control, and inability to find joy and satisfaction. This feeling of watching their life fall apart and being unable to do anything about it suggests a profound sense of alienation. The comparison made with their roommate, who appears content despite having fewer conventional markers of success, further accentuates the person's feelings of confusion and alienation. The yearning to go back to a time when they were happier and the use of coping mechanisms like smoking weed to numb these feelings further indicate a state of alienation and disconnection from their current reality.","started going downhill when I went to grad school but realized it was a dead end and started getting depressed ,decided to dropout from a PhD",0.3666309714317322
1711,"The person in the premise is struggling with depression and suicidal thoughts, indicating a serious mental health condition that requires professional support and possible medication. The mention of feeling like a nuisance for constantly talking about dark things, worrying about annoying their best friend, and the friend also expressing feeling depressed point towards the need for medical treatment and increasing stress related to medication and therapy.","She doesn‚Äôt need to hear all of that, She pities me, as do all of my other friends",0.3022390604019165
1712,"The person seems to be experiencing a series of simple mistakes and awkward moments, which are common human experiences. This does not indicate a specific stress related to jobs, relationships, medication, alienation, or bias/abuse. It appears to be more of a lighthearted situation and could be categorized as a moment of being in a good mental state despite the small mishaps.",making mistakes on the most simplest thing,0.3349943459033966
1713,"The author of the premise seems to be experiencing a sense of alienation and frustration towards the online community they are a part of. Their language and attitude suggest a feeling of disconnect and disappointment with the lack of meaningful support or empowerment found in the community. This sense of alienation is driving them to emphasize the importance of seeking professional help from individuals with the right qualifications and expertise, rather than relying on an online platform for mental health support. The tone of superiority and dismissal towards the 'kids on the internet' implies a deep-rooted sense of isolation and skepticism towards the effectiveness of the support available in the online community.","this generation it's like 50% are angsty teens, upset over simple things who glorify this shit then there's another 50% who seriously suffer",0.3556671440601349
1714,The person's depression has significantly impacted their job performance and has now led to a situation where their job is at risk. The mention of having Behavioral (mental) Health team involved shows that the person's mental health issues are being taken seriously. The feeling of hopelessness and self-doubt expressed in the last sentence indicates a high level of distress related to medication and mental health concerns.,"effected my job performance, had a meeting this morning at 8am to discuss it,they said I could either resign or they would start termination procedures",0.18562793731689453
1715,"The person expresses feelings of alienation, lack of enjoyment, and inability to relate to people. They also mention a chemical imbalance that affects their ability to enjoy things, indicating a sense of disconnect and isolation from their surroundings. This emotional state of detachment and disillusionment points towards alienation related stress."," have a lot and none of it matters because everything pisses me off ,don't relate to people",0.2627682685852051
1716,"The person expressed feelings of alienation, low self-worth, and a sense of detachment from others. They mentioned feeling like a waste, a terrible person, and having a self-focused mindset. This indicates a state of alienation-related stress, where the individual feels disconnected from others and struggles with self-acceptance."," m a terrible person, by the way, you really don't have to tell me",0.24760594964027405
1717,"The person is feeling alienated and distant from others, expressing fear of losing contact with loved ones. This sense of disconnection and anxiety about relationships is a common symptom of alienation-related stress. Additionally, the person's mention of feeling down despite taking medication and engaging in unhealthy behavior suggests a deep sense of psychological and emotional distress that is likely tied to feelings of isolation and alienation from others.",in a long distance relationship and it's getting harder for me ,0.2716103792190552
1718,"The person's depressive state since the beginning of 2013, the temporary improvement in mental state when they had friends and were popular in school, followed by the significant decline in mental well-being due to losing friends and feeling abandoned indicate that the individual is currently experiencing relationship-related stress. The longing for friends and feelings of isolation further support this categorization.",string of events happened where most of my friends left me to rot alone,0.36961209774017334
1719,"The person's overwhelming thoughts and worries about dying, the afterlife, and past events, as well as physical symptoms like heart pain and restlessness, suggest a high level of anxiety and fear related to mortality. These intense and intrusive thoughts may indicate that the person is experiencing medication-related stress, potentially due to side effects or uncertainties about their current medication regimen.",How does it feel to have the life sucked out of you,0.23397326469421387
1720,"The person expresses feelings of alienation, loneliness, and a lack of meaningful connections with others. They mention not having close friends they can rely on or connect with, feeling like their life is filled with mistakes, and contemplating disappearing or ending their life. These thoughts and emotions indicate a sense of disconnection from others and society, leading to a feeling of alienation and despair.",All I can see when I look back at my life are a series of mistakes,0.2830559015274048
1721,"The individual's language and the description of feeling sad, lethargic, lacking motivation, feeling anxious, and experiencing difficulty speaking to others suggests a profound state of depression. The mention of feeling like forcing oneself to be alive, not knowing what to do, and contemplating suicide are indicators of a serious mental health issue that may require medication intervention to address the symptoms of depression and prevent suicidal thoughts.","Reporting in front of the class is always a nightmare, always get very nervous and always forget the things i'm supposed to say, not yet in college though but it feels like that i am already on the wrong track",0.1523863524198532
1722,"The person is expressing feelings of depression, hopelessness, and suicidal ideation, along with a sense of being trapped and physically insecure. The mention of researching suicide methods and feeling mentally and physically broken indicates a severe mental health crisis that may require medication-related intervention.","started middle school, and I‚Äôm a senior in college now, hate most aspects of my life ",0.21034827828407288
1723,The person seems to be experiencing a sense of alienation and detachment from the world. They express a deep feeling of not wanting to exist and finding the idea of the only way to stop existing being death as annoying. This indicates a state of alienation and disconnection from their surroundings and existence.,Anyone else get annoyed by the fact that the only way to stop existing is to die,0.46290910243988037
1724,"The person expressed feelings of loneliness and contemplating ending their life before experiencing a positive change in their relationship with their boyfriend. They mention feeling cared for and loved by their boyfriend, which gave them hope and a reason to live. The fear of losing their boyfriend and the desire to have a good life with him indicate relationship-related stress and dependency on their partner for emotional well-being.",know that he would always be there for me and not let me fight my battles alone,0.18911972641944885
1725,"The person is experiencing extreme emotional distress and fear due to the possibility of losing their beloved pet to cancer. The deep emotional connection and reliance on the pet as a source of comfort, love, and support highlights the intense relationship-related stress they are facing. The impending loss of their pet is triggering overwhelming feelings of grief and fear of being without that source of love and companionship, making it a relationship-related stressed state.","horrible breakup, my dog has helped me through some really tough times had her for over 11 years,aggressive and expensive surgery to treat the cancer,can't handle her dying",0.5722523927688599
1726,"The person seems to be experiencing relationship-related stress. They feel hurt by their dad's actions of telling everyone they'd be going to a family gathering when they had other plans with their friends. This situation has led to feelings of being unwelcome, hurt, and even more depressed. The post by the uncle on Facebook mentioning 'Hopefully everyone comes next year' adds to their emotional distress, causing uncertainty and confusion about their relationship with their family members.","those family gatherings make me feel stupid, useless and even more depressed",0.478563129901886
1727,"The individual's mention of addiction to drugs such as Xanax, codeine, and Valium, as well as struggling not to do harder drugs every day, indicates a medication-related stress. The reliance on substances to cope with feelings of apathy, difficulty in finding meaning in life, irrational anger outbursts, and the inability to communicate effectively with loved ones are all signs of a deeper underlying issue that can be further exacerbated by substance abuse.",addicted to weed and really struggle not to do harder drugs,0.5735331177711487
1728,"The mention of depression, anxiety, and stress, and the desire to share a piece of writing on the topic, along with a message of hoping to bring peace to the reader's heart and mind, suggests that the person may be experiencing medication related stress, possibly related to mental health struggles.","about depression, anxiety and stress ",0.610246479511261
1729,"The person who wrote the premise is experiencing feelings of alienation and existential despair. They are struggling with their sense of identity, feeling disconnected from others, and finding it difficult to relate to their family. They are questioning the meaning of life, feeling like the world is not real, and constantly contemplating existential problems. This sense of alienation and detachment is evident in their thoughts about mortality, suicide, and the perceived lack of awareness in others about the transient nature of life. The person also expresses jealousy towards people with religious beliefs, as they lack a source of comfort or support in times of existential crisis. Overall, the theme of feeling like a stranger in a world that does not align with their perceptions contributes to categorizing this mental state as alienation related stressed.","minoring in philosophy, philosophy and astronomy are the two topics that really get me into these disturbing existential thoughts,reading a lot about death",0.4478434920310974
1730,"The person expresses feelings of alienation, believing that others are only present out of fear rather than genuine care, leading to a sense of isolation and disconnection from society.",like no one genuinely cares about me,0.2439635992050171
1731,"The use of phrases like 'constant suicidal thoughts', 'feelings of loneliness', 'hopelessness', and 'The fast way out is so appealing' indicate a serious mental health condition that may require medication intervention, hence falling under the medication related stressed category.", I feel so alone,0.24832573533058167
1732,"The person expresses deep feelings of alienation and distrust towards others, believing that nobody will ever stay. This indicates a sense of isolation and disconnection from those around them.",hate myself ,0.23272964358329773
1733,"The person is experiencing job-related stress and dissatisfaction. They mentioned feeling trapped in a job and a life that they hate, having trouble sleeping due to work stress, and feeling like a passenger in their own life. The fact that they applied for other jobs and received rejection letters further adds to their stress about their career. This overwhelming feeling of being beaten down by work-related issues and the desire to escape from everything point towards a state of job and career-related stress."," work stresses me out so much, have trouble sleeping at night, applied for other jobs and already got those rejection letters in the mail which only made me feel even worse",0.6834893226623535
1734,"The mention of tablets and alcohol together indicates a potential medication concern. Mixing medication with alcohol can have harmful effects on health, and the inquiry about potential harm and timeline suggests a deep level of concern regarding the impact of this combination on the body.","have 34 375 mg tablets and alcohol,if it will hurt and how long it will take",0.30360615253448486
1735,"The feeling of being in a long dark tunnel with no light at the end and wanting to curl up in a ball and sleep until everything goes away indicates a sense of alienation and detachment from one's surroundings. The individual feels overwhelmed, disconnected, and possibly isolated, which are common signs of alienation-related stress.",feel like I'm letting everybody down but I don't want to keep on going like this anymore,0.14451244473457336
1736,"The person expresses feelings of alienation, not feeling happy, not feeling accomplished, not knowing who they are, feeling incapable of being loved and accepted, and not feeling like they belong. These are all indicators of alienation related stress.",went through a really rough breakup with someone who was my first love and they betrayed me and I still miss them ,0.07461228966712952
1737,"The person expresses deep emotional turmoil and hopelessness, even mentioning the desire to hurt themselves in order to stop existing. These extreme thoughts and feelings suggest a significant mental health crisis that may require medication intervention. Additionally, the mention of seeking counseling sessions and feeling like a 'fucking idiot' after talking to a counselor indicates potential medication-related stress and resistance towards treatment.",don't want to exist,0.22816577553749084
1738,"The individual expresses feelings of alienation and a sense of being different from others due to their upbringing as a Jehovah's Witness. This has led to a reluctance to open up to others about their past, making it challenging to build meaningful relationships. The fear of being judged for their background and the perceived inability to live a 'normal' life contributes to anxiety and depression. The comparison with others who have successfully integrated into society further exacerbates their feelings of alienation and self-doubt.","due to my upbringing and circumstances, suffering with anxiety and depression since the age of 14/15 ",0.38215744495391846
1739,"The mention of feeling sudden violent urges and not knowing the reason behind them, as well as trying to cover up these intense emotions in public, indicates a sense of alienation and disconnection. This person seems to experience episodes of uncontrollable anger and impulsive behavior, which may stem from deep-rooted issues of feeling isolated or disconnected from themselves or their surroundings.",numb or kinda content but then suddenly my chest wells up and shit like this happens and I have no clue why,0.24285520613193512
1740,"The person is describing a progression of physical symptoms over time, including muscle aches, swelling, dull pain, sharp pains, and light sensitivity. These symptoms could be indicative of an underlying medical condition that may require medication or medical intervention. The mention of using ibuprofen and a cane to manage the pain hints at seeking relief through self-medication. The persistence and progression of symptoms over several years may be causing significant stress related to medication and health concerns."," muscle aches, swelling,started seven years ago",0.5039239525794983
1741,"The person writing the premise seems to be in a good mental state, as they are advocating for a compassionate and understanding approach towards suicide and mental health. Their message focuses on celebrating the person's life, reflecting inward, and reaching out to others, which are all indicative of a positive and empathetic mindset.","when someone takes their life, the wrong thing to do is reach out to their closest friends asking for explanations surrounding their depression and general mental state",0.5367651581764221
1742,"The person expresses feelings of loneliness, self-doubt, and disillusionment with life. They also mention being treated poorly by others and feeling alienated. The reference to potentially harming themselves and feeling too tired to make changes further signifies a deep sense of alienation and disconnection from others.","others hate me, when I can do it best myself",0.16530676186084747
1743,"The person is experiencing relationship-related stress as a result of the car accidents affecting their anniversary date with their girlfriend. The accidents have caused physical and emotional pain, leading to feelings of self-doubt and anguish, as well as expressing a desire to not be alive. This relationship strain and emotional turmoil are indicators of relationship-related stress.","both the accidents were my fault, so maybe I really am just a shit driver",0.3305690884590149
1744,"The person is expressing feelings of emptiness, lack of motivation, and a sense of detachment from the world around them. This sense of nothingness and lack of meaning can be indicative of an alienation related stress. The person is describing a dissociation from their emotions and surroundings, with a preference towards feeling nothing over feeling something. These feelings of emptiness and detachment can be symptomatic of alienation, where the individual feels disconnected from themselves and their environment, leading to a sense of apathy and indifference towards life.","just no motivation to accomplish anything, can't really see the point of anything",0.3280033469200134
1745,"The person expresses strong negative emotions towards their parents and brother, citing emotional abuse, favoritism, and even instances of sexual abuse. The sense of betrayal, lack of support, and feeling unwanted at home indicate relationship-related stress.",My parents honestly treat my brother with so much love and support and it breaks my heart to see them treat me like I'm some unwanted part of their life,0.47698262333869934
1746,"The person appears to be experiencing a high level of alienation related stress. They express feelings of being unsuited to life, not finding a place where they belong, seeking an escape from the burdens of existence, and a desire for liberation through death. The mention of feeling like a prisoner to life and not wanting a job, but wishing for an alternative lifestyle without the need to sustain themselves, reflects a sense of disconnection from societal norms and expectations. The expressed desire for an unattainable ideal of luxury and self-indulgence, and resentment towards the concept of motherhood, further emphasize a deep sense of alienation from their current reality and surroundings.",entirely unprepared for the future I never wanted,0.2941158413887024
1747,"The person displays feelings of self-doubt, low self-esteem, and alienation throughout the premise. They express a deep sense of regret, sadness, and depression stemming from their self-perceived mistake of choosing the wrong room, which led to questioning their decisions and self-worth. The individual's withdrawal from social interactions, self-hatred, and difficulty in finding themselves again indicate a strong sense of alienation from themselves and those around them. The recurring thoughts of being judged by others and the anticipation of meeting the same people again further emphasize their feelings of alienation and disconnection in social settings.","going back to school soon and will soon meet them again,have tried over the break to strengthen myself again ,not go down the same route of trying to commit to things I don‚Äôt want to do etc this time, but I‚Äôm not sure",0.24343028664588928
1748,"The person is experiencing feelings of alienation and worthlessness, believing that they are only valued for their utility to others. They express a sense of isolation and a lack of genuine connection in their relationships, feeling like they are being used for their helpfulness rather than appreciated for who they are as a person. This is evident from their belief that they are only kept around because of their ability to help others, and that their other qualities are overlooked. The person's perception of themselves as being dispensable if they were not useful further exemplifies their feelings of alienation and lack of true connection with others.",They tolerate all my other horrible qualities because the help is worth more to them,0.4117228090763092
1749,"The language used in the premise indicates that the person is struggling with severe mental health issues such as anxiety, paranoia, and depression. The mention of medication and therapy as potential solutions suggests that the person is potentially under a lot of stress and seeking professional help to cope with their mental health issues.", constantly think about the bad about myself and how horrible i am,0.4210362434387207
1750,"The symptoms described, such as dulled feelings, talking in a monotone, having blank facial expressions, and experiencing strange thoughts, are often associated with certain mental health conditions such as depression. However, the individual specifically mentioned not feeling sad or having self-confidence issues, which suggests a unique manifestation of symptoms. Since the person also expressed confusion and concern about these changes and their impact on social interactions, it is likely related to medication or medical conditions that require attention and evaluation, leading to a category of medication related stress.","19 year old male, moved away to college this year so big life change ",0.1189378872513771
1751,"The person mentions having a breakdown and feeling dizzy, which could indicate a mental health issue that requires medication. They also express feeling like this is the beginning of a downward spiral, suggesting they may be experiencing significant mental distress that may require medication intervention.","didn't go to work today because I had a breakdown last night, and when it was time to get up for work I felt dizzy and glued to my bed",0.4116600751876831
1752,"The person expresses feelings of purposelessness, lack of motivation, and a sense of never-ending suffering, indicating a state of alienation and disconnection from their surroundings and activities. They mention spending time on passive activities like listening to music and watching videos, suggesting a desire to escape from reality. The reference to a past love and the comparison to dying as putting a hair in the street further emphasize a sense of detachment and insignificance. The despair expressed in the text reflects a deep sense of alienation and feeling stuck in a cycle of suffering without a clear purpose.","I'm blocked in a useless, never stopping suffering circle, because of the demotivating thing keeping me from completing something",0.37384849786758423
1753,"The person who wrote the premise is likely experiencing relationship-related stress. This is evident from the detailed account of their toxic and emotionally abusive relationship with their ex-boyfriend. The individual describes a pattern of manipulation, insults, control, and threats from their partner, leading to feelings of worthlessness, depression, and even self-harm. The prolonged emotional turmoil, fear of leaving the relationship, and eventual struggle to break free are characteristic of a person dealing with severe relationship-related stress.","dropped out of college and was looking for a job for 1 year, was on the verge of giving up",0.2005944848060608
1754,"The statement 'What else is there to say at this point' suggests a feeling of alienation or disconnection, as if the person has become detached or disengaged from a situation or conversation.",What else is there to say at this point,0.5745146870613098
1755,"The individual is feeling alienated and disconnected from others due to the perceived misinterpretation of their intelligence based on their academic performance. Despite being reassured by parents and teachers that grades do not define intelligence, the person still feels confused and frustrated by the lack of understanding or validation from external perspectives.","failed 3 classes the past 3 school years, and I'm on the brink of failing another one",0.27617472410202026
1756,"The person is experiencing relationship-related stress. The recent breakup has left them feeling alone and questioning their ability to have a healthy relationship. They express feelings of romantic incompatibility and abandonment issues, indicating a struggle with forming close connections. The sense of loneliness and longing for reassurance from others also point towards relationship-related stress.",She broke up with me and said we're romantically incompatible,0.3854353725910187
1757,"The person's struggles with anxiety, depression, and past substance abuse indicate a medication-related stress. They have tried medications like Xanax and antidepressants in the past but did not find them effective enough. The mention of experiencing a complete emotional breakdown when forgetting to take an antidepressant on a trip also suggests a significant reliance on medications for managing their mental health. Moreover, their interest in exploring natural alternatives like nootropics further indicates a desire to find a solution that is different from traditional medication. This combination of experiences and preferences points towards a medication-related stress as the primary category."," have a stupid past of abusing """"rave drugs, only thing that ever USED to help, and still does time to time was alcohol",0.45590856671333313
1758,"The author communicates feelings of isolation, alienation, and a sense of not belonging to the outside world. They express a deep-rooted belief that they are not valued or wanted by others, as evidenced by feeling hated and being viewed as a nuisance. This sense of detachment and disconnection from society is indicative of alienation related stress.",deep enough so I can just barely here the outside world up above me,0.16718018054962158
1759,"The person is expressing feelings of being unable to shake off persistent negative emotions and mentions experiencing depression for the first time. The duration of 2 months indicates a prolonged period of low mood, which suggests a need for medication or professional help to address the mental health issue.","now for 2 months i can't shake it, I don't think I'll ever be alright again.",0.3574845790863037
1760,"The person expresses feelings of alienation, loneliness, hopelessness, and a lack of support system. They mention having no one to vent to and feeling that things always slip out of their hands, indicating a sense of being disconnected and isolated. Additionally, using drugs to cope with pain and the statement about not expecting to live much longer further highlight the extreme feelings of alienation and despair.","no one to vent or turn to and whenever , can't find love nor happiness and my life has been on a downspiral",0.4023549258708954
1761,"The person is expressing feelings of hopelessness, lack of connection, and alienation in multiple aspects of their life, including financial struggles, lack of support from family, negative experiences in their community, and concerns about their gender identity. These feelings of alienation and despair are evident throughout the text, indicating a deep sense of disconnection and isolation.","can't afford a college education, spend 90% of my incoming trying to keep up with debt",0.13681891560554504
1762,"The person's mention of being on therapy and taking medication, specifically Lexapro, indicates a medication-related stress. Despite experiencing some improvements in mood swings, sleep, and crying breakdowns, the person still struggles with dark thoughts related to death and non-existence. This suggests that the medication might not be fully addressing their underlying mental health issues, leading to ongoing distress and contemplation of extreme measures. The person's tendency to want to stay in bed and escape from the world further supports the idea of medication-related stress affecting their overall mental state.","don't think about it all the time, but when I do, the idea of no existence feels very tempting",0.15326036512851715
1763,"The person is experiencing relationship-related stress due to issues with their parents, in-laws, and lack of dependable friends. These toxic relationships and lack of a support system are likely contributing to their long-term depression. The person feels trapped in a situation where they have no real solution, whether it's dealing with their health issues, toxic family dynamics, or the absence of trustworthy friendships.",become trapped in my body,0.2260979413986206
1764,"The person is expressing a desire to deal with their depression and get off medication, suggesting a mental state related to being stressed about medication.",made me nothing but existing and going through the motions ,0.10582961142063141
1765,"The person's feelings of emptiness and insecurity, lack of connection with family, inability to make friends, disdain for school and religious beliefs, feelings of being an outsider, thoughts of suicide, and self-deprecation all point towards a deep sense of alienation. The person's struggle to form meaningful relationships, lack of belonging, and feelings of worthlessness are indicative of alienation-related stress.",always have to sit with the foreign exchange students who can't even speak English (I'm american) because they are the only people who tolerate me,0.1143983006477356
1766,"The premise indicates relationship-related stress as the person is feeling upset and questioning the behavior of their boyfriend. The comment about being 'pretty and beautiful' on the outside but 'ugly' because of moodiness and attitude suggests emotional manipulation or criticism, which can lead to stress and confusion in the relationship.",my moodiness and attitude make me ugly,0.5493684411048889
1767,The individual is experiencing medication-related stress as they are trying to overcome their depression by reading self-help and motivation books. The struggle to identify things that truly make them happy despite seeking help suggests a level of frustration and confusion often associated with medication-related stresses in mental health recovery.,"give me validation, love or praise, or things",0.11857833713293076
1768,"The person is going through a difficult time managing their mental health, specifically with diagnoses of generalized anxiety disorder and depression, and being on medication. They express feelings of hopelessness, thoughts of self-harm and suicide ideation, as well as physical symptoms such as chest pain and engaging in self-injurious behaviors. The person also mentions the desire for better medication and feeling suffocated at home, indicating a struggle with finding the right treatment. The emotional instability and alienation from family due to mood swings suggest a deep level of distress. Overall, the focus on medication, therapy, and seeking better help from the psychiatrist indicates a strong association with the stress of managing mental health conditions and medication."," feel miserable at home, get mood swings and alienate my family because of them,really good thing in my life is my school",0.5083369612693787
1769,"The person is struggling with getting out of bed in the morning, which could be a symptom of a mental health condition that requires medication. Seeking professional help suggests that medication may be involved in addressing the issue.",still getting up in the morning is so damn hard,0.40167731046676636
1770,"The person's mental state seems to be primarily affected by relationship-related stress. They describe a history of unstable family dynamics, failed romantic relationships, feelings of loneliness, and emotional turmoil stemming from their interactions with others. The individual expresses deep emotional pain related to past relationships and the fear of losing meaningful connections. These relationship issues have led to feelings of depression, suicidal thoughts, and a struggle to find peace. Despite the challenges, the person acknowledges the importance of relationships in their life and the desire to repair past damages as a source of motivation to keep going.",had depression for awhile mainly caused by an unstable family/home and never addressing my issues or feelings,0.513931155204773
1771,"The person is experiencing relationship-related stress. Their depressive feelings have worsened due to their parents' lack of understanding and dismissive attitude towards their depression. Additionally, their boyfriend's change in behavior and feeling of suffocation has caused further distress and humiliation. The person feels let down by those they thought they could count on for support, leading to feelings of being a burden and thoughts of escaping the situation. This relationship turmoil has significantly contributed to their current mental state.","parents they actually think im an attention seeker,You have everything, you have no reason to be depressed, those words are what got me to fall deeper",0.3841514587402344
1772,"The person is experiencing alienation and a sense of disconnection from their social circle. They feel unable to enjoy social interactions, whether with family or friends, due to the burden of faking happiness and concealing their struggles with depression and anxiety. The pressure to attend social events and maintain a facade of normalcy is exacerbating their feelings of alienation and distress. The conflict with their friend over attending a party and the subsequent fallout further highlight their sense of isolation and inability to meet the expectations of others. The person's suicidal thoughts and fear of being judged as a 'bad friend' demonstrate the deep emotional turmoil and disconnection they are experiencing.","can't be around my family because I'm sick of faking my happiness, I can't be with my friends because they don't realise the extent of my depression ",0.5039659738540649
1773,"The individual expresses feelings of inequity and frustration towards the financial situation and the disparity in wealth distribution, which can lead to a sense of alienation. Additionally, the person mentions feeling unhappy and exhausted with life overall, indicating a sense of disconnection or detachment from their surroundings. This alienation-related stress is rooted in a deep sense of unfairness and dissatisfaction with their current circumstances.",have been employed in government service for 20 years and still struggle financially,0.22823375463485718
1774,"The person who wrote the premise is experiencing relationship-related stress. They are feeling immense guilt and shame over their past interactions and conflicts with their friend who tragically took his own life. The writer expresses regret over not being there for their friend when he needed support, feeling overwhelmed by his intensity and struggles with mental health. This guilt and regret stems from the realization that they could have potentially played a role in preventing the friend's suicide by being more supportive and understanding.","felt pressure and after our time apart was, in all honesty, thrown off by his intensity and made excuses not to see him",0.26611828804016113
1775,"The person is experiencing feelings of isolation and alienation, as indicated by their reluctance to share their true feelings about their condition with their loved ones and their resistance to involving them in therapy sessions. They express a desire to protect their family from the burden of their illness, indicating a sense of being disconnected or separated from them emotionally. The constant struggle with their condition and the intrusive thoughts in their head suggest a sense of disconnection from their own emotions and desires. The longing to stop being perceived as strong or courageous also reflects a yearning to break free from societal expectations and roles, further emphasizing the theme of alienation.","have Myasthenia Gravis, a neuromuscular autoimmune disorder that causes weakness in my voluntary muscles",0.2646806538105011
1776,"The person expresses intense feelings of alienation, hopelessness, and lack of motivation in life. They have little to no joy, do not desire to be happy, and feel disconnected from the idea of pursuing traditional sources of happiness. They also have negative feelings towards their family, whom they describe as ungrateful and unsupportive. This sense of alienation and despair is further emphasized by their fatalistic outlook towards their health and future, indicating a deep emotional distress and disconnection from their surroundings.","lose that and all I have is a couple ungrateful, unsupportive, incompetent shits for a family",0.3643811047077179
1777,"The person expresses feelings of exhaustion, trying endlessly in various aspects of life, feeling detached and distant from others, struggling with the fear of being abandoned or ignored by friends, and desiring deep connections and emotional support. These are common signs of relationship-related stress and emotional exhaustion.","really want a long hug, not just a quick one to say hello or goodbye",0.3306235373020172
1778,"The person seems to be experiencing feelings of alienation and social isolation. They express discontent with their coworkers, friends, and the lack of understanding from people around them. They also mention being almost dead inside and seeking solace in online friendships. This sense of alienation seen through their struggles with relationships and lack of real-life connections points towards an alienation-related stress.","thinking about how my coworkers are all jerks, really hate them, they make my life miserable.",0.2739946246147156
1779,"The person is dealing with medication related stress, as indicated by the struggle to explain how the medications work and the internal feelings associated with taking them. The individual's focus on the impact of medication on their mental state suggests a state of discomfort or stress related to this aspect of their well-being.","recently opened up to a family member that I take 2 medications for my depression and for anxiety &amp, PTSD",0.4845077097415924
1780,"The person is experiencing alienation related stress. The feeling of isolation, moving to a new country, struggling to connect with friends, feeling left out, and obsessively checking social media for validation all point towards a sense of alienation and disconnection from others. The difficulty in making friends, trust issues, and focusing on negative thoughts are all common symptoms of alienation. The person's longing for a connection with others but feeling unable to establish it indicates a deep sense of alienation and detachment from their surroundings.",crave a connection with people. I also feel left out when I see people I know doing stuff without me,0.4617173969745636
1781,"The person is describing symptoms of seasonal affective disorder (SAD) which is a type of depression that's related to changes in seasons, typically occurring in the winter months when there is less natural sunlight. The mention of needing to move out of Michigan due to the weather indicates a strong association between the environment and their mental health, which aligns with medication-related stress.",wish I was in a financial place that would let me move out of Michigan,0.3080690801143646
1782,"The individual is expressing concerns about their worsening depression and worries about their own safety, indicating a serious mental health issue. The mention of not having healthcare through work and inability to afford healthcare out of pocket suggests a financial barrier to accessing medication and mental health treatment. This situation places the individual in a medication related stressed state, seeking guidance on options for obtaining help despite financial limitations.",don't have healthcare through work and I can't afford healthcare out of pocket,0.5928178429603577
1783,"The feeling of looking younger than one's actual age and being self-conscious about physical appearance can lead to a sense of alienation and feeling out of place in the peer group, contributing to increased stress and feelings of inadequacy."," look about 14, Add that to my weak frame and I just look fucking stupid",0.2792835235595703
1784,The language and tone used indicate feelings of alienation and pessimism towards the world and the individual's current situation.,getting no where,-0.0008140616118907928
1785,"The writer is experiencing deep emotional distress due to multiple relationship-related stressors, such as the betrayal from his ex-girlfriend and the breakdown of his social skills, leading to feelings of hopelessness and worthlessness. These experiences have likely contributed to his current state of misery and thoughts of self-harm. The writer's focus on the negative aspects of his past relationships and the impact they have had on his current situation points towards relationship-related stress as the predominant factor influencing his mental state.","haven't had a job in many years, I had to go back to living with my parents, my ex girlfriend of 6 years cheated on me",0.26685667037963867
1786,"The person appears to be feeling alienated or disconnected from their friend, as indicated by the act of looking at their friend's Reddit account without a clear reason. This suggests a sense of curiosity, concern, or unease about the friend's online activities and potentially a lack of open communication in their relationship.",going to try and do what I can for him but do I tell him I found his post,0.04642526060342789
1787,"The use of the term 'struggles with depression' and the mention of seeking understanding through a book and articles about depression indicates a focus on mental health and medication, suggesting medication related stress.","returned to work after several days off, it has thoroughly and completely exhausted me",0.061612747609615326
1788,"The person expressing feelings of unexplained depression despite a seemingly good physical health, stable life, and positive achievements, may be experiencing alienation related stress. The feeling of disconnect from one's own emotions, life events, and physical well-being can lead to a profound sense of alienation, making it difficult to comprehend why such depressive feelings arise out of seemingly successful circumstances. The questioning of past events like childhood exposure to lead, head injury, or family's dietary habits reflects a search for possible external factors causing this sudden emotional decline. The frustration towards the lack of clear understanding about the root causes of depression and seeking validation through others' experiences suggests a sense of detachment and isolation, which are common signs of alienation related stress.",parents don't eat that healthy and I didn't start eating right until my teens,0.13878734409809113
1789,"The individual seems to be experiencing relationship-related stress. They are feeling overwhelmed by the situation where they confided in someone, leading to feelings of vulnerability and worries about being judged or rejected by others. This has caused a sense of alienation and misunderstanding, as they feel like a burden to those trying to help. They also express fear of others hating them without a clear reason, indicating heightened sensitivity and strained interpersonal relationships.",some people are trying to help me but it only makes me feel worse feeling like im a burden to them,0.3507257401943207
1790,"The person who wrote the premise seems to be experiencing alienation-related stress. They describe feeling indifferent towards the acts of intimidation and bullying they faced, highlighting a sense of distance from the situation. The emphasis on learning from negative experiences and the observation of others' reactions with a critical perspective may indicate a feeling of being disconnected or isolated from those around them. Additionally, the focus on the lack of genuine empathy from others and the advice on choosing who to invest time and energy in further reflect feelings of alienation and a perceived lack of meaningful connections with others.","those who intimidate, you are weak, and your actions are only a representation of your lack of confidence in yourself and a clear illustration of how low your self-esteem is",0.4868786334991455
1791,"The person is describing persistent negative emotional states, self-doubt, sensitivity to criticism, feelings of guilt, physical pain related to emotions, and thoughts of wanting to die. These symptoms, along with the mention of panic attacks, anxiety, memory issues, and being sensitive to loud noises, suggest a possibility of underlying mental health conditions such as depression and anxiety. The person's reluctance to seek professional help and the family's dismissal of their feelings as hormonal or hypochondriacal indicate a significant level of stress related to medication and the stigma associated with mental health issues.","often blame myself for the things that go wrong, I apologize a lot, I'm too irritable, I'm always tired, It seems like my memory has gotten worse,I'm jumpy, for some reason, especially with loud noises",0.3922528028488159
1792,"The person is expressing frustration and uncertainty about the effectiveness of medication for their depression, indicating a mental state related to medication stress.","been on 2 different meds in the past, and they either didn't work, or wore off after a few months so I never went back to the doctor ",0.12121856957674026
1793,"The person is experiencing stress related to medication side effects and the impact they are having on their mental state. The side effects, particularly the lucid dreams, are causing distress and confusion, making it hard for the person to cope with their situation. The individual's mention of feeling mentally drained, going through stressful situations in their dreams, and questioning the trade-off between medication benefits and side effects all point towards medication-related stress.",woke up right after from a nightmare and I found myself grabbing onto the bedsheets like I was grabbing onto something from my dream,0.3305624723434448
1794,"The person's mental state seems to be greatly influenced by their medication, in this case, Wellbutrin XL. They express concern over potential side effects such as low blood sugar, numbness, and tingling, which could be related to the medication. The decision of the psychiatrist to reduce the dosage to investigate these symptoms further emphasizes the medication-related stress the individual is experiencing. Additionally, the emotional attachment to Wellbutrin for previously helping with suicidal thoughts indicates a deep reliance on this medication for mental well-being, further reinforcing the medication-related stress in this scenario.",begun feeling like my blood sugar is low all the time,0.40397053956985474
1795,"The person's mental state is reflected by the history of abuse they have faced, both in childhood and adulthood. The traumas of abuse and rape have led to symptoms of depersonalization disorder, anxiety, panic attacks, daily flashbacks, and difficulty in focusing at work. The fear of being judged as 'crazy' and the reluctance to seek therapy due to past negative experiences with mental health professionals indicate a state of bias or abuse related stress.",father abused me as a child and I‚Äôve been raped as an adult (before I met my husband). ,0.48754042387008667
1796,"The individual has been struggling with severe depression for 5 years and is currently experiencing restlessness and lack of motivation. These feelings are likely exacerbating their depression, leading to medication-related stress. The pressure to excel academically, pursue additional degrees for job security, and the inability to fulfill their desire to travel due to financial constraints and external circumstances all contribute to their current mental state.","have a future job in mind that only requires a bachelor's degree,afraid that a degree on Political Science won't really get me anywhere in the long run so I should have a law degree to back it up just in case things don't go as planned",0.09732760488986969
1797,"The person's mention of being on the edge of killing themself, feeling depressed, and seeking help from the hospital indicates that their mental state is medication-related stressed. The fact that they are questioning how they can be cured suggests a reliance on or consideration of medication to help alleviate their depression.",But after a break down this fall i have been convinced i need to try it again so i will,0.06636430323123932
1798,"The person mentions seeing a therapist and being more thorough about their negative symptoms with their psychiatrist, indicating a focus on mental health and medication management. Their positive outlook on life and improvement in symptoms suggest that they have been struggling with mental health issues, making them fall into the 'Medication related stressed' category.",spending way more time doing things instead of thinking to myself about things,0.29691019654273987
1799,"The person expresses feelings of alienation and disconnect from reality, indicating a sense of being detached or isolated from their surroundings. They mention using videogames as an escape from reality, highlighting a coping mechanism to deal with their current emotional state. This suggests a sense of alienation and detachment from their own emotions and self-understanding.",now that escape from reality makes me feel a little closer to normal ,0.43703386187553406
1800,"The person expressing these thoughts is feeling alienated and disconnected from the empathy and care that others show towards people in distress. They are questioning the motives behind such acts of kindness, indicating a feeling of detachment or isolation from the emotional support and empathy that others naturally exhibit. This sense of alienation and confusion towards the altruistic behavior of others suggests a state of alienation-related stress.","just don't understand why people would help and care for others so much, even when there's nothing in it for them",0.40518611669540405
1801,"The statement 'I cannot handle this' suggests that the person is feeling overwhelmed and unable to cope with a situation, which is a common indicator of job or career-related stress.",cannot handle,0.6170369386672974
1802,"The person's emotional state, feeling lonely and unable to talk about their feelings, points towards relationship-related stress. The recent move across the country with their partner could have triggered feelings of loneliness and disconnection, leading to emotional outbursts and numbness. These symptoms are commonly associated with relationship challenges and the struggle to maintain emotional connection and support while going through major life changes.",Just super emotional but also numb inside,0.4553261995315552
1803,"The language used by the parents, such as calling the person a moron and an idiot, and their actions of not respecting the person's privacy and well-being suggest a situation of bias or abuse. The inconsistent access to prescribed medication, especially during a vulnerable time after an emotionally challenging event like ending a long-term friendship, further indicates a stressful environment caused by bias or abuse.",locked in my room with my parents calling me a moron and idiot from outside screaming at me and im begging to be left alone ,0.34169983863830566
1804,"The person's loss of interest in activities they used to love, constant use of electronic entertainment to escape reality, negative attitude towards friends and conversations, as well as feelings of emptiness and disconnection indicate a sense of alienation and detachment from their surroundings.",getting increasingly worried that my girlfriend sees me as a burden,0.22654202580451965
1805,"The individual is expressing feelings of worthlessness, loneliness, hopelessness, and a lack of support from family and friends. They also mention feeling ugly and being the target of jokes at school, which indicates a sense of alienation from peers. The mention of wanting to kill themselves due to feeling unneeded and hurt suggests a deep sense of alienation and disconnection from the world around them.","have also difficult family,They arent loving and supporting me",0.1998244673013687
1806,"The language and emotions expressed in the premise indicate a severe mental state possibly influenced by medication or lack thereof. The mention of feeling hopeless, lacking strength, continuous crying, and wanting to end it forever suggest a need for professional help and evaluation of medication.",really have no strength to fix things,0.22489430010318756
1807,"The mention of taking excessive drugs and alcohol, coupled with feelings of resignation, hopelessness, and worsening bipolar disorder, suggests a medication-related stress. The individual seems to be struggling with managing their mental health, which has led them to consider harmful behaviors like suicide or accidental overdose. The mention of bipolar disorder also indicates a mental health condition that may require medication, contributing to the categorization of medication-related stress.","stupid amounts of drugs and alcohol, don't care anymore, I'm resigned that I will take my life through suicide or accidental overdose",0.470165491104126
1808,The use of the term 'smart' and the mention of 'having one of those stupid episodes' suggest a possibility of mental health and medication-related issues impacting concentration and cognitive abilities.,"supposed to study for a French test, but I can't concentrate ",0.2690134048461914
1809,"The person expresses feelings of alienation and a sense of disconnect from others despite having a girlfriend who is described as understanding and supportive. They express a desire to talk to someone and seek reassurance but feel unable to fully open up and share their struggles with people they know. This sense of wanting connection yet feeling hesitant to open up to others indicates a significant level of alienation and emotional distance, which are common factors contributing to alienation-related stress.","kind of an introvert or whatever, I like having my alone time to just be",0.3262140154838562
1810,"The person is feeling alienated and disconnected from their own identity and feel that they do not have ownership over various aspects of their life such as music, clothes, humor, personality, and appearance.","Not my music, my clothes my humor, my personality, my appearance",0.3539876341819763
1811,"The person expresses feelings of alienation, self-doubt, and lack of fulfillment in multiple aspects of their life. They mention feeling tired of everything, being average or above average without excelling in anything, feeling unattractive, struggling with social interactions, and expressing a sense of not enjoying life. These sentiments indicate a disconnect or alienation from society, self, and possibly even their own values or beliefs, leading to a feeling of not relating to the world around them.","Not great at anything. I‚Äôm unattractive, shit at speaking to girls",0.1684143841266632
1812,"The mention of struggling with depression and feelings of hopelessness indicate a medication related stress, as the person is likely experiencing challenges with managing their mental health despite things going well in their life.",feelings of complete hopelessness,0.5606794357299805
1813,"The person seems to be experiencing a sense of alienation by feeling detached from their own emotions and mental state. They consider their depression as a norm and have adapted to dealing with it as if it's a routine, indicating a feeling of disconnection or isolation from their own feelings and mental health.","just deal with it, because it's the only choice I have",0.130677729845047
1814,"The person expresses feelings of alienation and lack of self-worth, as indicated by their desire to avoid thinking about how little people want them around by engaging in distracting activities like driving aimlessly.",don't have to think about how little people want me around,0.41298818588256836
1815,"The individual's description of feeling disassociated with everyone and everything, as well as feeling like they induce their own negative feelings, indicates a sense of alienation. They mention not being able to connect with others, feeling unnatural in social situations, and struggling to maintain a positive mood. This suggests a deep sense of disconnect and detachment from their surroundings and relationships, leading to a feeling of alienation and loss of joy in activities that used to bring happiness. The fear of feeling bad and the inability to change their mood back to a positive state further highlight the distress and isolation associated with alienation.",feel so disassociated with everyone and everything,0.6274864673614502
1816,"The person expresses feelings of loneliness, being an outcast, and the inability to connect with others throughout their life. They mention not having any friends and feeling disconnected from social interactions, even though they have accepted their situation. This sense of alienation from society and the desire for meaningful connections indicates that the individual is experiencing stress related to alienation.",used to be a complete loner and outcast until my early twenties,0.3836020231246948
1817,"The person exhibits symptoms of alienation related stress. They are describing a feeling of being disconnected, not fully engaged in life, and struggling to find meaning in their professional and personal pursuits. Despite having positive aspects in their life such as loving family and engaging in activities they enjoy, they describe feeling overwhelmed, tired, and a sense of mediocrity. This sense of detachment, coupled with persistent thoughts about suicide and feeling like a burden to others, indicates a deeper emotional struggle that may require professional help and support to address their feelings of alienation and find a sense of purpose and fulfillment."," It takes a lot to get me out of the house to do social things, but once I do, I enjoy myself,can't concentrate on ANYTHING, ",0.255543053150177
1818,"The person expresses feelings of alienation, self-dislike, lack of belonging, and a sense of being different from 'normies'. They feel disconnected from society and find it hard to relate to others. This sense of alienation is evident through their negative view of themselves and lack of desire for work due to feeling undervalued and compared unfavorably to 'successful' people.","Unemployed, no drive, constantly compared to ""successful"" people,amazing people find ways to kick others when they're down",0.43039101362228394
1819,"The person is feeling alienated and disconnected from the expectations placed on people their age, such as getting married and having kids. They express feeling like a kid trapped in an adult's body and regretting past decisions about their education and career path. This sense of alienation and self-doubt is evident in their words 'I really screwed up' and 'now who will want me?'",been battling to go to college for years,0.243255615234375
1820,"The person is mentioning their past experience with depression and how it resurfaced much stronger. They also express feeling helpless and unable to talk to their family or friends about it. This indicates a medication related stress as the person's current mental state seems to be heavily influenced by their struggle with depression, and they may feel that their current medication or treatment is not effective enough to address their worsening symptoms.","I'm afraid I'll be alone again, more alone than I already am",0.07256391644477844
1821,The person is exhibiting relationship-related stress by feeling pressured by their boyfriend's concerns about their extreme weight loss and behavior. The individual's distorted perception of themselves as 'fat and ugly' despite being significantly underweight indicates a strained relationship with body image and self-esteem.,"only eat 500-800 calories a day, wear three waist trimmers,exercise 3-4 hours a day, 5'8"" and weigh 105 pounds but I want to get to 100,feel like such a fat and ugly slob ",0.2203664481639862
1822,"The person is feeling alone, rejected, and heartbroken after not having anyone to kiss on New Years, failing at talking to someone they found interesting, and still being affected by their past relationship. This indicates relationship-related stress and emotional turmoil.","ex and I broke up, and yet she's still on my mind, but I mean nothing to her",0.3226088881492615
1823,"The person is expressing feelings of alienation, inadequacy, and worthlessness. They feel disconnected from others, believe they are not noticed or accepted, and do not see a purpose in living. These feelings of being a 'complete nobody' and 'too ugly, too boring, too awkward' indicate a sense of alienation and disconnection from society.","a loser.,A complete nobody that never gets noticed by others, don't have any true real life friends",0.4036526083946228
1824,The person is feeling alienated as they are unable to express their true feelings despite being perceived differently by others. This discrepancy between their inner state and the external perception is causing stress and a sense of disconnection.,wish I could say what's really going on,0.09767173230648041
1825,"The person is experiencing medication-related stress as they are struggling with depression, seeking advice on managing their emotional thoughts and feelings, and mentioning how one medication exacerbated their condition while another did not help much.","10 exams in January (Masters degree level), and a very bleak and uncertain future after that,No, you don't get a job or internship or whatever even w/ a Masters degree, when you are as much of a loser as I am",-0.042721956968307495
1826,"The person is feeling alienated and overwhelmed by the way they are being treated by their friends and family. They express frustration at being seen as a constant source of support and emotional dumping ground without receiving the same level of care and consideration in return. This sense of being taken advantage of and not being valued can lead to feelings of alienation and exhaustion, as expressed in the premise.","most people around me,friends, family,highly regard as a big part in my life are seeing myself as a lifeboat,being pushed around all over the place, and treated as a 3rd dish is what I deserve ",0.41755738854408264
1827,"The individual is expressing feelings of alienation, self-harm, and suicidal ideation. The use of derogatory terms towards oneself and the act of self-harm indicate a sense of detachment and isolation from others. The individual may feel disconnected from society, leading to these extreme actions as a way to cope with their emotional distress.",alcohol ,0.2150045484304428
1828,"The person expresses feelings of alienation and disconnect from others, as well as a sense of isolation and focusing solely on their own aspirations. They mention deleting social media to avoid doubting oneself and to prioritize their own self-growth. This suggests a desire to break away from external influences and expectations, emphasizing personal development and self-discovery as a way to overcome alienation and regain control over their own life choices.",dreams and aspirations are becoming more clear ,0.3660423457622528
1829,"The person expresses feelings of worthlessness, an intense need for human interaction, distrust towards others' compliments, fear of pushing people away by talking about their emotions, and dependency on alcohol as a coping mechanism. These are common signs of alienation-related stress, where the individual feels disconnected, misunderstood, and lonely despite seeking interaction and support.","wisky in hand, have no self worth at all",0.21389375627040863
1830,"The person is experiencing relationship-related stress due to feelings of disappointment, betrayal, and unfairness stemming from the pageant competition results. Despite gaining confidence and receiving positive feedback during the competition, not winning any awards has led to a significant blow to their self-esteem and belief in their abilities. The mention of winners having connections and sponsors highlights a sense of injustice and feeling cheated, which is commonly associated with relationship-related stress.",always been the type to be super unmotivated when doing things whether it‚Äôs my ‚Äúhobbies‚Äù or school and super introverted and not confident at all,0.2492639571428299
1831,"The author mentions feeling depressed and already tired without doing anything, suggesting a mental state affected by depression. This mental state may be influencing their ability to cope with the new internship and the pressure of working a full-time job for the next four months.",honestly don't even know if I can do the work,0.09349603950977325
1832,The person is feeling alienated and disconnected from everyday tasks and social life. The mention of being motivated only to lay in bed and watch Netflix indicates a sense of disengagement and detachment.,"m talking like common tasks like,motivated to do in life right now is lay in my comfy bed and watch Netflix ",0.6487164497375488
1833,"The person who wrote the premise seems to be experiencing a sense of alienation, as they discuss feeling disconnected from the happiness that others, like celebrities, seemingly possess. They also mention their own struggles with depression and a fleeting period of happiness, indicating a deep sense of loneliness or isolation. This alienation can contribute to feelings of unhappiness and despair, as seen in the premise.","what they miss is peace around them, how long can happiness last for a normal person",0.4894922971725464
1834,"The person expresses feelings of isolation and disconnection from the world by describing a pattern of inactivity and avoidance of seeking help despite recognizing the need for therapy. The mention of their best friend's fiancé committing suicide also indicates a sense of emotional distress and alienation, which falls into the category of alienation related stress.",afraid of doing the same to my family,0.16711640357971191
1835,"The premise reflects a sense of alienation related stress. The individual is experiencing a feeling of disconnection and nostalgia towards their high school days, highlighting how the memories and friendships from that time evoke a sense of sadness and longing for the past. The mention of lost contact with many close high school friends, their current life situations, and the impossibility of reliving those moments contribute to a feeling of disconnection and isolation in the present. The individual acknowledges that this feeling is not unique to them, indicating a shared experience of alienation from the past that they and possibly others cannot bring back, creating a sense of helplessness and longing.","What makes this feeling worse is that I've lost contact with many of my close high school friends so even if I wanted to get in contact with them again, it couldnt happen",0.5916292667388916
1836,"The person is expressing significant distress related to their romantic relationship throughout the premise. They mention feelings of guilt, unworthiness, and betrayal towards their partner, as well as infidelity. This relationship-related stress is a prominent factor in the mental state described.",I am ruining the only relationship I have ever been happy in,0.2892557382583618
1837,"The language used in the premise indicates a feeling of alienation and being looked down upon by others, which aligns with alienation related stress.","Yes I know I'm stupid, yes i know im slow, yes i know im weak and yes I know this amuses you",0.1493249535560608
1838,"The person is experiencing crippling and debilitating depression, and they find comfort and a sense of hope in repeating a line from a song. They mention that the pain they are going through is compared to a kidney stone, indicating intense suffering. This suggests a situation where medication-related stress is prominent, as the person is dealing with mental health struggles and seeking ways to cope with the pain and challenges they are facing.",It will be one of the most painful things you will ever go through...but...it will pass,0.264931857585907
1839,"The person's overwhelming emotions and feelings of guilt, combined with thoughts of wanting to die despite having a loving family, indicate relationship-related stress and internal conflict. The significant impact of the sentimental items from their mother and little brother, as well as their desire to not be a disappointment and to make their family proud, all point towards relationship-related struggles and a deep fear of letting down their family members.","I have family that loves me. I don't want to be a disappointment to my mum, I want to make her proud of me",0.34219279885292053
1840,"The person is expressing feelings of uncontrollable depression, mentioning not typically crying in front of friends, and a desire to quit alcohol due to the negative effects on their mental health. This indicates medication related stress and a struggle with managing their mental health symptoms, particularly depression. The fear of what others think and the description of a particularly difficult year further support the categorization into medication related stressed.", too much alcohol ,0.3833891749382019
1841,"The person is expressing feelings of alienation, self-loathing, hopelessness, and a sense of being trapped in a depressive state with no escape. They mention having no friends, feeling unattractive, not smart due to learning disabilities and autism, struggling with depression from a young age, and experiencing mood swings. Furthermore, they express frustration with therapists not being able to help and skepticism towards self-esteem improvement techniques. These feelings of isolation and despair align with the category of Alienation-related stress.","go from zero to asshole in seconds), no friends, etc.",0.2273702770471573
1842,"The mention of trying multiple medications, including SSRI's and Tri-cyclics, in previous bouts of Major Depressive Disorder (MDD), along with the current regimen of pristiq, lamotrigine, and latuda, indicates a significant focus on medication management for the mental health condition. The individual's current state of stress seems to arise from the lack of improvement in their MDD symptoms despite undergoing treatments such as TMS, talk therapy, and medication adjustments over a period of 3 months. The consideration of changing to a different class of medication, specifically mentioning an MAOI, and inquiring about dietary restrictions associated with MAOIs suggests a deep involvement and concern related to medication options and their efficacy in managing MDD.",Tried tons of SSRI's and Tri-cyclics in my previous bouts of MDD.  Last bout of MDD (2002) pristiq + Wellbutrin ,0.6291923522949219
1843,"The person who wrote the premise is experiencing relationship-related stress. The individual is clearly concerned about their girlfriend's well-being and struggles with the challenges that come with supporting a partner dealing with depression. The feelings of helplessness, self-doubt, and the desire to improve the situation but feeling incapable indicate a significant emotional burden related to the relationship.","It's been a bad day for my girlfriend, We've been together for almost a year",0.2880178689956665
1844,"The person is displaying symptoms of stress and anxiety related to their return to college and potential midlife crisis related to their career. The mention of feeling bummed out about lack of progress in their career path and using TV shows as escapism further indicate a job and career-related stress. Additionally, the uncertainty about whether they are depressed or just experiencing a phase of the blues suggests a mental struggle linked to their career and academic pursuits.","just anxious about my return to college, maybe going through a career midlife crisis",0.6189987659454346
1845,"The individual in the premise is expressing feelings of failure, self-blame, and hopelessness related to their performance in school and getting kicked out of their dorm. These negative experiences in education and living situation are likely causing relationship-related stress, possibly with their parents or peers, contributing to their current state of mind.","Succumbed to alcohol, failing college and getting kicked out my dorm",0.5294960737228394
1846,"The person is experiencing significant stress and uncertainty related to their medication and the potential impact it could have on their future plans, particularly on joining the national guard. The conflict between wanting to start medication for their worsening depression and not wanting to foreclose their opportunity to join the national guard is a key source of distress in this situation. This dilemma is causing a high level of mental distress and confusion, indicating that the individual is under medication-related stress.","really wanted to join the national guard last year, My recruiter told me it should be okay (I haven‚Äôt been officially diagnosed), but if I go on meds I won‚Äôt have a chance",0.5303026437759399
1847,"The person mentions experiencing depression for a long time and having a chronic mental health problem. The focus on being 'just okay' with having the illness now, and questioning if it's a symptom of apathy, suggests a deep contemplation about their mental health condition and possibly medication-related stress associated with managing a chronic mental health problem over the years."," had depression for about 11 years,used to get more triggered and depressed simply because I was self-aware that I had an illness",0.5238166451454163
1848,"The individual expresses feelings of worthlessness, sadness, and a desire to escape their current mental state by fantasizing about a fatal accident. These thoughts and emotions suggest a deep sense of alienation from themselves and their surroundings. The fact that the person finds relief in the accident and sees it as a wake-up call to prioritize their mental health further indicates a state of alienation-related stress, where they feel disconnected from their own well-being and seek drastic actions to cope with their inner turmoil.","going to have a bout of PTSD related to driving,  feel guilty about wrecking my parents' car",0.41561388969421387
1849,"The person expresses feelings of isolation, difficulty connecting with others, and dissatisfaction with their current social situation. They mention not being able to find groups or friends in the new city and feeling out of place in the groups they do find. This sense of alienation and loneliness seems to be a significant source of stress and demotivation for them.","years I spent at community college did, with nothing of significance happening and not making any friends",0.27215567231178284
1850,"The person is experiencing alienation-related stress. They feel isolated from their peers due to drama and bullying, and struggle to connect with others. They mention not having friends to talk to during lessons, feeling like they fail in basic tasks, and being bullied both in school and online. These experiences of being ostracized and attacked contribute to their feelings of being 'retarded and stupid', leading to a sense of alienation and disconnect from those around them.","No friends really, because of drama. (crush drama,",0.3534910976886749
1851,"The person is mentioning their struggles with depression and their decision to seek help through medication, indicating that they are under medication related stress.",fat lifeless deadbeat,0.14234808087348938
1852,"The person's focus on trying various medications over the past 2 years indicates a reliance on medication for managing their mental health, leading to medication-related stress. The decision to stop taking the medication due to perceived ineffectiveness and concerns about the amount consumed suggests a struggle with finding the right treatment. Despite stopping medication, the ongoing daily struggle with anxiety and overthinking reflects a persistent mental health issue. The mention of a doctor specializing in mental health and the individual's active participation in treatment decisions further highlight the medication-related stress in trying to find an effective solution for their mental health concerns.",Things have surprisingly been going really well since I stopped medication BUT I still struggle with anxiety on a daily basis,0.5824306011199951
1853,"The person who wrote the premise expresses feelings of hopelessness and despair towards life and the world at large. They mention being homeless, having to scrape for food, and feeling overwhelmed by the suffering and injustices happening globally. The sense of alienation and disconnection from society is evident in their words, as they question whether to try to help or simply let things happen like others do. This deep sense of helplessness and lack of belonging is indicative of alienation related stress.","homless in september. I scrape every day to eat but when I sit down, I realize there's fucking children without water",0.17932559549808502
1854,"The individual's focus on using caffeine pills to cope with lack of sleep, despite being aware of the negative effects, indicates a reliance on medication to manage their mental state. The mention of feeling light, nauseated, and jittery also suggests a potential dependency on medication to regulate their emotions and energy levels. This reliance on medication for mood swings and difficulty sleeping points towards medication-related stress.","really dont want to sleep tonight, for mood swing reasons (and for schoolwork too). anyone else get an hour or two of sleep on the regular",0.34639954566955566
1855,"The individual feels a sense of alienation and detachment from others, expressing difficulty in expressing their negative emotions. This feeling of being unable to relate to or communicate with others may be causing stress and contributing to a sense of disconnectedness from society.",usually a skill that people are just born with or learn at an early age,0.20672614872455597
1856,"The mention of wishing to be 17 again and stating that it was the happiest year suggests relationship related stress, as the person may be reminiscing about a past romantic relationship or period of their life that holds sentimental value.",since then everything‚Äôs gone down hill,0.04985436052083969
1857,"The person is expressing concerns about being blamed for everything and feeling like they might be crazy. The mention of the 'voice' telling them it's their fault, alongside the need for reassurance about not being crazy, indicates a mental state linked to a need for validation, possibly due to medication-related stress.","The voice tells me it is, my parents tell me it is, I‚Äôm trying so hard to not feel like this.",0.40980222821235657
1858,"The language used in the premise suggests a deep sense of self-hatred and hopelessness, indicating potential bias or abuse-related stressors. The individual expresses feelings of worthlessness, disappointment in themselves, and lack of support from family. Additionally, the mention of suicidal thoughts reveals a harmful internal dialogue that may be influenced by abusive or biased experiences.","useless and all I do is, is to waste space.",0.0996321439743042
1859,"The use of the word 'addictive' suggests a concern related to medication and its potential negative effects, indicating medication related stress.","common is that among depressed people, It's quite addictive.",0.5654023885726929
1860,"The person is expressing feelings of contentment and optimism about improving themselves in the future, indicating a good mental state.",next life I will be better person,0.4374277591705322
1861,"The person expresses feelings of alienation, detachment, and a sense of not fitting in with their peers. They mention pretending to be happy in social activities but finding true happiness in solitary activities like playing single-player video games. The reluctance to share their struggles with others due to fear of being laughed at also indicates a sense of alienation and isolation from their social circle. These symptoms suggest a state of alienation-related stress.","work as hard as I used to, I just don't want to do anything",0.19092750549316406
1862,"The person is experiencing relationship-related stress due to the betrayal and family dynamics surrounding their biological father. This discovery has deeply impacted their sense of identity, trust in relationships, and overall emotional well-being. The person's struggle with feeling manipulated, alone, and not knowing how to fix themselves indicates a significant psychological burden related to their family situation.","middle school, everyone would point out how """"black"""" i was (My family is all white, and i happen to be slightly darker,would tell my mother about how upset it made me,She said that I was slightly darker because she drank lot's of pepsi when she was pregnant, truly in denial about my skin,my mother cheated on father,she accidentally conceived me",0.21650807559490204
1863,"The use of the term 'depression' suggests a mental health condition that may require medication. The person seems to be struggling with completing a video despite having made significant progress over a month ago, indicating potential medication-related stress impacting their motivation and ability to finish tasks.","Trying to finish the video just proves itself to be too much of a task, have tried to ""finish"" it, but it's just too difficult",0.34932392835617065
1864,"The person is feeling alienated and isolated, believing that no one wants to be around them and feeling like they are a burden to others. They express deep self-hatred and believe that they only attract negative people because they themselves are a 'depressing loser piece of shit.' This sense of alienation and lack of belonging is a key characteristic of Alienation related stress.","But he never came, never said happy new year, didn‚Äôt apologize or anything so I just flipped out on him and I never want to talk to him again",0.06727705895900726
1865,"The person's mental state is indicative of deep emotional distress and a desire to end their life. The feeling of numbness, loss of interest in activities, and lack of drive could be signs of depression. The mention of attempting suicide, feeling exhausted, and expressing a desire to use liquor to help in ending their life suggests a serious mental health concern that may require medication-related intervention.","have nothing to live for anymore...no friends/relationships, not good at anything, don't really have hobbies, just nothing",0.35681548714637756
1866,The person seems to be expressing a desire for happiness and feeling that they deserve it by now. This indicates that they are in a mental state seeking positivity and contentment.,But when will I be happy,0.36367276310920715
1867,"The person expresses feelings of deep alienation and disconnection from others, struggling with thoughts of not existing and the desire for life to be over. They mention the lack of support or recognition from others, emphasizing the importance of self-worth and the internal battle to find hope and purpose in life. This emotional state indicates a strong sense of alienation and isolation.",Not living only because you dont want your death to hurt people but truly living because you want to be alive,0.34854865074157715
1868,"The author of the premise is experiencing feelings of alienation and disconnect from their surroundings. They express a sense of worthlessness and hopelessness, feeling like they do not deserve the attention or support they receive. The self-harming behavior and the desire to disappear without a trace indicate a deep sense of alienation from oneself and the world. Additionally, the lack of hope for the future and the feeling of being pushed towards an inevitable death further highlight the alienation and detachment the person is experiencing.","a useless, lazy, attention seeking, selfish person who literally deserves nothing even though I get so much shit for free from my parents which just makes me feel bad cos they are wasting so much time and effort into a boring, nothing person",0.33377599716186523
1869,"The person is talking about Seasonal Affective Disorder (SAD), a type of depression triggered by seasonal changes like winter. This indicates a mental state related to medication issues and stress.",it is most often brought on by the low light and cold temperatures of winter,0.42983877658843994
1870,"The person is feeling overwhelmed with multiple issues including trouble sleeping, anxiety about an upcoming exam, difficulty expressing emotions to friends, feeling of being used, depression, loneliness, and seeking therapy. The mention of wanting to cope with depression and loneliness through therapy indicates that medication-related stress may be the prominent factor in the person's mental state. The skepticism and discouragement from the father regarding the effectiveness of therapy also contribute to the medication-related stress category.","dont want to go to school,but i also dont want to miss the lessons, having problems talking about how i feel with my friends and i feel like people are using me",0.2492522895336151
1871,"The person's description of feeling like they are in a trance, having moments of fear and not wanting to sleep or die, and experiencing disconnection from their actions and words indicates a sense of alienation and detachment from themselves and their life. This feeling has been persistent since childhood, which might suggest a deeper emotional or existential struggle leading to alienation-related stress.",all my life i dont really think when im talking or doing anything and it's just extremely scary,0.44628918170928955
1872,The mention of being scared after reading about the drug on the internet indicates a stress related to medication. The person's anxiety about getting off the drug they have been on for 18 months suggests a medication related stress.,"this drug.having the crap scared out of me,Been on it about 18 months.",0.6454257369041443
1873,The person is experiencing alienation-related stress as they are feeling isolated and disconnected due to their lack of social experiences during high school. This feeling of missing out and embarrassment about their past is causing distress in their current mental state.,"had an awful time in high school, I didn't have friends, I pushed everyone away, ",0.42810291051864624
1874,"The mention of wanting to kill oneself and feeling like shit suggests that the individual may be struggling with mental health issues. The desire for everything to fall apart to provide more motivation to kill oneself indicates a serious level of distress and a need for intervention, potentially through medication or other mental health support.",wish everything would fall to shit so it gives me more of a reason and more motivation to kill myself,0.6987090110778809
1875,"The person exhibits feelings of alienation, loneliness, and frustration with the lack of human relationships and support. They feel like everyone has turned on them, and interactions with others, such as their landlord, leave them feeling misunderstood and marginalized. They express a sense of disconnect from the world and a longing for an escape, indicating a state of alienation-related stress.","cOuld not go inside a bank, I received a twenty minute lecture from them both, (because everyone talks to me like I‚Äôm an incompetent female",0.08631332218647003
1876,"The person shows signs of relationship-related stress. They have struggled with confidence in their abilities and fear what others will think of them if they make mistakes while driving or working. The negative experience at their first job where they felt humiliated by the owner and coworkers, who made fun of them for being quiet and not meeting expectations, deeply impacted their self-esteem and made them avoidant of situations where they might face criticism or negative judgment from others. This fear of being judged and criticized is influencing their decisions and causing a great deal of stress in their life.","a junior in high school,my whole life i‚Äôve struggled with confidence in my abilities, i doubt myself a lot and i‚Äôm aware of it, but i can‚Äôt seem to stop doing it",0.2394336760044098
1877,"The person mentions being depressed for several years and currently taking medication (Lexapro) that does not seem to help. They also express a lack of motivation, failure in academic pursuits, strained relationships with family members, and a desire to withdraw from work and social activities. The overall tone of hopelessness and resignation towards their situation indicates a high level of stress related to medication and mental health issues.","never had a job for more than a year, I failed all 12 credit hours in community college last semester , don't want to go back",0.22095933556556702
1878,"The use of medication, references to not taking meds, and concerns about weight loss and physical symptoms indicate that the person is experiencing medication-related stress.","afraid that things will get worse in this year, and I'm so alone",0.06949563324451447
1879,"The person is feeling anxious and depressed due to relationship related issues. The lack of trust and communication in the relationship is causing distress, specifically triggered by his girlfriend going clubbing with friends.", gonna tell me if she does anything,0.13341715931892395
1880,"The language used, specifically mentioning alien creation and feelings of being too dumb to interact with others, suggests a sense of alienation and disconnect from oneself and others, which can lead to a stressed mental state related to alienation.",so pissed off about how dumb I am,0.38402241468429565
1881,"The statement seems to indicate a mild distraction or preoccupation, which is a common experience and does not suggest a specific stressor or concern.",Popped up in my head and don't go away...,0.2044866532087326
1882,The feeling of sadness around New Year's may indicate a sense of alienation or disconnection from the celebratory atmosphere and the expectations associated with the holiday season.,And yet New Year's has made me feel very sad,0.7139829397201538
1883,"The person is experiencing relationship-related stress, as they feel responsible for bringing others down with their depressive episodes. This is a common pattern in relationships where one partner struggles with mental health issues, leading to strain and potential breakup threats. The fear of repeating past experiences and the need for constant support from others indicate a significant source of stress related to their relationships.","in the past, people have told me that I've brought them down with me and I'm afraid that that's what will happen again",0.31682515144348145
1884,"The person is experiencing medication-related stress. They are concerned about the potential negative interaction between antidepressants and whey protein powder, indicating a heightened sense of worry and paranoia about the effect of supplements on their medication. Additionally, the mention of low motivation and seeking help suggests that their mental state is affected by the uncertainties related to their medication and supplement use.","my motivation is at a all time low, Don't exactly know what to do",0.22163572907447815
1885,"The person's feelings of loneliness, alienation, and longing for friends indicate alienation-related stress. They express a deep sense of emptiness, a lack of connection with others, and a desire to make everyone happy, which suggests a feeling of being isolated and disconnected from those around them.","really feel alone, like really alone,  lost all my friends ",0.48830366134643555
1886,"The content of the dream and the personal emotions described, such as feeling disconnected from reality and desiring harm to oneself, indicate a sense of alienation and emotional distress.","remember it felt so real, and the worst part is I wanted him to shoot me, in the moments leading up to his final shot I didn‚Äôt want to die, but as it came closer I realised I wanted the bullet to go straight through my head",0.2552538514137268
1887,"The person is experiencing intense feelings of loneliness, hopelessness, and a deep desire for a romantic relationship as a source of comfort and love. The repeated experiences of rejection and feeling unloved have left them mentally distressed, feeling torn apart. The longing for a girlfriend as a solution to their emotional struggles indicates relationship-related stress and a strong need for connection and support.","want a GF because I think that having someone to love, someone to comfort and generally someone to just look forward to seeing again ",0.5191035270690918
1888,"The person's statement and behavior indicate a deep sense of dissatisfaction and despair despite seemingly having a good external life. The focus on thoughts of death, anxiety related to relationships and social interactions, as well as feelings of not deserving their life point towards relationship-related stress as a major factor in their state of mind.",scared of the future and of anything ,0.29858261346817017
1889,The person's fear of being involuntarily hospitalized again and their mention of needing therapy again at 21 suggests they may be experiencing medication related stress. The fear of not being able to afford inpatient treatment and feeling terrified further highlights the medication related stress they are experiencing.,"Maybe I need inpatient treatment again, but I can't afford it. I'm terrified",0.6083972454071045
1890,"The person is experiencing relationship-related stress. They describe feeling empty, lonely, and like there is a hole in them that they cannot fill. They mention feeling temporarily fulfilled by infatuation, particularly with two girls who they had strong feelings for but who were unavailable or uninterested. The person acknowledges that this is a temporary solution to their underlying feelings of emptiness and self-worth issues. They express frustration at not being able to love themselves without feeling loved by someone else, and they struggle with feelings of inadequacy and low self-confidence in relationships. The person's intense emotions towards these girls and their internal struggle with self-worth indicate significant relationship-related stress.","pathetic as it sounds, it‚Äôs kind of worth the pain of seeing the girl you‚Äôre so into being with someone else, because at least I‚Äôm not alone",0.38670676946640015
1891,The feeling of one's existence being comical to others indicates a sense of alienation and feeling disconnected from those around them., my existence is comical to others,0.644629180431366
1892,"The writer's mental state revolves around relationships, particularly with their first girlfriend. The sense of happiness and relief when they were with their girlfriend, followed by intense loneliness and sadness after the breakup, indicates a strong emotional dependence on relationships. The continuous feelings of loneliness even when surrounded by friends further highlight the deep impact of their relationship on their mental well-being.",She left me 8 months later and there is a very good chance I will never speak to her again,0.2878173291683197
1893,"The person's negative experience with friends and romantic relationships, feeling of betrayal, and thoughts of whether they should stay alive all point towards relationship related stress. The individual expresses disappointment and hurt from the actions of friends and the recent romantic partner, leading to feelings of being unappreciated and questioning their self-worth in relationships.",day ago she told me she dont want anything to do with me,0.08105313777923584
1894,"The person seems to be experiencing alienation related stress, feeling detached and isolated from their family. They express a sense of not belonging and describe interactions with their family as fake and lacking genuine love. This feeling of alienation is evident in how they view their relationships with family members, including their sister and father, highlighting a deep sense of disconnect and resentment towards them. The individual also expresses a desire to leave and start anew in a different place in search of genuine connections, yet feels emotionally weak and unable to make that change, further emphasizing the internal conflict and isolation they are experiencing.","hate a certain half sister of mine because, growing up, she would always call me names, make fun of me, and just generally treat me like garbage",0.27423346042633057
1895,"The mention of the person's girlfriend, family, and friends, along with thoughts of self-harm through scenarios like jumping in front of a car, falling off a building, or overdosing on pills, suggest relationship-related stress and concerns about the impact on loved ones."," my girlfriend my family my friends, how would they be affected if tomorrow I were to jump in front of a car fall off a building or overdose on pills",0.5204646587371826
1896,"The person's mental state seems to be related to the complexity and uncertainty of a romantic relationship, indicating relationship-related stress.","Thinking things over about my future with this girl, ugh it's complicated",0.3781418800354004
1897,"The person is expressing feelings of alienation and loneliness, indicating a sense of disconnection and isolation from others. The person mentioned losing friends due to a change in their physical condition and feeling alone even in a crowded room. These feelings of isolation and lack of support are common when someone experiences a major life change or a loss, such as in this case with the car accident and the newly acquired disability.",ave newly joined the paralyzed party from a car accident and it‚Äôs hard to cope,0.2987172305583954
1898,"The person's mental state seems to be heavily influenced by feelings of alienation and rejection from their family. They express frustration with not feeling accepted by their mother, feeling misunderstood and mistreated by their older brother, and perceiving favoritism towards their brother from their grandparents. Additionally, the person feels unsupported in their passion for art and feels like their family does not take them seriously. This sense of not fitting in or being valued within their own family environment reflects a significant level of alienation-related stress.",My mom is a crazy psychotic bitch who can barely take care of herself,0.29453927278518677
1899,"The person expresses feelings of shame, embarrassment, loneliness, and emptiness, indicating a sense of alienation and disconnection from others. They talk about neglecting their home, work, relationships, and personal life, and feeling hopeless and stagnant. These feelings of isolation and despair are characteristic of alienation-related stress.","embarrassingly behind in my bills, let my home be turned into a hovel because I cannot find the motivation to clean",0.11681732535362244
1900,"The person who wrote this premise seems to be under relationship-related stress. The emotional rollercoaster of meeting someone new, feeling a connection, and then facing potential rejection has caused a lot of anxiety and self-doubt. The repeated experiences of rejection and uncertainty in the realm of romantic relationships have led the person to question their worth and doubt the potential for a successful romantic connection. The disappointment and fear of another rejection have left them feeling awful and hesitant to pursue romantic opportunities further.","feeling awful, rejected two times in a month",0.5075462460517883
1901,"The person's writing indicates a history of abusive experiences, both in childhood and in relationships, which can lead to ongoing emotional distress and trauma. The mention of the husband's insensitive and abusive behavior further confirms the presence of a biased or abusive environment, contributing to the person's current stressed mental state.","Grew up in an abusive home, had abusive relationships, bad marriages, etc..I've even tried committing suicide a couple of times",0.3466412127017975
1902,"The person is experiencing various forms of abuse and bias both in past relationships and in their current relationship. The mention of emotional abuse, rape, and the lack of support from the current boyfriend indicate a high level of stress due to bias or abuse. The dismissive behavior of the boyfriend towards the person's struggles and mental health issues further contributes to the feeling of being alone and unsupported, which is characteristic of bias or abuse related stress.",My boyfriend thinks I'm overreacting and I should move on from the sexual and emotional abuse I experienced for years,0.4878399074077606
1903,"The person's writing reflects feelings of extreme isolation, alienation, and disconnection from the world around them. They express a deep sense of emptiness, rejection by society and individuals, and a desire to escape to a different place away from everyone. These feelings of alienation and social isolation seem to be the dominant mental state portrayed in the text.","My half sisters always pestered the hell out of me, which I think is part of the reason I can't talk to girls well",0.05361061915755272
1904,"The person's description of various physical pains, mental health issues, anxiety attacks, and trauma indicate a state of deep distress, which may require medication intervention. The mention of constant physical pains, migraines, anxiety, heart palpitations, and other health issues suggests a need for medical attention and potentially medication to alleviate their symptoms and improve their overall mental state.",can‚Äôt afford clothes or shampoo. cant afford to go anywhere bc metro and bus costs money,0.05599813908338547
1905,"The person is experiencing alienation related stress as they have been dealing with depression and anxiety for years, trying their hardest not to let it affect their everyday life. Despite going through anxiety attacks throughout the day, their friends are unaware of their struggles. However, when they finally reach a breaking point and ask for a day off from work, they are told to 'toughen up'. This response can make them feel excluded and disconnected from the understanding and support they need, thus contributing to their feelings of alienation and isolation.","just needed one break from work, first time to ever do that,was told I needed to ‚Äútoughen up",0.2591819167137146
1906,"The person seems to be experiencing relationship-related stress, particularly in their relationships with their mother and brother. They fear that opening up about their feelings will result in unwanted interference or judgement from their family members, leading to further distress. These concerns are likely contributing to their hesitation in seeking help and support from loved ones.",If I talk to either my mother or my brother they will probably force me to go back home or try to change my lifestyle somehow,0.2940428853034973
1907,"The person's relationship with their close friend seems to be strained, leading to feelings of abandonment and neglect. They also express difficulty in reaching out to friends for help due to fear of being a burden. These relationship-related stressors are highlighted throughout the premise, indicating a significant focus on interpersonal challenges.","continue to feel abandoned, neglected, and blatantly ignored by the people that I consider my friends",0.4389044940471649
1908,The mention of searching extensively for specific medication and expressing doubt about its availability in the USA suggests a state of stress related to medication. The desperation to find a specific type of medication indicates concern or anxiety related to managing and accessing necessary medications.,"reversible MAOI's, searching my ass off in google,world wide approved drugs",0.34912022948265076
1909,"The person is expressing feelings of alienation, disconnect, and lack of belonging both within their family and in their relationships. They describe a sense of detachment from their family members who they feel are obligated to love them, but they do not truly feel loved. The individual also mentions the struggle of straddling between different cultures and feeling out of place. Furthermore, they express a deep sense of abandonment, mentioning the fear of being abandoned and feeling unloved. The overall tone of the text indicates a strong sense of alienation and emotional detachment, hence falling under the category of Alienation related stress.","Fear of abandonment, that bullshit, My cat was my world and means nothing now",0.43882113695144653
1910,"The use of drugs and needles for injection suggests a potential medication related stress. The person seems to be turning to drugs as a way to cope with feelings of loneliness and dissatisfaction with their waking reality, indicating a reliance on substances to escape or numb their emotional pain.","motivation to change anything meaningful in my life doesn‚Äôt stick, so I stick a needle in my arm and inject it",0.49925321340560913
1911,"The person who wrote the premise is likely experiencing medication related stress because they are expressing concern about their friend's mental health conditions (ADHD, Depression, Anxiety) and the impact of these conditions on his well-being. The mention of the manipulative and abusive behavior of his uncle could also contribute to the friend's mental health struggles, creating a challenging and stressful situation. The mention of contacting the police and the situation worsening suggests a sense of urgency and helplessness in finding a solution to improve the friend's well-being, which aligns with the theme of medication related stress.","He's living with his uncle but he can't really do anything, he yells at him, disconnects him from the internet for weeks for laughing",0.46082767844200134
1912,The mention of not taking medication and feeling like a disappointment to everybody suggests a state of stress related to medication.,long day of being a terrible human being and a disappointment to everybody in my life,0.3746420443058014
1913,"The person's mental state is characterized by feelings of failure and emotional turmoil related to relationships, particularly with their niece who is battling bipolar disorder and anxiety. The sense of helplessness and inability to support their niece has intensified their own feelings of depression and hopelessness, indicating a relationship-related stress factor.",am having a hard time keeping it together lately. I have two wonderful kids and a supportive wife but I feel depressed so much that the only way out is to just be done with it all.,0.328644722700119
1914,"The person mentions being in a mental hospital due to suicidal thoughts at a young age, indicating a history of mental health struggles. The frustration about needing a medical evaluation and the financial barrier to accessing it suggest current medication-related stress.",can't get a drive to get medically evaluated when everything is 30-40 miles away,0.2375209927558899
1915,"The person's mental state seems to be heavily influenced by their medication (Vyvanse) for ADHD. They have a history of abusing and misusing their medication, experiencing difficulty in adjusting to the prescribed dosage, feeling withdrawal symptoms, and having concerns about discussing this issue with their mental health provider for fear of consequences. Additionally, the person describes feeling disconnected from others when not on Vyvanse, having intense urges to self-harm, experiencing personality changes while on the medication, and feeling happiness only when medicated. These signs suggest that the person is experiencing significant stress and turmoil related to their medication and its effects on their mental state, indicating a medication-related stress category.","had a very difficult relationship with him and a complicated childhood as a whole (alcoholism, parents weren't around, all that stuff)",0.25178951025009155
1916,"The writer is experiencing relationship-related stress. The sudden apology from the friend, coupled with statements indicating self-harm and a lack of hope, has triggered feelings of depression and guilt. Furthermore, the underlying romantic feelings towards the friend add an extra layer of complexity to the situation, contributing to the writer's distress and fear of potential loss. The fear of not being able to prevent a loved one from harming themselves is incredibly taxing on one's mental state, especially when it involves someone close and with a romantic interest.",she said she broke a promise.,0.2861338257789612
1917,"The person is experiencing relationship-related stress due to betrayal and trust issues with someone they considered a friend. The betrayal and spreading of personal information has led to feelings of being used and alienated, as well as a loss of trust in others, making it difficult for them to make new friends and causing emotional distress.",But now that this asshole tells people lies and rumors about me it just broke me.,0.24862447381019592
1918,"The person has been struggling with depression for most of their life but has never sought help, indicating a high level of distress and resistance to medication-related support. The mention of not disclosing their depression to doctors and the struggle with enjoying activities, such as gaming, further suggests a deep-rooted issue that may require medication-related intervention.",Idon't have any motivation to play as many games anymore,0.28664055466651917
1919,"The person is experiencing feelings of alienation and isolation, as indicated by the statement 'I've been down so bad for so long I don't even know what to do with myself'. This sense of disconnection and loneliness is leading to rumination and negative thoughts, contributing to a feeling of being unable to escape the 'bad stuff' that comes up when their brain is not occupied.",can't keep myself frantically busy all day ,0.26458683609962463
1920,"The person expresses feelings of alienation, insignificance, lack of purpose, and a sense of not being noticed or valued by others. These emotions indicate a state of alienation related stress, where the individual feels disconnected from the world and struggles to find meaning or purpose in their existence.",work a dead end job living paycheck to paycheck,0.06325016170740128
1921,"The person seems to be feeling alienated and disconnected, as they are dreading the idea of going back to group work and making acquaintances. The resistance towards participating and the physical pain in thinking about it suggest a sense of alienation and detachment from the situation.","  Back to group work, trying to make acquaintances, perform my best",0.512916088104248
1922,"The individual is describing symptoms of long-standing depression, feelings of emptiness, self-hatred, paranoia, and moments of self-harm. The mention of never waking up happy to be alive, deep-rooted self-hatred, and struggles with trust and insecurity point towards a chronic psychological issue that may require medication intervention. Additionally, the person's concern about developing similar features as their schizophrenic father suggests an underlying mental health condition that needs medical attention. The intense emotions, lack of hope, and self-destructive behaviors further indicate the need for medication-related support and intervention.",just full of hate and soite and jealousy now and i don't wanna feel like that but I cant help it,0.2909340262413025
1923,"The mental state of the person is related to relationship stress. The individual is feeling hurt and confused due to the change in their partner's behavior, from missing them to suddenly wanting space. This inconsistency in communication and emotional expression is causing distress, especially because they both suffer from depression. The uncertainty of the situation and the feeling of rejection are adding to the person's emotional burden, making them question whether to reach out or withdraw further into their own feelings of depression.",Doesn't matter if she said this isn't a break up or anything it still hurts being told someone you love doesn't want anything to do with you,0.29180335998535156
1924,"The language used indicates a sense of extreme alienation and hopelessness, with feelings of being neglected and unwanted by others. The mention of crying and feeling like nobody cares points to a deep sense of disconnect from others and the world, leading to the category of alienation-related stress.",I'm just lying here crying and nobody even gives a fuck about me on a daily basis,0.30472010374069214
1925,"The person expresses feelings of confidence and hope initially, but then experiences a drastic shift to feeling demotivated, lonely, and even having thoughts of suicide. This indicates a strong sense of alienation and disconnect from themselves and others, leading to overwhelming negative emotions and lack of motivation.","Only to go to bed and wake up feeling just as bad if not worse, totally demotivated",0.3369104862213135
1926,"The person is feeling alienated and disconnected, as indicated by their sense of loneliness and the perception of 'fresh starts' as not bringing any positive change. This feeling of being the same person regardless of new beginnings suggests a deep sense of alienation from themselves and others. Additionally, the focus on external forces shaping their identity reflects a disconnection from a sense of agency and control over their own life.",Will a fresh start change the way I look or change how attractive I am,0.3822596073150635
1927,"The person's feelings of inadequacy and disillusionment suggest a sense of alienation and disconnect from their self-perception and reality. This could be leading to feelings of loneliness, isolation, and a lack of fulfillment.","
Nothing works, I don't think.
I don't think anything works
",0.0184410959482193
1928,"The mental state of the person who wrote the premise falls under Relationship related stressed category because the individual experiences a significant amount of distress and conflict within their family, particularly with their mother. The mother's lack of understanding and hurtful reactions towards the person's struggles with mental health, as well as the physical violence experienced during an argument, indicate a strained and unhealthy family relationship. This has likely contributed to the person's feelings of being unsupported and struggling to cope with their mental health issues.","How can you be so lazy, how can you get such bad grades when we're trying so hard to put a plate of food in front of you",0.07865415513515472
1929,"The person seems to be experiencing feelings of alienation, inadequacy, envy, and hopelessness. They feel incomplete, envious of their beloved ones' success, and express doubts about their impact on life. This sense of disconnection and loneliness is characteristic of alienation-related stress.",Lost hope in all my beliefs,0.24230709671974182
1930,"The person's thoughts of ending their life and making plans to do so indicate that they are going through severe mental health issues. The mention of taking pills to end their life on a specific date, despite trying to seek help, suggests a deep level of distress and hopelessness. The person's belief that they don't have enough time to develop their skills in drawing due to their planned suicide further highlights the overwhelming impact of their medication-related stress on their mental state.",putting my last bit of energy into this last month of my life,0.3311785161495209
1931,"The language used suggests feelings of alienation and dissociation, which might be causing a sense of detachment and confusion. The mention of wanting to leave it all behind also points towards a state of alienation.",i need it to stop this ussually never hapens but I feel like leaving it all behind,0.2603292167186737
1932,The person expresses feelings of alienation and social isolation. They feel disconnected from others and are struggling with forming and maintaining meaningful connections. The fear of not being able to keep in touch and the belief that no one keeps in touch with them highlight a deep sense of alienation and disconnection from social relationships.,"how all the friends I met in college, ended up hating",0.2605356276035309
1933,"The person mentioned constant tiredness, difficulty sleeping, feeling at peace only when sleeping, and expressing a desire to not wake up, indicating a possible medication-related stress or issue such as insomnia, depression, or anxiety. The references to childhood jokes with the mother about wanting to sleep forever also suggest a longstanding struggle with sleeping patterns and mental health.","I'm always tired but I can never sleep, When I finally do sleep, I can finally be at peace and then I wake up to this shitty feeling",0.550378680229187
1934,"The person is feeling alienated and disconnected from others, expressing regret over not being able to make a positive impact due to their depression.",think of all the lives I could've touched if I wasn't depressed...,0.47896116971969604
1935,"The individual expresses feelings of alienation and disconnection from their friends, lack of motivation to interact with others, questioning their own feelings and circumstances, and a sense of isolation despite having friends and seeking therapy. These are indicative of alienation-related stress and a sense of being lost or disconnected from oneself and others."," I don't work, I've quit college right after joining, this past fall, very rarely get out of the house",0.14948999881744385
1936,"The person's history of social withdrawal, depression, and loss of motivation indicate feelings of alienation. The fact that they used to have friends but lost them, and now only have one friend left, further supports the idea of feeling alienated from social connections. This sense of hopelessness and lack of motivation may stem from the perceived disconnection from others and the inability to maintain relationships over time.",really have no motivation and feel hopeless,0.4471055567264557
1937,"The person's mental state seems to be highly affected by the lack of validation and acknowledgment of their mental health struggles. They express frustration towards not being diagnosed for anxiety and depression, emphasizing the need for a diagnosis to confirm their feelings. The mention of medication being prescribed by a doctor further indicates a focus on medication-related stress. The person also brings attention to the stigma and misconception surrounding mental illness, displaying a sense of alienation and frustration towards not being taken seriously without an official diagnosis.","Not everyone can come forward, I apologize for not being priveleged enough to reach out and get a diagnosis",0.20097386837005615
1938,"The statement suggests feelings of alienation and a sense of disconnection from one's future or a lack of clarity on one's path forward, which are common indicators of alienation-related stress.","I cannot see myself in a few months time.
",0.2010316103696823
1939,"The mention of struggling with depression, eating disorders, self-harm addiction, suicidal thoughts, and the decision to resort to drugs like weed and narcotics to cope with these challenges indicate a medication related stress. The individual seems to be overwhelmed by their mental health issues and is considering extreme measures involving substance abuse in an attempt to find relief or escape from their suffering.",if nothing ends up working ill probably end up killing myself,0.30156198143959045
1940,"The person expresses feelings of alienation and difficulty relaxing due to being surrounded by a big, loud family. Despite being loved by their younger siblings, the constant presence of family members and the noise in the household make it hard for the individual to fully relax and have time for themselves. They mention feeling like they can only truly relax when everyone else is asleep and they can be alone, indicating a sense of alienation and a need for solitude. This alienation from the family environment and the need to escape into activities late at night to find peace suggest that the person is experiencing alienation-related stress.","not putting enough work into school, what people think of me",0.09099730104207993
1941,"The person expresses feelings of alienation, loneliness, and a lack of deep connections despite appearing positive and supportive. They mention feeling forgotten by people they make happy, uncertainty about their friendships, and difficulties in romantic relationships. This sense of disconnect and longing for meaningful connections with others aligns with the category of alienation related stress.",then them forgetting about me in the long run to the point of were I cant tell you who I can actually view as a friend or not,0.31467825174331665
1942,The mention of running out of medication and the dependence on medication to cope with chronic depression indicates medication related stress.,dont know what it feels like to not have it I'm so tired,0.13901549577713013
1943,"The person expresses feeling alone and demotivated, despite improvements in their day to day life and having loved ones around. They mention experiencing spells of complete demotivation, struggling to find pleasure in things, and falling back on depression. This indicates a sense of alienation-related stress where the individual feels disconnected from joy and positivity, leading to difficulty in staying productive or optimistic.",myself hitting spells of complete demotivation,0.4519513249397278
1944,"The person's struggle and the motivation to get better for their mother indicates a relationship-related stress. The desire to see their mother happy, and the pressure to improve for her sake suggest a significant emotional burden related to their relationship with their mother.",The only things now that keeps me going is seeing my mum so determine to be happy or try to be happy,0.42054569721221924
1945,The use of strong language ('I can't take this shit anymore') and the plea for someone to chat with indicate feelings of alienation and being overwhelmed by the current situation., need someone to chat with,0.2554211914539337
1946,"The author is experiencing feelings of alienation and disconnection from others, leading to irrational behavior and a desire to seek out risky or unhealthy actions. The mention of sharing too much information with close people also indicates a sense of isolation and a need for connection, despite engaging in behaviors that push others away.","end up messaging people im close to, sharing too much information about myself and my mental state to them",0.5829167366027832
1947,The persistent battle with depression from a young age and the lack of improvement despite the long duration suggest that medication-related stress may be present. The individual's statement about not wanting it to go away also indicates a reliance on medication for managing their condition.,I been battling depression since I was 11 and I am 27 now,0.5270261168479919
1948,"The person is experiencing relationship-related stress, as indicated by the feelings of heartache, regret, and longing for the girl they like. The mention of not being able to go back to college due to personal issues also suggests that the relationship situation is affecting their overall well-being and plans for the future.","can't go back to college, don't have the money or the grades",0.4761095345020294
1949,"The feeling of having no friends often leads to a sense of alienation and loneliness, which can contribute to thoughts of wanting to die.",realised i have no friends.   ,0.492911696434021
1950,"The use of the term 'OD' suggests a curiosity about experiencing an overdose, indicating a preoccupation with medication-related issues or possibly substance abuse. This reflects a state of being medication-related stressed."," How much did you take,curious as to what an OD is like",0.5326970219612122
1951,"The use of medication, therapy, and mentions of being mentally ill suggest that the person is experiencing medication-related stress. The frustration expressed about the effectiveness of therapy and medication, as well as the feeling of hopelessness and repeated relapses, indicate a deep struggle with managing mental health and a sense of being overwhelmed by the challenges posed by their condition.",Fuck my mother for making me this way,0.035148195922374725
1952,"The author is experiencing significant stress and distress due to the toxic and dysfunctional dynamics within their family, particularly between their parents. The constant domestic quarrels, violence, narcissistic behavior from their father, and obsessive behavior from their mother have deeply affected the author's mental state and well-being. This has resulted in a lack of confidence, difficulty forming relationships, and disrupted educational and career aspirations. The author's longing for independence and peace reflects the emotional toll of relationship-related stress and trauma within their family environment.","they continue shouting and the police has to come again, they'll take one of my parents away",0.20196011662483215
1953,"The person who wrote the premise is expressing relationship-related stress, specifically regarding their girlfriend's pessimism and depression. They are concerned about their girlfriend's negative outlook on situations, such as getting her wisdom teeth out, which causes her to feel down and grumpy. Despite trying to support her and suggest therapy, the girlfriend's refusal and continued pessimism have led to the writer feeling at a loss on how to help her. This relationship dynamic is causing emotional distress and uncertainty for the writer, indicating a focus on relationship-related stress.",she gets incredibly down and grumpy about the situation,0.4960252046585083
1954,"The person is experiencing stress related to medication. The sudden increase in dosage of sertraline and the onset of a severe migraine has caused them to worry about the side effects. The mention of never having experienced such symptoms before when increasing dosage indicates a heightened concern. The pain and discomfort caused by the migraine further emphasizes the distress and uncertainty the person is feeling. They are seeking guidance on whether this is a common side effect and asking for tips to alleviate the pain, highlighting their distress and anxiety about the situation.",updated to 250mg sertraline and I woke up with a horrible migraine and it‚Äôs so bad I can‚Äôt go back to sleep,0.6761528253555298
1955,"The person is experiencing relationship-related stress due to the breakup with their girlfriend followed by a period of depression triggered by the medication they were taking for acne. These experiences have led to feelings of loneliness, despair, and a lack of appreciation, highlighting the impact of their past relationship on their current mental state.",just cant ,0.06195304915308952
1956,"The language used suggests feelings of isolation and disconnection, indicating a sense of alienation from others. The difficulty in asking for help and subsequent feelings of being ignored contribute to the alienation-related stress experienced by the person.","Its extremely difficult for me to ask for help,  I tried, And I got straight up ignored",0.3467387557029724
1957,"The person mentions feeling like nothing good happens again if they die, losing the only thing that ever made them happy if they go to rehab, and feeling lonely and on the brink of suicide despite trying therapy, medication, exercising, and eating healthy. These are all signs of medication-related stress and frustration.",be lonely as shit or I can have a bunch of friends and be on the brink of suicide at all times Either way the future looks shit,0.4133129417896271
1958,The person is reflecting on past events from their teen years and feeling that they were the best years of their life. This suggests a stress related to relationships as they may be feeling regret or sadness about missed opportunities or events from that time in their life.," my depression stems from dwelling on things that happened in the past
",0.43370136618614197
1959,"The person who wrote the premise is experiencing feelings of alienation and relationship-related stress. They expressed feeling like a parasite, unloved, and ashamed of who they are, which are typical signs of alienation. The emotional moment with their parents, where they opened up about their depression and suicidal thoughts, and the revelation of their stepmom's struggles with depression further highlight the importance of seeking support and connection to combat feelings of isolation and alienation.","told my parents I was depressed and suicidal and they both began crying, was a shock to me because I have always felt as if I was more of a drain on them than anything else",0.37152987718582153
1960,"The person is dealing with depression and is on medical/sick leave due to their mental health condition. They mention being on reduced work hours until they get better, highlighting the impact of the medication and treatment on their work life. The emphasis on seeking help from a doctor for reduced work hours or a leave further confirms the medication-related stress the individual is facing.","been on a medical/sick leave since my depression has been really bad for the past few weeks,on reduced work hours til I get better ",0.6986037492752075
1961,"The premise indicates a feeling of lack of love or affection in a relationship, leading to relationship-related stress.",And still not feel loved,0.3919970989227295
1962,"The person expresses deep emotional distress due to being cheated on and broken up with by their fiancé, resulting in feelings of brokenness, being unwanted, unloved, and not good enough. This relationship-related stress is evident through the hurt, rejection, and loss of self-worth they are experiencing.",My fianc√© cheated on me and then broke up with me,0.4162420630455017
1963,"The person seems to be experiencing relationship-related stress due to feelings of loneliness and an intense desire to be in a relationship. This is evident from their fixation on a specific person despite not having a meaningful connection with them, as well as their acknowledgment that they could replace this person with anyone and still feel the same. The individual's struggle with being alone and their tendency to invest excessive time and effort into superficial crushes indicate a deep-seated need for companionship and emotional connection, highlighting relationship-related stress.",always end up putting so much time and effort into these crushes that don't mean anything to me,0.4983099400997162
1964,"The writer is experiencing deep depression due to a combination of devastating medical issues, loss of job and healthcare, and the stress of the holiday season. They mention medication multiple times, indicating that their mental state may be heavily impacted by medication-related issues. Additionally, the writer's frustration with friends not being supportive in practical ways, such as buying meds or helping with household chores, shows a specific focus on medication-related stress.","three close friends died recently, lost my job and my health care and the fucking holidays are shit",0.41679537296295166
1965,"The mention of being drunk and feeling more depressed suggests a possible reliance on alcohol as a way to cope with depression, indicating medication related stress.",Now I'm just drunk and more depressed than I was,0.5543385744094849
1966,"The premise indicates signs of relationship-related stress. The person is deeply impacted by the breakup with their girlfriend, showing regret and a desire for a second chance. They feel lonely, rejected, and express a lack of support from others, including family and friends. The emotional turmoil and desire to end everything point towards significant distress stemming from the relationship issues they are facing.","My girlfriend broke up with me a couple of months ago, We're still friends, but I can't stop thinking about her and regretting letting it happen",0.41702598333358765
1967,"The person expresses bitterness and mistrust towards others, indicating that they are experiencing relationship-related stress. The feeling of missing the excitement of meeting someone new and being interested suggests a desire for connection, but their current emotional state of assuming the worst in people and being unable to find happiness in relationships points towards relationship-related stress.",people lying to me and going behind my back every day has made me bitter and cold,0.3105457127094269
1968,"The person mentions feeling depressed with on and off suicidal thoughts for the past two years, as well as heavy depressive symptoms. Additionally, they express frustration at not being taken seriously about their mental health concerns, despite suspecting that they have ADD and being sure they are actually depressed. These factors indicate a significant level of distress related to medication and mental health, suggesting a medication related stressed state.","freshman year and i already failed first semester of algebra, almost failing like one or two more classes, ",0.08680979162454605
1969,"The person's anxiety seems to be influenced by their medication-related stress. They mention being on a mixture of different antidepressants, which implies they are currently struggling with their mental health and the medications they are taking. This can lead to feelings of self-doubt and fear about not being able to perform well, despite acknowledging that the medication has been helpful. The internal conflict about being labeled a 'hopeless drug addict' and not deserving a second chance also indicates a deep emotional struggle related to their medication and past experiences.",I got fired from my old job and checked into a mental institution/rehab,0.25813257694244385
1970,"The person seems to be under relationship-related stress, specifically concerning their relationship with their father. They express feelings of sadness, guilt, and disappointment regarding their father's impending death, their inability to make him happy, and their conflicting emotions about their choice to study instead of work to please him. These intense emotions and thoughts surrounding their father's well-being and their relationship with him indicate a significant level of relationship-related stress.","feeling these past months thinking my dad will die soon,He is always grumpy and I don‚Äôt know how to cheer him up",0.45951321721076965
1971,"The premise suggests that the person is feeling relationship-related stress as two girls have made a resolution to not speak to them. This can lead to feelings of sadness, isolation, and a sense of loss in relationships.","Two separate girls New Years resolution was to not speak to me again,not off to an awesome start",0.48034244775772095
1972,"The person is unsure about their mental state and is showing signs of mood swings and uncertainty about their emotions, which are common symptoms of mood disorders like depression and bipolar disorder. The person's reluctance to spend money on therapy due to financial issues also suggests a level of stress related to medication and mental health concerns.","get this very down feeling forcing me to overthink about my appearance, my life, my education",0.1903482973575592
1973,"The mention of struggling with OCD, depression, and anxiety alongside the specific focus on medication such as SSRIs points to medication related stress. The individual's description of how SSRIs took away depression but did not fully resolve anxiety or OCD may indicate a concern or stress related to the effectiveness of medication in managing their mental health conditions.","The SSRIs completely took away my depression, but didn't resolve my anxiety or OCD",0.7674620747566223
1974,"The person is experiencing intense emotional distress related to their relationships. They are feeling unloved, abandoned, and guilty for potentially ruining a friendship by caring too much. They express feelings of worthlessness and self-blame, as well as jealousy towards others receiving attention. The mention of a friend being in the hospital and their dad falling ill adds further emotional strain to their current state, emphasizing the relationship-related stress they are experiencing.","I love too much and it's hurting me because they don't love me or care for me back, It's not romantic wise, It's just one of those genuine friendship types",0.3619549870491028
1975,"The person expresses feelings of alienation and loneliness, indicating a sense of disconnect from others and a lack of support. They mention feeling like no one truly cares about their well-being or understands them, which can contribute to feelings of isolation and alienation.","can't tell my friends because none are close enough and even if they were, they wouldn't care",0.21031469106674194
1976,"The mention of experiencing depression and feeling terrified, having physical symptoms like heart pounding, and the desire to die indicate a state of deep distress that may be related to medication, such as side effects or changes in dosage.","want to be alone, I actually want to die right now this is unbearable, nothing happened, and nothing incredibly bad is happening to me but I'm just so fucking sad and bored and lonely and terrified",0.41287344694137573
1977,"The person is experiencing intense grief and despair following the loss of their father to cancer, who was their main source of support. The lack of closeness with their mother and absence of other close family members contribute to their feelings of isolation. The mention of a supportive fiance indicates a reliance on the relationship for emotional support. The deep emotional pain, feelings of hopelessness, and contemplation of ending their life suggest that the individual is currently under significant relationship-related stress.","dad got sick with cancer and went through all the treatments, radiation, surgeries, My mom and I aren't very close, I have no other close family members,definitely felt myself slipping once he got sick and then watching him get worse and worse",0.4276997447013855
1978,"The writer is experiencing significant distress in their romantic relationship, which is a major source of their current emotional turmoil. The breakdown of a long-term relationship, coupled with feelings of betrayal and abandonment, has led to feelings of hopelessness and despair. This relationship stress seems to be a primary driver behind the writer's suicidal ideation and feelings of being trapped in a dark pit. The writer's focus on wanting to be with their girlfriend despite the clear signs of an unhealthy relationship further emphasizes the relationship-related stress they are experiencing."," my girlfriend (of two years) that told me she wanted to be together forever and even shared a dog with me has been ignoring me since Thanksgiving,don‚Äôt go to school ",0.3292521834373474
1979,"The person expresses feelings of not belonging, alienation, and questioning their own humanity. These are classic signs of alienation-related stress, where the individual feels disconnected from others and struggles to fit in socially. The mention of feeling out of place even with friends and the discomfort with the idea of sharing personal information on social media further supports the categorization of alienation-related stress.",decided to try to let people into my life this year and let them help me when they offer it,0.10951651632785797
1980,"The person's mental state is related to job and career stress. The individual expresses feelings of doubt, low self-confidence, and worthlessness in relation to their career prospects. The stress is exacerbated by the challenges faced during education due to health issues, which have impacted their GPA and opportunities for full-time employment. The fear of being seen as a liability in the job market, coupled with physical limitations affecting their competitiveness, contributes to job-related stress and uncertainty about their future career path.","survived two rare cancers that have badly affected my education in high school and university,graduated university with a bachelor degree in business but my GPA is horrible, as my physical and mental health during my studies was terrible",0.36866647005081177
1981,"The person is expressing feelings of loneliness and isolation, indicating a sense of alienation from their family and friends. This can lead to emotional distress and a lack of connection with others, contributing to feelings of not having anyone to talk to.","have parents and my two siblings, but I feel like im not close enough with any of them to share anything",0.2857150137424469
1982,"The person is expressing concerns about the effectiveness of their medication, specifically noting a decline in its efficacy over the last month and a half. They mention being prescribed therapy and medication back in August, indicating a focus on mental health treatment. The individual's detailed description of their struggles with dangerous thoughts, self-loathing, and feelings of worthlessness suggests that the medication (Effexor, 300mg) was initially helping but is now showing signs of not working as effectively. The person's frustration and desperation for improvement further highlight the stress and uncertainty related to their medication not delivering the expected results.","it's just simply a matter of it not working as well anymore, along with the feelings of worthlessness and self-loathing",0.3387254774570465
1983,"The language used suggests a lingering feeling of defensiveness or being on guard, indicating relationship-related stress. The mention of trying to shake off memories from the past, which is affecting the present, points towards a relationship issue being the root cause of the current mental state.","in my senior year of college now, and am still trying to shake these memories",0.35926610231399536
1984,"The individual is expressing feelings of depression, loneliness, and dissatisfaction particularly related to their job prospects and social life. The person mentions feeling lost after graduation, experiencing disappointment with job opportunities, lacking female companionship, and struggling with making friends due to nervousness and introversion around females. These relationship-related stressors are contributing to their overall sense of feeling lost, depressed, and stuck. Seeking advice for improving their situation indicates the need for addressing the relationship-related stress they are experiencing.",don't really find accounting that fun or have any passion towards it,0.11664947122335434
1985,"The person expresses feelings of being tossed aside and hurt by people close to them, leading to a sense of alienation and reluctance to connect with new people. This alienation-related stress is evident in their reluctance to start over, feeling dread about going through similar experiences with new individuals, and using phrases like 'old depression account'.","7, 8, 9 years getting to know these people just to get blown off in the end",0.2149161994457245
1986,"The individual's mention of self-medication with video games and YouTube, feeling a craving or thirst inside like needing a physical thing, considering hospitalization due to feeling out of control and thinking seriously about the need for sedatives suggest a deep struggle with mental health and medication-related stress. The individual's desperation for relief and fear of spiraling out of control indicate a sense of urgency and a need for immediate professional help in managing their depression.","managed to self-medicate with video games and youtube for years,but over the past couple weeks it stopped working. Now nothing is interesting anymore",0.3041067123413086
1987,"The person is expressing a sense of alienation and loneliness, feeling like they will always be alone and not finding solace even in their close relationships with family. This feeling of not being understood or connected to others seems to be a primary source of distress in this case.","don't know why but family doesn't make me feel not alone, even when my family is great and I care about them more than myself",0.5454422235488892
1988,The person seems to be experiencing alienation related stress as they are feeling a strong sense of connection and identification with online communities centered around struggling with mental health. The feeling of posts being so specific and relatable that they almost feel like they were written by the person themselves can create a sense of alienation and detachment from reality.,name is bill and i have shitty mental health,0.31205445528030396
1989,The use of explicit language coupled with the physical symptom of difficulty breathing suggests a state of extreme distress possibly due to a medication-related issue.,"i cant fucking breathe 
",0.39812833070755005
1990,"The individual expresses feelings of not caring anymore, losing passion for activities, arguing with their girlfriend, and having family problems, indicating a high level of stress in relationships.",me and my gf are arguing every night family having problems all this shit is just to much for me I,0.3988681435585022
1991,"The person is describing feelings of alienation, isolation, and a sense of not belonging. They mention feeling like a bother to everyone, struggling to express their emotions to family and friends, and finding it hard to admit their feelings even to themselves. This sense of disconnection and inability to connect with others is indicative of alienation-related stress.",used to live with my father (parents have been separated since I was born) he always taught to me to bottle it all,0.15080973505973816
1992,"The person is feeling alienated and disconnected from the suicide related forums due to the negative atmosphere of extreme selfishness, anger, and hatred. They express a sense of discomfort with the bitterness and aggressiveness of the people in those forums, hinting at feelings of alienation. The mention of feeling different from 'fellow suicidal people' and recognizing the need for more love in the world while acknowledging too much unhappiness and bitterness further supports the categorization of alienation related stress.","can't stand fellow suicidal people, the extreme bitterness and aggressiveness I also have.",0.6125995516777039
1993,"The person demonstrates feelings of alienation, isolation, and self-doubt throughout the premise. They express a sense of not fitting in or belonging, feeling like a burden, and questioning their worth and value to others. They also mention difficulty in opening up to friends due to fear of sounding selfish, which further isolates them. These feelings of alienation and disconnect from others are prominent in their narrative.",I'm a lazy slob with no sense of responsibility or alarm,0.1435565948486328
1994,"The person is expressing difficulties in helping their wife through depression, indicating relationship-related stress. They are seeking advice on how to support their wife better, showing care and concern for her well-being. The challenges mentioned, such as not knowing how to help or understanding the needs of the person suffering from depression, are common relationship-related stressors in situations involving mental health issues.",love my wife deeply and would love to help her in any way that I can,0.4889548420906067
1995,"The person is experiencing a significant amount of mental distress related to their chronic medical conditions such as fibromyalgia and the physical pain they are enduring. This has led to a feeling of hopelessness about their current and future quality of life, as well as a lack of enjoyment in activities that they once found pleasure in. The constant struggle with pain and the belief that things will never get better are influencing their negative outlook on life.","graduate student. I've sunk 80k into my current career path, for a total of 120k in loans,one semester left to complete ",0.13133388757705688
1996,"The person's narrative conveys a sense of alienation and feeling disconnected from others. They express struggles with social anxiety, isolation, and a fear of rejection, leading to a lack of companionship and difficulty in social situations. This indicates a state of alienation-related stress, where the individual feels disconnected and isolated from those around them, contributing to feelings of lonesomeness and difficulty in forming relationships.","friends started experimenting with drugs and alcohol, scared they'd pressure me into doing it with them, So I started to socially isolate myself.",0.3166896402835846
1997,"The person is experiencing relationship-related stress, particularly in their relationships with their parents and husband. They describe feeling unsupported, misunderstood, and unappreciated by their family. The conflicts with their father and the emotional distress they are feeling are indicative of relationship-related stress.",sort of just lived thru it and yes I made my parents life a living hell by being angry,0.23082013428211212
1998,"The language used in the premise indicates a sense of alienation and hopelessness, feeling disconnected from life and the future.","destined to be left behind, bedridden",0.23081974685192108
1999,"The sudden return of negative feelings such as feeling scared, lonely, and overwhelmed, along with the desire for it to stop, indicates relationship-related stress. These feelings of internal turmoil and the fear of thoughts overwhelming the brain suggest emotional distress likely stemming from interpersonal relationships.","feel so scared and lonely and I just want it to stop, Its overwhelming i feel like my thoughts are pounding my brain",0.5207952260971069
2000,"The individual seems to be experiencing medication-related stress. They are expressing concerns about the effectiveness of their current medications and their need to take higher doses than usual, indicating a tolerance issue. This situation can be distressing as it entails the challenge of finding the right dosage for adequate therapeutic effects while managing potential side effects and risks associated with increased doses of medications.", been on sertraline (Zoloft) 300mg or more,0.30959102511405945
