index,reason,orig_reason,Similarity Score
3001,"The person expresses feelings of constant low mood and a sense of being followed by depression, despite attempting various coping mechanisms such as exercising and healthy eating. They also mention feeling unable to get away from it and feeling worse than ever. This persistent feeling of being constantly low and not finding relief despite trying different activities suggests a state of alienation related stress.","constantly low, been worse, sick of it,",0.5409199595451355
3002,"The writer expresses feelings of alienation and detachment from their ego. They describe their ego as a selfish entity that causes pain and suffering, and they seem to be seeking liberation from it in order to live a more authentic life. The language used suggests a sense of separation and a desire to break free from the control and negative impact of their ego, indicating alienation-related stress.","throws tantrums, made to feel small, ego, beats me down, lashes out, misery",0.33330193161964417
3003,"The person expresses feelings of sadness, loneliness, and a sense of not being cared for. They also mention experiencing flashbacks of being bullied and made fun of, indicating a sense of alienation and emotional distress.","routine, bullied in school, crying",0.45542484521865845
3004,"The individual describes feeling empty, unmotivated, and alone, with a lack of close friends. They also mention feeling alienated from those around them, believing that others don't like them, and expressing a hopelessness about the future. This sense of alienation and disconnection from others points to alienation-related stress as the mental state category.","homeless, lack of communtion, unmotivated, empty, feeling really down",0.5717361569404602
3005,"The person in the premise expresses feelings of alienation, loss of identity, and lack of joy in life. The deep connection to their dog and the fear of losing that connection suggests a sense of alienation from other aspects of life and a feeling that their dog is their only source of comfort and companionship.","don't find joy, dog is the only reason not dead, ",0.5521499514579773
3006,"The person is expressing feelings of alienation and loneliness, mentioning a lack of solid friends and feeling taken for granted. They find solace in being alone and seem to have accepted the idea of leaving on their own terms. The difficulty in making friends is causing distress, leading to a sense of alienation from others.","havent had a solid friend, take you for granted, hard to make a friend",0.35269543528556824
3007,"The person is feeling terrified and scared because they are pretending to feel positive emotions, which makes them feel disconnected from their own true feelings. This sense of alienation and fear of not being authentic is causing additional distress and worsening their emotional state.","feeling worse, terrified, pretending",0.536307692527771
3008,"The language used in the premise indicates feelings of alienation, disconnection, and a sense of not belonging in the world. The person expresses a deep sense of being misunderstood, vulnerable, and surrounded by people who derive pleasure from inflicting pain. The mention of feeling weak, exposed, and scared in the eyes of others reflects a profound sense of alienation and lack of safety in human interactions, contributing to a state of alienation-related stress.","things that remind you of trauma, exposed and scared and weak, ",0.34928804636001587
3009,"The person expresses feelings of loneliness, rejection, self-doubt, and unworthiness, as well as a lack of belonging. They feel isolated, believe that nobody wants them around, and anticipate being easily forgotten. These thoughts suggest a deep sense of alienation and disconnection from others.","alone, nobody wants me, ugly, dumb, cry",0.3980362117290497
3010,"The person's feelings of being overwhelmed, detached, and devoid of joy, combined with a sense of burden and hopelessness, indicate a state of alienation. They express a lack of motivation, inability to find purpose, and even resentment towards a close relationship, which are common signs of alienation-related stress.","only thing kept me here is my boyfriend, ",0.12301670014858246
3011,"The person seems to be experiencing alienation related stress, feeling disconnected from life and expressing a sense of detachment from reality. The mention of death as a constant presence, suicidal ideations, and the belief that death is their inevitable fate indicate feelings of being isolated or alienated from the world around them. The individual's contemplation of death as an entity that is indifferent but all-encompassing suggests a profound sense of alienation and a desire for peace through ultimate oblivion.","death is stalking, sucidal ideations,",0.4750329852104187
3012,"The person expresses feelings of loneliness, self-doubt, worthlessness, and alienation throughout the text. They mention feeling scared of judgment, feeling like a burden, and questioning the care of their friends and family. These emotions and thoughts indicate a sense of alienation and disconnection from others, as well as a lack of self-worth and belonging.","why my boyfriend could love me when I don't even love myself, lonely, mental health, failure, scared of judgement, self harmed, waste of space, tried so hard, annoying",0.3882139325141907
3013,"The mention of coming off venlafaxine, experiencing withdrawal symptoms such as 'weird zaps, down mood, sex problems, and headaches,' and seeking advice on dealing with withdrawal symptoms suggests a medication-related stress. Additionally, the individual's mention of using MDMA to alleviate withdrawal symptoms further indicates a focus on dealing with the effects of medication withdrawal.","down mood, headaches, sex problem, venlafaxine, vengeanc",0.6542922258377075
3014,"The emphasis on medication changes, dosage adjustments, and the detailed account of side effects such as trouble staying asleep, concentration problems, diarrhea, and nausea indicates a high level of stress and concern related to medication management. This suggests that the person is currently in a medication-related stressed state.","anxiety got worse, trouble staying asleeping, problems swith concerntration, bad nausea, prozacm, zoloft, diarrhea",0.6239573955535889
3015,"The person expresses feelings of hopelessness, alienation, and thoughts of self-harm, indicating a sense of disconnect or estrangement from themselves or the world around them. This emotional state aligns with the category of Alienation related stressed.","have no future, don't wanna wake",0.12201107293367386
3016,"The person expresses feelings of alienation, self-disgust, and a belief that they deserve negative consequences, indicating a sense of disconnectedness and isolation from others or society.","try, convince, excuse, bad, deserve, injustice, disgusting, stain",0.29070162773132324
3017,"The person seems to be experiencing feelings of alienation and loneliness, as they talk about the sadness of life, people leaving, and the importance of seeking friendships and human connections. They also mention feeling like they have hit rock bottom multiple times, indicating a sense of isolation and disconnect from others. This alienation-related stress is further supported by their emphasis on self-reliance and the idea that the only constant in life is oneself.","learn, sad, assure, worse, logic, leave, constant, connections",0.24631620943546295
3018,"The tone of hopelessness, despair, and thoughts of wishing for death indicate feelings of alienation and deep emotional distress.","gotten worse, tried so hard, pain",0.09311303496360779
3019,"The person who wrote the premise is experiencing feelings of isolation, loneliness, and a sense of alienation. They express deep sadness, feeling insignificant and useless, and wishing to die. They mention losing friends, feeling disconnected from people around them, and yearning for love and validation from friends. The struggle to find happiness and worthiness, and the desire to live in a world personalized just for them, all point towards alienation related stress.","anxiety, friends are disappearing, hit really hard, insignificant, hate myself, unworthy, useless, extremely sad",0.4309510886669159
3020,"The person is experiencing relationship-related stress. The mention of fighting with their fiancée and the potential for ending the relationship, along with troubled relationships with other family members, friends, and feeling unwanted, all point towards relationship-related stress as the predominant mental state.","ending the relationship, donít speak to my mother, she doesnít want me, debt, job is going",0.3144267797470093
3021,"The person is experiencing alienation-related stress. They are in a good state personally, but feel overwhelmed and saddened by the problems of those around them. The feeling of unfairness in the world and the struggle to help their friend despite feeling helpless themselves are indicative of alienation from the problems and suffering of others. They are feeling disconnected and helpless in addressing the issues affecting their loved ones, which is causing them to feel weighed down and depressed.","have no ambition , feel worthless , unfair to everyone",0.369712233543396
3022,"The person is expressing feelings of worthlessness, loneliness, and longing for love. They are also mentioning self-hatred, body image issues, and a lack of self-worth. These are common signs of relationship-related stress and emotional struggles.","ugly , fat , worthless , become miserable ",0.5688736438751221
3023,"The person is expressing feelings of extreme alienation, hopelessness, and worthlessness. They feel disconnected and isolated from those around them, including family, friends, and their partner. The lack of support, feelings of rejection, and the desire to end their life indicate a sense of deep alienation from society and those close to them. The person feels like they have nobody to turn to and nowhere else to go, which highlights a significant level of alienation and emotional distress.","numb , out of control , nobody cares , don't know who to trust anymore , ",0.28024497628211975
3024,"The person appears to be experiencing alienation-related stress expressed through feelings of not fitting in, being different, and struggling with social interactions. They feel burdened by their perceived shortcomings and wish to change aspects of themselves to alleviate these feelings of alienation.","wish i was prettier , feel like burden , more charismatic , not weird around stranger , hard to make friends ",0.3057764768600464
3025,"The person seems to be feeling alienated and isolated, expressing a desire for one last conversation before something significant happens. This feeling of wanting one last good conversation implies a sense of disconnection from others.","talk to someone , someplace can call , want one last good conversation",0.49107426404953003
3026,"The person's mental state revolves around feelings of loneliness, inadequacy, and the inability to find a healthy romantic relationship. They express a deep sense of despair and self-criticism related to their perceived lack of attractiveness, humor, intelligence, and worthiness of love. These thoughts and emotions are indicative of relationship-related stress and a fear of never finding genuine romantic connection, leading to feelings of spiraling despair.","single and unloved , no one wants me romantically , cut off with this guy , not interested enough , broken and unloved",0.3463538885116577
3027,"The person is dealing with severe anxiety and OCD, indicating a mental state related to medication stress. They have reached out to a psychiatrist, but the concern about the cost of the visits and signing paperwork reflect the stress and anxiety associated with managing the financial aspect of treatment, medication, and therapy. The obsessive thoughts and feelings of guilt and worthlessness further contribute to the medication-related stress, as they are struggling with the idea of seeking help and the perceived burden this places on their family.","going through OCD , infected with HIV , brain eating amoeba , worry about tapeworms",0.25466233491897583
3028,"The writer of the premise expresses feelings of worthlessness, loneliness, self-blame, and a sense of not being valued by others. They also mention childhood traumas of bias and manipulation, which indicates a deep sense of alienation and disconnection from society. The writer seems to be experiencing alienation and isolation, as they feel like they are not worth anyone's time and that their existence is a burden to others. These feelings of alienation and isolation contribute to their desire to end their life as a way to escape from the pain and suffering they are experiencing.","was not worth your time , manipulation and childhood traumas of sexual and psychological bias ",0.4655860662460327
3029,"The individual is dealing with a combination of mental health disorders including depression, bipolar disorder, and PTSD, which would likely require medication. The fear of reaching out to friends and family due to concerns about being left or facing negative reactions, as well as the desire to be 'normal' and have someone to talk to, are all common stressors related to medication treatment for mental health conditions.","no one to talk , afraid of reaching out to friends ",0.5205686092376709
3030,"The person's feelings of worthlessness, self-blame, and the desire to be alone despite being surrounded by caring people indicate relationship-related stress. They express guilt over not maintaining connections with friends, feelings of failure in academics, and a sense of undeserving happiness, all of which point towards struggling with interpersonal relationships and self-worth.","failed multiple classes , end up droping out of college , tried so hard ",0.1580493301153183
3031,"The person's mental state appears to be primarily influenced by relationship-related stress. The recent breakup after a long-term commitment, thoughts of suicide following the breakup, feelings of loneliness, and comparing their life to others indicate a significant impact of relationship issues on their well-being.","had a girlfriend , she is leaving me , don't have friends ",0.27095988392829895
3032,"The person expresses feelings of alienation, loneliness, and worthlessness, indicating a sense of disconnection from others and a lack of support. The individual also experiences extreme mood swings, ranging from happy to extremely sad, suggesting an internal struggle to find emotional stability. The reluctance to seek help or express their true feelings out of fear of judgment indicates a deep sense of isolation and alienation. The coping mechanism of setting goals and finding solace in hobbies like programming, video games, and the support of family members reflects an attempt to find purpose and connection amidst feelings of alienation and despair.",Physics hit me ,0.060936056077480316
3033,"The individual expresses feelings of regret and hatred towards themselves due to cheating on their girlfriend as a result of their porn and sex addiction. The intense emotional turmoil, desire to make things work with their partner, and thoughts of self-removal from the situation point towards relationship-related stress.",porn and sex addiction ,0.6028794050216675
3034,"The person mentions thoughts of cutting with a knife, taking an overdose of meds, and the fear of the consequences. These are indicators of medication-related stress and the person's struggle with mental health issues despite seeking therapy.","fail daily task , cannot control myself , suffer so much , nothing changed , no help",0.31710973381996155
3035,"The person seems to be experiencing feelings of alienation and detachment from others. They have a strong negative reaction to praise and positive feedback, interpreting it as dishonesty and feeling disgusted by it. This could stem from deep-seated beliefs of unworthiness or a lack of connection with others, leading to feelings of alienation and mistrust in interpersonal relationships.","feel sick when someone praises , lying to my face , destroyed",0.6042375564575195
3036,"The person expresses feeling numbness and intense emotions, along with suicidal thoughts. Mentioning missing Xanax indicates a past reliance on medication for mental health reasons. The struggle with controlling intense feelings and the desire for a way out align with the characteristics of someone experiencing medication-related stress.","waste my privilages  , waste my capacities , ",0.0668647438287735
3037,"The person expresses feelings of emptiness, being lost, feeling alone, and lacking drive, which are common indicators of alienation-related stress. The mention of not having anyone to talk to and feeling ignored by friends further highlights the sense of isolation and disconnection from others.","feel so  empty , feel so alone  , hide fake simle ",0.38185763359069824
3038,"The mention of feeling numb, inability to cry, and contemplating wanting to die suggests a possible medication related stress.","feeling so numb , i do not care ",0.4474591612815857
3039,"The writer expresses feelings of alienation and disconnection from others, particularly evident in the struggle with self-acceptance after being bullied by online friends and facing rejection from family members due to their sexual orientation. This sense of isolation and loneliness has led to increased insecurity, self-hatred, and suicidal thoughts. The writer's avoidance of social contact and reluctance to be seen or heard further indicate a deep-seated alienation from society and a desire to retreat from the outside world.","horrible selfie , bullied badly , hate me for being gay ",0.45901358127593994
3040,"The premise indicates a strong sense of feeling neglected, unloved, and overlooked by family members, particularly the parents in favor of the sibling's partner. These feelings of inadequate love and attention within the family dynamic suggest relationship-related stress, specifically feelings of rejection and poor familial relationships.","dad wouldn't miss me if i wasn't there , the dispensible one ",0.2825509309768677
3041,"The language used in the premise suggests feelings of low self-worth, worthlessness, and a sense of disconnection from others. The individual expresses a deep-rooted belief of being stupid and ugly, and that everyone else is better, indicating a feeling of alienation and inadequacy. Additionally, the mention of thoughts of self-harm and questioning the reasons for their suffering further supports the category of alienation related stressed.","ugly and stupid , everybody else is better , wrong to anyone , selfish person",0.4480431079864502
3042,"The person's mental state is characterized by feelings of alienation from others, possibly due to past trauma inflicted by parents. This alienation has led to suicidal thoughts and attempts, as well as isolation from friends, creating a vicious cycle of worsening mental health.","parents toured me as a child , . I used to be somewhat popular and have a lot of friends",0.1876509189605713
3043,"The person is experiencing feelings of alienation and detachment from life, which is reflected in their dull perception of life and reduced fear of death. This sense of disconnection and lack of fulfillment may lead to further alienation and potentially increase the risk of developing suicidal thoughts. It is important for the individual to seek support and address these feelings of alienation to prevent any escalation towards suicidal ideation.","hyperchondria , life is so dull , ",0.3057088255882263
3044,"The person is experiencing relationship related stress due to unresolved trust issues with their girlfriend, suspicion of infidelity, and conflicts with a friend. These issues have caused significant turmoil in their relationship, leading to feelings of betrayal, doubt, and frustration.","gf cheated , trust again , ruining our relationship , confront both of them , friend is alway lying",0.5712590217590332
3045,"The person is experiencing intense feelings of loneliness, misinterpreting the behavior of their boyfriend as constantly angry, and feeling like a failure in various aspects of life. Additionally, missing therapy sessions due to health issues and experiencing a sense of stagnation contribute to relationship-related stress. These factors indicate a strong focus on personal relationships and a deep emotional struggle within the context of their romantic relationship and personal achievements, thus categorizing them as relationship-related stressed.","failure in my job , failure with money , at a loss , ",0.29544126987457275
3046,"The person mentioned having a girlfriend who genuinely cares about them, indicating a relationship is a significant aspect of their stress. They express dissatisfaction with their birthday and overall situation despite having someone supporting them emotionally, suggesting relationship-related stress.",sick of being here ,0.10551036149263382
3047,"The person expressed feelings of deep alienation, detachment, and an inability to form close, meaningful relationships with others. They mentioned feeling disconnected from those who care about them, experiencing fear and aversion towards intimacy and closeness, and an overwhelming sense of isolation. This alienation seems to stem from a deep-seated belief of being unable to connect with others on a mutual level, feeling like a vessel for others' needs without any regard for their own well-being. The person's expression of contemplating suicide as a means to escape the inner turmoil and seek help in a psych hospital also indicates a profound sense of detachment and distress.","closeness and hugs scares me , extremely isolated , can't stand pepole getting close to me , feel broken",0.4723520576953888
3048,"The person expressing this thought seems to be in a biased or abuse-related stressed state. They are displaying toxic behavior by making fun of and physically assaulting their friends and acknowledging their hypocrisy, which indicates a lack of empathy and potentially harmful intention towards others. This behavior is a clear sign of a stressed mental state associated with bias, abuse, and potentially toxic traits.","fun of friend for being skinny , jab everytime she make mistake , fun of pepole",0.3646340072154999
3049,"The person expresses feelings of emptiness, lack of love, and lack of connection which indicates alienation related stress. They also mention anxiety, fear, and pain, along with physical symptoms like feeling sick and insomnia, which further support the alienation related stress category.","no one , feel is anxiety , fear and pain , ",0.5022722482681274
3050,"The person is dealing with significant mental health issues such as dysthymia, suicidal ideation, and feeling like they are two people at war with each other. The worsening of these symptoms over the past 6 months and especially the last 48 hours indicates a crisis situation. The struggles with suicidal thoughts, feeling broke and unable to handle an ER visit, and hesitancy to reach out to family or friends suggest that medication related stress is a key factor in this scenario. The fact that the person mentions seeing a therapist on Sunday also points to the importance of proper medication management in their mental health treatment. It is imperative for the person to seek immediate professional help to address their suicidal thoughts and receive the necessary medication support to stabilize their condition.","broke , can't handle an ER bill ",0.28678232431411743
3051,"The person in the premise is experiencing extreme distress due to the conflict and division among their friends. The feeling of being caught in the middle of a friend group argument and the pressure to pick a side is causing them significant emotional turmoil. The fear of losing friends, the sense of isolation, and the contemplation of suicide all point towards relationship-related stress as the primary factor influencing their mental state.","neutral on whole situation , they'll hate me ",0.1914544403553009
3052,"The person's sense of alienation and disconnection from their loved ones, feeling overwhelmed by the constant fight or flight response, and expressing a desire to end their life indicates a deep sense of alienation and emotional distress.","find someone better , deserve her love , girlfriend should move on",0.04420452192425728
3053,"The person's mental state seems to be heavily impacted by the recent breakup with their long-time girlfriend, as well as the subsequent issues at work and in their career. The breakup has left them feeling lost and questioning their purpose, while the challenges at work, including a change in management, surgery, and eventual termination, have further added to their emotional distress. The sense of stagnation in their current job and the comparison to a younger colleague's success also contribute to feelings of inadequacy and hopelessness in their personal and professional life.","broke up , lives in diffrent state ",0.3655857741832733
3054,"The person expresses feelings of alienation and extreme loneliness, as indicated by their willingness to engage in a dangerous act if they had been alone. The mention of wanting to jump off a cliff into the water at a place known as 'the end of the world' suggests a sense of disconnection and emotional despair.",alone,0.2501327097415924
3055,"The feeling of constant setbacks and defeat along with embarrassment suggests relationship-related stress, possibly from difficulties in personal relationships or feeling unsupported by others.",two steps back ,0.15612035989761353
3056,"The person's mental state seems to be characterized by feelings of alienation and disconnection from others. They express a deep sense of loneliness, rejection, and lack of support from both their social circle and the internet community. This sense of alienation is evident in their longing for a quiet life in a place without people, their struggles to find genuine connections, and the perception that no one cares about their well-being. The individual's expressions of self-hatred, hopelessness, and worthlessness, as well as their reluctance to seek help despite feeling overwhelmed, further indicate a state of alienation and emotional distress.","miss ex , gay of me , friend to talk , deeply in love with",0.2759987711906433
3057,"The mention of feeling like a coward and struggling to find the courage to commit suicide, along with the detailed plan and emotional distress, suggests a state of extreme mental distress that may necessitate medication and professional help.",such a coward ,0.3177837133407593
3058,"The person expressing feelings of alienation, loneliness, and a lack of support from others. They feel disconnected from the world around them, abandoned by friends, family, and even their mother. This sense of isolation and abandonment has led to a deep feeling of despair and hopelessness. The individual expresses a profound sense of being unnoticed and uncared for, which has contributed to their deteriorating mental state.","lost dad , friends betraying me , relationship being cheated on , mother dosen't speak to me anymore , ",0.3993768095970154
3059,"The person is expressing feelings of alienation, loneliness, and isolation in their life. They mention that all their friends live out of town, they had to cut contact with their mom, and the only person they speak to daily is their 8-year-old child. This sense of disconnection from others and lack of meaningful relationships is a key indicator of alienation-related stress. They also convey a sense of exhaustion from dealing with various challenges in life and mental illnesses, leading to a deep desire for connection and comfort.","no contact with mom , extroverted will make friends , tried of disabled  ",0.30490317940711975
3060,"The writer's feelings of regret, shame, and the desire to reconnect with old friends and associates after a long period of disconnection indicate a sense of relationship-related stress. The internal conflict between genuinely caring about these individuals yet feeling hesitant to reach out due to the fear of seeming insincere, as well as the inability to fully enjoy present relationships with family and friends due to these unresolved emotions, suggest a heightened emotional burden related to relationships which is impacting the individual's well-being.","lose interest , get bored ",0.33128440380096436
3061,"The person expresses feelings of profound loneliness and alienation, indicating a sense of being disconnected from others and a desire for genuine connection. They feel that even their friends have lost interest in them, highlighting a deep sense of isolation. The fear of being viewed with pity or misguided sympathy suggests a reluctance to open up due to a perceived lack of true understanding or connection with others. The distress about not having any qualities to be liked for and questioning who would want to befriend them reflects a heightened sense of alienation and self-doubt, indicating a deeper issue of feeling disconnected from social relationships.","talk to someone , desperate favour , feel so alone , lost interest in me ",0.41826027631759644
3062,"The person expressed symptoms of depression, including feeling physically drained, lack of motivation, irritability, insomnia, disinterest in previously enjoyed activities, depersonalization, emotional numbness, self-medication with weed, memory loss, binge eating, social exhaustion, and thoughts of self-harm. They also mentioned considering seeking help from a GP/psychiatrist, wanting a diagnosis, and potential treatment with medication. These indicate a serious mental health concern that goes beyond just feeling stressed or anxious, pointing towards medication-related stress and the need for professional intervention.","bad exhausted 8/9pm , counsling appointment",0.231096088886261
3063,"The person writing the premise is experiencing feelings of alienation, isolation, and worthlessness. They mention feeling disconnected from their family, friends, and even their girlfriend, despite having supportive relationships. The individual also expresses struggling with various aspects of their life, such as academics, relationships, and self-harm, which are leading to thoughts of suicide. These feelings of alienation and worthlessness are likely contributing to their overall mental state and sense of despair.","fail music , fail 2 or more subjects ",0.24196381866931915
3064,"The person's words indicate feelings of extreme alienation and isolation. They express a sense of being alone, not being able to control their actions, and wanting to cut and potentially harm themselves. These are signs of a deep feeling of disconnection from society and oneself, which align with alienation-related stress.",feel alone ,0.3836032748222351
3065,"The person expresses feelings of isolation, abandonment, and a sense of never being happy again. They feel like no one cares about their feelings, health, or state of mind, despite trying to be a support system for others. This sense of alienation and lack of support system is a common indicator of Alienation-related stress.","feel alone , abandoned , scared , closest",0.48040303587913513
3066,"The person is feeling alienated and lonely, expressing a need for interaction to cope with their addictive behavior. This sense of alienation and struggle with addiction is likely contributing to their current state of distress.",dad was shitty ,0.041316088289022446
3067,"The person is feeling incredibly lonely and isolated, as they feel abandoned by their psychiatrist and are unable to access necessary medication due to insurance coverage issues. They have also expressed feeling abandoned by their friends who believe that being strong is the solution, which has contributed to their sense of alienation. This sense of worthlessness and helplessness, coupled with the belief that nothing good will happen to them after facing constant hardships, indicates a deep feeling of alienation and disconnection from the world around them.","have been unemployed , tax refund , student loans , jobless , broke , ",0.27810102701187134
3068,"The person who wrote the premise seems to be experiencing relationship-related stress. The intense emotions, including feelings of betrayal, disappointment, and deep-seated hatred expressed towards John suggest a significant level of distress caused by perceived betrayal and lack of support from a friend during a critical moment in their life. The person's recounting of events and interactions with John indicates a deep sense of hurt and unresolved anger related to the perceived abandonment and failure of friendship.","you hate and despise me , hate u so fuck much so ",0.1343199610710144
3069,"The person expressed feelings of loneliness, isolation, and thoughts of death due to a recent breakup with their girlfriend and loss of connection with their best friend. These relationship-related stressors indicate a significant emotional upheaval and distress in their personal life.","gf broke up , no longer talk to my best friend , everyone is leaveing me ",0.44318944215774536
3070,"The language used indicates feelings of alienation, hopelessness, and a desire to end it all, highlighting a sense of disconnectedness and isolation from the world.","sick of trying , want it all to end ",0.16443435847759247
3071,"The mention of taking medication in excess, and the specific mention of having Borderline Personality Disorder, indicates a medication-related stress. This behavior raises concerns about the individual's mental state and potential risks associated with the overdose of medication.",borderline personality disorder ,0.5844350457191467
3072,"The individual is experiencing medication related stress as they are feeling nauseous after taking a pill, indicating a possible adverse reaction to the medication. The mention of not drinking from today till now suggests that the nausea is specifically linked to the pill they took, and not due to any other external factor such as alcohol consumption.","feel nauseous  , taking pill ",0.767596423625946
3073,"The person writing the premise is experiencing a deep sense of alienation and disconnection from society and their surroundings. They feel like they don't belong, have regrets about not making different choices in life, and harbor feelings of helplessness and powerlessness. The individual expresses a longing for a better world, community, and self, but feels unable to change their current circumstances. This profound sense of alienation and lack of control over their life aligns with the category of Alienation related stress (C5).","wake up with drowsiness , not being able to fall asleep riddle the shame , regret , disappointment and worry",0.3498595356941223
3074,"The person is showing signs of severe mental distress and mentions thoughts of suicide, along with having depression and schizophrenia. The mentioning of medication such as Zoloft and BuSpar indicates that they are struggling with medication-related stress. The feeling of being unworthy of love and respect further highlights the internal psychological struggle that may be exacerbated by the medication they are taking for their conditions.","schizophrenia , severe eczema , skin would burn , terrified of showers ",0.314383864402771
3075,"The person is experiencing relationship-related stress. The premise highlights feelings of inadequacy and low self-esteem stemming from comparisons with their friends, particularly in terms of physical appearance and social interactions. The hurtful comments from their mother about being an embarrassment and antisocial further contribute to relationship-related stress.","left me out of it , they are beautiful and look st you , embarrassment , antisocial",0.36437860131263733
3076,"The person is experiencing extreme emotional distress following a recent breakup with their boyfriend, which indicates relationship-related stress. Their feelings of depression, suicidal thoughts, fear of losing their boyfriend, and the inability to move on from the breakup all point towards a significant impact on their mental state due to the end of the relationship. The individual also expresses self-hatred, dissatisfaction with their body, and a sense of meaninglessness in life, all of which contribute to relationship-related stress and the overwhelming emotions associated with the breakup.","everything reminds  me of him , hurts so much , boyfriend broke up , nauseous since i broke up",0.45938748121261597
3077,"The person is experiencing alienation-related stress, feeling disconnected from their surroundings and activities despite initially feeling good and accomplished. This is evident from the shift in their emotional state from contentment to hopelessness and considering extreme measures like suicide as a way out.","pointless all this is ,  never going to be happy ",0.23799100518226624
3078,"The person expresses feelings of being misunderstood and alienated by their parents, who do not support their passion for computers and art. This lack of validation and support from their parents has led to a sense of disappointment in themselves and a desire to escape the challenging situation through self-harm and thoughts of suicide. The individual's actions indicate a deep sense of alienation and emotional distress.","no future prospect , failing , parents are disappointed and angry , skippied exam , ",0.4185675382614136
3079,"The person is feeling alienation-related stress as they are struggling with concealing their true emotions and mental state from their friends, leading to a sense of isolation and misunderstanding. They feel disconnected from their friends who have made assumptions about their behavior, causing additional distress and a feeling of not being truly known or understood. The fear of freaking out their friends with their deeper issues indicates a sense of alienation and lack of support.",mental state ,0.3995804786682129
3080,"The person's mental state seems to be heavily influenced by a self-harm addiction and suicidal thoughts, indicating a need for medication and psychological intervention to address these intense emotions and behaviors.","feeling like a failure , homework till i pass out ",0.13307936489582062
3081,"The person is going through a divorce, which indicates that the mental state is heavily influenced by relationship-related stress. The feelings of being broken, having no motivation, feeling empty, and wanting to stop feeling indicate a deep emotional impact caused by the divorce and the behavior of the ex-partner, leading to relationship-related stress.","divored has broken me , no sure im capable , heartless , empty , ",0.482970654964447
3082,"The person who wrote the premise seems to be experiencing relationship-related stress. They are expressing concern for someone named 'Ryfflex' whom they had connected with on a subreddit but lost touch with. The tone of the message indicates a desire to reconnect and check on the well-being of 'Ryfflex', suggesting a potential emotional attachment and worry about the relationship.",you always check up on other pepole and talked to ton of others,0.2424285113811493
3083,"The writing reflects feelings of alienation and hopelessness, as the person struggles to understand the actions of the friend who committed suicide. The sense of doom, worthlessness, and lack of motivation in the individual's own life suggest a deep feeling of disconnection from themselves and the world around them.","friends on steam , he's dead , worthless enough to choose to kill himself",0.4593670964241028
3084,"The mention of taking medication (50mg, 3 weeks ago) and the symptoms of feeling tired, unhappy, and unmotivated suggest that the individual is experiencing medication related stress. It seems like the medication may not have produced the desired effects, leading to feelings of frustration and seeking self-help strategies to cope with the situation.",unhappy and unmotivated ,0.5104436874389648
3085,"The individual exhibits symptoms of depression and suicidal ideation. They also express feeling ignored, worthless, and in need of genuine care and support from their loved ones. The lack of understanding and dismissal of their mental health concerns by their parents, as well as the ineffective responses by family members when the individual expressed their struggles, show a lack of appropriate support and guidance. This situation highlights a significant lack of mental health awareness and proper intervention within the family, which can contribute to the individual's sense of hopelessness and exacerbate their mental health issues. The individual's cry for help and the inadequate responses from their family suggest a scenario of medication-related stress, where the individual is not receiving the necessary support or understanding for their mental health challenges.","i have ADD , symptoms of depression , less motivated , ",0.3792140483856201
3086,"The premise describes a situation involving two friends who initially showed kindness but then started displaying negative behavior such as physical violence, insults, and gossip. This kind of toxic and manipulative behavior in a friendship can be emotionally abusive and detrimental to one's mental health, leading to feelings of anxiety and self-doubt. The constant criticism, mixed messages, and emotional manipulation from these friends can create a stressful and upsetting environment, contributing to relationship-related stress.","blame on them , slap me or punch me , compliments since it makes me uncomfortable",0.4197150766849518
3087,"The person expressing self-hatred, feelings of suffering, and anger, as well as hating another person, indicates a sense of alienation and emotional distress.","hate myself so much , hate my body , suffer , ",0.4675675630569458
3088,"The person is exhibiting signs of medication related stress due to being clinically depressed for 3 years. The mention of demanding solitude and running out of people to talk to, along with the doctor's remarks on the person's health and life expectancy, indicates a deep sense of hopelessness and resignation related to their health condition. The person feeling that some part of them wants the doctor to be right also suggests a negative outlook towards their future and overall well-being.","heart disease , slowly been losing weight ",0.26671212911605835
3089,"The person expresses confusion and doubt about their depression diagnosis and treatment with medication. They question the need for taking pills while feeling fine at the moment, indicating concerns or stress related to medication.",diagnosed ,0.2719343900680542
3090,"The writer is experiencing relationship-related stress, as they express deep emotional distress and despair after going through a difficult breakup with the love of their life, as well as facing rejection from someone they cared about. This has led to feelings of hopelessness, worthlessness, and thoughts of suicide. The writer's focus on their failed relationships, lack of progress in self-improvement goals, and fear of being a burden to others all point towards relationship-related stress as the primary category.","love of my life left me , salvaging the relationship , after father reflection i haven't made progress on any of the goals",0.4440748691558838
3091,"The person in the premise expresses feelings of worthlessness, self-doubt, and struggling with self-esteem issues. They mention feeling overweight, ugly, shy, embarrassing, and awkward, which indicates a sense of alienation from others and possibly from themselves. The individual feels like they don't fit in and that others might cringe at talking to them, leading to thoughts of self-harm. These feelings of inadequacy and disconnection point towards an alienation-related stress.","hate my life , calling them liars ",0.2812732756137848
3092,"The person expresses feelings of being trapped, alienated, and wanting to escape from life. They exhibit extreme hopelessness and a desire for relief from their current situation, indicating a state of alienation related stress.","so tried , trapped all the time , unreliable ",0.15078337490558624
3093,"The person's mental state seems to be heavily influenced by their struggles with depression and anxiety, as well as the extensive list of medications they mentioned trying, including antipsychotics, antidepressants, and benzodiazepines. Despite seeking help from professionals and trying various treatments, they express feeling no better, which indicates a high level of medication-related stress and frustration.","confused , still virgin , no social skills , dumb piece of shit , tried everything , feel no better ",0.1985856592655182
3094,"The person's feeling of alienation and disconnection from society is evident in their experience. The mention of seeking assistance in an online forum, falling victim to a phishing scam, and contemplating suicide indicates a sense of isolation and hopelessness. These feelings of alienation can lead to thoughts of suicide as a way to escape the overwhelming debt and difficult situation they find themselves in.","debt reselling stuff , got paid for ",0.1842409074306488
3095,"The person mentions feeling depressed and not being able to get out of bed for days at a time, indicating a possible mental health issue that requires medication. The mention of shifts in depression states and the impact on music preferences also suggests a link to medication-related stress.",feel nostaligic ,0.1989019215106964
3096,"The person is experiencing alienation related stress due to self-isolation, lack of social interaction, and dependency on substance use. The feelings of anxiety towards people and bitterness in general indicate a sense of disconnection and estrangement from others. Additionally, the individual's struggle to break out of this pattern despite therapy and self-promises highlights the deep-rooted nature of their alienation.",get high ,0.1481708586215973
3097,"The person seems to be relying on alcohol as a coping mechanism to deal with their thoughts and emotions. They mention feeling happy and finding a fuzzy feeling similar to what they used to feel with their significant other, indicating they are seeking escapism from their current reality. Additionally, the person mentions that when sober, their thoughts consume them, suggesting they may be struggling with mental health issues that they are trying to suppress with alcohol. This reliance on alcohol to cope with negative emotions and to avoid facing reality is a sign of medication-related stress.","hungover with brain fog , fuzzy feeling ,hour high , thoughts consume me and when i am drunk everything is ok , hangover feeling",0.4931715428829193
3098,"The person expresses a sense of hopelessness and even mentions the possibility of death being preferable due to feeling like a burden, having health conditions, and finding their suffering to be disproportionate. This indicates a medication-related stress where the individual might be struggling with their health conditions and the mental burden associated with them, to the extent of considering extreme outcomes like getting the virus to end their suffering.","US outbreak , health conditions , virus , COVID-19 , sufforcation and pnemonia , pain is over dramatic",0.34828633069992065
3099,"The person is experiencing self-medication related stress due to their traumatic experience of witnessing their friend's death in a car accident at a young age. They have been diagnosed with PTSD and depression, and have mentioned that therapy and medication did not work for them. They have turned to excessive drinking as a way to cope with their emotional pain and trauma. The reluctance to continue with prescription medication and the desire to drink excessively highlight the individual's attempt to self-medicate their mental health issues.","parents and grandparents were worried about drinking problem , shouldn't have bought my grandfather along ",0.35386842489242554
3100,"The individual's mention of self-harming behavior, feeling guilty, feeling emotionally numb, and expressing a desire to not feel emotions are indicative of potential mental health issues that may require medication-related intervention. The recurring thoughts of not wanting to exist and wishing to die, even when feeling thankful or happy, suggest a deep sense of distress that could be related to an underlying mental health condition requiring medication management.","disappear , don't feel the emotions i feel , being self-destructive ",0.5471048951148987
3101,"The person is dealing with complex mental health issues including dissociative identity disorder (DID) and borderline personality disorder (BPD), which require specialized medication and therapy. The mention of therapists not being able to help indicates a struggle with finding effective treatment, leading to medication-related stress.","BPD , DID , normal therapy group , shifting personalities",0.7558196783065796
3102,"The person's mention of feeling numb, tired, and like they don't want to exist, along with taking pills and doing therapy, suggests a mental state related to medication. Additionally, the person's frustration with seeking advice and trying to think more positively without success indicates a medication-related stress. Furthermore, the person's emphasis on the lack of improvement despite trying everything and feeling hopeless aligns with the struggles often associated with medication-related conditions.","at a loss , don't want to resign , applying new jobs , look elsewhere",0.1842273473739624
3103,"The individual is experiencing severe depression, which is a mental health condition that often requires medication to manage. The presence of suicidal thoughts and the feeling of never getting better despite no cure for depression indicate a deep level of mental distress that may require medication intervention.","virgin , still dont know how to make friends  or talk to girls , ",0.08739487826824188
3104,"The person's description of memory loss, painful symptoms, and severe physical limitations, as well as the mention of visiting gun shops and thoughts of suicide, indicate a deep state of distress and desperation that could be associated with medication-related stress. It is common for individuals with serious and chronic health conditions, especially when faced with a lack of treatment options or poor prognosis, to experience overwhelming emotional and psychological burden related to their medication, treatment, and overall health outcomes.","diagnosed , neurological disease , untreatable , curable , extremely painful , battle with pain , control symptoms , congnitive impairment ",0.330358624458313
3105,The mention of feeling like wanting to kill oneself indicates a serious mental health issue that may require medication. The difficulty in carrying on and the lack of immediate support from the well-being people further suggest a medication-related stress.,"find it hard to carry on sometimes , talk to some one",0.289400577545166
3106,"The symptoms of drowsiness, headache, nausea, cold sweats, vomiting, and inability to eat after an attempted suicide indicate possible medication-related issues. It seems like the writer may have taken medications that caused these severe side effects and as a result, they are experiencing physical discomfort and distress. It's important for the individual to seek medical help immediately to address both the physical symptoms and the underlying mental health concerns.","miss class , worried about failing ",0.08734949678182602
3107,The individual's mental state seems to be heavily influenced by the recent passing of their mother. The mention of being on antidepressants for 2 years and feeling numb and having suicidal thoughts indicate a significant struggle with mental health. The feeling of not finding any meaning in life and the heightened emotions after the loss of a loved one further suggest a deep emotional distress that may require medication adjustments or additional support.,"mom passed , terrible",0.34034067392349243
3108,"The statement suggests a feeling of resignation and alienation, as the person seems to have given up on any potential changes or actions in their life, possibly feeling disconnected or isolated from their own future.","gay , straight ",0.07681266963481903
3109,"The person seems to be experiencing alienation related stress. They feel isolated and disconnected from those around them, struggling to express their emotions and seek help. This sense of alienation may be contributing to their feelings of being off track from pursuing their goals, as well as the difficulty in engaging in analytical thinking. Additionally, the mention of spending most of their life in a dissociative fugue state further emphasizes their detachment from reality and internal struggles with their mental state.","get off track from pursuing my goals , ",0.2615400552749634
3110,"The person mentioned feeling bad about themselves because of their appearance, hearing negative voices, and struggling to learn how to love themselves. These are common signs of relationship-related stress, specifically related to self-esteem and self-worth.","upper body workout to cope  , bad hair the entire day , piece of shit",0.318605899810791
3111,"The person seems to be experiencing alienation-related stress as they feel emotionally triggered and overwhelmed by the content of the manga that portrays loneliness and pedophilic relationships. This indicates a sense of disconnect or isolation from their surroundings or themselves, leading to intense emotional reactions and intrusive thoughts. The struggle to function properly at work further suggests a significant impact of this alienation-related stress on their daily life. Seeking support from a mental health professional or engaging in activities that promote connection and positive relationships may help alleviate these feelings of alienation and distress.","lonliness , pedophilic romantic relationships ",0.42237788438796997
3112,"The person expresses feelings of loneliness, confusion, feeling lost, and the need to piece themselves together after leaving, indicating a sense of alienation. The use of Reddit as a comfort platform also suggests a desire for connection and belonging, highlighting the theme of alienation.","loneliest , completely lost and confused ",0.40627655386924744
3113,The person is experiencing extreme trauma and emotional distress resulting from a prolonged period of abuse and manipulation. The traumatic experience of being raped and threatened by someone close and then being forced into a cycle of abuse has deeply impacted their mental state. The feelings of missing the abuser despite knowing the harm caused indicate a form of psychological manipulation and trauma bonding. The person's expressed desire to die as a means to escape the emotional pain further highlights the severity of the situation. The long-lasting impact and inability to break free from these thoughts despite attempts suggest a deep-rooted psychological trauma related to bias or abuse.,"brutally raped , he drygged and raped , threatened , terrified",0.47179824113845825
3114,The individual's reminiscence of being bullied during school years and referring to those times as 'the good ol' days' in their early 30s reflects a sense of alienation and a possible normalization of past traumatic experiences as a result of ongoing emotional distress.,bullied through out my school years ,0.6681437492370605
3115,"The author's mental state is likely influenced by medication-related stress. The frustration and desperation to find a therapist, coupled with the disappointment of having the appointment cancelled, reflects the struggle of accessing mental health resources. The mention of being almost certain about not being considered an emergency and worries about wasting NHS's time suggest a sense of hopelessness and helplessness in finding immediate help. Additionally, the financial constraints preventing them from affording a therapist contribute to the medication-related stress as they are unable to access the necessary support for their depression.","waste thier time , pay the therapist , can barely afford to feed myself ",0.4858912229537964
3116,The person seems to feel like they are unable to fully express themselves and fear being judged or alienated by their friends. They are concerned about ruining the night by potentially coming off as negative or depressing. This fear of being misunderstood or not fitting in may be causing them stress and anxiety about the social event.,"i have to put a happy face on , blank looks from everyone",0.1781805008649826
3117,"The person is experiencing extreme distress and suicidal thoughts stemming from a recent breakup with their boyfriend. The breakup seems to have triggered deep-seated emotional wounds related to their tumultuous childhood experiences with a drug-addicted mother, absent father, and negative father figures. The loss of the relationship has left them feeling like they have lost their whole world and have nothing left, leading to thoughts of suicide. The memories of their ex-partner haunt them, and the sense of devastation is overwhelming. This intense emotional turmoil and desire to end their life point towards relationship-related stress as the predominant mental state.","boyfriend leaving me , mother drug addict , bad father figures , memories of ex hunts me ",0.5625054836273193
3118,"The pressure of carrying on the family name is a common source of stress in relationships, particularly within the context of gender roles and family expectations.",only male carry the family name,0.6055254340171814
3119,"The person's description of their family situation indicates a history of physical and emotional abuse, leading to their feelings of uneasiness, irritation, and alienation. The traumatic experiences with their alcoholic and abusive parents have resulted in a biased and stressed perception of family relationships. The individual's distancing themselves and feeling controlled by their parents further highlights the abuse-related stress they are experiencing.","hate being around family , dad and mom are alcholics , physically and emotionally abusive , hate my parents ",0.5536741018295288
3120,"The person in the premise is expressing feelings of isolation and not being understood by those around them. They feel disconnected and alienated from their family, who they believe would not support them if they were to open up about their struggles, such as depression. The lack of understanding and support from their environment is causing a sense of alienation and distress.","nobody at home , forbid i tell my mom i have depression , scared to ever confide in  family ",0.3975171148777008
3121,"The person mentioned difficulties with sleep after starting medication Cymbalta and trying melatonin for insomnia. They also indicated a loss of sex drive, which are common side effects of certain medications. The person also expressed feeling trapped in the cycle of medication and the inability to find happiness, which can be indicative of medication-related stress.","ihaving insomnia . miss sleep so much , sex drive gone , tried medication , ",0.5628217458724976
3122,"The person is experiencing extreme distress and sadness due to a failed romantic relationship. They express feelings of heartbreak, longing, and jealousy towards their ex-partner who has moved on to other relationships. The intensity of their emotions, including suicidal thoughts, loss of appetite, and inability to engage in daily activities, indicates a significant level of relationship-related stress.","broke up , arguing all the time , tried to reach out , didn't feel the same anymore , she's single  , so in love with her , don't want live without her",0.49539780616760254
3123,"The person's mental state indicates feelings of alienation, as they express a deep sense of disconnection and rejection from their family, friends, and romantic interest. They feel misunderstood, unsupported, and unloved, leading to a desire to harm themselves in order to escape their emotional pain.","hate my family , friend forced me to tell teacher , ",0.20915928483009338
3124,"The person is expressing feelings of alienation and hopelessness, suggesting a sense of disconnection from society and potential thoughts of self-harm without wanting to burden others with the consequences.",bought SN ,-0.06443549692630768
3125,"The mention of being depressed, feeling worthless, attempting suicide, and expressing a desire to end one's life indicate a high level of mental distress requiring medication and professional help.","a worthless piece of shit , fade into dull ache ",0.25465118885040283
3126,The mention of friends and family hating the person and their decision to not be around for much longer indicates relationship-related stress. The feelings of being unloved or unsupported by loved ones might be contributing to the sense of inevitability and inability to see a future beyond 2021.,"friends and/or family hate me , ",0.38242894411087036
3127,"The person mentioned being on medication for bipolar II, major depression, and anxiety, which indicates that they are experiencing mental health issues that require medication. The description of feeling empty, lacking interest in activities, and having negative thoughts also aligns with the struggles commonly associated with medication-related stress.","bipolar II , anxiety ridden , on meds, trileptal, sertraline, lorazepam",0.6566604971885681
3128,"The person's feelings of exhaustion and disbelief towards life, despite not having a specific problem, indicate a sense of disconnection or alienation from the concept of living. The overthinking about the years left to live and the inability to accept living suggest a feeling of estrangement and detachment from the reality of life, which falls under the category of alienation-related stress.","already exhausted , tried of living , keep overthinking , exhauting life is , don't accept living , come out of boredom",0.5720212459564209
3129,"The person is expressing feelings of alienation and disconnection from life and the world around them. They mention finding peace in thinking about dying and express a preference for carbon monoxide as a method. The hesitation to proceed with self-harm is based on rational thoughts about the impact on loved ones rather than a desire to live. Additionally, they have a strong aversion to traditional forms of help like therapy and social workers, suggesting a deep sense of isolation and hopelessness. This sense of alienation and disconnection from society and support systems is indicative of Alienation related stress.","media is scam , be disappointed , ",0.015270967036485672
3130,"The writer's mental state appears to be relationship related stressed. They are experiencing emotional distress due to their current boyfriend's self-harm behavior, recalling past traumatic experiences with their ex who had severe depression and suicidal tendencies. The writer's feelings of helplessness, heartbreak, and selfishness suggest a significant level of distress in their current relationship, leading to confusion and a sense of being overwhelmed by the situation. These emotional reactions are typical signs of relationship-related stress, especially when dealing with issues related to mental health and self-harm.","ex , forced me to leave him , better off without him , ",0.2655435800552368
3131,"The person's feelings of everything falling apart, numbness, and lack of motivation suggest a sense of alienation and disconnection from their surroundings. They mention feeling like all their effort is not yielding anything while others are getting ahead, indicating a feeling of isolation and alienation.","falling aprt , not learing from my setbacks , just numb",0.3585049510002136
3132,"The author of the premise is experiencing a deep sense of hopelessness and self-doubt, expressing feelings of being incapable of finding happiness and fixing themselves. This indicates a state of mental distress and despair, but the fact that they are expressing their thoughts and emotions indicates a level of self-awareness and a desire for improvement. This combination suggests that the person is in a state of personal crisis rather than being stressed due to external factors such as jobs, relationships, or biases.","fix myself , lazy and want to lie in bed all day , myself worse off , too tired",0.40982896089553833
3133,"The person's mental state seems to be heavily influenced by their long history of mental illness, suicidal thoughts, and feeling trapped in their own mind. The mention of not getting the help needed and experiencing suicidal thoughts indicates a significant level of distress related to medication and mental health issues.","everything is going so fast , feel like burden to pepole , hard to ask for support , cries for help ",0.3167994022369385
3134,"The person seems to be feeling alienated and disconnected from the other person, as they mention that they don't understand how he feels and feel that they are different. The idea of trying new activities like origami or chess might be a way for them to bridge the gap and connect with the other person despite the distance and differences.","want to help him , how he feels ",0.29966843128204346
3135,"The person expresses feelings of alienation, hopelessness, and lack of meaning in life. They mention feeling like nothing matters anymore, being made fun of by friends, and wanting everything to end. These thoughts and emotions indicate a sense of disconnection and isolation from others, leading to alienation-related stress.",friends make fun ,0.21549548208713531
3136,"The person's statement suggests that they are relieved and happy after ending a relationship, indicating that they were experiencing relationship-related stress or dissatisfaction. The positive outlook on the breakup and the feeling of improvement in their well-being implies that the relationship was causing them distress, which now seems to have been resolved.",wasn't a very bad relationship ,0.3775727450847626
3137,"The individual's self-harming behavior starting at a young age and the dependence on their girlfriend for happiness suggests significant relationship-related stress and emotional instability. They may be experiencing difficulties in their relationship with others, leading to feelings of loneliness and reliance on their girlfriend for emotional support.",girlfriend,0.3298646807670593
3138,"The person expresses feelings of loneliness, numbness, and a desire for physical affection. They also mention not having anyone to hug and feeling disconnected. These are common indicators of alienation-related stress.","feels like too much effort , feel numb , go to peace",0.4426853358745575
3139,"The person's mental state indicates extreme despair, hopelessness, and fatigue despite being on antidepressants for almost a year. The individual expresses feelings of not being helped by medication, leading to a sense of worthlessness and being unseen by others. The mention of being diagnosed with PTSD and the link between depression and PTSD also suggest a medication-related stress. The recurring nightmares and extreme fatigue further emphasize the ineffectiveness of the current medication regimen.","put on antidepressants and nothing changed , tried diffrent doses , been diagnosed with PTSD ",0.6168147921562195
3140,The language used suggests a deep sense of detachment and disconnection from oneself and others. The feeling of uselessness and desire for death indicate a profound sense of alienation and hopelessness.,"fail out of the online school , pressured to get into ",0.10210110992193222
3141,"The person who wrote the premise is experiencing a high level of emotional distress due to bias or abuse-related issues. The mention of past abusive actions, fear for potential future victims, and the strong desire to end their suffering by taking their own life all point towards a significant trauma stemming from abuse. The feelings of responsibility to prevent harm to others and the belief that their own death is the solution to ensuring safety for others indicate a deep sense of guilt and anguish related to the past events.","bias , no physical evidence , disgusting and horrible actions , predator who stole so much from me",0.35145729780197144
3142,"The mention of feeling sick and anxious suggests a possible medication related stress. The individual might be experiencing physical symptoms that are causing anxiety, leading them to seek help.","feeling sick , Anxious",0.7159478664398193
3143,"The person seems to feel alienation and isolation from others, as they express feelings of not being acknowledged or recognized by those around them. This can lead to feelings of loneliness and disconnectedness, which fall under the category of alienation related stress.","kind of sick , acknowledged by those around me ",0.24468223750591278
3144,"The individual is experiencing relationship-related stress due to the disapproval and interference from their girlfriend's family and friends, as well as the manipulation and deceit involved. This is causing feelings of worthlessness, fatigue, and difficulty concentrating. The conflict with their girlfriend's conservative and religious circle is adding significant strain to their mental state.","girlfriend her whole family , super religous and conservative , seen with other girls ",0.43392056226730347
3145,"The individual is expressing feelings of alienation and disconnection, as well as extreme dissatisfaction with life and a desire to escape their current reality. The strong negative emotions and self-deprecating language suggest a sense of profound isolation and hopelessness.","hate all kinds of work , tried of all off it , completely useless piece of human garbage , hate school so much",0.2669526934623718
3146,"The language used in the premise, feeling empty, not wanting to be in their own body, struggling with self-worth, and seeking external validation through helping others all point to a state of alienation and disconnection from oneself. The individual is experiencing a sense of detachment and estrangement from their own identity and purpose in life, which is indicative of alienation-related stress.","development disable adults , healthier ",0.18873447179794312
3147,"The person expresses a deep sense of alienation, isolation, hopelessness, and desperation by mentioning that the purchased items are their only hope for a peaceful death. The consideration of extreme and harmful options like taking a large amount of ibuprofen and opening an artery further indicates a state of severe mental alienation and distress.",paid a lot for those ,0.09126799553632736
3148,"The person who wrote the premise is experiencing extreme alienation and feelings of hopelessness. They have lost all significant relationships in their life, including their son, wife, and friends. Their own parents are unsupportive and critical, adding to their sense of alienation. These experiences have led the person to feel completely isolated and abandoned, with thoughts of suicide as a way out of their suffering.","lost my son wife , parents wont help , father saif i was worthless , father wont let me stay , friends avoid me , ",0.4138987064361572
3149,"The person's dependence on alcohol to feel emotions suggests a struggle with medication-related stress, as they now feel numb and bored after being sober for 2 months.","alcohol , more numb , feel so bored , sober",0.6102941036224365
3150,"The individual is experiencing relationship-related stress, as they are going through a cycle of breaking up with their girlfriend, feeling fine initially, but then experiencing sadness and regret over missing their partner's presence. This emotional rollercoaster indicates a significant amount of stress and emotional turmoil related to their romantic relationships.","break up , gf wants to be independent , ",0.3941803276538849
3151,"The person in the premise expresses feelings of alienation, inadequacy, and hopelessness, indicating a sense of disconnection and estrangement. They feel overwhelmed by balancing schoolwork and internship, leading to self-doubt and a perception of failure in both aspects. The mention of worsening depression and doubts about the effectiveness of their antidepressant medication suggests a deep emotional struggle. Additionally, the fear of repercussions on their resume and future job prospects due to mental health issues reflects a sense of being alienated from societal norms and expectations. The overall tone of helplessness and uncertainty about the future further supports the categorization under alienation-related stress.","resignation , coming in late , ending the internship to spare ",0.3189091682434082
3152,The use of explicit language and the tone of suffering indicates a sense of alienation and distress.,suffer,0.3777037262916565
3153,"The author's mental state seems to be heavily impacted by a failed romantic relationship. The intense emotions of happiness, sadness, confidence, and feeling awful, along with the betrayal and feelings of loneliness and emptiness following the breakup, indicate relationship-related stress. The author's sense of purpose and happiness were tied to the romantic relationship, and its failure has led to a profound sense of despair and hopelessness.","being alone and lonely , could be together , destroy me ",0.5180281400680542
3154,"The use of self-blame and desire for suffering to make up for past actions indicates relationship-related stress, possibly stemming from guilt or remorse for causing harm or pain to others.","deserve to suffer for everything , feel pain, shit i caused",0.4561532437801361
3155,"The person expresses feelings of alienation and self-devaluation, indicating a sense of detachment from their own life and a lack of worth or belonging. These thoughts suggest a deep sense of disconnection, possibly from oneself or others, which is commonly associated with Alienation related stress.","don't value my life , could give second chance to someone who deserves it more then me ",0.17388124763965607
3156,"The person expresses feelings of being misunderstood, disconnected from others, unable to find comfort in relationships, and a sense of alienation from the world. They mention feeling empty, soulless, and want to feel emotions fully but feel constantly destroyed by the world and unable to escape their current state. These sentiments of loneliness, disconnect, and despair indicate a state of alienation-related stress.","constantly losing , play reverse , feel fake , empty , and souless , build to destroy me",0.45588022470474243
3157,"The person expresses feelings of worthlessness, alienation, and self-hatred, indicating a state of alienation related stress. They feel as though they are a burden to others, lack self-worth, and have an overall negative perception of themselves. This internal conflict and sense of being lost in their own mind aligns with the symptoms of alienation related stress.","waste of space , pity me , never be able to do anything good",0.21896111965179443
3158,"The statement reflects a sense of alienation and disillusionment towards life, expressing a feeling of being trapped and wishing for an escape. The individual feels disconnected from society and experiences a strong negative emotion towards life, perceiving it as a burden and a prison.","speak alot of peple , hate it , fucking prsion",0.12056499719619751
3159,"The person's mental state seems to be heavily influenced by their struggle with suicidal thoughts, which indicates a significant concern related to medication and mental health. The mention of seeing a psychiatrist, the fear of discussing the issue with others, and the lifelong presence of suicidal thoughts despite being only 18 all point towards medication related stress and the ongoing battle with mental health challenges.","no one understands me , am alone , fly in a contained room ",0.2056296169757843
3160,The person is feeling relationship-related stress due to the negative mindset of their friends impacting their desire for personal growth and change. They are torn between wanting to maintain the friendship and needing to move forward with their own life goals and attitudes.,"friends are depressed , freidns are still stuck in negative mindset ",0.6228182315826416
3161,"The statement reflects a feeling of detachment and disconnection from one's own existence, which is characteristic of alienation-related stress.",feel noting but my existance ,0.4771585166454315
3162,"The mention of being in a mental hospital, having a stash of meds, and contemplating self-harm by overdosing or using a blade indicates a medication-related stress. The person is feeling overwhelmed to the point where they are considering drastic measures due to the specific circumstances related to their medication.","in mental hospital , can't overdose ",0.5556594729423523
3163,"The person is expressing feelings of hopelessness, suicidal ideation and struggles with accomplishments due to being diagnosed with a borderline disability. The mention of feeling suicidal and homicidal indicates a high level of distress related to the medication or treatment they may be undergoing. Additionally, the frustration towards taking tests and the fear of homelessness due to their condition suggests a significant emotional and mental burden related to the medication aspect of their life.","diagnosed with borderline disability , pepole with learning disablity has to take same test as pepole who don't have learning disablity ",0.30818286538124084
3164,"The language used indicates a strong sense of despair and hopelessness, with mention of ruined friendships, future, and life. The individual feels that everything is pointless and expresses fear, which are typical of someone experiencing relationship-related stress.",consistent panic attack ,0.180329829454422
3165,"The person is feeling worthless and unlovable, and mentions their family agreeing that it's a 'me issue', indicating relationship-related stress.","feel so worthless , family agrees its a me issue",0.5855672359466553
3166,"The person mentioned feeling overwhelmed with school assignments, having suicidal thoughts, and doubting their ability to seek help or make changes. These intense emotions and negative thoughts indicate a mental state related to requiring medication or psychiatric intervention to address the underlying issues and improve their well-being.","didn't finish my assignment , college is horrible , wrong major , too late to change out for next semester , not doing good in school ",0.2581912875175476
3167,"The language used in the premise indicates a feeling of alienation, worthlessness, and a sense of not being understood or cared for. The person expresses deep feelings of loneliness, isolation, and the belief that they are burdening others with their struggles. These thoughts are characteristic of alienation-related stress.","sick of this , feeling useless and alone , never being happy , sick of lying , feel drained , no point on carrying on ",0.3947228193283081
3168,"The individual expresses feelings of tiredness, loss of joy, and describes a difficult and traumatic upbringing. These experiences have led to alienation from personal hobbies and relationships. The mention of dysfunctional family dynamics, substance abuse, violence, and personal trauma all contribute to a sense of disconnection and alienation from society and oneself.","alcholic dad , often lies , borrowing money , mom drinks alot ,parents often don't have money to get food , she had lot of overdose , ",0.41770052909851074
3169,"The person is experiencing feelings of alienation and a sense of insignificance compared to others on the platform. They express fear that their issues may not be as significant as others'. This feeling of inadequacy and disconnection can contribute to the person feeling down and experiencing suicidal thoughts. The doubts about their friend's care demonstrate a sense of alienation and a lack of self-worth, which can further exacerbate their mental state","feeling very down , ",0.3479689359664917
3170,"The person is feeling alienated from things they used to enjoy, finding life in general to be overwhelming and unenjoyable. This feeling of detachment and disconnection from once pleasurable activities and the world around them indicates alienation-related stress.","sleep seems awful , awake seems awful , comfort food are awful ",0.2644188106060028
3171,"The person is expressing feelings of shyness and difficulty socializing, which indicates a sense of isolation and alienation from peers. This could be due to various factors such as lack of social skills, fear of judgement, or difficulty connecting with others in a social setting.",don't know how to socialize anymore,0.3741088807582855
3172,"The person expresses feelings of worthlessness, sadness, and alienation, mentioning that the subreddit makes them feel sad and that they do not feel worthy of taking up energy or time from others. They also talk about feeling alone forever and having a sinking darkness in their chest, indicating a sense of alienation and disconnect from others.","easier on my family and friends , boyfriends dosen't love enough , bother to help when i am down , don't feel worthy of taking up my energy or my friends",0.2361050248146057
3173,"The person is expressing feelings of hopelessness, worthlessness, and a lack of self-worth, which are common signs of relationship-related stress. The individual's struggle to communicate openly with their mother about the severity of their depression, fear of not being understood, embarrassment, and feeling undeserving of help indicate underlying issues in their relationship with their mother, contributing to their distress.","she thinks mine is mild like her was , so embarrassed to tell anyone",0.2395949363708496
3174,"The author is struggling with a severe depression relapse and undergoing medication changes under the supervision of a psychiatrist. The mention of not being interested in doing anything, not eating, and spending most of the time in bed indicate a significant impact on the mental health due to medication-related stress. The positive incident with the dog farting on the author's foot leading to laughter and a shift in mood highlights the potential side effects or adjustments related to the new medication, which may have contributed to the current mental state.","just not intrested in doing anything , ",0.1992645263671875
3175,"The person is experiencing relationship-related stress due to the complex and emotionally challenging situation with the girl they have feelings for. The long history of unrequited love, mixed signals, and eventual separation has caused a significant emotional toll, leading to feelings of loss, self-blame, and hopelessness. This ongoing internal struggle and the longing to reconnect with the person despite the fear of causing further hurt indicate a deep emotional distress related to the relationship.","majoy crush on her , her pushing me away , emotional guy , scared of losing her , just kept pushing her away , ",0.4114656150341034
3176,"The writer expresses concerns about their mental illness and mentions using xanies (commonly known as Xanax, a medication used to treat anxiety and panic disorders). They fear that taking drugs may worsen their low functioning state, indicating a deep anxiety and distress related to medication. This suggests the primary stress is related to medication and its effects on their mental health.","can't even handle a ft job , low functioning , remotely security , property , prosperity , family",0.05477645620703697
3177,"The person expresses feelings of sadness, anger, and stress, along with a sense of hopelessness and the belief that there is nothing much to do. They also mention feeling better at the thought of ending everything, indicating a sense of detachment and disconnection from their current situation. This suggests that the person is experiencing alienation-related stress, feeling isolated, misunderstood, and disconnected from the world around them.","continuehomless in college , stressed all the time , ",0.3344232141971588
3178,"The person expressed feeling hurt and drained by disappointment from interactions with others, leading them to prefer self-isolation as a way to protect themselves from further emotional distress. This sense of disconnection and disillusionment with people around them suggests alienation as the underlying mental state.",self isolating protects me from the disappointment  ,0.5595245361328125
3179,"The person expresses feelings of being lost, lacking direction, and struggling to find satisfaction in daily activities. They mention difficulty maintaining interest in hobbies, lack of motivation for creative endeavors, and ultimately resorting to unhealthy coping mechanisms like masturbation. These feelings of alienation and disconnect from activities and goals in life are indicative of alienation-related stress.","getting harder , feel so lost , no direction ,  have no hobbies , satisfaction is masturbation ",0.6559332609176636
3180,"The premise suggests a desire for conflict and verbal abuse, indicating a potential bias or abuse related stress. The person may be seeking validation or release by engaging in harmful behaviors.",wish hasd a person to have a big argument with ,0.2631353735923767
3181,"The mention of planning to overdose with medication, particularly tramadol hydrochloride, indicates a focus on medication-related stress. The person seems to be experiencing distress and seeking information on methods that they perceive as quick and peaceful, suggesting a reliance on medication to cope with their situation.","don't know overdose are successful , planing over overdosing with tramadol hyperchloride",0.7954534292221069
3182,"The person who wrote the premise is experiencing feelings of alienation and detachment. The inner dialogue and emotions expressed indicate a sense of disconnection from themselves, their emotions, and their actions. They mention feeling numb, not understanding their own feelings, expressing desires to die, and struggling with self-hatred. These are all common indicators of alienation-related stress, where the individual feels isolated and separated from the world around them, including their relationships with others.","you acted as if you loved me , lies to my friends , felt for each other , you never found how i really felt ",0.33192121982574463
3183,"The language used in the premise indicates a sense of alienation and disconnection from societal norms. The mention of seeking the easiest and quickest way to end one's life, while also expressing reluctance towards the traditional method of jumping off a building due to social factors, suggests feelings of being isolated and disconnected from social interactions.",social akwardness,0.38020801544189453
3184,"The person is expressing feelings of alienation, worthlessness, and a lack of connection with others. They describe a sense of not being understood or cared for by people around them, leading to a deep feeling of isolation and despair.","no friends broken family , rough breakups ",0.25775885581970215
3185,"The premise indicates a strong presence of bias or abuse related stress throughout the person's life journey. The individual has faced challenges and negative experiences such as self-image issues, self-harm, suicidal thoughts, being labeled as lazy and selfish, lack of support from teachers and family, and a sense of isolation. These experiences have led to feelings of worthlessness, despair, and a desire to not live anymore. The continuous lack of positive reinforcement and understanding from those around her has contributed to the deterioration of her mental state, making her experience significant emotional distress and disconnection from life.","kind of lazy , cheeks are chubbier , legs are thicker , belly sticking out ",0.12331128865480423
3186,"The person expresses feelings of alienation from society, friends, and family. They feel lost, lack confidence, and have little social interaction, leading to a sense of detachment and isolation. These feelings are consistent with alienation-related stress.","no confidence , social anxiety , feel lost , am embarrssed",0.41074511408805847
3187,"The person's mental state seems to be primarily driven by feelings of alienation. They express deep shame and embarrassment about their problems, particularly regarding their persistent bad breath issue. The individual's sense of isolation is evident in their struggle to open up to doctors and their fear of being judged or dismissed. The pervasive feeling of being unable to interact with others due to their condition highlights a profound sense of alienation from society and a desire for acceptance and normalcy.","loneliness , feeling of wanting to end , ashamed of problems , bad breath , just want to interact with pepole",0.5521129369735718
3188,"The person's mention of contemplating suicide and taking previous steps to address their mental health, including therapy and reaching out to support resources, indicates that they are in a medication-related stress state. The mentions of fixing the diet, stable exercise routine, and contacting the suicide hotline suggest a proactive approach but the persistent thoughts of suicide and the detailed considerations around the method and aftermath require urgent professional intervention related to medication management and mental health support.","fixed my diet , created stable excercise routine ",0.16453081369400024
3189,"The person has gone through a significant transformation from feeling hopeless and contemplating suicide to now finding joy and meaning in life. They have achieved personal growth, success in education and career, meaningful relationships, and overall gratitude for life. This positive outlook and gratitude indicate a good mental state.",im gay ,0.0606326088309288
3190,"The person expresses feelings of being useless, dumb, and undeserving of life, indicating a sense of alienation and isolation. They also mention a fear of being seen as uninteresting and eventually abandoned by their friends, boyfriend, and dad, highlighting a deep-seated fear of rejection and disconnection from others. The repeated thoughts of suicide and the struggle to act on these thoughts suggest a profound sense of alienation and emotional distress, leading to feelings of being trapped in self-destructive patterns.","usless and dumb , deserve nothing , drowning in my own destruction , ",0.29059404134750366
3191,"The person's description of struggling with mental health issues for over 13 years, unsuccessfully trying various therapies and medications, and feeling that suicidal thoughts always win, indicates a state of stress related to medication. The frustration with the inability of prescriptions to make the thoughts go away, combined with the fear of seeking help due to financial burdens and past experiences with hospitalizations, points towards a strong focus on medication-related stress as the primary issue.","debt with medical bills , cannot afford another useless admission , don't even have willpower to go to work anymore , boss will fire me , bankrupt them while profiting off thier health insurance",0.35728681087493896
3192,"The person seems to be feeling alienated and helpless, as they are living abroad and unable to provide adequate support to their friend who is struggling with depression. The distance and limitations in their ability to help may be causing a sense of alienation and helplessness in this situation.","feel useless , helpless ",0.33980247378349304
3193,The individual's attitude towards medication indicates a lack of concern for their prescribed regimen. This disregard for the recommended dosage and potential consequences suggests a high level of stress and apathy towards their mental health and well-being.,nothing feels good ,0.13079406321048737
3194,"The person seems to be dealing with significant family relationship issues and feeling overwhelmed by the negative interactions at home. The conflicts with the father, feeling misunderstood and unsupported, and considering extreme actions like self-harm or revenge against a family member all point towards relationship-related stress.","broke crap , money problems ",0.17184758186340332
3195,"The feeling of having no one can lead to a sense of alienation and loneliness, which in turn can cause emotional distress.",have no one,0.41596996784210205
3196,"The person has experienced bullying at school, assault as a teenager, and emotional manipulation by a girlfriend. These traumatic experiences have resulted in PTSD, nightmares, and feelings of unsafety, which are all indicative of relationship-related stress. The person's struggles with enjoying life, sexuality, and envisioning a future, as well as inefficiency at work and constant tiredness, further support the categorization of relationship-related stress.","bullied at school , assaulted while teenager , unsafe all the time , lying about safety , can't enjoy my sexuality",0.5313365459442139
3197,"The person expresses feelings of alienation, loneliness, worthlessness, and negative self-esteem throughout the premise. They mention that they have no one else to talk to, feel tired of being themselves, and express a sense of doom and perpetual loneliness. This indicates a state of alienation and disconnection from others and themselves.","faking confidence , tired of faking happiness , tried of being mew , complaining beacuse i have no one else ",0.3171986937522888
3198,"The person expresses feelings of alienation and invisibility, highlighted by the discrepancy in how their struggles are ignored compared to more popular individuals. The sense of isolation is further emphasized by the inability to find understanding or support when attempting to open up to others, leading to a feeling of being disconnected and alone in their struggles.","i baerly talk , no one seems to notice , i try no one understand",0.3134894371032715
3199,"The writer's experience of feeling misunderstood and neglected by their parents, especially during a time when they were struggling with depression, indicates relationship-related stress. The writer expresses a sense of being labeled as lazy or quiet without their parents taking the time to understand the underlying reasons for their behavior. This lack of communication and support from their parents during a vulnerable period in their life has had a lasting impact on their self-perception and emotional well-being.","didint parents sit down an talk to me , step dad , wrong in me",0.3578115999698639
3200,"The mention of mental illness, depression, and anxiety suggests that the person is going through a difficult time related to medication. The constant struggle, feeling tired of fighting demons in the head, and the wish to give up indicate a deep level of distress and a need for help managing the mental health issues.","mental illness , so tired of facking , anxiety is back ",0.5386624336242676
3201,"The premise indicates frustration and disappointment towards family members for failing to keep promises, which suggests relationship-related stress.",its my family's fault  and they refuse to keep promises,0.5711203813552856
3202,"The person expresses a sense of regret and longing for the camaraderie and support that come with being part of a sports team, highlighting a feeling of being left out or disconnected. This sense of alienation is further emphasized by the comparison of their current unhealthy state to the physical activity they wish they had engaged in earlier in life.","pain of losing ,  the trash talk",0.3716329336166382
3203,"The feelings of not knowing what to do, likening oneself to a piece of art depicting intense emotional distress, and expressing the need for someone to talk to indicate a sense of alienation and disconnection from others. The person might be feeling isolated, lonely, and in need of social support and connection.",really need someone to talk to,0.14798222482204437
3204,The person's description of feeling less extreme emotions and longing for the depth and intensity of emotions they experienced before recovering from depression indicates a concern related to medication. This could suggest that the individual may be experiencing side effects or uncertainties about the impact of their medication on their emotional state. The fear of the current state being a facade and the apprehension of potential relapse further support the likelihood of medication-related stress.,"conflict of fear , feel so stupid , sound insane ",0.383104145526886
3205,"The person seems to be feeling alienated and disconnected from their surroundings, as they express feelings of not belonging and feeling inadequate compared to others. This sense of isolation and despair can lead to thoughts of self-harm or suicide, as indicated by the desire to jump from the 4th floor.","toxic classmates , hate myself",0.317501962184906
3206,"The individual mentions taking Xanax to calm themselves down, indicating medication being involved in managing their anxiety. The fear of being alone and past traumatic memories contributing to their current state suggest a medication-related stress.","alone, extremly lonely and scared , bad memories",0.2554326057434082
3207,"The person who wrote this premise seems to be experiencing extreme feelings of alienation and isolation. They have expressed a deep sense of worthlessness, loneliness, and hopelessness, highlighting their lack of connection with others, their struggles with relationships, and their overall feeling of being utterly alone in the world. These feelings of alienation and isolation are pervasive throughout the text, indicating a profound emotional distress stemming from a sense of disconnection from society and the world around them.","disability morbidly , can't lose weight , falling part , ",0.08407464623451233
3208,"The person expresses feelings of alienation, hopelessness, and frustration with life. They feel disconnected from others and trapped in a state of despair. They also mention concerns about being judged and causing harm to others if they were to act on their thoughts. These are indicative of alienation-related stress and feelings of being in a living purgatory.","feel sick of living , ",0.4430302083492279
3209,"The person is experiencing feelings of loneliness, rejection, and alienation, as they describe never feeling accepted or part of any social groups or relationships. They express a deep sense of not belonging and missing out on typical social experiences which is indicative of alienation-related stress.","never had a best friend , never been part of friend group , never felt accepted , never had sex , never compliment me ",0.28952816128730774
3210,"The person expresses feelings of alienation, confusion, and lack of control in various aspects of their life, such as career, health, and relationship. They feel disconnected from their goals and aspirations, and the changes happening around them, like their boyfriend coming out as bisexual and drifting apart, contribute to their sense of alienation and disorientation.","don't know what is going in my relationship , wrong with me  ",0.27773135900497437
3211,"The person expresses feelings of alienation and a sense of being cursed with bad luck. They mention feeling constantly overwhelmed by negative events, both small and big, that make them question the worth of living. This sense of ongoing bad luck and feeling disconnected from positive outcomes aligns with the category of alienation related stress.","believer, bad, worst, mental illness, bad luck, worth, karma, cursed, feeling,",0.4520106315612793
3212,The language used in the premise suggests feelings of self-disgust and extreme self-alienation. The individual seems to be struggling with a strong sense of self-revulsion and a desire to physically harm themselves due to the negative perception they have of themselves.,"can't look at myself , tear my face off ",0.38290074467658997
3213,"The premise reflects feelings of alienation and disconnection from others due to excessive self-consciousness. The person seems to be struggling with the idea of how they perceive themselves versus how others perceive them, which can lead to feelings of isolation and alienation.","concerned with my image ,, this is kind of real hormones and these produce pheromones",0.09464762359857559
3214,"The person's feelings of guilt and self-harm behavior, as well as the impact on their relationship with their boyfriend, suggest relationship-related stress. The mention of constantly hurting people without realizing it and not wanting to live anymore due to feeling like a burden on others aligns with the strained emotions and guilt often associated with relationship-related stress.","boyfriend found out , hurting pepole without realizing",0.49678924679756165
3215,"The individual is still on medication and seeing a therapist, indicating ongoing struggles with mental health issues despite efforts to seek help. The feeling of being lazy and inability to perform basic tasks could be associated with medication-related stress, where the individual may be questioning the effectiveness of their treatment and dealing with side effects that impact their daily functioning.","i am just giving myself excuses of not doing work, i am skipping classes and work , i get myself to focus and get out of bed",0.4172190725803375
3216,"The person seems to be stressed about their career growth and the evaluation process in their field. They are expressing frustration about not being able to progress despite putting in effort, indicating a job and career related stress.","I'll study I'll prepare and everytime I'll come short of a positive outcome , Wish they had other ways of evaluating what we are capable of",0.27721741795539856
3217,"The person's mental state appears to be heavily impacted by the traumatic experience of being assaulted by their ex-boyfriend. The feelings of alienation are evident in their statement that no one wants to be around them or that they feel like there's no one they can talk to. Additionally, the fear of being judged or misunderstood by loved ones further isolates them. The person's thoughts of suicide and previous suicide attempts indicate a deep sense of hopelessness and despair, which are common outcomes of experiencing trauma and feeling unsupported.","I was assaulted by my then ex-boyfriend , he raped me , My relationships are falling apart because Iam not acting like myself anymore and no one wants to be around me , i just want to be alone, ",0.3996797502040863
3218,"The person is showing signs of relationship-related stress. The individual is deeply hurt and longing for the happiness and connection experienced in the past relationship. They express feelings of missing their ex-girlfriend, reminiscing about the good times, and regretting not addressing concerns in the relationship. The mention of future plans, wanting to get married, and the longing for a redo indicate a strong emotional attachment and distress related to the ended relationship."," She wanted to be angry with me that day, she was walking towards me about to explode ,  I just miss her so much , We both wanted to get married",0.3331104815006256
3219,"The person is expressing feelings of alienation, loneliness, and not fitting in with their friend group. They also mention feeling disconnected from their parents and losing faith in God, indicating a sense of isolation and being disconnected from their surroundings."," I‚Äôm tired of feeling empty on the inside , ",0.23797258734703064
3220,"The person is experiencing symptoms of depression and mentions not having finances to go to the hospital, indicating medication related stressed. The mention of feeling numb and thoughts of death also align with mental health issues that are often addressed with medication.","i was feeling more numb than depressed when i attempted, i think about death and dying still very fequently",0.592083215713501
3221,"The person expresses feelings of alienation and disconnect in multiple aspects of their life - at school, with classmates, within their family dynamics, and even internally with their own sense of identity and values. The lack of connection with others and the feeling of not belonging or being understood contribute to their overall sense of despair and hopelessness. These feelings of alienation are likely contributing to their depressive state of mind and the thoughts of self-harm. The person also struggles to find motivation and purpose in their current circumstances, which further indicates a deep sense of alienation and disconnection from their environment.","school killed my passion, I dont wanted to do with a shit ton of work and almost no free time to myself , I want to change schools , take a gap year, but I am unable to do that due to financial reasons",0.17679131031036377
3222,"The person is experiencing depression, weight loss, and past suicide attempts, indicating a worsening mental health condition. However, when they try to talk about it, their concerns are minimized, dismissed, or met with misunderstandings by their loved ones. This lack of understanding and support from friends and family, like being told they are 'not really sad' or getting responses like 'are you on drugs again,' contributes to the person feeling isolated and unable to express their emotions. Additionally, the mention of a therapist mom and worried parents suggests a complex dynamic where the person may feel pressured or misunderstood when discussing their mental health, leading to heightened stress and a sense of alienation in seeking help.",i dont like to complain and so i don't talk about my depression a lot to my friends and loved ones ,0.42455586791038513
3223,"The person expresses feelings of being left out by their friends, feeling disconnected and excluded from social gatherings. They mention feeling at the edge, exhausted, and wanting to go to sleep, which indicates a sense of alienation and loneliness. Additionally, the thoughts about not being able to get better despite thinking that friends might help point towards a deeper sense of isolation and detachment from others.","just been lying myself , exhausted at this time , hate it",0.20145869255065918
3224,"The person expresses a sense of hopelessness and detachment, believing that they are destined to be bored and lazy, indicating feelings of alienation and disconnection from life and purpose.","waste every single day , destined to be bored and lazy , won't have courage ",0.415250688791275
3225,"The person is feeling alienated and is expressing thoughts of hopelessness and worthlessness. They mention feeling that everyone hates them, which indicates a sense of disconnection from others.",everyone hates me,0.31070640683174133
3226,"The person is experiencing severe depression symptoms, including thoughts of self-harm and isolation, which indicate a need for immediate mental health intervention. The mention of suicide ideation and feelings of being selfish for wanting support suggests medication-related stress possibly as a result of inadequate treatment or side effects of medication.","isolating from all my friends , rarely answer texts , make up an excuse",0.2011294960975647
3227,"The person is experiencing severe symptoms of depression, anxiety, and suicidal thoughts despite being on medication such as fluoxetine and Zoloft, indicating medication-related stress. The individual's history of being diagnosed with depression and anxiety at a young age and undergoing various treatments that have not been effective further supports the categorization in this mental state. The mention of researching suicide methods also raises concerns about the efficacy of the current medication and treatment plan, leading to heightened medication-related stress.","diagnosed with anxiety when i was 17 ,  feel like i have nothing going for me in my life ",0.46043097972869873
3228,"The person expresses deep concerns and worries related to their past unhealthy relationship with their ex-wife, including fear of losing their daughter, concerns about their daughter's perception of them, and fear of being alone due to past relationship experiences. These relationship-related stresses and anxieties are prominent throughout the text, indicating a significant impact on the person's mental state.","i have no goals ar ambitions right now, i want to start a business but i am afraid of failure",0.004841549322009087
3229,"The person expresses a deep sense of alienation and existential despair, questioning the purpose and value of conforming to societal expectations such as pursuing a college education and a career. They express a lack of motivation and desire for existence, feeling disconnected and disinterested in the activities that others engage in, which are seen as boring and meaningless.",i am about tograduae and i feel 0 desire to go to college and finnd a career or anything,0.34053632616996765
3230,"The person's mention of struggling with depression, suicidal thoughts, trying various medications, and undergoing therapy indicates a state of mental distress related to medication. Despite multiple treatment methods, the individual expresses feeling no improvement in their condition, which has led to feelings of hopelessness and contemplating suicide.","nothing made me feel any better, ",0.19923412799835205
3231,"The language used in the premise suggests a deep level of distress and hopelessness, indicating a strong possibility of medication-related stress. The individual is experiencing intense emotional and physical pain, expressing thoughts of wanting to escape and contemplating extreme actions. These are common signs of someone who may be in need of psychiatric help and medication management to address their mental health struggles.","Every single breath hurts my body, its like I'm struggling to breathe , my whole body aches and iam constantly ttired, don't have energy to live anymore",0.25210943818092346
3232,"The person's intense feelings of depression, hopelessness, and passive suicidal thoughts indicate a deep mental health crisis, possibly exacerbated by a lack of effective coping mechanisms. The mention of trying journaling and meditation, as well as the desire for emotional support and comfort from others, suggests a struggle with managing their mental health. The person is desperate for help and intervention to alleviate their pain and suffering, but also expresses doubts about the effectiveness of external support. These complex emotions and the yearning for relief from emotional distress align with the struggles often associated with medication-related stress.","i am feeling very bad right now, i have suffering enough",0.3742283284664154
3233,"The use of Prozac, a medication, as the only thing between the person and suicide points towards medication-related stress. Additionally, the feelings of being miserable, mentioning suicide, and the overall negative outlook on life suggest a deep emotional struggle possibly exacerbated by or related to medication use."," I hate having to get up and waste my life just to keep myself fed , I'm so tired of being miserable and being pushed around like cattle",0.11956531554460526
3234,The premise reflects a relationship-related stress due to a toxic and unhealthy dynamic with the boyfriend. The person is feeling broken and struggling with the decision of whether to take back the toxic partner despite being aware of the negative impact on their well-being. This emotional turmoil and conflict in the relationship indicate a significant level of distress caused by the situation.,"i broke up with my toxic boyfriend today, ",0.5177863836288452
3235,"The person expresses feelings of worthlessness and a desire to be useful or meaningful by sacrificing themselves. This reflects a sense of alienation and disconnect from their own sense of self-worth, seeking validation and purpose through extreme measures like wanting to die in a heroic manner to feel valued.","i have been useless piece of shit , ",0.29022517800331116
3236,"The premise expresses strong emotions of hating to say goodbye and crying hard, indicating a relationship-related stress. The mention of not wanting to live to see the sun rise in the morning further adds to the notion of distress in a relationship.","hate say goodbye to her, i hate to cry this hard",0.48833727836608887
3237,"The person is experiencing deep sadness, confusion, and difficulty in processing emotions, especially related to the loss of their mother. They mention feeling anxious, stressed, and on the verge of tears all the time. The unresolved grief from losing their mother at a young age is impacting their mental state and relationships with others. This has led to feelings of alienation, as they mention that no one seems to understand the extent of their grief. The person is also finding it hard to sleep and constantly overthinking, indicating a significant emotional turmoil related to their past experience.","my mum died a couple of years ago when I was 13 and I never had time to fully grieve , I miss her so so much all the time and no one seems to understand why considering it happened so long ago.",0.4785959720611572
3238,"The person expresses feelings of alienation by mentioning that they have been getting progressively worse throughout the year, their social life is nonexistent, and friends are drifting away. However, they find solace and fulfillment in playing a game, suggesting a sense of detachment from their real life and finding escape and purpose in the virtual world, indicating alienation-related stress."," I've found myself struggling to hold onto friends that are drifting away from me , ",0.4081575870513916
3239,The mention of constantly living with the fear of getting cancer and the regret over past unhealthy habits such as smoking heavily and unhealthy eating habits indicate a significant amount of stress related to medication and health concerns.,"smoke 5 spliffs and a pack of cigarettes per day and only eat garbage , I now constantly live with the fear of getting cancer , I now constantly live with the fear of getting cancer",0.5920597314834595
3240,"The person is experiencing feelings of loneliness despite being physically surrounded by friends and people. This sense of alienation and disconnection is causing them to feel down and affecting their physical health, leading to symptoms like headaches, coughs, and sore throats. The constant preoccupation with feelings of loneliness is also impacting their sleep patterns and overall well-being."," i am physically getting ill, i don't move from the bed, i have headache,cough, sore throats , feel lonely, ",0.430087149143219
3241,"The person mentions feeling suicidal, having suicidal thoughts, and struggling with self-harm urges. These are serious mental health concerns that indicate a need for professional help and possibly medication. The individual also expresses frustration at feeling like they are regressing despite having worked through their depression previously. This pattern of deteriorating mental health despite past efforts can be a sign of medication-related stress or a need for intervention to adjust or reassess their current treatment plan.","i am frustrated because noyhing specifically happened to bring back, i am really struggling to see the lighht at the end, i have no intention on acting on it",0.07065295428037643
3242,"The person expresses feelings of being ugly, self-harming, socially awkward, undeserving of friends, and constantly blowing off social interactions to isolate themselves in bed. This indicates a sense of alienation and detachment from society and themselves, as well as a deep feeling of not belonging or fitting in. The repetition of feeling unfixable and facing the same problems over the years further highlights the profound sense of disconnect and despair that characterizes alienation-related stress.","i am ugly , i self harm , i am socially awkward freak . i don't deserve the few friends , i am constantly blowing them off to lay in bed all and do nothing",0.3883996605873108
3243,"The person is in a relationship-related stressed state because they are facing the consequences of their actions that have potentially damaged their future prospects and relationships with academic institutions and their own aspirations. They express feelings of self-sabotage and hopelessness, indicating a breakdown in their relationship with themselves and their goals. The mention of 'ruining own dreams' and feeling like they 'put the gun to their head' suggests a deep emotional turmoil related to personal failure and self-worth, which are common themes in relationship-related stress.","i don't have the spirit to fight anymore, i sabotaged myselg and now i've pretty much ruined any chance of getting into medical school",0.3017882704734802
3244,"The text mentions symptoms such as feeling lost, suicidal, and exhausted, as well as references to prescriptions and long-lasting side effects. These indicate a mental state related to medication stress and possibly a struggle with mental health issues.","lsd, lost suicide death, fake friends, ",0.30310726165771484
3245,"The premise reveals a deeply distressing situation where the person has faced abuse by their roommate. The mention of feeling scared and considering ending their life suggests a state of bias or abuse related stress, as the individual may be feeling overwhelmed, hopeless, and powerless in the face of trauma and violation.","my life is worth nothing, my roommate raped me and now i am scared of him, my bf broke up",0.5076013207435608
3246,"The person expresses feelings of emptiness and alienation despite having blessings and no history of being bullied. They mention crying themselves to sleep, feeling things getting worse, and having suicidal thoughts on a daily basis. They also feel burdened by the thought of sharing their struggles with others and express not living for themselves anymore. The sense of hopelessness, failed attempt at seeking support from a friend, and feeling doomed to hiding their true feelings indicate a deep sense of alienation from themselves and their surroundings.","i feel so hopelessly empty, i feel things geetting worse but honestly don't know what to do",0.3835548162460327
3247,"The person who wrote the premise is experiencing extreme feelings of isolation, loneliness, and alienation. They express a deep sense of disconnection from society and lack of social support. The individual's narrative reveals a profound sense of being cut off from others, both physically and emotionally. Their struggles with relationships, lack of familial support, and distance from friends all contribute to their overwhelming feelings of alienation. This profound alienation is a central theme in their description of their mental state.","live in broken poor city , little opportunity , can't afford to move away ",0.25074493885040283
3248,"The person expresses feelings of alienation, inadequacy, and a lack of trust towards their family members, particularly their parents. They feel disconnected from their siblings who are perceived as successful, while feeling stuck in a state of anxiety and exhaustion. The sense of not believing in their parents' reassurances of love and support further indicates an alienation-related stress.","my siblings are completely self successful and their straith path to be coming everything the world wants, but me,iam stuck in reverse, sitting at home too anxious or exhausted",0.41969573497772217
3249,"The person is experiencing a deep sense of sadness, possibly due to the emotional intensity of the situation with the unconscious patient. This sadness is affecting their mental state, but it is likely a natural reaction to the challenging circumstances they are facing in their role as a healthcare provider, rather than stemming from job-related stress, medication-related concerns, relationship issues, alienation, or bias/abuse.","had a patient who was unconsious due to a large spontaneous brain hemmorrhage, they didn't wake up at all, want them to wake up, be well agian",0.4450889825820923
3250,"The person's statement indicates feelings of alienation and disconnection from their life and the people around them. They seem to be contemplating leaving or even ending their life, which can stem from a sense of not belonging or feeling isolated from others.","get off of work, get home i thinks i am gonna dip, ",0.12617073953151703
3251,"The person seems to be struggling with the effectiveness of antidepressants and is concerned about not achieving an adequate response. This indicates a state of stress related to medication, specifically antidepressants.","an adequate response from antidepressants , sont feel as nauseous ",0.5330541133880615
3252,"The person expresses feelings of being stuck, feeling sad all the time, not liking themselves, feeling like a burden to everyone, and feeling alone. They mention feeling like no one cares and being fed up with themselves, indicating a sense of alienation from others. The individual also talks about trying hard to be a good friend without feeling the same support in return, which further reinforces the feeling of alienation.","i feel like i can't confide in my friends or family, i feel sad all the time, i just feel like a burden to everyone",0.3930307626724243
3253,"The person is experiencing relationship related stress as they feel betrayed and disappointed by someone they had built a certain level of trust and connection with. The situation of not getting their belongings back has led to feelings of resentment and general mistrust towards others, hence feeling like they shouldn't trust people in such ways and expressing hate towards the world.",shouldn't trust pepole that way ,0.22015982866287231
3254,"The premise indicates a relationship-related stress, specifically related to challenges in communication and trust between the individual and their partner who both experience depression. The mention of saying things they don't mean when sad and seeking therapy suggests underlying relationship issues due to mental health struggles, leading to feelings of sadness and difficulty in rebuilding trust. This situation is common in relationships where mental health conditions are present and can create strain, making it essential to work towards rebuilding trust through therapy and open communication.","we've been dating for 6month and it's really good relationship, ",0.2201138138771057
3255,"The premise highlights relationship-related stress, including feelings of regret, longing, and hesitation regarding an ended relationship. The writer expresses a desire to reach out to the ex-partner to offer understanding and closure, but fears causing further upset due to the ex-partner's sensitivity. These emotional complexities indicate that the individual is currently experiencing relationship-related stress.","i needed to gender transition, i",0.13976696133613586
3256,"The person is experiencing feelings of alienation and isolation, mentioning losing friends and feeling like they have lost their life. These sentiments indicate a sense of disconnection and social estrangement, leading to a state of alienation-related stress.","The stress, the boredom, anxiety, adhd, the feeling of not want to do anythinf at all, i lost my all friends i just dont know what to do now",0.3982982337474823
3257,"The premise indicates a deep sense of emotional turmoil and distress resulting from the parents' divorce, especially upon discovering infidelity. The mention of depression, failing grades, and suicidal thoughts are common signs of relationship-related stress. The need for a normal conversation also suggests a desire to temporarily escape from the current painful situation.","my parents got a divorce like in june, my whole life turned upside down, my dad has been cheated on my mom",0.4528348445892334
3258,"The person's statement indicates a sense of deep regret and guilt over actions that have negatively impacted their relationships, including with friends, crush, and mother. This reflects relationship-related stress.","my graages have plummeted, hurt mom to the point where she won't talk to me and i have disappointed myself",0.24653229117393494
3259,"The person is experiencing relationship-related stress, specifically related to their relationship with themselves. They feel immense pressure to perform academically, which has led to neglecting other aspects of their life that they value, such as their social life and extracurricular activities. The rejections from colleges and programs have likely added to their feelings of inadequacy and self-worth. The mention of suicidal impulses and self-deprecating language indicates a deep internal struggle and negative relationship with themselves. This internal conflict between moments of enjoyment and feelings of despair suggests a turbulent relationship with their own mental health.","it feels like  my life has been defined by the pressure to get good grades, i have been rejected to several  colleges/programs already",0.4671551585197449
3260,"The person seems to be dealing with relationship-related stress. The writer is expressing concern about their friend's depression and the difficulty she's having in opening up about her feelings. The fear of hurting or losing the relationship suggests an underlying tension or strain within their relationship, leading to the writer's confusion and desire to help.","she cannot talk to me easily , it's harder for her , it wont change anything between us , she says no ",0.17752188444137573
3261,"The mention of taking pills and seeking help indicates a medication-related stress. The person might be feeling overwhelmed with trying different medications and treatments that have not been effective, leading to a sense of tiredness and hopelessness.","tried of everything , tired of getting help , didn't work ",0.20882877707481384
3262,"The author of the premise is feeling alienated and disconnected from the traditional expectations and pressures of society, such as going to school, getting an education, finding a good job, paying taxes, and possibly getting married. They feel overwhelmed by the passage of time and the weight of these expectations on their life. Additionally, they express feelings of depression, reluctance towards medication, and concerns about how others perceive them, especially after a conflict with their friend. The mention of feeling like adults had hope for them in the past highlights a sense of lost potential or perceived failure. The author also references a friend experiencing suicidal thoughts and another friend talking about violence, indicating a sense of helplessness in the face of serious issues. The feelings of not being understood or seen by others, coupled with a plea for understanding and connection, point to a deep sense of alienation.","t her to forgive me , she came upfront , friend was gonna give him a gun , she's stressed",0.25532203912734985
3263,"The person shows signs of alienation related stress, feeling disconnected from their own value and purpose in life, questioning the meaning of their existence which may lead to thoughts of suicide. Encouraging others to find reasons to live suggests a deep sense of disconnection and lack of fulfillment in their own life.",not being worth it for me,0.20710130035877228
3264,"The person expressed feelings of loneliness and a lack of connection with others, which indicates a state of alienation-related stress. They mentioned not having many friends to talk to, feeling very lonely, and how this contributes to their depression. This sense of isolation and longing for connection suggests that they are experiencing significant distress related to feelings of alienation.","im very lonely , often very bad , if there is someone who wants to talk about anything i would love to",0.37377220392227173
3265,"The person is experiencing bias and abuse related stress due to the ongoing sexual abuse, verbal beratement, and physical bias by their father. The lack of support from their mother who is brainwashed further exacerbates this stress. The feeling of being stuck, the desperation for help, and the suicidal ideation are all indicative of the severe emotional distress caused by the traumatic experiences of abuse and bias.","father has been sexually abusing me , verbally berates me , physically bias , autism and physical disability",0.5539391040802002
3266,The person appears to be experiencing a strong sense of alienation and disconnect from the world around them. They express a deep disillusionment with humanity and a belief that the flaws in human existence are insurmountable. This feeling of being out of place and the belief that people are inherently flawed align with the characteristics of alienation-related stress.,"insufferable defect in humanity existance , incapable of better future ",0.4337073564529419
3267,"The writer is struggling with depression, anxiety, and possible bipolar disorder, as well as discussing the idea of taking medication and seeing a psychiatrist. The mention of feeling like any woman can and should do better than them, the fear of rejection, and the desire to overcome insecurities and societal stigmas related to being a virgin all point towards medication related stress. These mental health challenges are impacting their self-esteem, relationships, and decision-making process regarding dating, indicating a significant level of stress and uncertainty related to their mental health condition.","dealing depression and anxiety , i've been to therpy couple of time  , my insurance covered it all , have a bi-polar disorder , symptoms fall into the category",0.22151130437850952
3268,The person's current mental state indicates a sense of dissatisfaction and frustration regarding their therapy and the efficacy of the medication they have been taking for the past 2 years.,"been in therpy , just got worse",0.1494162678718567
3269,"The individual is feeling overwhelmed by their homework and inability to concentrate, which is leading them to doubt their ability to handle future job responsibilities. The mention of feeling better temporarily when avoiding tasks and then feeling overwhelmed again once the problems resurface indicates a cycle of stress commonly experienced in jobs and careers.","no plan , homework is buliding up , cant concentrate to do at home or at school ",0.4639749825000763
3270,"The person expresses feelings of emptiness, pointlessness, and a persistent search for something missing in life, which are all indicative of alienation-related stress. They mention losing interest in things they used to be passionate about, feeling unsatisfied and disappointed in themselves, and finding life to be a chore. Additionally, the individual feels disconnected from their studies and expresses a fear of disappointing their parents. These are all classic signs of alienation from oneself, others, and society.","lost intrest in everything , used to be passionate before , can't seem to enojy or appreciate anything in life ,feeling empty anf pointless ",0.5150719881057739
3271,"The person is experiencing alienation related stress as they are feeling overwhelmed and saddened by the pain and suffering in the world. They express a sense of disconnect or alienation from the world due to the magnitude of suffering they see around them, which is leading to their feelings of sadness and general depression.","so much pain in the world , feel sad , of course anxious about my personal life ",0.5818178653717041
3272,"The language used suggests a feeling of alienation and disconnect from society, highlighting a sense of being left behind or not fitting in. The individual feels isolated and detached, which falls under the category of alienation related stress.","homeschool . only subjects that im where i should be in are maths and history , i don't even know basic grammar",-0.02707391418516636
3273,"The person who wrote the premise is experiencing significant stress and frustration related to their career in the army. The feelings of failure, disappointment, and pressure to perform academically in the army's job training (AIT) indicate a high level of job-related stress. The fact that the individual is a holdover, feeling like they contribute nothing and are stuck in a state of limbo, further emphasizes the impact of career-related challenges on their mental state. Additionally, the mention of being an academic fail out and facing the possibility of being kicked out of the army reflects the intense career-related pressure they are under. These job-related stressors are causing feelings of shame, sadness, and a sense of being lost, as illustrated by the analogy of walking from New York to California and ending up in Ohio. Overall, the person's narrative is dominated by the struggles and emotional toll of their military career, pointing towards a classification of C2: Jobs and careers related stressed.","obstacle course , academic fail , failed from thier training , watching my old friends earn , job academic difficulty",0.3796018362045288
3274,"The person is feeling alienated and disconnected from their friends, experiencing negativity from those closest to them. They express a desire to have fun in life at a young age, but feel overwhelmed by thoughts of death and the afterlife. This sense of existential questioning and lack of support from friends indicate feelings of alienation and disconnection.","I don't even care to experience homeschool anymore
I am just trying to go to college.",0.09094632416963577
3275,"The mention of battling depression, attempting suicide, and being on medication indicates a mental state related to medication stress. The individual is expressing feelings of hopelessness and struggling with the idea of getting their life back, despite being on medication that is supposed to be helping. This highlights a significant level of distress related to managing their mental health and the challenges they face in finding hope and escaping from the darkness they currently feel.","don't want to fall back into old habits , no hope of escape",0.26980137825012207
3276,"The person's language indicates feelings of extreme alienation and loneliness, expressing a sense of being trapped in their own head. They mention feeling isolated and hopeless about their situation, which suggests a state of alienation-related stress.","regret it , hopeless situation is , life so isolated , trapped in my own head ",0.39198562502861023
3277,"The person expresses feelings of alienation, loneliness, and a sense of not being understood or cared for by others. They feel disconnected and isolated, believing that nobody cares about them or their struggles. These feelings of alienation and lack of meaningful connections with others are prominent in their writing.","parents dosen't care , friends are sick of me , not even you guys care",0.15059302747249603
3278,"The mention of medication not working and resorting to self-harm indicates a state of distress related to medication. This could be due to a change in effectiveness, dosage, or side effects of the medication, which may have contributed to the feeling of hopelessness and impulsivity in the situation.","more stressed then usual , feel terrible , ",0.33328408002853394
3279,The person who wrote the premise seems to be experiencing a deep sense of alienation. They mention feeling like a narcissistic wife for being overwhelmed with their own stress while their husband is in the hospital. They also express a lack of friends to talk to and a feeling of isolation. This sense of disconnection and loneliness suggests that they are under alienation-related stress.,"unbale to work , not having health insurance ,  paying our bills ",0.21037393808364868
3280,"The individual's feelings of being conflicted between their own desires and the expectations of others, as well as seeking external validation and love, suggest relationship-related stress. This is further supported by the mention of feeling like a people pleaser all their life and struggling with self-hate and guilt for prioritizing their own feelings over others, indicating a significant internal struggle with relationships and personal identity.","hate who i am , selfish , i haven't done what i have wanted in my life , inauthentic",0.49683570861816406
3281,"The author's mental state seems to be predominantly influenced by relationship-related stress. They express feelings of guilt, regret, and pressure related to decisions they have made that have impacted their loved ones, particularly their mother. Additionally, the mention of self-harm as a coping mechanism indicates a profound emotional turmoil likely stemming from a sense of inadequacy in their relationships with others.","wrong decisions, inability, really oppresed, absurdly overwhelmed, isolated, stressful, feel exhausted, tired",0.405930757522583
3282,"The person expresses feelings of extreme loneliness, lack of purpose, and a sense of disconnection from others and the world around them. They mention having no friends, no close relatives, no romantic partner, and feeling like they have no skills or dreams. This sense of social isolation and hopelessness is a key indicator of alienation-related stress.","no friends, no close relatives, no girl, no skills, no dreams, no nothing",0.4759088158607483
3283,"The person is expressing feelings of deep hopelessness, alienation, and emotional pain. They feel disconnected from the world and express a strong desire to escape their current state. The focus on the lack of love and the feeling of being surrounded by pain and suffering suggests a profound sense of alienation.","all i wanted wwas love , hard, can't bear it",0.19029003381729126
3284,"The person's extreme reaction of feeling like their world is going to end, shaking frantically, feeling mortified, throwing up, and self-harming by cutting their wrist, all suggest a heightened emotional state resulting from a breakdown in a significant relationship. The intense guilt, shame, and fear of losing their longest best friend at a young age indicate that the distress is primarily relationship-related.","she had still seen it , made a huge mistake , less my friend is in the wrong",0.1694851815700531
3285,"The use of words like 'break up,' 'lonely,' 'depressed,' 'still in love with my ex,' and 'hurts to be separated' indicates that the person is experiencing stress related to a recent relationship breakup. The mention of feeling lonely, depressed, and being in love with the ex suggests a deep emotional turmoil and a sense of loss, which are commonly associated with relationship-related stress.","break up , lonely and depressed , still in love with my ex , hurts to be seperated , annoying family",0.5958874225616455
3286,"The person expresses feelings of alienation, rejection, and hopelessness in various aspects of their life. They feel isolated from their family, society, and even their own body due to struggles with their gender identity. The constant misgendering, lack of support from family members, negative portrayal of transgender individuals in media, and past suicide attempts indicate a profound sense of alienation and despair. The person feels like they have nothing to live for, highlighting a deep emotional and psychological distress related to feelings of disconnection and isolation.","trans guy , distarged me , hate my body , enough testosterone , make my voice little deepe , transphobic",0.47493308782577515
3287,"The person's feelings of being poor, having no family or car, being in debt, and experiencing frustrations and bitterness in different aspects of life indicate a sense of alienation from society and their surroundings. This alienation is leading to feelings of desperation and a desire to make everything stop.","been poor , no car , no family , tons of debt , shit credit m frustrated by work , fun just agitates me , cant even find my field ",0.4492594599723816
3288,"The individual is experiencing extreme distress in multiple aspects of their life, including school, family relationships, and romantic relationships. The feeling of being betrayed by family members, having unrequited feelings for someone close, and the lack of support from their parents have all contributed to their state of distress. Additionally, the person's interests and hobbies, which previously brought them joy, are also no longer fulfilling. This combination of overwhelming negative experiences in personal relationships indicate a relationship-related stress.","horrible grades , loan , career ",0.30446240305900574
3289,The mention of suicide and feelings of inadequacy suggest that the person is experiencing deep emotional distress that may require medication for mental health treatment.,"not hopeful enough , unbearable ",0.21649250388145447
3290,"The person expresses significant stress and emotional turmoil related to their romantic relationship. The breakup with their partner, especially while being overseas, has had a severe impact on their mental state and well-being. This emotional distress has even led to them dropping out of medical school. The mention of feeling unable to see themselves living past a certain age and welcoming death with open hands indicates a deep sense of hopelessness and despair, characteristic of relationship-related stress.","same loop of applying for work , didn't feel tiresome , drop out of med school ",0.2784695029258728
3291,"The person expresses feelings of alienation and isolation, indicating a sense of disconnection from life, people, and their surroundings. They feel like they have nothing and no one, and prefer death over their current state of being. This suggests they are experiencing alienation-related stress.","all i do is keep screwing up , ",-0.029786230996251106
3292,"The person expresses feelings of alienation and disillusionment with the way people treat them, indicating a sense of disconnection or isolation from others. They mention feeling like the 'bad guy' even though they believe they were not at fault, which reflects a feeling of being misunderstood or unfairly judged by others. The overall tone suggests a deep sense of disappointment and resignation towards the lack of reciprocity in relationships, leading to a feeling of not being cared for by the world around them.","pepole will treate you like shit regardless , done trying to be good to pepole who aren't good to me ",0.2733111083507538
3293,"The person appears to be experiencing alienation related stress. The feeling of being disliked and labeled as a loser, along with the belief that life is better if they were dead, indicates a deep sense of isolation and disconnect from others, leading to feelings of alienation and despair.","ugly , always sad , can't do anything about it",0.2910025119781494
3294,The mention of self-harm and suicidal thoughts indicates feelings of alienation and a sense of deep emotional distress.,throw magnum in my head ,0.04977145791053772
3295,"The feelings of inner death and acceptance of dying could indicate relationship-related stress, such as feeling disconnected or unfulfilled in personal relationships or experiencing a loss of emotional connection with others.",feels like inner me had just died ,0.520331084728241
3296,"The person expresses feelings of isolation, despising people, and longing for change in their situation. These emotions indicate a sense of alienation and disconnection from others, leading to feelings of hopelessness and a desperate need for change in their social interactions.","been isolated , hating all other humans , everyone feels the same , lise is just pathetic",0.3534630537033081
3297,"The author of the premise is experiencing feelings of alienation and disconnection, as indicated by themes of a dysfunctional and toxic family environment. The author's narrative reveals a deep sense of being disconnected from their family, especially their father, who is portrayed as a negative and toxic influence in their life. This alienation is further highlighted by the lack of healthy relationships and the struggles in forming meaningful connections with others. The author's description of feeling like a 'lost soul' and being surrounded by dark forces underscores a profound sense of isolation and disconnection. These feelings of alienation and the belief that they are not meant to exist indicate a deep psychological distress that stems from the author's experiences within their family dynamic.","dad is immigrant , no siblings , dad wanted me to do as a way to live out his dreams through me vicariously",0.39553385972976685
3298,"The person is expressing feelings of loneliness, isolation, worthlessness, and alienation. They mention not having real friends and feeling unwanted by others despite trying to be nice and approachable. They also reveal engaging in self-harm as a way to cope with their emotional pain. These experiences indicate a sense of alienation and disconnection from others, leading to feelings of despair and hopelessness.","loneliness and isolation no one likes me , try to be approchable ",0.4477360248565674
3299,"The premise indicates a deep sense of alienation and disconnection from society. The person feels weak, small, disrespected, abandoned, and aggressive towards others. They express a preference for solitude, loss of interest in activities, and a focus on dark themes like gore and violence. These feelings of isolation and hopelessness suggest an alienation-related stress.","am a weak and small person , am treated like shit , abandon by society , aggressive to pepole , constantly disrespect and hurt me , hopeless one , ",0.38451340794563293
3300,"The person expresses feelings of alienation and discontent with existence on Earth, indicating a sense of disconnect or detachment from their surroundings. The mention of being tired of existing and feeling unbearable stress suggests a state of alienation-related stress.","sister moved in with my  for university , mother",0.04707122594118118
3301,"The language used in the premise indicates feelings of alienation, worthlessness, and a sense of not belonging. The person expresses a deep sense of disconnection from others and society, feeling like they are a nobody and that their existence does not matter. These thoughts of being worthless and unimportant can stem from an underlying sense of alienation and not fitting in with others, leading to a desire to escape or disappear. The person's negative self-perception and desire to be blamed for their death further point towards an alienation-related stress.","im nothing , worthless and nobody , cried with pain and satisfaction ",0.4220621883869171
3302,"The person mentions dealing with depression and anxiety for a number of years, indicating a long-term struggle with mental health. The mention of self-hatred growing rapidly suggests a worsening mental state, which may require medication to manage. The recent breakup with the ex-girlfriend could have exacerbated the situation, leading to a high level of stress and need for additional support.",ex girlfriend broke up ,0.46197980642318726
3303,"The person is expressing feelings of devastation, numbness, self-pity, and thoughts of self-harm, including cutting themselves and planning to consume medication. These behaviors and emotions indicate a deep level of distress and may suggest a reliance on or contemplation of medication to cope with their overwhelming emotions. The person also mentions previous suicidal attempts, further highlighting the severity of their mental state related to medication and the need for urgent intervention.","best friend is no longer supportive , family parents at home are shit , have no real friends who cares , in a LDR",0.16069522500038147
3304,"The person's state of mind seems to be heavily influenced by feelings of loneliness, despite having friends and a previous girlfriend. The belief that having a girlfriend did not alleviate the loneliness suggests deeper relationship-related issues. The sense of feeling undeserving of happiness and the perception that everything is going bad because of their own perceived faults are indicators of relationship-related stress. Additionally, the person's isolation and struggle to interact with others further point towards relationship-related stress as a significant factor in their mental state.","major depressive diorder , obessive complusive behavior , generalized anxiety , mental problems",0.40515509247779846
3305,The person's mention of seeking therapy for severe depression and inability to afford further sessions indicates stress related to medication and mental health treatment costs.,cannot afford to keep going ,0.2710394561290741
3306,"The person's writing expresses feelings of loneliness, feeling unlovable, and a disconnect in perceived value between friends and potential partners. This indicates relationship-related stress, particularly related to self-worth and romantic relationships.","painfully alone , feel so unloveable",0.3518224358558655
3307,The use of phrases like 'go to all the therapy and the assessments' and 'I have every wish I've ever prayed for now and I still feel numb' suggests the individual may be experiencing mental health struggles that they are trying to address through therapy and other means. The mention of feelings of numbness and lack of happiness also indicate a potential need for medication-related support.,"get another job , feel numb , earn as much money as possible",0.37336820363998413
3308,"The person expresses feelings of being isolated from their family, lacking friends, experiencing instability in jobs, and losing enjoyment in life. These feelings of loneliness, lack of support, and overall disconnection from others suggest an alienation from society and relationships, which is causing significant distress.","no college degree , had 7 jobs in last 3 years ",0.14083831012248993
3309,"The language and descriptions used in the premise suggest a deep sense of self-hatred, self-loathing, and a desire to inflict pain on others. The mention of feeling like a vile person, having a constant state of rage, and the thought of hurting others indicate a mindset influenced by bias, self-destructive tendencies, and potential abuse. It's crucial for the individual to seek help and support to address these intense emotions and thoughts.","always worried , everday anxiety , constant panic attack , inflict pain on others",0.2829563319683075
3310,"The person has mentioned their mother relies on medication and drugs, which may indicate medication-related stress. They also express feelings of exhaustion and thoughts of giving up, which are common indicators of mental distress related to medication use and its impact on relationships.","mom relies on marijuana , she takes her frustrations out on me ",0.5337032079696655
3311,"The person exhibits feelings of alienation and disconnect from others, as evident from phrases like 'every interaction feels fake', 'don't have many friends', 'hide away from people' and 'conscious of everything'. There is a sense of not belonging and being seen as inadequate or fake in social situations. This alienation from others and the self is causing distress and a struggle to be authentic, leading to a constant internal battle and feelings of exhaustion. The person's focus on self-improvement and information-seeking on the subject of authenticity further attests to the deep-rooted sense of alienation and search for validation or connection outside of oneself. Seeking suggestions or relating to others suggests a desire for connection and understanding amidst feelings of alienation.","every interaction feels fake , no interset in starting hobby , just a constant your not good enough , ",0.47221478819847107
3312,"The person seems to be happy about dropping out, which could indicate a relief from a stressful situation. However, the mention of having more things to worry about after dropping out suggests that there might be relationship-related stress or issues associated with this decision.",droping out,0.5601546168327332
3313,"The language used in the premise suggests feelings of alienation and a sense of disconnect from reality. The individual expresses a strong desire for their current situation to change, indicating a deep sense of dissatisfaction and disillusionment with their current circumstances. This feeling of hopelessness and exhaustion points towards a mental state characterized by alienation and disconnection.","exahausted of everthing it wona't change , want to end it ",0.24249161779880524
3314,The detailed planning of suicide using a specific method and consideration of factors like unconsciousness and pain level suggests a deep state of distress and possibly a reliance on medication to cope with mental health issues. The individual's indecision and fear indicate internal conflict and emotional turmoil that may be influenced by their medication or treatment plan.,"hypothermia , uncosciouusness ,  problem ,endure",0.23103004693984985
3315,"The person displays feelings of alienation and self-hatred, questioning why they can support others but struggle to extend the same kindness to themselves.","serial killer sleep easily at night , hard to be nice to pepole , ",0.19396913051605225
3316,"The person is experiencing medication-related stress, as indicated by their struggle with suicidal thoughts and doubting their own ability to overcome their mental health issues. Their feelings of being a fraud and skepticism about their own future suggest a deep emotional struggle that may be connected to the challenges of managing their mental health condition.","helping pepole feel like fraud , helping those who are going through rough period ",0.41342487931251526
3317,"The person expresses feelings of alienation, worthlessness, and inadequacy. They feel disconnected from society, comparing themselves negatively to their siblings and deeming themselves a burden to their parents. These thoughts are driving them to contemplate suicide as a way to escape these overwhelming emotions, reflecting a deep sense of alienation and disconnection from others.","shitty degrre in translation , no job , such a disappointment , faliure , compared to my sister and brother , save money for the funeral",0.3561551570892334
3318,"The person is experiencing an overwhelming amount of family-related stressors, including serious illnesses, potential loss, and mental health issues within their immediate family. The feeling of not being supported by others despite trying to be there for everyone indicates a high level of relationship-related stress.","mom has terminal cancer , sister is extremly ill , lose her baby , mental health issues",0.39186593890190125
3319,"The person expresses feelings of alienation and lack of emotional support, indicating a sense of disconnection from others and their environment. This is further emphasized by the negative interactions described with their mother and the lack of response or discouragement to their ideas. The mention of struggling to open up and experiencing anxiety attacks also suggests a feeling of isolation and alienation in their current situation.","made gooogle sheet of how to kill ,",0.014709193259477615
3320,"The person's actions and emotions indicate a dependence on alcohol as a form of self-medication to cope with unresolved trauma, PTSD, and depression. The mention of not finding therapy helpful and stopping prescription medication suggests a struggle with treatment for mental health issues. The feeling of guilt and responsibility for the friend's death further exacerbates the emotional distress and illustrates a need for proper medication and mental health support.","drink is self-medicate , diagnosed with PTSD  , stopped taking my prescription ",0.5692536234855652
3321,"The person's mental state is primarily influenced by relationship-related stress. The loss of friends, breakup with their girlfriend, feeling of loneliness, and being ignored by others have all contributed to a deep sense of worthlessness and desperation. These relationship issues have led the person to the brink of making a drastic decision, highlighting the significant impact of relationship-related stress on their well-being.","lost all my friends , got dumped by gf , girld don't wanna talk to me , so lonely , worthless life is",0.4446737468242645
3322,"The person expresses feelings of alienation and disconnection from their friends, thinking that their friends care about them but this causes them pain. They also mention feeling conflicted, behind in school, selfish for wanting to work on themselves, and causing pain for others, indicating a sense of alienation and not fitting in. The thoughts of wanting to disappear, feeling better by avoiding certain people, and contemplating suicide suggest a deep sense of isolation and disconnection from others, placing them in the alienation-related stressed category.","causing pain for others , feel selfish , want to disappear",0.6668009757995605
3323,The person is feeling relationship-related stress due to being abandoned by people they love during a difficult time. The emotional distress caused by the situation with crisis housing and losing support from loved ones is indicative of relationship-related stress.,"kicked out of crisis housing , ahe was apart of my agreement",0.265789657831192
3324,"The use of the phrase 'ways to kill myself' and mentioning the need for a $3500 medical bill to be paid off suggests a mental state influenced by medication-related stress. Furthermore, the exhaustion from working long hours and the feeling of hopelessness could also be contributing factors to this category.","need to be successful , medical bill , paid off , 4 hours shift ",0.3639106750488281
3325,"The person expresses feelings of loneliness, alienation, and inability to connect with others both in college and back home. The mention of losing friends and the struggle to engage in conversations highlight a sense of social disconnectedness and alienation, placing the individual under the category of alienation related stress.",hate being alone all the time ,0.37983083724975586
3326,"The individual is experiencing alienation-related stress. This is evident from their feelings of loneliness, insecurity, and inadequacy in social relationships. They express a sense of not belonging, inability to open up about their feelings, and experiencing embarrassment in interactions with others. The alienation they feel is reinforced by the conflicts within their family, particularly with their insecure and egoistic mother, as well as their perceived differences from their peers in a college environment. This alienation contributes to their inner turmoil, self-doubt, and difficulty in maintaining meaningful connections with others. The individual's struggle to reconcile their own self-perceptions, relationships, and societal expectations reflects a deep sense of alienation and disconnection from those around them.","hate embarrassing myself , act in away i don't like , all the emarrassments i deal with , hate to fight to being the person to desire to be , ",0.43771082162857056
3327,"The person's mental state reflects relationship-related stress due to the unexpected breakup with their partner, who was actively involved in planning their wedding. The sudden change in the partner's behavior and the uncertainty about the future of their relationship has caused significant emotional distress and feelings of heartbreak, desperation, and hopelessness. The individual expresses a deep emotional attachment to their partner and a reluctance to consider moving on, highlighting the intense pain and longing they are experiencing. The mention of suicidal thoughts as a means to escape the emotional turmoil further underlines the severity of the distress and the overwhelming despair felt by the person due to the breakup.","getting married to my best friends , he dosen't know what he wants , he dosen't know himself , it literally blindsided me ",0.380391001701355
3328,"The individual's description of starting medication, experiencing mood fluctuations, and the awareness of contextualizing thoughts and feelings suggests a focus on medication-related stress. The mention of not feeling constant low moods, managing negative thoughts better, and finding hope in the idea that their mood fluctuations are not permanent indicates an ongoing struggle with mental health and the complexities of managing emotions through medication.","not chnage dover the epast year , thoughts of loneliness and inadequacy ",0.20302343368530273
3329,"The person is dealing with mental health issues and expresses thoughts of self-harm and suicide. The mention of not being able to afford hospital treatment and the lack of support from the hotline indicates medication related stress, as the person may feel hopeless about their ability to access necessary mental health care and support in managing their condition.","called the hotline, dealing with mental health issues, ",0.6792501211166382
3330,The person is experiencing relationship-related stress due to sudden breakup and loss of a close friend who was also their only friend in the state. This has caused feelings of loneliness and a sense of losing a part of themselves.,"she loved me , she couldn't be in relationship with me , she left me in the dust ",0.2822810411453247
3331,"The person is expressing deep feelings of unworthiness, self-hatred, and hopelessness in relationships. They believe they are not deserving of love and that others deserve better. They feel abandoned, unloved, and alone, leading to thoughts of self-harm and suicide. This indicates relationship-related stress and a profound sense of disconnection and despair in their interpersonal relationships.","don't deserve love , im a mess , pepole deserve something better then me , no one loves me , ",0.3111777901649475
3332,"The person who wrote the premise is expressing deep emotional distress and trauma from multiple instances of abuse and bias throughout their life. The detailed account of severe abuse, neglect, assault, and manipulation by various individuals indicates a significant level of bias and abuse-related stress. The individual's feelings of worthlessness, being trapped in abusive relationships, struggling with addiction, and contemplating suicide demonstrate the profound impact of the bias and abuse they have endured. The plan to stage an accidental overdose to ensure financial security for their ex-partner also reflects a distorted perception of self-worth and a sense of hopelessness, which are often associated with bias and abuse-related stress.",sexually assaulted by step brother ,0.18239198625087738
3333,"The person is experiencing alienation related stress due to feelings of isolation, social anxiety, and a lack of understanding from peers. The mention of preferring to stay in their room, feeling different from others their age, and having a fear of being in social situations all point towards a sense of alienation from society.","no firends , social anxiety , just have at least one real friends , huge fear of kids , ",0.4579616189002991
3334,"The language used in the premise suggests feelings of alienation, emptiness, loneliness, and despair, indicating that the person may be experiencing alienation-related stress.","feeling numb, detached, lonely, empty, dejected, depressed",0.4896535277366638
3335,The person seems to be in a relationship-related stressed state. The mention of breaking up with their boyfriend and the feeling of having no more energy for the life they're living indicate that the individual is experiencing distress and emotional turmoil in their romantic relationship.,broke up with my boyfirend,0.29683631658554077
3336,The person is experiencing relationship-related stress and guilt for not being able to treat their loving partner with kindness. They feel unworthy of their partner's love and believe that their mood swings and behavior are negatively affecting their partner. The constant feeling of guilt and self-blame is indicative of relationship-related stress.,"put him through , hurts him , lash out on him , dosen't mind , could be absolutely horrible to him , ",0.2475210726261139
3337,"The person mentions feeling overwhelmed by the struggles they are facing in their relationship, particularly related to financial stress caused by their partner's grad program. They express deep emotional pain, hopelessness, and a desire to end their life, indicating severe distress in their relationship and a sense of being trapped in a difficult situation.","direct deposit agian , bills gonna be overdue , pick up more shifts , ",0.0679963156580925
3338,"The author's mental state seems to be significantly impacted by the experience of being manipulated, harassed, and psychologically abused by an individual they trusted in an online gaming community. The manipulation and blackmailing tactics, coupled with the emotional distress caused by the ongoing harassment and threats, indicate a state of bias or abuse-related stress. The victim's feelings of helplessness, sadness, and suicidal thoughts resulting from the traumatic online interactions further support this categorization.","he lied , started blackmailing , acting racist , forcing to do stuff",0.3401001989841461
3339,"The mentioned long-standing depression, hopelessness, lack of improvement with antidepressants, and thoughts of emotional suicide suggest a deep sense of distress related to medication. The person's focus on the lack of emotional improvement despite treatment indicates potential frustration and helplessness regarding their mental health condition.","i haven't been feeling much of a diffrence , hard to get better m little to no emotions , feeling constant dread ",0.4222491681575775
3340,"The person is expressing feelings of extreme loneliness, isolation, and alienation. They mention having no friends or family support, as well as feeling like a useless piece of shit that never succeeded at anything. These sentiments indicate a deep sense of disconnection from others and society in general, which aligns with the alienation-related stress category.","lost my package handler job , i can't make rent anymore , no degree no certificates , credit is terrible , grand in debt",0.17013424634933472
3341,"The person expresses feelings of alienation, loneliness, and despair. They mention feeling abandoned by friends and having nobody to talk to, which suggests a sense of isolation and disconnection from others. The overwhelming pain and feeling of being unattended to further indicate alienation as the primary mental state.","feel horrible , friends abandoned me , painis unbearable",0.541195273399353
3342,"The person is expressing feelings of alienation, detachment, and a sense of not belonging. They mention feeling like an outsider in everything they do and everywhere they go, as well as feeling guilty for existing. This reflects a state of alienation-related stress, where the individual experiences a profound sense of disconnection from themselves, others, and the world around them. They express a desire to disappear completely, highlighting the intensity of their feelings of alienation and the need for support and intervention to address these deep-rooted emotions.","things are fallig apart , guilty for existing , imposter syndrome but for being a person , ",0.3999752998352051
3343,"The person is experiencing feelings of self-hate, loneliness, and a strong desire for love and care, as well as struggling with isolation and difficulty in expressing emotions to others. These issues point towards relationship-related stress, indicating a deep emotional need that is not being fulfilled. The pattern of isolating oneself and bottling up emotions can be a coping mechanism to deal with underlying relationship issues or past emotional wounds. Seeking connection with loved ones but feeling unable to communicate effectively may contribute to a sense of worsening emotional well-being and push people away. The reluctance to see a therapist due to financial constraints further suggests a lack of external support in addressing these relationship-related stressors.","self hate and loneliness , urge to talk to pepole im close to , end up doing is isolating myself",0.5987589955329895
3344,"The person is feeling overwhelmed by the fast pace at which life is changing, leading to a sense of alienation and detachment. They express a feeling of losing friends, lack of interest in hobbies, and struggling to keep up with various responsibilities like college applications and work. This feeling of everything moving too fast and a lack of connection with their surroundings aligns more with Alienation related stress.","everything is moving so fast , college applications , work , job its hard , lost interest in my hobbies",0.44702455401420593
3345,"The description of severe depression, constant weight in the chest, presence of a lump in the throat, extreme dissociation, and the feeling that this round of depression will be the last suggest a deep state of mental distress that may be linked to medication-related issues.","constant weight on my chest , lump in my throat , been extremly dissociative ",0.5823174118995667
3346,"The person expresses deep concern about losing their family, particularly mentioning their girlfriend and her two little boys giving their life purpose. The fear of losing them and not knowing what they would do with their life without them reflects relationship-related stress. The contemplation of completely severing ties with everyone they've ever known and starting life over somewhere else also points towards a significant level of relationship-related stress.","losing family due to some actions , he is buried in the ground , friends and family stop trying to find me , longer without talking to my family ",0.4661165475845337
3347,"The person's mental state shows a deep sense of alienation from themselves and their emotions. They seem disconnected from their own feelings of happiness, deliberately trying to make themselves sad, and even questioning their own actions and motivations. This profound sense of detachment and self-alienation is indicative of alienation-related stress.","feeling tired , depression since at least 10 , ",0.35256338119506836
3348,"The person's mention of being diagnosed with major depression disorder, suicidal ideations, complex PTSD, and anxiety indicates a significant level of mental health struggles. This suggests that the person is likely undergoing medication-related stress due to the complexities of managing these mental health conditions. The feelings of neutrality, loneliness, and exhaustion expressed in the premise further highlight the overwhelming burden the individual is facing despite having aspects of life that may seem objectively good, such as material possessions and a decent job.","complex PTSD and anxiety , feel shameful telling my mental problems ",0.5049257874488831
3349,"The person described experiencing episodes of depression which worsened despite having a positive attitude and reasons to live. This indicates a medication related stress, as they mentioned a belief that depression is only as bad as you think, implying a possible struggle with accepting the severity of their condition and the effectiveness of their medication.",i have no reason to be depressed ,0.4710814654827118
3350,"The person's statement about wanting to jump out of the window and expressing a desire for everything to end suggests relationship-related stress, possibly related to issues with their boyfriend.",bf ,0.2538558840751648
3351,"The person expresses feelings of alienation, inadequacy, and worthlessness throughout the premise. They focus on their perceived shortcomings, feeling out of place, and not good enough in their job and other aspects of life. This sense of not belonging and feeling like a failure indicates a deep sense of alienation stress.","unnemployed for 9 months , hired me  ",0.11350762099027634
3352,"The individual expresses feelings of alienation, detachment, and disconnection from the world and the people around them. They feel like they are the root of everyone else's problems and have very little connection to others, including their own mother. These feelings of isolation and being overwhelmed by problems indicate a sense of alienation-related stress.","mom are on bad terms , only parental figure , little conection , father i never knew , ",0.3083350360393524
3353,"The person is expressing feelings of alienation by stating that they are struggling with their emotions, having conflicts with loved ones, feeling paranoid about others whispering about them, and having thoughts of wanting to die. These are all signs of alienation from others and society, leading to significant distress.","fist fight with my brother  over little argument , severing ties with my friends over small things ",0.05340041592717171
3354,"The person expresses feelings of alienation, emptiness, not feeling deserving of happiness or love, and comparing themselves unfavorably to others. They also mention feeling afraid of everything and believing everyone else's life is better. These thoughts and emotions indicate a sense of isolation and disconnection from oneself and others, which are characteristic of alienation-related stress.","hate myself , selfish and lazy and shy , wish i could be like everybody else , ",0.2796860337257385
3355,"The person is expressing feelings of alienation, detachment, and a loss of pleasure in previously enjoyable activities. They mention feeling agitated by hobbies and anxious around friends, indicating a sense of disconnection and alienation. The longing for positive emotions and the reference to losing everyone and everything further support the idea of alienation-related stress.","used to see beauty , eating no longer feels pleasureable , hobbies makes me agitated ",0.450095534324646
3356,"The mention of bias, abuse, and mistreatment by the adoptive father and his family towards the person in the premise suggests a sense of bias or abuse related stress. The feelings of worthlessness, self-hatred, and suicidal thoughts also indicate the deep emotional impact of the bias and abuse experienced by the individual, leading to significant distress in their mental state.","telling me who my real parent, an orphan , adoptive parents never told this , dad and his family is baised , orphans are treated bad and deserved to be maid",0.5019217729568481
3357,"The person is expressing concern and anxiety about their younger brother's mental health, specifically his depressive thoughts. This indicates a state of stress related to relationships, in this case, a worry about how to support and help their brother without potentially pushing him away or losing his trust by involving others in the family. The person is torn between wanting to assist their brother and being unsure of how to navigate the situation, reflecting the emotional strain commonly associated with relationship-related stress.","younger brother having depressive thoughts , he's feeling down , overbearing to someone",0.7223160266876221
3358,"The person expresses feelings of emptiness, suffocation, and alienation, indicating a sense of disconnection and isolation from others. They feel ignored, not cared for, and believe that nobody is listening to them. These feelings of alienation are reinforced by past traumatic experiences and current struggles with mental health, leading to a deep sense of hopelessness and worthlessness. The person's perception of themselves as 'useless, horrible, and incompetent' further reflects their profound sense of alienation and disconnection from a supportive social environment. The recurring theme of feeling unheard and unseen suggests a predominant experience of alienation-related stress.","was always left alone , hated and ignored , emptiness and great sufforcation , so overwhelming , useless , horrible , incompetent",0.5137240886688232
3359,The use of terms like 'depression' and mentioning negative effects when trying common recommendations suggest medication related stress. The individual's experience of worsening depression after following common advice could indicate a struggle with medication management.,"always says diet /exercise /sleep , gets worse , do not enjoy ",0.35100650787353516
3360,"The person is experiencing symptoms of depression and recognizing signs of mental health decline. The mention of anxiety, weight loss, irritability, short-temperedness, and suicidal thoughts indicates a significant level of distress in relationships and interactions. The fact that the individual spends a significant amount of time at work and expresses concern about maintaining work and interpersonal relationships suggests that the stress and challenges are primarily related to relationships and social interactions in the workplace.","started , my current job , still in college , affecting my work or my relationship with coworkers and even with the boss",0.41006341576576233
3361,"The person expresses feelings of alienation, loneliness, and desperation. They mention having no one and nothing in their life, and feeling terrified and trapped. These emotions indicate a sense of disconnection from others and the world around them, which aligns with alienation-related stress.","ptsd or anxiety or a panic attack , i begin to panic , hyperventilating ",0.27730339765548706
3362,"The person exhibits feelings of isolation, hopelessness, and lack of connection with others, which are common signs of alienation-related stress. The individual expresses a deep sense of apathy and detachment, indicating a disconnection from social support and a feeling of being unable to win in any situation. The desire for peace through the concept of 'letting depression win' as a means of escape also points towards a state of alienation-related stress.","care if it wins , keeping it secret , all i want is peace , just attention ",0.25943082571029663
3363,"The person expresses feeling overwhelmed and attacked by emotions when at home, indicating a sense of alienation or disconnect from their surroundings. They find relief and relaxation at the office, where they can forget their troubles. Additionally, the mention of having to take care of the family as the only reason to go home suggests a possible source of stress or disconnection within the family dynamic, contributing to the alienation-related stress.",every time i go home i'll start to overthink . the only reason to go home is beacuse i have to take care of family ,0.5367109179496765
3364,"The person expresses feelings of alienation, hopelessness, and a desire for self-harm or harm from external sources. The thoughts of being fine with accidents happening and not seeking help or support for sickness indicate a sense of social disconnection and alienation.","get snatched , ",0.11210750043392181
3365,"The person is experiencing medication-related stress. They have mentioned trying various medications and combinations without success, indicating a long history of struggling with different treatments for their depression. The mention of being scared to try Transcranial Magnetic Stimulation (TMS), a new treatment option, also reflects the anxiety and fear associated with trying a different type of medication. Additionally, the person's concerns about feeling like a different person or losing their sense of self if their depression improves highlight the psychological impact of medication on their identity and well-being.","treatment-resistant , meds combos , try TMS , referred to doctor",0.4773882031440735
3366,"The person appears to be feeling alienated due to the unconventional location of the counseling session, the counselor's unfamiliar approaches such as mentioning MBTI and suggesting metaphysics, and feeling uncomfortable despite the counselor being nice. These factors contribute to a sense of alienation, where the individual feels disconnected or out of place in the counseling setting, leading to uncertainty about continuing with this particular counselor.","mental health services , i stick , ",0.2494201958179474
3367,The mention of consuming a dangerous combination of sleeping pills and painkillers suggests a state of mental distress related to medication.,sleeping pills and painkiller,0.6913499236106873
3368,"The writer is experiencing a combination of mental health issues, medication adjustments, and a potential artistic burnout. The mention of being medicated since childhood, the current switch in medication, and the fear of never enjoying drawing again due to the depressive period strongly suggest that the stress is primarily related to medication.","drawing become terrible , losing efficacy , combination of my medication , mental health issues entire lie ",0.6817116141319275
3369,"The individual's mental state seems to be related to relationship stress. The feeling of explaining one's hurt and still getting hurt can be indicative of unresolved issues or difficulties within a relationship, leading the person to choose silence as a coping mechanism.","chose silence , still got hurt",0.445880264043808
3370,"The person is expressing feelings of isolation, monotony, and a sense of wasting their life away. They are questioning their purpose, feeling disconnected from the world around them, and wondering if things will ever improve. This deep sense of existential despair and lack of fulfillment points towards alienation as the primary mental state category.","get older and everything is the same , just waste away",0.15048402547836304
3371,"The language used in the statement indicates feelings of self-hatred and self-blame, suggesting a sense of alienation and low self-worth. The mention of deserving pain and feeling like a disgusting human being indicates a heightened level of alienation-related stress.","deserve all of the pain , disgusting human being",0.46553507447242737
3372,"The person mentioned being on medication prescribed by their parents, which indicates they are dealing with mental health issues that require medication. The lack of improvement despite being on medication and the ongoing struggles with body image and gender identity suggest a state of medication related stress.","got me on meds , hate evry thing about my body , ",0.38385605812072754
3373,"The person who wrote the premise seems to be experiencing relationship-related stress. They express feelings of being pushed away, hurting relationships that matter most, feeling permanently scarred, and ending up alone. The frustration and sense of abandonment in their words indicate a deep emotional struggle in their relationships, which could be contributing to their negative state of mind.","won't resolve any of the underlying issues , isolating ,  push pepole away",0.1784472018480301
3374,"The person is feeling alienated and disconnected, as they are unable to find music that resonates with the deep depression and low feelings they are experiencing in life. This sense of not being understood or finding relatable content in music suggests a state of alienation-related stress.",may songs entirely about breakups and sadness surrounding,0.46188226342201233
3375,"The person expresses feelings of intense loneliness, desperation for attention, and a desire for sympathy from others even to the extent of wishing for extreme events to occur. These feelings indicate a sense of alienation and disconnect from the surrounding environment, leading to a deep emotional struggle and a search for external validation.","everday is filled with excrcating pain and loneliness , desperate for attention , not opeing up to anybody ",0.5947427749633789
3376,"The repeated expressions of being sick of it, feeling tired, not wanting to keep fighting, and wanting to give up and rot indicate a sense of alienation and disconnection from the surroundings. The feelings of hopelessness and questioning the point of continuing suggest an alienation-related mental state.","5 hours in hospital , sick of it , so tired",0.2858845591545105
3377,"The premise indicates that the person is dealing with the aftermath of a mentally abusive relationship, including cheating, which has led to thoughts of revenge. This suggests a state of bias or abuse related stress. The person may be feeling a mix of anger, hurt, and betrayal due to the abuse and infidelity in the relationship, leading to thoughts of seeking revenge. It is important for the person to seek support and guidance to overcome these intense emotions and impulses before acting upon them in a way that could have negative consequences.","mentally abusive relationship , lot of cheating ",0.6470409035682678
3378,"The premise reflects relationship-related stress as the person is discussing a conflict with their best friend, fears of being disliked by others, and expressing self-doubt as an awful person. These emotions commonly arise in situations of strained relationships and social anxiety within friend circles.","big fight with my bff , said lot of bad things afraid they all hate me ",0.4188929796218872
3379,"The person expresses feelings of alienation, isolation, and lack of interest in activities that were once enjoyable. They feel disconnected from others, believing that everyone dislikes them and only tolerates their presence. This sense of alienation and indifference to life, coupled with thoughts of self-harm and suicide, indicates a deep sense of distress and disconnection from the world around them.","everthing seems boring , sick of everyday repetition , hate everyone and everthing , they are disgusting , they are annoying , internally suffering , stressful to deal with , can't do it anymore",0.37427568435668945
3380,"The mention of feeling misunderstood, isolated, and pushing people away, along with expressing thoughts of suicide and worthlessness, indicate a high level of alienation-related stress. The individual feels disconnected from others and possibly struggles with feelings of not belonging or being able to communicate their emotions effectively.","worthless ,  feel lost , keep pushing pepole away",0.3975127339363098
3381,"The language used indicates feelings of alienation and worthlessness, with a focus on not feeling loved or valued by others. The individual expresses a desire to end their life and mentions avoidance of reaching out for help due to fear of losing their job, possibly indicating a deep sense of isolation and disconnection from the people around them.","struggle with bills , lose my job , can't go inpatient again",0.14823925495147705
3382,The person's mental state seems to be influenced by medication as they mention the need to maintain their habits and medicine. Their emotional instability and contemplating suicide could be related to the impact of medication and the struggles associated with managing mental health conditions.,"failing my classes , maybe some reason to live or a goal beacuse i don't really have any",0.24833859503269196
3383,The individual's mention of having had numerous medications but losing sense of self indicates a focus on medication-related stress. The desperation for ways to find help and the consideration of alternative therapies such as psychedelic therapies suggest a significant level of distress and exhaustion related to finding effective medication-based solutions for their depression.,"internal sadness , hate for someone , lose sense of who i am ",0.46386298537254333
3384,"The inability to fall asleep, feelings of despair, and loss of interest in previously enjoyed activities suggest a mental state that may be related to medication. The mention of crying oneself to sleep, feeling bad, and struggling to focus could indicate a potential need for medication or a change in medication to address these issues.","lack of sleep caused my grades to plummet , never focus in class",0.4906812906265259
3385,"The person is experiencing thoughts of self-harm and suicide, which indicate a serious mental health issue requiring medication related attention and support.","had a rough childhood , supportive family and friends but still feel empty and lonely",0.2801291346549988
3386,"The individual is experiencing emotional distress, expressing feelings of exhaustion, frustration, and the desire to harm themselves. They mention that their school counselor is not helping and that they are unable to see a proper therapist due to their parents' restrictions. These factors suggest a possible need for medication-related support or intervention for their mental health.","bad grades , disorganzied losing sheets , not getting homework done on time , dstract myself with low effort activity , concentrate of homework ",0.3612063527107239
3387,"The language and thoughts expressed in the premise indicate a high level of psychological distress and a deep sense of hopelessness. The mention of multiple failed suicide attempts along with prayers for death suggest a severe mental health crisis that may require medication intervention. Additionally, the presence of depression, anxiety, and symptoms of PTSD further support the categorization under medication related stress. Seeking professional help and medication management could be crucial in addressing the underlying mental health issues and suicidal ideation.",anxiety will team up with the PTSD I incurred from being robbed,0.33999791741371155
3388,"The individual is expressing deep feelings of alienation, loneliness, and a sense of lack of control over their relationships and connections with others. They reflect on the idea that people are attracted to each other based on environmental and biological factors, leading to a sense of determinism and lack of belief in special connections or love. The person feels fleeting moments of happiness overshadowed by extreme loneliness and experiences a constant cycle of sadness. They question the authenticity and significance of relationships, feeling that no connection is truly special if all are deemed special. The individual's struggles with understanding relationships, feeling alone, and questioning the purpose of connections point towards a state of alienation and existential despair.","have a heart condition , ER for it before , not feel the pain",0.15359614789485931
3389,"The person expresses deep feelings of isolation and alienation, stating that they have no one left and nobody who cares about their well-being. They feel invisible and unimportant, with a sense of disconnection from others. This emotional state is indicative of alienation-related stress.","ugly way to put in , never had nobody close to me",0.21780219674110413
3390,"The person's mention of feeling depressed and suicidal for about 6 years indicates a prolonged mental health issue. The individual also expresses feelings of worthlessness, lack of future perspective, and being overwhelmed by the pressure of starting work after graduation. The mention of stopping schoolwork and feeling like a failure suggests a deep sense of hopelessness. Additionally, the person's plan to harm themselves after graduation due to these feelings of distress and lack of future prospects points towards a profound level of emotional distress, which could be related to a need for medication and professional help to address their mental health concerns.","stopped doing school work beacuse it dosen't even matter any more , becoming more of a failure , going to fail my senior year ",0.5210848450660706
3391,"The person expresses feelings of alienation, detachment from others, and a deep sense of disillusionment with humanity. They feel that the world is messed up, people are indifferent to suffering, and that seeking help is pointless because of perceived societal apathy. This sense of disconnect and hopelessness points towards an alienation-related stress.","thow miserable he or she is , suffering pepole don't even seek for help ",0.4618557095527649
3392,"The author's narrative details a series of traumatic events involving family conflicts, abuse, betrayal, and harassment which have severely impacted their mental state. The strained relationship dynamics described within the family, as well as the instances of betrayal and harassment by peers, have contributed to significant emotional turmoil and distress. The feelings of blame, anger, and despair expressed in the premise indicate a deep sense of emotional pain and conflict within their relationships, leading to a state of stress primarily rooted in relationship-related issues.","father and mother would fight , siter would always ignore , forced elder sister , father push mother , ",0.3052757978439331
3393,"The use of the terms 'depression', 'anxiety', 'therapy', 'meds' in addition to the feelings of helplessness, lack of motivation, anger, and loss of confidence suggest that the individual is experiencing mental health issues that may be resistant to therapy and medication, hence classification as medication related stress.","graduate soon , self sabotage , nomotivation , helpless , no confidence",0.28249591588974
3394,"The individual's statements indicate intense emotional distress, hopelessness, and contemplation of suicide. The mention of attempted overdose, feeling constant pain in the chest, lack of motivation, desire for someone to care about their well-being, and expressing intent to commit suicide highlight a serious mental health crisis that may require medication-related intervention and support.","constant pain in chest  , find more pills , ",0.3203170895576477
3395,"The person expresses feelings of worthlessness, lack of future plans, and anticipation of death, which indicate a state of alienation and disconnection from life.","future is worthless , no stability in my life",0.421980619430542
3396,"The person seems to be experiencing stress related to their relationship with their parents and their decision to seek therapy. The mention of having a hard time talking about underlying issues, feeling narrow-minded and close-minded, as well as seeking validation through an official diagnosis and asking about changes seen in themselves indicates relationship-related stress.","harder to talk about underlying issues , been narrow-minded and close-minded , less stubborn , more open-minded",0.40955477952957153
3397,"The person is experiencing relationship-related stress, as indicated by their intense feelings of unrequited love and fixation on a fictional person. The person is struggling with the pain of longing for a love that feels unattainable and is consumed by thoughts of this person, to the point where it is affecting their mental health and causing them to question their own reality and future.","feel like you have escape in love , feels good abandoning this world , find salvation",0.36273568868637085
3398,"The person expressed feelings of alienation, mentioning that they spend the whole day and week depressed and find escape in novels and YouTube. They also express a sense of waiting for the weekend to drink excessively and think about death, which indicates a disconnection from society and a lack of belonging. Additionally, they acknowledge their problems but feel overwhelmed and helpless to change their situation, indicating a deep sense of alienation.","all my fault , hate thoughts about changing to be better ",0.14615608751773834
3399,"The person's experience of alienation and emotional detachment from their father, influenced by a dysfunctional family dynamic, has led to deep psychological distress and a sense of disconnectedness. This has likely contributed to feelings of hopelessness and a desire to reunite with the lost loved one in the afterlife.","dad commited suicide , narcissistic mother told lies about him , alienated for him , ",0.5410100221633911
3400,"The person expresses feelings of alienation, hopelessness, and a sense of not belonging in life. They mention not being able to see themselves surviving or functioning as an adult, feeling like they are doomed and not built to make it through life. This sense of disconnection and inability to cope with emotions points towards alienation-related stress.","less i funcation , survive, brain tired , block everything out ",0.36403974890708923
3401,"The person is experiencing a deep emotional turmoil related to a romantic situation, leading to feelings of love, jealousy, and heartache. These feelings have evolved into physical symptoms and mental struggles, such as loss of motivation, emotional instability, oversleeping, suicidal thoughts, and an overall sense of despair. The person also mentions past experience with depression, indicating a pattern of struggling with emotional challenges. The reluctance to seek help or see a doctor out of fear of worsening the situation demonstrates an underlying stress related to relationships and emotional well-being.","getting worse vision , getting easily exhausted , oversleeping , ",0.380531370639801
3402,"The person expresses feelings of isolation, lack of social connections, and a sense of alienation. They mention having no friends, no woman, and feeling like they are fighting their battles alone. This emotional state points towards alienation-related stress as the underlying category.","dad has ALS , mom is stressed out , husaband is selfish , ",0.19983308017253876
3403,"The person is experiencing stress related to medication issues, as they express frustration towards their therapist for not moving forward with the medication evaluation process, despite struggling with depression, anxiety, and ADHD symptoms. This delay in getting help with their mental health concerns is adding to their feeling of being overwhelmed and just wanting to give up.","not enough for girlfriend , not romantic enough , not sexual enough , not thoughtful enough , haven't changed a bit , struggle to improve my relationship , ",0.14863646030426025
3404,"The person is experiencing significant mental health struggles, including severe depression, for a prolonged period. They express feelings of being trapped and not having adequate support from their family, friends, or partner. The mention of seeking help from a GP for medication, the inability to afford a therapist, and being turned away from the university counseling office all highlight the frustration and stress related to the limitations in accessing proper mental health support. This indicates that the person is experiencing medication-related stress as they are struggling with the availability and effectiveness of the current treatment options.","dont have trusted parents , siblings or a friend , boyfriends says he don't know how to help ",0.24527868628501892
3405,"The person expresses feelings of alienation, hopelessness, and worthlessness. They mention being in a situation where they have lost everything, have substance addiction issues, are in debt, unemployed, lack education and prospects for the future, face rejection from the family, and feel hated by everyone. These feelings of isolation and despair indicate a sense of alienation from society and themselves.",addicited to weed and a dozen other substances,0.07532551884651184
3406,"The person's feelings of exhaustion, lack of friends, avoidance of work and classes, ineffective therapy, unreciprocated love interest, isolation at home, perceived lack of care from family, and sense of failure all point towards a state of alienation, disconnection, and loneliness. These feelings are reinforced by the person's contemplation of giving up, indicating a deep sense of despair and isolation.","dropped all my classes , am a failure",0.13916105031967163
3407,"The person expresses feelings of isolation, lack of social connection, and a sense of alienation from both their peers and family. This is further compounded by the stress of potential academic issues and unemployment, leading to a state of alienation related stress.","unemployed , very little motivation , ",0.30724889039993286
3408,"The person is exhibiting signs of extreme alienation and isolation. They feel disconnected from others, have difficulty forming relationships, and lack a sense of purpose or direction in life. The feeling of worthlessness, being alone, and fantasizing about being dead indicates a deep sense of alienation and disconnection from the world around them. The individual's inability to make friends, whether online or in person, further emphasizes their sense of isolation. The lack of motivation, fear of the future, and contemplation of self-harm may stem from this profound sense of alienation and hopelessness.","i'm scaed of future , isolation in my room , i am so desperatly alone , worthless moron , ",0.44687706232070923
3409,"The person expresses feelings of alienation, detachment, and lack of motivation in various aspects of their life. They feel disconnected from the purpose of school, lack the drive to better themselves, and resort to activities like playing video games and smoking weed to cope with their inner struggles. This sense of detachment and lack of direction aligns with the alienation related stress category.","affecting my grades , could get away with doing homework , getting F's in my class , useless place we call school",0.32392585277557373
3410,"The person expresses feelings of being judged, misunderstood, and disregarded by their family and even a medical professional. They mention being labelled negatively and feeling like they don't care about themselves anymore. This sense of detachment, lack of understanding, and potential isolation from others aligns with alienation related stress.","wanting to lie in bed, breaking down or crying, selfish for wanting any time to myself, useless as my family thinks",0.4367719292640686
3411,"The language used suggests a high level of emotional distress, potential self-harm, and negative views towards family members, indicating bias or abuse related stress.","parents deserve no sympathy, having children is beyond selfish and ignorant",0.33291637897491455
3412,"The premise suggests a medication-related stress. The person mentioned that they started taking SSRIs at a young age which the counselor attributed to their parents raising them incorrectly. This indicates a deep sense of invalidation and blame related to medication use. Furthermore, the counselor's skepticism about the effectiveness of past therapy and reluctance to refer to a proper professional creates additional mental distress linked to medication and therapy. The person is feeling worse about themselves after the interaction, highlighting the negative impact of the counselor's approach towards their medication history and mental health treatment.","sexual trauma, medication at too young, skepticism, therapy ever helped",0.4626731872558594
3413,"The premise indicates feelings of sadness and a sense of longing when seeing couples being affectionate, which suggests relationship-related stress or emotional distress. This reaction may stem from personal experiences, unmet desires, or underlying emotional issues related to romantic relationships.","feel sad for myself, ",0.35932672023773193
3414,"The person's mental state seems to be related to past traumatic experiences surrounding birthdays and their relationship with their mother. The constant feeling of being a burden, not feeling appreciated, and experiencing loneliness on their birthdays has created deep emotional distress. They feel unappreciated, unwanted, and like a waste of space, which indicates relationship-related stress and emotional burden.","mom is never stable, birthday was no exception, never had a good birthday, tried to isolate myself, life is pretty decent, i'll always be lonely",0.5332340598106384
3415,"The individual mentions being diagnosed with depression and anxiety, struggling with suicidal thoughts, and taking medication to improve their mental health. This indicates a focus on medication-related stress as a result of dealing with long-term mental health issues and feeling unable to find true happiness despite efforts to improve their condition.","struggling with suicidal thoughts, trying to improve my mental health, taking my medication",0.7050619125366211
3416,The feeling of inadequacy and comparing oneself to others on social media platforms can lead to a sense of alienation and low self-worth.,"look people on fb being successful, i am nothing",0.4110570549964905
3417,"The person seems to be expressing feelings of hopelessness and exhaustion, indicating a state of mental distress despite a recent period of feeling 'pretty great'. This shift in emotions and thoughts may suggest a current struggle with mental well-being, even though there may have been positive moments before.","looses hope every time, starting realize can't get better, pain of failing is too much",0.4260932207107544
3418,"The person shows empathy and compassion by offering to write and record a song for others to help make their lives a little bit better, even just for a moment. Despite struggling with depression and grieving the suicide of a loved one, they are choosing to channel their emotions into creating something positive for others. This indicates that the person is in a good mental state, focused on spreading positivity and kindness to others despite their own struggles.","currently grieving a suicide of a loved one,not feeling too great at the moment",0.5697730183601379
3419,"The person is experiencing relationship-related stress. They have deep-seated issues with their parents, feeling betrayed and unworthy of their parents' love and approval. The revelation from the brother about the father's comparison to other kids and the feeling of being a disappointment have shattered their sense of self-worth and belonging. The person's suicidal ideation seems to be triggered by the belief that they can never live up to their parents' expectations and that their parents see them as a defect. The conflicting interactions with their parents, where the mother dismisses their problems as small and the father denies hurtful statements, highlight the complex and strained relationship dynamics contributing to the person's distress.","taking medication, realised later on that i couldn't keep doing that, trying to kill myself but caught, i'm angry and sad, i was fail, never hate anyonemore than myself",0.28932514786720276
3420,"The person expresses feelings of deep emotional distress and self-harm, indicating a state of bias or abuse related stress. The mention of sexual bias, poverty, loneliness, underdiagnosis of mental health issues, and the struggle to seek help due to feeling guilty about burdening others all point towards a scenario where the individual is facing significant bias or mistreatment that is contributing to their current mental state.","possibly underdiagnosed when it cimes to myb mrntal health, feeling lower and lower each day",0.14696045219898224
3421,"The person's mental state seems to be highly affected by past relationship experiences, including recent breakups. The individual expresses intense emotional pain from being thrown to the curb in a previous relationship and now going through a breakup with the second partner, with whom they still live. These relationship issues appear to be a significant source of stress and despair, contributing to the person's feelings of worthlessness and thoughts of self-harm and suicide. The lack of close relationships and feeling like a burden on their remaining family members further exacerbates their emotional distress. The focus on relationships as a key factor in their struggles indicates relationship-related stress as the primary category.","3 year relationship and threw me to the curb, i didn't want another relationship, did't want to give someone a chance to hurt me again, ",0.3855609893798828
3422,"The desire to isolate oneself from work, social interactions, and the outside world, while also mentioning not wanting to be sick, may indicate feelings of alienation or disconnection from others and society. This preference for solitude and avoidance of engagement could be a sign of alienation-related stress."," ot working or leaving the house, not interacting anyone",0.421507328748703
3423,"The person talks about their struggles with addiction and the process of overcoming it. The mention of withdrawal symptoms, mental emptiness, and thoughts of ending their life indicate a deep emotional and mental struggle. The emphasis on the impact of a phone call from their best friend and realizing the importance of being alive suggests a significant shift in their perspective towards life. These experiences and reflections point towards a state of mental distress that could be deeply connected to their medication-related stressors.","i have been clean from heroine for  2 weeks, since unbearable pain of withdrawals have passed, ende things with heroine",0.2915821075439453
3424,"The person in the premise feels disconnected and isolated from society, experiencing a profound sense of loneliness and lack of purpose. They express disinterest in socializing and finding value in activities, which suggests a feeling of alienation from the world around them.","so bored with life, don't want socialize, don't wanna go out, nothing really feels worthwhile and genuinely interesting, lost all purpose",0.4797723889350891
3425,"The person is likely experiencing relationship related stress, particularly from the dynamics with the boy in class who makes negative comments and the challenging situation at home with a younger sister who requires a lot of attention due to possible ADHD. The feeling of being kicked by classmates and the lack of happiness in both school and home environments further indicate relational struggles that are causing distress.","i am the scilent smart kid in class, classmates kick me, i am socially really unstable ",0.43372440338134766
3426,"The person is showing classic symptoms of depression such as severe lack of interest in activities, emotional numbness, and suicidal thoughts. However, the person is hesitant to self-diagnose and is seeking validation for their feelings. The mention of past experiences with similar symptoms lasting a long duration also indicates a concern about mental health. Additionally, the focus on academic performance despite feeling socially affected suggests a possible internal struggle. The person's ability to maintain good grades and perform basic daily tasks may contribute to self-doubt and confusion about the validity of their feelings, which aligns with a state of medication-related stress.","lack of interest in activities, emotional numbness, still hard to concentrate in calss",0.5565445423126221
3427,"The person is under relationship-related stress as they are struggling with their gender identity and feeling unsupported by their family. The conflicting emotions from their boyfriend's reassurances and their own doubts have caused their depression to spiral, and they are experiencing difficulties in coping with their emotions. This has led them to consider self-harm as a way to cope with their overwhelming feelings of desperation and the lack of understanding and support from their family regarding their gender identity.","today is really rough for me, struggling with my gender identity for almost 2 year, tried to open upp to my family about being transgender, ",0.31682243943214417
3428,"The writer's struggles with severe depression, abusive relationship experiences, feelings of worthlessness, and hopelessness all point towards relationship-related stress and emotional turmoil. These experiences have likely significantly impacted the writer's mental state, leading to a negative perception of themselves and their ability to form functional relationships.","recently went through an abusive relationship, hurt right now and feel hopeless",0.47077232599258423
3429,"The language and content of the premise suggest that the person is experiencing bias and abuse related stress. They mention feeling suicidal, self-harming, suffering bias, being emotionally neglected by their parents, and feeling unloved. The mentioning of being told to 'study harder' and focusing only on grades as a solution to their emotional distress indicates a lack of understanding and empathy on the part of the parents, leading to a toxic and abusive environment. The person expresses feelings of being manipulated, unvalued, and rejected by their family, which aligns with the category of bias or abuse related stressed.","dad i just need to stop feeling, how dare i am hating your, i was no longer in family",0.2197543978691101
3430,"The person is experiencing relationship-related stress due to a conflict with their mother. The negativity and insults from the mother have triggered past emotions and resulted in feelings of self-hatred and sadness, leading the individual to cry in their room.","mom got pissy over something petty which made me mad, dad told me to just walk away before things get bad, they always insults me",0.4861980974674225
3431,"The person who wrote the premise is experiencing alienation-related stress. They feel disconnected from society, marginalized, and like they do not belong. They express feelings of being rejected, misunderstood, and isolated due to their race, appearance, and autism. The individual describes how people make fun of their quirks, racial profiling experiences, lack of meaningful connections, and societal prejudice. These factors contribute to their sense of not fitting in and being unwanted in the world. The person also mentions a lack of hope for the future and feeling like they do not have a place in society. These feelings of alienation and disconnect are prominent in their narrative, leading to a deep sense of hopelessness and a desire to escape from a world that they perceive as unwelcoming.","i am black, i am big, i am ugly, people make fun they are being funny but they're being obnoxious",0.3182550072669983
3432,"The person expresses feeling unmotivated, unable to handle anything, and contemplating self-harm as a way to find relief. These thoughts suggest a deep sense of alienation and disconnection from life, making them fall into the category of Alienation related stressed.","feel like can't handle anything in life, don't want to live anymore, thinkng about killing myself made me feel better ",0.47822803258895874
3433,"The person expresses feelings of alienation and detachment from various aspects of life, including socializing, aesthetics, and coping mechanisms. They mention a deep desire to erase their existence and disappear into the vastness of the universe, suggesting a sense of profound disconnection and alienation from the world around them.","crying shutting my eyes as hard, hoping darkness will erase my existance, tired of thid life",0.43397781252861023
3434,"The person expresses feeling worthless due to struggles in school and financial difficulties caused by family issues. They also mention negative relationships with their family members, such as their father, stepmother, and biological mother. There is a sense of hopelessness and despair, with thoughts of wanting to die and not wanting to deal with anything anymore. These feelings of despair and worthlessness related to family and personal relationships indicate relationship-related stress.","dad refuse to fix my car and won't let me pay, i'm white female whose dad and stepmother both have great job, trapped with my own thoughts, hate my family beacuse my dad is rude and critical",0.3139883279800415
3435,"The person mentions being diagnosed with depression and GAD (Generalized Anxiety Disorder), and expresses feelings of withdrawal, sadness, discomfort, and anxiety throughout the text. They also highlight a lack of effective support from therapists and a sense of hopelessness in managing their mental health issues. The mention of considering a medical withdrawal from school due to their mental health challenges points towards medication-related stress. The person's inner conflict regarding staying in school, fear of homelessness, and struggles with self-sabotage further indicate the heavy burden of mental health conditions on their decision-making process.","feel withdrawing from everything, feel so uncomfortable in class, havent been attending school or doinh the homeworks and labs",0.501587986946106
3436,"The person's mental state seems to be primarily influenced by relationship related stress, particularly stemming from feelings of inadequacy compared to their accomplished siblings, the pressure of being a good parent and partner, and the fear of failing their family. The person's struggle with their self-worth in relation to their family members and the deep emotional turmoil they are experiencing related to their role as a husband and father indicate that relationship stress is a major contributing factor to their depression.","mental health problems, ",0.4567895829677582
3437,"The person's mention of their grandfather's cottage on the lake and the positive memories associated with it, followed by feelings of pain and a desire to escape their current reality, suggest relationship-related stress or longing for a sense of comfort, safety, and emotional fulfillment that they are currently missing in their life.","dreaming about my grandfathers cottage, ",0.5331244468688965
3438,"The person's statement suggests that the job had a significant negative impact on their mental health, specifically causing anxiety and depression. They mention the job being too intense for them, affecting them day and night, and becoming intertwined with their personality. Additionally, the decision to quit the job to prioritize their mental health indicates a high level of stress related to their career. The mention of having family members who do not believe in mental health problems and dismiss the person's struggles adds further weight to the job and career-related stress the individual is experiencing.","job is such a horrible thing for my anxiety and depression, finally quit after 5 month, every other job after this will seems like piece of cake",0.5594539642333984
3439,"The person is experiencing feelings of severe loneliness, alienation, self-doubt, and worthlessness. They express a deep sense of isolation from others, including friends and family, and feel as though they are a burden to those around them. These emotions and thoughts are indicative of alienation-related stress, where the individual feels disconnected from society and struggles to find a sense of belonging and purpose in their life.","exgirlfriend in a good relationship, i was heartbroken, she was secretly cheated on me, struggling with quite severe loneliness",0.2359813004732132
3440,"The person is experiencing alienation-related stress. They feel isolated, misunderstood, and uncomfortable due to the way people are treating them differently after their suicide attempt. They mention feeling embarrassed, trapped, and wanting life to return to normalcy, indicating a sense of disconnection from their surroundings.","not allows to leave the school during break or lunches, school is telling all my teacher that i am vulreable, got rejected from my top university choice",0.07518738508224487
3441,The person is experiencing relationship-related stress caused by their mother's lack of belief in their mental health struggles. The rejection and invalidation from their mother regarding their emotional distress is contributing to their worsening mental state. This lack of support and understanding from a close family member is likely exacerbating the individual's feelings of hopelessness and confusion about how to cope with their emotions.,"mom thinks that i am faking and won't accept it, mom won't believe me, i tell her to atleast get a doctor to diagnosed me, she won't",0.3242229223251343
3442,"The person expresses feelings of alienation and dissatisfaction with their current situation as a mature student in university. They are feeling disconnected and isolated, lacking the motivation to study or try due to the perceived delay in their educational journey compared to their age and expectations.","mature student in university and i hate it, no energy to study or try",0.5392144322395325
3443,"The person is feeling overwhelmed and distressed due to experiencing bias and unfair treatment in various aspects of their life, including job opportunities. The frustration of not being able to secure a job despite their willingness to work and study, and the comparison with individuals who are perceived as being privileged due to bias, indicates a strong sense of bias or abuse related stress.","can't get a job to make a living, i am tired of being kicked out and biased by people, guillt of seeing my dad to pay for my livivng space",0.364726722240448
3444,"The individual's long-term struggle with suicidal ideation since the age of 10, despite coming from a supportive and privileged background, indicates a deep-seated mental health issue that may require medication intervention. The lack of improvement from therapy suggests that the root cause of their distress could be related to a chemical imbalance that therapy alone may not be able to address effectively.","go through thr stress of living and working for the rest of my life, almost feel like its too much",0.22126613557338715
3445,"The person expresses feelings of failure, isolation, and lack of support. They mention living in a basement and facing the dilemma of moving in with a family member who might be a source of trauma. These experiences suggest a sense of alienation and disconnection from their environment and the people around them.","laying in a bed crying, can't save money, don't have my own place, tired of being belittled by so many people in my life",0.33310309052467346
3446,"The mention of relationship issues, particularly the reference to a girlfriend cheating, indicates a level of distress and anguish related to personal relationships. This individual is facing challenges with self-worth and feelings of failure due to the betrayal, which is impacting their mental state and driving them towards self-destructive thoughts. The desire to end their life by driving their car off a bridge also suggests a deep emotional turmoil and a sense of hopelessness in the realm of relationships.","girlfriend cheated on me, have no one to talk",0.4789845943450928
3447,The person's strong disbelief in the effectiveness of antidepressants and the detailed description of not feeling any effect despite trying various medications suggest a deep level of frustration and distress related to medication. This could indicate a medication-related stressed mental state.,"i have been on bupropion, sertraline, risperidone and ctalopram, no dizziness, sleepiness, wooziness, groginess, hornines, happiness, sadness, gassiness",0.48766428232192993
3448,"The person seems to be experiencing relationship-related stress. The description of the deteriorating relationship since January, the emotional pain caused by the distance and lack of communication from the partner, feelings of hurt and abandonment, seeking reassurance and validation from the partner, and the impact on the individual's own mental well-being such as low self-esteem, engaging in unhealthy habits like nicotine consumption, and difficulties with school work all point towards relationship issues as the primary source of stress.","broke up, my own self esteem has caused issues more than anything, completely fallen apart after the break up, she is hiding from mr and doesn't want to deal with me",0.3252679407596588
3449,"The writer of the premise is experiencing extreme stress and distress due to various relationship-related issues. These include past trauma from a relationship with a gambling addict which resulted in significant debt, the pain of leaving behind an amazing boyfriend and feeling guilty about it, and the lack of understanding and support from the boyfriend regarding the writer's current situation. The writer's emotional struggle in relationships and the impact of these challenges on their mental state point towards relationship-related stress as the primary category.","had lot of interviews but everywhere either ghosts me or reject me, company reject me for this reason after 4 rounds of interviews",0.0676594227552414
3450,"The person expresses feelings of overwhelming pain and heartbreak, indicating that the mental state is related to relationship stress and turmoil.","absolutely done and pain is overwhelming, currently waiting for that time when my heartbreak",0.3880447447299957
3451,"The person expresses feelings of alienation, loneliness, and disconnection from others, highlighting the difficulty in forming meaningful connections in today's society. The mention of not being able to talk to anyone due to modern devices like airpods and the lack of friends further indicate a sense of alienation and frustration with the current social landscape.","world absolutely sucks, can't talk to anyone anymore because everyone walks around with around with those, makes everyone so unapproachable",0.43590402603149414
3452,The mention of serious thoughts of self-harm and the physical sensations associated with it indicate a mental state possibly influenced by medication or the need for medical intervention.,"feels really hurts, almost hurts, dreaming up serious ways of killing myself",0.41148751974105835
3453,"The person is experiencing severe mental distress, including intrusive thoughts and feelings of being crazy. They express a need to escape their current situation but feel trapped due to concerns about their medical career being endangered if they seek help. This indicates a high level of stress related to medication and mental health issues, leading to suicidal thoughts and feelings of alienation and self-hatred.","i can't concentrate because i have intrusive thoughts so bad, feels like everyone god damn hates me, can't live with my own thoughts",0.4001651108264923
3454,"The feelings of inadequacy, contempt from others, overwhelming loneliness, inability to open up to family, chasing away friends, lack of hobbies or talents leading to wallowing in sadness, feeling absorbed in own issues, and the overall sense of feeling unhappy about being alive all point towards alienation-related stress. The person seems to be experiencing a deep sense of disconnection from others, lack of belonging, and a profound sense of isolation.","feeling of inadequacy,the contempt of others,the aner and the overwhelming loneliness, come to live with pain and failure, really want to get better",0.694413423538208
3455,"The person is expressing feelings of alienation, a sense of disconnection and isolation. They mention not wanting to be present, feeling tired, and the desire to escape. These are common signs of alienation-related stress where the individual may feel disconnected from their surroundings and relationships.","i just need someone, don't wanna be here anymore",0.17472493648529053
3456,"The person expresses feelings of alienation and lack of motivation, as indicated by working long hours, lacking enthusiasm for personal hobbies like streaming, and staying isolated in their room without engaging in social activities. This suggests a sense of disconnection from others and a general feeling of being detached or isolated.","get taken over by low motivation, don't want to leave my room, don't go out to do much",0.4215695559978485
3457,"The person's feelings of being lost, lack of motivation, and difficulty in coping with thoughts suggest an alienation from their surroundings or themselves. The struggle to wake up and drag themselves out of bed further indicates a sense of disconnection and detachment, possibly feeling isolated or estranged from their own life and daily routine.","feeling lost, lack of motivation, get harder to wake up every day",0.6614161133766174
3458,"The person appears to be experiencing feelings of alienation and isolation, as indicated by the 'voice' in their head that pushes them away from others and interferes with their ability to connect with people. They express a sense of loneliness and struggle in socializing due to this 'voice' which makes them feel disconnected from everyone around them. The feeling of being lost, not making choices, and wishing for help to make decisions further points towards a state of alienation and disconnection from others. The overwhelming darkness and the desire to die also suggest a significant level of emotional distress and detachment from a sense of belonging. The person's difficulty in forming meaningful connections and maintaining friendships due to this 'voice' highlights a deep sense of alienation and disconnection from the world.","feeling down, feel so lost inside, feel like i am getting lower, always been so lonely, ",0.4435047209262848
3459,"The statement contains indications of self-harm behavior and feeling a rush after cutting, which are common signs of underlying mental health issues. This suggests that the writer may be experiencing medication-related stress and struggling with understanding their emotions and seeking help.","hate myself, ",0.25085175037384033
3460,"The individual expresses extreme dissatisfaction with their job, lack of family and friends, and the stress of having autoimmune disorders and mental health problems. Additionally, the mention of relationship issues with their roommate and feeling lost and helpless indicates relationship-related stress.","painful autoimmune disorder and multiple health problems, everything is painful, suffer chronic headaches everyday",0.4161393642425537
3461,"The mention of depression, anxiety, and suicidal thoughts indicates a struggle with mental health. The mention of compensation for a cycle of happiness and recovery followed by depression and anxiety suggests that the person may be dealing with medication-related stress, possibly related to finding the right treatment or managing their condition effectively.","just slam back into anxiety, suicidal thoughts, how do i compensate cycle of happiness, recovery and recollection",0.6168780326843262
3462,"The person expressing feelings of being locked up in their room for almost 2 years, not wanting to go out, feeling ugly and afraid of the future, and having thoughts about the deaths of their parents indicates a sense of alienation and disconnection from their surroundings and relationships. These feelings of isolation and hopelessness suggest an alienation related stress.","feel very ugly, don't want to show my face, feel hideously ugly",0.2516533136367798
3463,"The person is contemplating suicide and expresses concern about the impact of their actions on others. This suggests they may be experiencing high levels of stress related to medication and treatment decisions, as well as the overall mental health challenges they are facing.","create more drama in the aftermath of my suicide, decision to end my life, ",0.4200441837310791
3464,"The person is expressing deep distress related to their family history, personal experiences of trauma, feelings of unworthiness, and the fear of disappointing their mom. The mention of dysfunctional family dynamics, addiction, past trauma, and struggles in marriage indicate a high level of emotional strain and relationship-related stress.","raped multiple times and become alcoholic, my marriage is falling apart, feel like i deserve it but not my family",0.39583176374435425
3465,"The premise indicates a sense of anxiety and uncertainty regarding a romantic confession to a close friend, which suggests the individual is experiencing relationship-related stress.","how can i go yto tell my best friend that i love her, want her to know that",0.17423579096794128
3466,"The person appears to be experiencing symptoms of anhedonia, lack of motivation, lack of interest in activities, and feeling emotionless, all of which are common signs of depression. The mention of feeling down most of the time, struggling to find joy even when with friends, and having a nihilistic outlook on life further points towards a state of depression. It's crucial for the person to seek professional help and support to properly address these mental health issues.","i've been restless,not enjoying lifeat all, lacking sort of motivation to do anything, feel down all time, have no passion or liking to anything",0.4915520250797272
3467,"The person expresses feelings of extreme alienation, hopelessness, and a desire to end their life. They mention feeling lost, not wanting to be around anyone or do anything, and having thoughts of suicide constantly. The individual also mentions pretending to be okay when around others, highlighting a sense of disconnection and isolation from their surroundings.","feel so incredibly lost, can't help but to want so badly to end up, ",0.39098137617111206
3468,"The person's thoughts about suicide, research on methods, and performing a dangerous action with a belt suggest a deep and prolonged struggle with depression. The persistent feelings of unhappiness and the detailed knowledge of tying nooses and slipknots further point towards a mental state where medication-related stress is dominating the person's thoughts.","feel alone in the world, thought about suicide every day, never find the courage to actually do it, feel like all stress and all the happiness, so unhappy, don't want to deal wiyth any of this anymore",0.5097556114196777
3469,The mention of being at the therapist's office and contemplating ending things suggest a serious mental health concern that may be related to medication. The individual's feeling of remorse and having tried hard also indicates a struggle with medication-related stress.,"feel remore, i tried so hard",0.21435508131980896
3470,"The person expresses feelings of alienation and a sense of being unneeded, which can lead to feelings of loneliness and thoughts of self-harm. These feelings of isolation and worthlessness indicate alienation-related stress.","feel alone, nobody needa me anymore, feel like i should just end it all",0.2615792155265808
3471,The individual's mention of struggling with depression for years and detailed planning of ending their life with a specific method (Potassium Cyanide) indicates a state of mental distress related to medication. The individual's conflicting feelings of not actually wanting to die but feeling unable to continue living due to extreme difficulties point towards a deep internal struggle with mental health that has led to this extreme decision.,"life is extremely difficult, i am just totally giving up, i am weak, ",0.3363628685474396
3472,The person seems to be in a good state as they are taking care of themselves by going to the salon and trying something they haven't done in a long time. This action indicates a positive mindset and a desire to feel better about themselves.,"around 12 years took courage to leave my house, go somewhere to make myself feel better",0.20937705039978027
3473,"The person expressing the premise is in a medication-related stressed state as they are struggling to explain their bipolar disorder and depression to their 11-year-old son. The frustration and desperation to find a way to communicate effectively, as well as the feeling of being misunderstood, indicate a significant impact on their mental health due to the challenges associated with managing their medication and mental health condition while trying to maintain a relationship with their son.","my son get very angry with me, i am also extremely frustrated about it, he sya it's embarrassing to have a mom with depression, feel like he grieving me, he thinks i am just being selfish, lazy",0.45142632722854614
3474,"The individual feels alienated, isolated, and disconnected from others, leading to a strong sense of sadness and hopelessness. They express a lack of enjoyment in living, feeling anxious about sharing personal information with others, and describe themselves as looking 'pathetic and sad'. These feelings of isolation and disconnection contribute to their mental state of alienation-related stress.","don't like celebrating my birthday, dont want ton go school either, me extremely anxious just to have people know my  birthday, just don't enjoy living anymore",0.2641117572784424
3475,"The person is feeling pressured to succeed in school and life, potentially facing bullying or mistreatment from others, feeling completely alone with no one to talk to, and mentioning thoughts of suicide. This indicates a high level of stress and emotional distress stemming from relationship issues.","my will to live is fading, no one to talk to, too weak to carry on",0.35103291273117065
3476,"The person is experiencing shock, confusion, and difficulty processing the news of their former schoolmate's passing. They mention feeling a sense of weirdness and the impact on their friend who was close to the deceased, indicating relationship-related stress.","friend die, i am confused and shocked, feel weird to say he has passed",0.5683133602142334
3477,The person is experiencing relationship-related stress as they are feeling anxious and regretful about not approaching someone they are attracted to and missed an opportunity to ask them out for coffee. This situation is causing them to feel like a 'fucking moron' and they are likely experiencing a sense of disappointment and self-criticism in the context of their romantic interests.,"trying to force myself to go over to her, i stood there an anxious mess, i just didn't say anything",0.31017935276031494
3478,The person expresses feelings of alienation and confusion regarding their own mental health and emotional state. They are torn between feeling strong for not resorting to harmful coping mechanisms and feeling that their problems are insignificant. This sense of confusion and internal conflict points towards alienation-related stress.,"Ii am so mentally and emotionally confused, don't need those kind of escape from life, ",0.3556717038154602
3479,"The person is experiencing alienation-related stress, feeling disconnected from their current situation and expressing a desire for a career that provides a mix of environments to combat this feeling.","lack of learning things throughout life, below th engineering field, science field are probably close",0.31861424446105957
3480,"The person is describing symptoms of severe depression, such as constant dissatisfaction, lack of motivation, loss of interest in previously enjoyed activities, negative thoughts, and a feeling of being lost. These are all indicative of a mental health condition that requires medical intervention. The mention of trying meditation once but not being able to continue due to lack of mood suggests that the person may be struggling with finding effective ways to cope with their condition. Additionally, the reliance on playing games all day to avoid negative thoughts is a sign of avoidance behavior, which is common in individuals dealing with mental health issues like depression. Seeking advice on how to handle the situation and expressing a desire to find happiness again are also common concerns for someone experiencing medication-related stress.","fear of future ahead of me, no motivation at all, wake up with great satisfaction, always tired and feeling totally lost, ",0.487419992685318
3481,"The person expresses feelings of alienation, not feeling like they belong to themselves or to others around them. They mention a deep sense of disconnect from their own desires and identity, as well as feeling unable to connect with anyone else due to anxiety and self-perceived inadequacies. This profound sense of isolation and inability to find fulfillment points to alienation-related stress.","want to peel my skin off, feel a trap in never ending cycle, can't have job an friends, I just want to dye my hair pierce and tattoo my body but I cant do that because im a piece of shit, ",0.18403954803943634
3482,"The person's mental state is primarily focused on feeling rejected and hurt in a romantic relationship. They express frustration and anger towards the individual who they believe has come between them and their affection. This relationship-related stress is evident from their use of strong language and negative descriptions of the girl in question. The person is feeling disrespected, worthless, and fed up due to this situation, indicating a significant impact on their emotional well-being.","feel worthless, need to just move on, ia m really fed upp with this",0.3761841952800751
3483,"The feeling of not knowing what to do can be a sign of alienation, as the person may feel disconnected or isolated from their surroundings, lacking a sense of direction or purpose.",don't know what to do now,0.13801692426204681
3484,"The person's mental state seems to be heavily influenced by bias and abuse, as evident from feeling shame, burden, fear of hateful questioning, and temptation to end their life due to the termination. The mention of potential biased questioning about the termination and fear of losing everyone close indicates a deep sense of isolation and distress related to how others might perceive them due to this incident. This level of extreme response and contemplation of self-harm suggests a significant impact of bias and abuse on the person's mental well-being.","this was my first firing and i am not processing it well, embrace the bias hateful questioning about my termination, i will shame and burden ti hane commiteted such a act",0.5483710169792175
3485,The person is experiencing extreme stress and despair in their relationship with their husband due to the lack of understanding and support regarding the challenges they face with caregiving for their mother and dealing with their own mental health issues. The mention of divorce and the emotional toll of the long history of conflict and drama in their family relationship indicates a relationship-related stress.,"trying best ton take care my mother who suffer from mental health issues, my husband can't understand this, he is filing a divorce, i myself am bipolar, have non siblings",0.5538182854652405
3486,"The individual is facing stress due to the heavy workload from school and work, which is impacting their performance and causing fatigue. The mention of working late hours until 1 in the morning indicates the pressure and demands of managing both education and employment. This situation is a common source of stress in the context of jobs and careers, leading to feelings of being overwhelmed and potentially having a fear of academic failure or dropping out. The sense of not grasping anything and feeling tired all the time also aligns with the struggles faced by individuals under significant academic and work-related pressure.","this semester isn't going well have 3.33gpa, i am tired all the time, don't want to be a worthless piece of shit",0.296733558177948
3487,"The person expresses feelings of alienation and worthlessness, highlighting a sense of disconnection and isolation from the world around them. They mention not having friends, never being in a relationship, and feeling like a loser. This lack of belonging and connection to others can lead to profound emotional pain and hopelessness, which is evident in their description of severe anxiety, depression, and physical symptoms resulting from emotional distress. The overwhelming sense of alienation and worthlessness is a prominent theme throughout the narrative, indicating a deep-seated feeling of being disconnected from society, purpose, and self-worth.","i have no career,  i am unemployable and flat broke, i am one of those people who has no life",0.3101819157600403
3488,"The person's mention of feeling suicidal again, being in a bad place, planning to take pills and alcohol, and considering the consequences of their actions suggest a medication related stress. The fact that the individual's mood improved due to their dog's sudden health issue and the realization that they wouldn't have been able to help their dog if they had taken pills further supports this categorization.","i was going to take pills and alcohol, ",0.323821097612381
3489,The person is feeling alienated and disconnected from their own self and the people around them. The negative self-talk and the desire to end suffering suggest a deep sense of isolation and disconnection from life and loved ones.,* Ugly * Fat * Poor spending habits * Pothead * Alcoholic * Not fun to be around * End the suffering * No self worth * Always miserable * Dumb,0.2875064015388489
3490,"The use of explicit language towards the brain, chronic heavy drinking, binge eating, and lack of motivation are key indicators of medication-related stress. The individual's struggle with maintaining a healthy lifestyle, weight fluctuations, and dependence on alcohol to cope with depression suggest underlying issues that may require medication intervention.","chronic drinker,binge eater,lack of exercise, i've tried my whole life to be healthy, don't want to go anywhere unless i've had a few drinks",0.528231143951416
3491,"The person seems to be in a good state of mind as they are reflecting on how to best support someone who is self-deprecating. Despite seeking information on how to respond effectively, they demonstrate empathy and concern for the well-being of others, indicating a positive mindset.","don't hope to invalidate a feeling or pretend like it isn't significant or impactful, absolutely unhelpful",0.3572392463684082
3492,"The person's mention of having therapy and medication for depression, feeling that none of it helps, and contemplating suicide suggest a state of mental distress related to medication. The individual's despair about not being able to get better, lack of belief in oneself, and feeling of being lost and alone point towards a deep struggle with mental health despite seeking professional help.","life is boring, all my wildest dreams always lead to me ending uo alone, i am lost and alone, i can die without hurting anyone, ",0.3158069849014282
3493,"The person's mental state seems to be heavily influenced by their appearance, specifically their severe acne and rapid balding. The distress caused by their physical appearance has led to self-hatred and feelings of being undesirable. This has impacted their relationships, self-esteem, and overall well-being. The focus on their appearance and the negative reactions from others have contributed to relationship-related stress.","have terrible acne, huge aystic acne that left scares all over my face and is super painful, ",0.25264716148376465
3494,"The writer expresses feelings of alienation and frustration in the premise, indicating a sense of being misunderstood and isolated. They mention not wanting to talk to a stranger about their feelings, unwillingness to take medication, and feeling that only their friend who is also suicidal understands them. This sense of disconnection and lack of support from others is a key indicator of alienation-related stress.","felling hope less, just fed up, ",0.22789455950260162
3495,"The person's reliance on alcohol and preference for being drunk to escape their thoughts, coupled with the mention of a lack of happiness when sober, indicates a potential medication-related stress. The individual seems to use alcohol to cope with emotional issues, suggesting a deeper mental health concern that may require medication or therapy.","when i am drunk everything is OK, love walk up still hungover with brain fog, ",0.39963263273239136
3496,"The premise indicates a deep sense of hopelessness, loss, and trauma, especially highlighted by the mentions of attempted suicides, hospitalization, and the suicide of an ex-boyfriend. The individual also refers to past miscarriage and a heart condition, which can contribute to emotional distress. Feelings of rejection and loneliness are evident through being homeless and not being invited on a family vacation. The lack of social support and the contemplation of suicide despite past failures suggest a significant burden in interpersonal relationships and emotional well-being.","have a heart condition that has been steadily worseening after  a miscarriage, difficulty making plans due to a mild obsessive compulsive disorder",0.35675716400146484
3497,"The content of the premise indicates feelings of extreme alienation and hopelessness, as the person expresses being unsuccessful in various aspects of their life and feeling like there is no way out. The mention of not finding joy in any possible future scenarios, the inability to see a way forward, and the perception that nothing can help, are all characteristic of alienation-related stress.","i am not successful in anything, classes, money, friends, love, life in general, non of the scenarios makes me happy, ",0.4773552417755127
3498,"The person feels alienated and lonely due to not having an activity planned with the school, leading to a sense of worthlessness and expressing it through humor with smiley faces and 'XD'. This indicates a state of alienation related stress.","love being worthless, left class leaving me alone again",0.3994285762310028
3499,"The person is experiencing extreme stress and sadness due to a combination of factors related to their relationships - they have pushed away friends, family, and their boyfriend, are struggling with the loss of a best friend, and have complicated family dynamics with their brother being a drug dealer and their parents living far away. This deep sense of isolation and strained relationships is a major source of distress for the individual.","unable to find better employement, just feel lost,numb, ",0.29005616903305054
3500,The language used in the premise suggests extreme despair and hopelessness. The mention of wanting to end one's life and feeling frustrated with a lack of options indicates a state of bias or abuse-related stress.,"kill myself within this time, can,t get better in life, how frustrating ia all this",0.41313987970352173
3501,"The person mentioning suicidal thoughts, unclear reasons for those thoughts, and wanting to be unnoticed could indicate medication related stress, potentially due to the side effects of certain medications causing negative thoughts and feelings.","feel like i want to be in bed all the time, i am too hard on myself",0.10634782165288925
3502,"The mention of a potential medical condition like muscular dystrophy, the fear of losing physical abilities, and the overwhelming feeling of impending death suggests significant distress related to medication and health issues.","i realised i mught have muscular dystrophy which means have a slow and depressing death, i wont br able to walk, ",0.5012631416320801
3503,"The premise describes a situation where the person is feeling overwhelmed and neglected in their relationships, particularly with their parents. The passive-aggressive behavior from the parents and the feeling of things never changing despite efforts or external factors indicate a deep sense of relationship-related stress.","sit around at home feeling like shit, being passive aggressive every time they intract with you",0.3958112895488739
3504,"The person is experiencing intense feelings of sadness and hopelessness, despite attempting to cope with the situation through divorce, therapy, and medication. The mention of divorce suggests that relationship issues are a significant source of stress for the individual, leading to thoughts of suicide as a way to escape the overwhelming emotions. The person feels consumed by their situation and mentions praying for the courage to end their life, indicating a deep sense of emotional distress related to relationships.","i thought the divorce would help the feeling, every day is sad and all consuming",0.5139132738113403
3505,"The person expresses a strong inclination towards being alone and avoiding social interactions, indicating feelings of alienation. The individual's description of wanting to sleep and hang out alone, making excuses to avoid socializing with their cousin, and feeling overwhelmed by social obligations despite acknowledging feelings of guilt all point towards a sense of alienation and disconnection from others. The complex family dynamics and recent personal losses may have contributed to these feelings of isolation and detachment from social interactions.","mom passed away 6 months ago, dad lives in a memory care facility, i got divorced in september",0.10439415276050568
3506,The writer seems to be experiencing relationship-related stress due to their boyfriend's behavior and the topic of discussion being their boyfriend's depression. The mention of past experiences with a partner who struggled with depression also indicates a source of stress and concern related to relationships.,"i was eextremely alone without friends or supportive family, i always did my best to be loving and supportive to  my ex",0.20794418454170227
3507,The author is under extreme stress caused by the toxic home environment due to alcoholic parents and neglect towards their sibling. The inability to leave the situation is leading to feelings of helplessness and contemplating extreme measures like calling social services despite fearing the consequences. The lack of family support and troubled childhood have exacerbated their mental disorders and depression. The unrealistic daydreams of winning the lottery and becoming a millionaire indicate a coping mechanism to escape the harsh reality at home and find hope for a better future for themselves and their sister.,"both parents are alcoholic and recentll their drinking had been getting a lot worse, my parents never been there for me",0.33661043643951416
3508,"The language used and the self-criticism suggest that the person is likely experiencing relationship-related stress, which may be affecting their self-esteem and causing them to feel upset over minor issues.","i get upset over the tiniest stupidest things, hate myself",0.40162232518196106
3509,"The person mentions struggling with depression and anxiety, and expresses relief in being able to accomplish small tasks like doing the dishes, cleaning up, and sending follow-up emails. This indicates that the person may be relying on medication to manage their mental health, hence falling under medication related stressed category.","have been too exhausted to take care, ",0.2865842580795288
3510,The individual is expressing feelings of alienation and disconnection from their childhood and is questioning the purpose of waiting for 6 more years. These feelings of hopelessness and lack of purpose indicate a sense of alienation from their own life and experiences.,"never want to give up on my parents, just see no point of waiting 6 more year, see my childhood please help me",0.4090736508369446
3511,"The person's mental state seems to be focused on bias and abuse related stress. They mention feeling suicidal as a response to bias, indicating they may have experienced discrimination or mistreatment that has led to self-hatred. Their language suggests a deep sense of hopelessness and internalized negativity, possibly stemming from past traumatic experiences related to bias or abuse.","there is nothing wrong with you for feeling suicidal, no shame in failing suicidal",0.5135288238525391
3512,"The person's mental state seems to have been characterized by feelings of alienation and hopelessness in their darkest moments at the age of 15-16, where they expressed not seeing any reason to keep living and feeling like they were nothing special. The sense of endless slog and mentioning of having their heart broken several times further suggests a state of alienation and emotional distress. The turnaround in their life from experiencing such dark moments to finding beauty and purpose in living indicates a transformation from a state of alienation to a sense of connection, gratitude, and appreciation for life.","i have fallen  in love and had heart broken several times, ",0.42177292704582214
3513,"The person exhibits signs of alienation, feeling disconnected from their surroundings and peers, relying on familiar routines and habits from their past. They struggle with self-image, social anxiety, and lack of motivation to progress in life. This sense of detachment and inability to progress or change may be causing distress and feeling stuck in the current state of their life.","got kicked out my stste university, still come home and put off doing any homework or studying so i can paly video game",0.13196107745170593
3514,"The person is experiencing deep emotional distress and self-hatred, which are commonly associated with relationship-related stress. The feelings of embarrassment, shame, and the desire to shield loved ones from sorrow indicate that the source of the stress might be related to personal relationships or dynamics within the military environment. Additionally, the reluctance to share certain personal struggles like bed-wetting suggests a fear of judgment or negative impact on relationships.","i feel ashamed, embarrassed and the worse part is that i still have 2 year left, started having brake-downs and even wetting the bed, hate my self",0.3578784763813019
3515,"The person mentions struggling with depression and suicidal thoughts, indicating a mental health issue that requires medication and therapy. The reference to the brain's default thought patterns and the need to bypass them suggests a deep-rooted issue that may benefit from medication-related intervention and therapy.","life is meaningless, want ton die",0.21842226386070251
3516,"The mention of drastic changes in behavior and attitudes as a result of depression, along with the struggle to cope with school, relationships, and substance use, suggests a high level of distress stemming from medication-related issues."," I stop caring about school my relationships with my friend, I stopped caring what peaple think about me,  I wouldn't even touch alcohol and now I'm starving to do shrooms ",0.3784341812133789
3517,"The person's mental state seems to be heavily impacted by relationship-related stress. The individual has expressed feelings of loneliness, rejection, and conflict in their past relationships, both with partners and with their children. They also mention that their current relationship is on the brink of ending. This intense emotional turmoil and the struggle to find meaning in their relationships indicate a significant level of distress in the realm of relationships.","i ahve been married and divorced 3 times and several LTR's over the year, my girlfriend really doesn't like me, she said i am the rudest person she's ever met ",0.11921758204698563
3518,"The mention of death and comparing it to suicide implies a heightened level of concern related to mortality, which could be linked to anxiety or mental distress needing medication for relief.","death by virus, something else would be less than suicidal",0.46506696939468384
3519,"The person's feelings of hatred, suffering, feeling different, separated, rushing through life, feeling worthless, and living for others indicate a sense of alienation and disconnection from oneself and those around them. The mention of biases, insults, and feeling like not knowing anything further suggest a deep-seated sense of alienation and exclusion, leading to significant emotional distress and a desire to escape from the current state of being.","i hate growing up,biased,every day insults, hate every second of life, i ahte going  home and then going back to school is different",0.3529513478279114
3520,"The person is feeling alienated and disconnected from their emotions and the joy they used to experience in life. They describe feeling as if in a cloudy dream, indicating a sense of disconnection from reality and emotions. This prolonged feeling of emptiness and lack of happiness suggests an alienation-related stress.","just feels like a cloudy dream over and over again, don't have feelings of happiness or good anymore",0.6337352395057678
3521,"The premise reflects relationship-related stress, where the person is struggling with feelings of abandonment, rejection, and heartbreak after someone they loved left them for someone else. This has caused them to question their self-worth and purpose in life, despite having supportive friends and family around them.","i want is to love me bbut she doesn't, she left me for him, i have loveing friends and family and a pretty good life but it's like that stuff doesn't matter, ",0.30534929037094116
3522,"The person expresses feelings of alienation, believing that others do not understand their struggles and the complexity of their suicidal thoughts. They also mention feeling like a burden to themselves and those around them, seeking relief from pain through an escape from living, which can be indicative of an alienation-related stress.","i just want the pain to end, i am not really living, it's like a temporary death, i oversleep a lot",0.24989473819732666
3523,"The person is expressing feelings of alienation and hopelessness towards society and the future, mentioning a lack of desire to be part of a system they perceive as dehumanizing and inescapable. The mention of feeling like a number in a big factory and the desire to escape but not finding a safe place indicates a sense of alienation and disillusionment with the world. This existential crisis and perception of being unable to see a positive future for oneself align with the category of Alienation related stressed.","don't know what i want to do inn the future, i just don't want to experince anything of it, make me sick",0.3596610724925995
3524,"The person is experiencing relationship-related stress. They are feeling sad, lonely, and abandoned by their friends. The gradual loss of connection with their long-term friends, the lack of emotional support, and the feeling of being alone are all indicative of relationship-related stress. The person's emotional pain and distress stem from the diminishing bond with their friends, which has been a significant source of support for them over the years.","i have been feel abnormally sad for almost 5 years, doesn't share emotional things anymore, feeling lie lossing my friends slowly, feel alone, hate going out into public ",0.47040003538131714
3525,"The person's attempts to find love and build relationships have consistently backfired, causing feelings of being used, alone, and ultimately leading to suicidal thoughts. This relationship-related stress and repeated disappointments in interpersonal connections can be identified as the main cause of their current mental state.","i quit my job and didn't get accepted any other jobs, i always contracted by people when they need help and make me feel used",0.13605281710624695
3526,"The person expresses feelings of alienation, loneliness, and being bullied or biased. They feel that life is filled with bias and trauma just from being alive, which indicates a sense of disconnection and alienation from society. The person also mentions feeling friendless and alone, highlighting a deep sense of isolation and lack of belonging. These feelings of alienation and despair are consistent with the type of stress associated with alienation related issues.","just feel like life is stuck of endless bias and trauma from being born, spend my life freindless,alone and billied or biasd, no one is helpful and people think their lives and prespecctive and view points are the only ones that seems to exits",0.4988413155078888
3527,"The person feels alienated and disconnected from their daily routine, indicating a sense of monotony and lack of fulfillment in their activities.","wake up,go to school,do useless work,comehome, have fun but its only temporary, every day is the same",0.39572086930274963
3528,"The mention of suicide and feelings of not wanting to live anymore indicate a deep emotional distress related to relationships, possibly feeling burdened by the impact it would have on loved ones.","don't want to live anymore, feel the pain and suffering that i go through everyday",0.5101740956306458
3529,"The person's feelings of alienation, being constantly ignored, feeling like they don't fit in, and perceiving everything as fake suggest they may be experiencing alienation related stress.","nothing brings me joy anymore, things that seem promising quickly turn into bitter disappointments, everything is so fake",0.2887282967567444
3530,"The person's change in emotional response to feeling wronged, frustrated, and not in control, as well as the mention of crying in front of everyone, indicates a significant level of distress in relationships. The extreme reactions such as wanting to punch someone and feeling the urge to cry in public suggest a deep emotional turmoil specifically related to interactions with others.","i cannot fucking control my emotions, get so frustrated to the point of crying in front of everyone",0.6131596565246582
3531,"The person is experiencing a multitude of mental health issues including depression, anxiety, and OCD as diagnosed by a doctor. This indicates a high level of distress and struggle with mental health conditions. The self-hatred, body image issues, feelings of inadequacy, perceived ignorance, and constant search for validation and reassurance through mental health quizzes and coworkers point towards the stress and anxiety related to medication and mental health issues.","i have been filled with self hatred, i am fat and though this is a very average body weight, feel like life is failure, i think everyonr hate me and is talking about me",0.39434587955474854
3532,"The mention of thinking of dying for almost six months and considering it as the best option indicates a serious mental health issue that may require medication. The person seems to be searching for hope and is seeking validation on their decision, which is common in medication-related stress.","i started thinking of dying, ",0.49233242869377136
3533,"The person expresses feelings of emptiness, disconnection, and a desire to escape from their current state through distractions. They mention the inability to feel happy, joyful, and innocent, indicating a sense of alienation from positive emotions and experiences. The contemplation of doctor-assisted suicide as a means to end their suffering and the awareness of the impact on their parents also point towards feelings of alienation from life and a desire for the sadness to end.","don't think i enjoy life, i want to redu and right all the things that i wronged all the peeple i've hurt, all the relationship that i broke, can't feel happy, joyful and innocent, i will break my parents hearts",0.3381059765815735
3534,"The individual is expressing feelings of alienation and disconnect from those around them. They feel like a side character in the lives of others, indicating a sense of isolation and not being fully integrated into their social circle. Despite making efforts to engage with their roommates and be present in their lives, they perceive that their attempts are often met with indifference or disregard, leading to a growing sense of being ignored and growing apart from others. This sense of alienation and lack of meaningful connection is causing distress for the individual, contributing to their overall negative mental state.","i end up hurt and ignored no matter what i try, just feel like they shrug me off or ignore me completely, ",0.3565414547920227
3535,"The person shows signs of alienation by mentioning their struggles with expressing themselves, preferring online interaction over face-to-face contact, and relying on substances like ganja to cope with their feelings of depression and anxiety. They also mention hiding from the world, which further indicates a sense of withdrawal and disconnection from others.","i smoked ganja, anxiety issues, ",0.4566214680671692
3536,"The person is expressing significant distress related to their relationship with their partner, mentioning a fight that led to potential separation and the fear of losing their son due to this. This relationship-related stress seems to be a primary driver behind their emotional turmoil, leading to feelings of being lost, unable to sleep, and a fear of their situation escalating to a dangerous level. The person's focus on their strained personal relationships indicates that relationship stress is a key factor affecting their mental state.","i am getting sick of the job that i am doing , th problem is that i cant seem to stay at this type of job more than a year",-0.008587505668401718
3537,"The person expressing extreme loneliness and enduring depression indicates feelings of alienation. The negative experience with the unsympathetic photographer further intensifies the sense of being disconnected and misunderstood. Seeking understanding and insight from professionals, even in unconventional settings, highlights the deep-seated alienation and desire for connection.","i suffer from extreme loneliness and endure depression from it, ",0.41504350304603577
3538,"The intense self-blame, guilt, and fear of being responsible for someone's suicide, as well as the overwhelming emotions and desire to escape, indicate a significant amount of stress related to the past relationship and the tragic event. This falls under the category of relationship related stress.","i though i made it really clear that while i liked him, self blame and guilt get so immense and overwhelming",0.45173290371894836
3539,"The person expresses a sense of alienation and disconnection from their surroundings and experiences. They mention feeling consumed by online betting and neglecting important aspects of their life such as studying, relationships, and friendships. This behavior led to financial troubles, isolation, and ultimately contemplating ending their life. The individual seems to feel detached and overwhelmed by their circumstances, indicating a state of alienation-related stress.","i forget about everything study, girls and friends, i just sit home paly video games and betting",0.3056676387786865
3540,"The person is experiencing feelings of alienation, isolation, and disconnection from others. They feel abandoned by their friends and family, unable to express emotions, and have lost interest in life. The mention of suicidal thoughts and lack of fear towards death indicate a deep sense of hopelessness and despair. The use of substances like weed, acid, and md may be an attempt to cope with their emotional pain and numb their feelings. It is crucial for this person to seek professional help and support to address their mental health issues and find healthy coping mechanisms to improve their well-being.","i leave is to go to school or smoke weed/take acid and md, i can't sleep and don't know what to do",0.38703542947769165
3541,"The mention of suicidal thoughts, lack of access to medication due to absence of health insurance, and previous use of weed as a coping mechanism indicate a mental state heavily influenced by medication related stress.","weed helped, can't handle this anymore",0.4706273674964905
3542,"The use of Zoloft and Lamictal for anxiety indicates that the person is under medication-related stress. The mention of experiencing panic attacks and the need to take Klonopin further suggests that the individual is struggling with managing their anxiety condition. The feeling of disconnecting from surroundings and forgetting details during a conversation could be attributed to side effects or fluctuations in medication effectiveness, which are common concerns for individuals managing mental health conditions with medication.","i stated having panic attacks, i am relatively healthy person",0.44138360023498535
3543,"The person is expressing feelings of being lost, lacking purpose, motivation, happiness, and coping mechanisms. They feel disconnected from society and unable to find a sense of belonging or direction in life. The mention of not understanding how others can carry on with daily activities and feeling like a 'ship dead at sea' reflects a sense of alienation and disconnection from the world around them. The person's description of their friends being depressed but still able to function in their jobs further emphasizes the alienation they feel from being unable to achieve similar activities or responsibilities.","sitting in my bed, unable to sleep and hitting a burnt vape, feeling absolutely lost, have no job,no mtivation,no passion,no money,no coping mechanisms and generally no happiness",0.387092262506485
3544,"The person who wrote this premise seems to be experiencing feelings of alienation and loneliness. They have had a difficult time connecting with others, especially girls, throughout their school life. The lack of positive interactions with girls seems to have led to a strong desire for physical affection and emotional connection. This longing for intimacy has caused them to misinterpret innocent gestures of kindness from girls as romantic interest, leading to a cycle of unfulfilled desires and disappointment. They have also struggled with self-esteem and sought validation from others, particularly from women. The attempt to cope with these overwhelming emotions by punishing themselves shows a deep sense of self-blame and desperation. The person's awareness of their actions and the negative impact on their mental state reflects a sense of distress and confusion. Overall, the themes of isolation, longing for connection, and self-harm suggest that the person is under significant stress due to feelings of alienation.","i slowly realized that i had no chance with girl, i couldn't stop thinking about women, thomking about the soft touch of a women, ",0.29553353786468506
3545,"The person in the premise is experiencing extreme feelings of isolation, alienation, and loneliness. They feel like they are a burden on others and avoid people because they believe others find them annoying. This sense of alienation and disconnection from others is a key indicator of alienation-related stress.","i have been abusive parents, my mother is slowly going insane because she won't accepts that my sister and i are growing up, i feel like people thinks i am annoying",0.23454612493515015
3546,"The statement reflects deep apathy, lack of interest in life, and a sense of inevitability about the future, which are common symptoms of medication-related stress. The individual mentions the completion of their transition as a relief rather than a positive change, which could be indicative of the medications not having the desired impact on their mental state. The contemplation of suicide and the shift towards seeing it as a potentially positive choice further emphasize the significant mental distress experienced, suggesting that the individual's current medications may not be adequately addressing their underlying issues.","i just spend all day sleeping,eating and watching tv, feel guilty for thinking it about 2 family members that i am close to would die, what worse is i am transgender",0.2592769265174866
3547,"The person expresses feelings of anger, guilt, and self-hatred, which are signs of internal turmoil and distress. Despite the mentioned suicidal ideation, the fact that they are self-aware of these negative emotions and express a sense of conflict and self-loathing suggests that the person is in a very difficult mental state, rather than being primarily influenced by external factors. Therefore, the categorization leans more towards a general good state of mind with intense emotional struggles.","my family suppose to leave the house for a few hourse, they didn't leave and i a so angry, it's not fair on them",0.15441444516181946
3548,"The person expresses feelings of worthlessness, hopelessness, and alienation, indicating a state of alienation-related stress. They feel like their life is spiraling out of control, nothing seems to go right, they have no purpose, and they feel disconnected from others when expressing their struggles. The person also mentions feeling exhausted, not having an appetite, losing weight, and experiencing physical symptoms like headaches, all of which are common signs of alienation-related stress.","i am worthless, my body is shutting down, i hate the way i look, like i just take up space and don't deserve to get help, feel like no one cares, i have no idea what to do,  i hate most about yself,more than body or personality or grades or anything else",0.3643978238105774
3549,"The person seems to be experiencing feelings of alienation and inadequacy stemming from their upbringing in a strict Pentecostal family in a small rural town. The individual describes feeling like they don't fit in with others, had strict rules imposed on them which isolated them from secular activities, and experienced significant turmoil within their family, including a father who became an alcoholic and had multiple affairs, and a mother who became aggressive and depressed. These experiences have led to deep-seated insecurities, a sense of betrayal, and ongoing feelings of comparing themselves negatively to others, indicating a strong sense of alienation and emotional distress in navigating their past and current circumstances.","grew up in strict pentecostal family with many rules forced into my siblings and i,i was not allowed to listen secular music or even go to the movies because of rules my mom enforced on all of us, My dad disappeared for many months one time and I thought he gave up on us but specially on me",0.5255258083343506
3550,"The person's narrative suggests feelings of alienation and disconnect from the world around them. They express a dissatisfaction with the way life is experienced on Earth, feeling like it is hollow and artificial. The desire for something beyond this world, excitement, unpredictability, and their fascination with simulation theory all point towards a sense of alienation and seeking something more meaningful or authentic.","life on earth has always seemed holow and artificial to me in some way, i just want excitement and unpredictability like a video game",0.48460036516189575
3551,"The person is expressing feelings of anger and frustration towards their family for negatively impacting their romantic relationship, indicating relationship-related stress.","my family destroyed my life, keep blaming me for everything, ",0.35776224732398987
3552,"The premise reflects feelings of alienation and disconnection from one's own emotions and experiences, which can lead to a sense of lack of fulfillment and emptiness despite having everything one desires.","can't feel happiness, ",0.4275692105293274
3553,"The person is expressing feelings of deep despair and hopelessness due to the burden of multiple health issues, including mental health conditions such as depression and anxiety, as well as physical ailments. The mention of chronic fatigue syndrome, chronic pelvic pain syndrome, migraines, and a sensitive issue like porn-induced erectile dysfunction, indicate a significant level of distress related to medications and health challenges.","i have multiple illnesses, my life has gone downhill because of my health, I also have chronic fatigue syndrome, chronic pelvic pain syndrome, migraines, and porn-induced erectile dysfunction",0.6948082447052002
3554,"The author's mental state demonstrates severe trauma resulting from long-term emotional and physical abuse within their family. The continuous exposure to controlling, abusive, and manipulative behavior by their parents has deeply impacted their sense of self-worth, security, and trust. This has led to feelings of alienation, fear, insecurity, and a distorted view of relationships. The author's mention of feeling untrustworthy, manipulative, and creating fantasies to escape their reality further indicates the psychological toll of the abusive environment. Additionally, the author's admission of suicidal thoughts, attempts, and a sense of hopelessness reflect the psychological distress and emotional pain they are experiencing. The history of family abuse, isolation, and lack of support have contributed to the author's current mental state, fitting the category of Bias or abuse related stressed.","i wasn't stronge enough to, ",0.20589253306388855
3555,"The person who wrote this premise is experiencing extreme alienation-related stress. They have highlighted feelings of not belonging, being misunderstood, and continuous rejection throughout their life. From struggling with their gender identity to feeling like an outcast in their family, school, and work environments, the individual portrays a deep sense of isolation and detachment from the world around them. These feelings of alienation have contributed significantly to their mental state, leading to a profound sense of desperation and hopelessness.","my dad was never in the picture so growing without a father has  been difficult on its own , my mom always worked all the tie so it was pretty much me and older brother for some time, my brother constantly calling me gay",0.2590823471546173
3556,"The person is experiencing sadness and lack of motivation, but acknowledges that their life is going well. This contradiction suggests that they are in a good state mentally, as they are trying to understand and overcome their feelings of sadness despite not being able to pinpoint a specific reason.","sadness hit me, don't know what's causing me, makes me feek selfish",0.33034640550613403
3557,"The person expresses feelings of being completely alone, not being listened to, and feeling used and ignored by others. They also mention having no family and feeling like they are constantly in mental agony. These feelings of alienation and isolation indicate a deep sense of disconnection from others and society, which aligns with the category of alienation-related stress.","suffering fron bipolar disorder, manic depression, i have no family, raised in the foster care system, i am completely alone",0.38758987188339233
3558,"The person expresses feelings of alienation and self-hatred, doubting every interaction with others, struggling with substance abuse issues, and feeling like their own worst enemy. The sense of not fitting in, the self-rejection, and the desire to be a different person all point towards alienation-related stress.","everyone ends up hating me eventually, i am doubting every interaction, i am my own worst enemy, i was accused of being a bully",0.32245516777038574
3559,"The person mentions self-medicating with wine, being on tablets, and having therapy in the past, indicating a focus on medication to cope with their mental state. This suggests that the individual is experiencing stress related to medication and seeking relief through self-medication and professional help, which has not been effective so far.","feel so low, i am never good enough and hopeless at everything, i can't seem to be happy",0.2956506907939911
3560,"The person expresses a deep sense of alienation, loneliness, and feeling of not belonging. They mention feeling empty and unable to form meaningful relationships, highlighting a difficulty in connecting with others. This sense of disconnectedness and lack of belonging can contribute to a constant feeling of loneliness and emptiness. The individual also mentions a long-standing desire to end their life, further indicating a profound sense of alienation and hopelessness. The focus on feeling unlovable and unable to trust anyone suggests a deep-rooted alienation from others and society.","i feel empty, i have no desire to continue living, the feeling of being empty and alone is unbearable",0.614832878112793
3561,"The person is experiencing alienation related stress. They feel disconnected from their old life and the happiness they once found, as well as feeling out of place and like they don't belong in their current situation. There is a sense of longing for the past experiences and a fear of missing out on precious moments with loved ones in the future. This internal conflict and sense of not fitting in is causing distress and a feeling of slowly dying inside, leading to a negative outlook on life and a struggle with their own thoughts.","working in an unfulfilling job that pay terribly, i feel like an absolute failure because i won't enven have a degree until i am 30 i don't see any career opportunities",0.16343359649181366
3562,"The mention of constantly thinking about suicide, contemplating the afterlife, and feeling overwhelmed by existential questions indicates a medication-related stress. These thoughts and feelings may be a result of a mental health condition that requires medical attention and treatment.","thehuilation and satisfaction of nothing short of horrible life, life is as pointless as i think",0.26333385705947876
3563,"The person shows signs of medication related stress as they are expressing frustration with the financial aspect of accessing mental health support. The mention of being diagnosed with general anxiety and depression, as well as their concern about having bipolar disorder, indicates a struggle with mental health issues. The unexpected cost barrier to accessing online counseling services has triggered feelings of being stuck and overwhelmed, especially considering their current financial situation as a college student working two jobs. The anger towards capitalism further reflects a sense of helplessness in navigating the healthcare system to obtain proper treatment for their mental health concerns.","i realized recently that i might have bipolar disorder , i have diagnosed with general anxiety, i completely feel stuck",0.4645107388496399
3564,"The person is experiencing symptoms of depression for an extended period of time and is now feeling overwhelmed and hopeless, indicating that their mental state is related to medication. Additionally, the mention of physical symptoms like tiredness and vision changes could also be indicative of a medication-related issue.","i randomly have the urge to just cry all day long, still live with mom and every time i aget home she just yells at me",0.305008202791214
3565,"The individual mentions feeling depression returning, getting physically heavier, feeling stressed, tired, sick, and sleepy all at once. These symptoms could be indicators that the person is experiencing a relapse of their depression. Additionally, the person expresses a lack of motivation, enjoyment, and anticipatory pleasure, which are common in individuals struggling with mental health issues. The mention of stopping therapy due to financial reasons further suggests a medication-related stress category, as the lack of regular therapy sessions may have contributed to the worsening of their mental state.","i am feeling stressed,tired,sick and sleepy all the same time, need ideas, inspiration,advice anything to help me get out of this funk, i am having more bad days then good",0.3953302800655365
3566,"The person expressed feelings of alienation, loneliness, worthlessness, and a desire to be left alone to perish. They feel like they have become a problem and believe that their family talks about them behind their back, further amplifying their sense of alienation. These thoughts and emotions indicate a state of alienation-related stress.","i know my family would be sad but htey already talk about me behind my back , i am at my breaking point, i wish for is to be left alone to perish",0.4007725715637207
3567,"The person's emotional state seems to be characterized by feelings of alienation and disconnection from others. They express a lack of social support, a sense of worthlessness, and a longing for love and understanding. The individual's narrative reflects a deep feeling of isolation and a belief that the world is filled with deceitful and uncaring individuals. This sense of alienation and hopelessness is the predominant theme in their description.","no friends,no family, bullied thoughout elementary and high school, can't find motivation to keep going on, ",0.21602173149585724
3568,"The person seems to be experiencing deep feelings of alienation and loneliness, expressing a sense of disconnect from others and a lack of support or understanding in their life. They feel like no one cares about them, leading to feelings of overwhelming despair and questioning the purpose of their existence. The mention of not having someone to express their crisis to and resorting to the Internet for solace highlights their sense of isolation. This sense of alienation is further emphasized by the belief that life is empty and no one is supposed to give a care about them, ultimately leading to fear and apprehension towards both living and dying. The person also reflects on the loss of curiosity and beauty in the world, indicating a sense of disillusionment and detachment from the world around them.","no one even care, feeling overwhelmed, have a abusive boyfriend, scared of life",0.3825302720069885
3569,"The person expresses feelings of alienation, disconnection, and a sense of being consumed by past traumas. They seem to be struggling with feelings of being overwhelmed and unable to escape their past experiences, which is leading them to constantly keep busy and avoid facing their inner turmoil. The mention of seeking solace in distractions like TV shows, alcohol, and constant activity, as well as the fear of slowing down and being consumed by their past, all point towards a state of alienation-related stress.","my last relationship almost killed me, my ex is abusive, i survived since shit, sexual assaults, i come from long line of alcoholics ",0.2327534258365631
3570,"The person who wrote the premise is under Relationship related stress. They are dealing with the emotional burden of having loved ones who have attempted suicide, struggled with addiction, and passed away due to suicide. They feel a deep sense of responsibility for the well-being of their friend who repeatedly expresses suicidal thoughts with an active plan. The fear of saying the wrong thing and feeling the weight of potentially being the reason for their friend's death is causing immense emotional distress. This level of emotional involvement and feelings of inadequacy in being able to help their friend indicate a high level of Relationship related stress.","struggle with addiction, also lost someone, ",0.43807920813560486
3571,"The statement indicates feelings of alienation and hopelessness, suggesting a sense of disconnect and lack of purpose in life. The person seems to be struggling with the meaninglessness of life and questioning the value of continuing to live.","no point in life, life has been hell to me so far",0.2813800871372223
3572,"The person is expressing deep sadness and hopelessness, mentioning that their own family puts them down. They also feel demotivated regarding their YouTube channel, indicating relationship-related stress. The person's desire to die and loss of interest in favorite things further support the categorization under relationship-related stress.","my own family put me down, trying to grow my youtube channel and nothing works",0.36477363109588623
3573,"The person's mention of seeing a therapist and psychiatrist weekly, being on multiple medications, and recent hospitalization indicate a focus on mental health and medication-related stress. Their feelings of hopelessness and lack of passion further underscore the severity of their mental health struggles, which are likely contributing to their suicidal thoughts.","don't have friends or family, i have no passion for anything",0.22871370613574982
3574,"The person expresses feelings of extreme loneliness, alienation, and hopelessness, indicating a mental state of alienation-related stress. They feel rejected by others, consider themselves disposable, and see no hope for improvement in their life.","there is no hope or desire to continue breathing, i do not seek attention,advice or a savior, nobody can help me",0.24014313519001007
3575,"The person expresses feelings of being alone, questioning their self-worth, and contemplating ending things, which indicates a sense of alienation and detachment from others. The mention of feeling fat, manipulative, and not a good person further adds to the theme of alienation and self-doubt.","i am not a good person and i am alone, i am manipulative",0.41552305221557617
3576,"The person exhibits feelings of loneliness and alienation throughout the post. They express a deep sense of inadequacy, insecurity, and a fear of never finding true love or fulfillment. This alienation is further highlighted by their reliance on external substances like alcohol, drugs, and steroids, as well as seeking solace in movies and books. The individual's thoughts of eventually killing themselves and comparing themselves to fictional characters like Holden Caulfield indicate a profound sense of disconnect and estrangement from the world around them.","i am struggling from a crippling loneliness, i had a crippling insecurity about my body image",0.3592269718647003
3577,"The person seems to be experiencing alienation related stress, as indicated by feelings of being highly sensitive, unmotivated, hating school, and wanting to give up on life. They mention feeling judged by themselves all the time, which could contribute to a sense of isolation and alienation. Additionally, the thoughts of suicide being a normal thing for them, even in better days, suggests a deep sense of disconnection and emotional distress.","failed graduating many times, my dad bulling me, i am unmotivated in school, i hate school, i just waana give up on life on school and die",0.3614232540130615
3578,"The person expresses feelings of loneliness, lack of connection with their girlfriend, and a sense of not being cared for. This relationship-related stress appears to be a significant factor contributing to their mental state.","i stopped taking my useless antidepressants because i was tired of being asexual, my girlfriend lives hundered miles away and it feels like she doesn't care anymore about me",0.30150023102760315
3579,"The person is experiencing relationship-related stress. They express feelings of loneliness, difficulty in forming deep relationships, uncertainty about a potential romantic relationship, and admiration for people who make others happy. The mention of a girl who has been nice to them and the desire for things to work out with her shows a strong focus on relationships and the impact it has on their emotional well-being.","have no one to listen to my problems, i feel like i am being ungrateful, feel so shit",0.12180104851722717
3580,"The mention of writing suicide notes to the mother and boyfriend, feeling guilty, experiencing a decline in the relationship, and expressing a yearning for how things were all point towards relationship-related stress and struggles.","i feel songuilty but things have really taken a bad turn, can't do it anymore, it keep gettiing worse, i hate feeling this way",0.1648474633693695
3581,"The person in the premise is feeling alienated and overwhelmed by the series of unfamiliar events and tasks. The struggle with the unfamiliar building, instructions, and technical requirements for the cello bow are causing distress and making them feel disconnected or isolated from their environment. This sense of alienation is further compounded by the feeling of being overwhelmed and unable to handle everyday tasks, leading to emotional breakdowns.","i coouldn't get my self out of tghe bed to go to my first class, i wish that every little thing didn't have to make me sad",0.2077312469482422
3582,"The person is experiencing intense relationship-related stress and distress due to their partner's desire for an open relationship, specifically to be with other individuals who are cis men, which conflicts with the person's deep need for monogamy. This incongruence in needs and values within the relationship has led to feelings of rejection, inadequacy, and self-hatred, exacerbating existing mental health issues like depression and suicidal thoughts. The situation has put immense pressure on the person's emotional well-being and self-worth, highlighting the significant relationship-related stress they are undergoing.","he says that he can't be satisfied sexually with just me, he wants an open relationship, i am transgender and it's killing me, he doesn'y believe our relationship is  sustainable, he won't marry me unless",0.40226465463638306
3583,"The person is experiencing relationship-related stress. The long history of family losses, borderline disorder, stressful past relationships, and feelings of betrayal and abandonment all point towards deep emotional turmoil regarding relationships. The mention of feeling exhausted, helpless, and overwhelmed further indicates a significant impact of past and recent relationship experiences on the individual's mental state.","family losses and my borderline disorder, i was born mentally ill, i think that i have no cure",0.3268580734729767
3584,"The person expresses feelings of loneliness, alienation, fear of judgment, and being trapped in their situation. They mention the presence of depression and anxiety that they have not treated for a long time, which has likely contributed to their sense of isolation and disconnection from others. Additionally, they describe a lack of positive social connections in their life and encounters with individuals who are trying to tear them down, further contributing to their feelings of alienation. This overall sense of being trapped and experiencing negative interactions with others aligns with the category of alienation-related stress.","feeling very alone, just reallu feel trapped, people thinks i am stupid",0.47129321098327637
3585,"The person expresses feelings of worthlessness, self-hatred, and alienation from themselves and the world. They feel overwhelmed by existential pain and express a desire to escape their own existence, indicating a sense of alienation and disconnect from life.","life is pain, i know i am worthless, don't want to feel anymore, i hate myself",0.5221416354179382
3586,"The language used suggests feelings of alienation and disconnection from others, and the sentiment of having no one to talk to indicates a sense of loneliness and isolation. The individual expresses frustration about not being able to communicate their feelings effectively, which may stem from a feeling of being misunderstood or unheard by others, contributing to their overall sense of hopelessness.","fell like i am so stupid and can't be helped, i am hopeless or something, i have no one to talk to",0.4160589575767517
3587,"The person is experiencing severe emotional distress due to the lack of support and understanding from their parents, particularly their father. The dismissive and hurtful response from the father after a serious suicide attempt as well as the ongoing emotional neglect and invalidation by the parents have contributed to relationship-related stress. This has led the individual to feel isolated, unheard, and unsupported, exacerbating their suicidal ideation and mental health struggles.","school has never been worse, i have already had 2 serious breakdowns, i found some painless suicidal methods",0.3076234757900238
3588,"The person's mental state appears to be heavily influenced by job and career-related stress. They express a deep dissatisfaction with their current and past jobs, feeling lost in life, and experiencing suicidal tendencies due to their work situation. The negative impact of work on their mental health is evident throughout the premise, indicating a significant level of stress and unhappiness directly related to their career experiences.","i hate working, having a physical health problems, not being able to find job, feeling generally lost my life, i quit my last job with awful premonition",0.500754714012146
3589,"The person is expressing intense feelings of hopelessness, intense pain, and mentions trying different therapists, coping mechanisms, and medications without success. These are common indicators of medication-related stress in dealing with depression for nearly a decade.","i dropped out school, i have no job and no friends, i have nothing, i just quickly running out of money",0.22366081178188324
3590,"The person is stressed about their relationships, specifically with their husband and coworkers. They feel isolated and disconnected, missing their family, friends, and previous social connections. The longing for hugs and the difficulty in communicating with their husband indicate emotional distress within the relationship. This feeling of loneliness and longing for emotional support points towards relationship-related stress.","my husband wanted to move from west coast to east coast, i hate my job and most coworkers, my husband made friends quickly and there's days he's out and i am sitting home alone, so alone, i cry in secret, i miss mom, sisiter, friends and their hugs",0.4356999099254608
3591,"The person seems to be in a good mental state as they are excited about the positive impact of changing their diet on their mood. They are also sharing their experience and expressing hope that it might help others. Additionally, they mention that they are not stressed about college midterms, indicating a positive emotional state.","i changed my diet, i ate out a lot, i used to angry all the time also, it's crazy i just drinks 2 shakes a day",0.3014829754829407
3592,"The person is expressing emotional distress related to not wanting to be alone anymore, indicating relationship-related stress.",i just don't want to be alone anymore,0.4522048830986023
3593,"The person appears to be experiencing cycles of depression, anxiety, panic attacks, insomnia, and feelings of low self-worth. The mention of falling into the trap of feeling 'alright' only to be hit by depression later suggests a continuous struggle with mental health. The individual's reluctance to seek help, fear of job applications due to past negative experiences, and feeling trapped with nowhere to go indicates a significant level of distress related to medication and seeking mental health support.","i am terrible to applying for jobs, had a very bad experience in myb last job, i need to apply for jobs, composing my thoughts has been really difficult",0.26413413882255554
3594,"The person's constant need to apologize and feeling guilty for everything, along with a belief that they are a 'shitty person', indicates a deep sense of alienation and disconnection from others. They seem to struggle with feeling responsible for the emotions and actions of those around them, which can be a sign of alienation and a lack of self-worth.","i just feel guilty for evrything, i am pretty shitty person in general",0.5689383149147034
3595,"The language used in the premise suggests feelings of being unwanted, unfit to be in a certain place, and a sense of worthlessness. The person feels disconnected and isolated from others, believing that nobody cares or understands them, leading to a state of alienation.","no one wants me to be here anyways, idk there was really no point in making this post",0.21208037436008453
3596,"The person is experiencing alienation related stress. They feel like an outsider to their family due to differences in beliefs and values, leading to a sense of isolation. The loss of close friends, both online and offline, has intensified their feelings of loneliness. The individual's coping mechanism of making dark jokes has caused conflict with peers, further isolating them. The fear of being disowned and having to change schools also contributes to their sense of alienation and hopelessness. These feelings of being disconnected from their family, peers, and support systems are evident throughout the narrative.","i lost my clisest friend , he was inspiration to me, i feel alone, i have to move the school because which means i lose my closest friends in real life",0.3965911865234375
3597,"The person writing the premise is experiencing significant distress and confusion resulting from a turbulent and distressing relationship experience. The mention of relationship issues, lack of communication, feelings of being shut out, and confusion about the partner's actions all point towards relationship-related stress.","i was in a relationship where my gf had severe anxiety, i tried to help her but she had to go to the hospital, she broke up with me, she didn't want to talk te me right now",0.3402758240699768
3598,"The person is feeling alienated and pressured by the expectations placed on them in college, especially the pressure of being seen as something they believe they are not. They express a sense of disconnection and feeling overwhelmed by the external demands and expectations.","don't want to be seen as smart kid because i am mnot,college kicked me out, cheated through high school, don.t want all of this pressure it is killing me",0.32606297731399536
3599,"The person is expressing feelings of overwhelming anxiety and emptiness while dealing with a difficult decision involving a loved one (their pet) who has carcinoma and the option of chemotherapy. This situation is likely causing emotional distress and uncertainty regarding the outcome, which aligns with the mental state related to medication-related stress.","she has a carcinnoma, i've never felt so empty and overwhelmed with anxiety, it breaks me inside, i just want her to have peace, don't want to let her go",0.45136427879333496
3600,"The person expresses feelings of being ignored, rejected, and alienated by others. They feel isolated, disconnected, and alone in their suffering, which indicates a sense of alienation and social exclusion. The mention of feeling like the only one suffering among happy people around them further emphasizes the theme of alienation. This individual may benefit from support and interventions that address their feelings of being left out or disconnected from others.","i got rejected by my crush, i have a mental illness and it seems like my friends group is getting smaller and smaller",0.26627862453460693
3601,"The person is experiencing relationship-related stress, as indicated by being kicked out by their mom. The mention of the final straw and thoughts of suicide suggest a deeply distressed state due to strained relationships.","mom kicked me out, ",0.4505041837692261
3602,"The person is going through a separation with their husband, expressing thoughts of wanting to die, feeling drained from hurt and crying, and experiencing a lack of motivation. These are all indicative of relationship-related stress and emotional turmoil.","me and my husband are separating, i am fighting these thoughts, i physically feel drained from hurt and crying",0.5987714529037476
3603,"The person's mental state seems to be primarily influenced by feeling neglected and unloved in their relationships. The sense of being ignored when feeling down is causing stress and emotional distress, indicating relationship-related stress.","i feeling doown, i get ignored, i just want to feel loved",0.39111775159835815
3604,"The language used and the feelings of alienation expressed in the text suggest that the person is experiencing alienation-related stress. They feel like they can't share their emotions or complaints with their friends, feeling isolated and judged. Turning to Reddit for support indicates a lack of connection in real-life relationships, further emphasizing the sense of alienation.","i hate myself beacuse it isn't npt justified, i need distraction, i am becming a burden to everyone around me",0.238596111536026
3605,"The individual is experiencing overwhelming negative thoughts right upon waking up, which could be a side effect of medication or a sign of stress related to medication usage.","being over whwlmed with all the  thoughts that i was able to escape in slep, i have ruined my life up until this point",0.2313825488090515
3606,"The person expresses intense loneliness and a sense of disconnection from others, indicating feelings of alienation. The constant cycle of commuting, working, and sleeping with no time for personal life activities like gaming or watching anime further contributes to the feeling of being trapped in a repetitive and unfulfilling routine. The mention of never having had a girlfriend at age 22 and feeling like people always lose interest in them adds to the sense of isolation and alienation. The desire for a change and longing to feel connected with someone highlights the deep emotional distress related to alienation.","i feel tired every day, can't get anything done in my personal life",0.2490013837814331
3607,"The person is experiencing relationship-related stress, specifically in the context of their relationship with their child. They express feelings of inadequacy, worry, and guilt regarding their parenting abilities and the dynamics between them and their child. This is evidenced by their doubts about their parenting skills, their child's behavior towards them, and their comparison to their own mother. These feelings suggest a significant level of distress and concern about the relationship with their child.","every thing do with my child is wrong, every time i try to gine her attention, she tell me to go away and runs to grandma",0.29877138137817383
3608,"The person is expressing feelings of giving up on everything, facing family issues, struggling in school, and engaging in self-harm. These issues are often indicative of relationship related stress, which may be contributing to the person's emotional distress and self-harming behavior.","i have tons of family issues, school for me is struggle, ",0.24052739143371582
3609,"The author's writings indicate a deep sense of despair and hopelessness related to their family dynamics, specifically with their parents. The descriptions of feeling smothered by their mother and subjected to verbal abuse and threats of physical violence by their father suggest a high level of distress in their relationships. This constant environment of stress and pressure within the family unit is a significant factor contributing to their suicidal thoughts and self-harming behaviors.","my dad is screaming and threatening to whoop my ass all the time, my mom smothering me to the point, ",0.33590829372406006
3610,"The initial experience of facing an identity crisis, asking existential questions, and feeling the urge to harm oneself and others indicates a deep level of emotional distress that goes beyond circumstantial issues. These symptoms, along with the mention of loneliness and a miserable mental state, suggest a possibility of clinical depression during that period. Moreover, the individual's concern about depression not going away with time, despite the improvement in external factors, indicates an ongoing worry about their mental health. The use of lifting weights and practicing meditation are positive coping mechanisms, but the persistence of these negative thoughts warrants consideration of clinical depression, especially given the severity of the symptoms described in 2014.","i had lot of acne which prevented me frommeeting people, i wanted to harm myself",0.2069898247718811
3611,"The person expresses feelings of isolation, alienation, and a lack of connection with others. They believe that they are not loved by their boyfriend, not liked by their best friend, and that they don't trust anyone. They also mention feeling incomplete without misery and suffering, which could indicate a deep sense of alienation. Additionally, the person mentions that they feel that society accommodates them because they consider themselves an 'idiot', highlighting feelings of disconnect and alienation from societal norms. Lastly, the person expresses a desire for the virus to 'wipe them out', which suggests an extreme level of alienation and hopelessness.","i have been getting worse in my isolation, myselfb for me to be alone, my boyfriend does not love me, loud noises make me panic, ",0.26229381561279297
3612,"The language used in the premise reflects feelings of extreme self-hatred, low self-worth, and a sense of being disliked and alienated by others, including the individual's own boyfriend. This sense of alienation and worthlessness is further highlighted by the perception that taking care of oneself and performing daily tasks is significantly harder for the person compared to others. The individual expresses a strong desire for death as a means to escape from these overwhelming negative emotions and perceived burdensomeness, which are indicative of alienation-related stress.","i hate myself, everyone hate me too enev my own boyfriend, i am stupid piece of shit, ",0.3930622935295105
3613,"The person feels lonely and alienated even when surrounded by people, indicating a sense of disconnection and isolation from others. This feeling of craziness and constantly reflecting on their negative past and poor judgment points towards alienation-related stress.","i am lonely, l am crazy, i can't stop looking back atv my awful life",0.2938055396080017
3614,"The person is experiencing intense relationship-related stress. They are deeply attached and dependent on their partner, feeling suicidal and unable to imagine a future without them. The partner being in a bad situation and expressing readiness to leave adds to their distress. The moral struggle of allowing the partner to go through with their decision also contributes to their psychological burden. The fear of judgment from their friend and the inability to seek support due to the sensitive nature of the situation further illustrate the overwhelming relationship-related stress the person is facing.","i can't see future wiithout him, he's in a bad situation, my feeling just put more stress on him, i try to avoid talking abput them, we're long distance so i can;t even touch him",0.3616245985031128
3615,"The person is under immense stress due to various academic pressures and deadlines, such as struggling to write essays, multiple looming deadlines, feeling inadequate compared to others, and the pressure to perform well at university. These academic stressors are causing feelings of confusion, worthlessness, anxiety, and burnout. The constant need to study and revise without a break further contributes to the high levels of stress and anxiety. The individual's mental state is predominantly influenced by the overwhelming academic workload and the pressure to excel in their studies.","my classmates/friends is 700x better than me, struggling to write essay, my friend is most self absorbed person, she doesn't even realise and to make it worse , me feeling like worthless shit",0.4584936499595642
3616,"The person is experiencing relationship related stress due to the pain and sadness caused by a breakup and seeing their ex move on quickly to a new relationship, which is making them feel like they lost a future they had envisioned with that person. They express difficulty in moving on and feeling extremely unhappy with living, highlighting the significant impact of this relationship on their mental state.","i had with the girl i seriously wouldn't hand crafted, i was madly in love with her but lond distance made it not work in the end",0.1567291021347046
3617,"The person expresses feelings of being constantly interrupted, not cared for, and ignored in both school and at home. This sense of being unheard and undervalued suggests a feeling of alienation, where there is a disconnect and lack of belonging in both social and familial environments.","no one seems to care, feels like no one there for me, at home i am youngest and it feels like they just ignore me, ",0.47465717792510986
3618,The person appears to be experiencing alienation related stress. They feel disconnected from the routine of daily life and the pressures that come with it. The contrast between the freedom and joy experienced during the vacation and the return to mundane responsibilities intensifies their feelings of emptiness and disconnection. This sense of alienation is evident in their longing to escape reality and reluctance to return to work and daily commitments.,"i hate going on vaccations, because i know after that i am going to feel like shit, nothing feel right when i come home, i hate that i can't explain to my wife how i am feeling",0.30309444665908813
3619,"The language used in the premise indicates a feeling of alienation and hopelessness. The person expresses a sense of disconnect from the world and others, and they feel like there is no point in continuing to live. The mention of being selfish, rude, hopeless, and annoying suggests a deep sense of alienation and self-criticism. This is a sign of alienation related stress.","i am selfish, rude, hopeless and just annoying in general, there is no point in being afraid of the inevitaable",0.46829450130462646
3620,"The person expresses feeling like a disappointment to everyone, including themselves, and mentions their parents and teachers being upset with them. This indicates relationship-related stress and feelings of inadequacy or failure in their interactions with others.","i can't go to school because of my mental health and my parents are pissed as well as my teachers, i fail all of my classes and have no extracurriculars",0.25228482484817505
3621,"The person is mentioning memory loss related to dissociation and prolonged trauma, as well as low serotonin levels. This suggests a focus on medication and its effects on their mental state. Additionally, they mention being on antidepressants and experiencing improvement but still struggling, indicating a reliance on medication for managing their mental health.","i have been in a very beep depressive episode the past year,  a half and my memory is appalling, ",0.48714494705200195
3622,"The writer expresses feelings of betrayal, worthlessness, and alienation in their marriage, indicating relationship-related stress. This is evident from the issues of infidelity, lack of reciprocation, and feelings of being a stranger in their own home. The writer's suicidal thoughts and past suicide attempt further highlight the extreme emotional distress caused by the troubled relationship with their spouse. Overall, the focus on marital problems and the impact on their self-worth suggest that the writer is experiencing significant relationship-related stress.","i found out my wife was cheated on me, ",0.3225473463535309
3623,"The language used in the premise suggests a deep sense of self-hatred and alienation. The person feels disconnected from their own self-image and struggles with accepting compliments or positive feedback from others, resulting in a feeling of not deserving to live. This indicates an existential crisis and a strong sense of alienation.","my mom was  so excited to show me, couldnt look at them, beacuse i ahte the way i look so much, she said i looked so handsome and kept trying to show me and i just refused ",0.1140742376446724
3624,"The person's mental state is indicative of significant stress and frustration related to their familial relationships. They express feelings of being punished and unsupported, especially in the context of their struggles with depression, anxiety, and academic performance. The individual feels misunderstood and mistreated by their family, which is leading to emotional distress and thoughts of self-harm. The focus on losing their coping mechanism, the phone, exacerbates their already challenging situation, showcasing a strained relationship dynamic.","i am so tired of this shit, i have bad grades, i am failing in almost everything, i can't fall asleep at night because of anxiety",0.18266898393630981
3625,"The person expresses gratitude towards the community, demonstrates resilience, and offers advice to others, indicating a positive mental state.","i will ask to help to my wife's husband, i was too scared to ask help but u help me to realize life doesn't end,when u lost money",0.18545207381248474
3626,"The person is experiencing multiple stressors in different areas of their life, such as academic pressure from upcoming exams, parental divorce, strained relationship with their mother, physical health issues caused by stress, and feelings of isolation due to lack of trusted friends. This sense of alienation and overwhelming burden of stressors may be contributing to their suicidal thoughts. The person's struggle to communicate their feelings to their mother and seek understanding further underscores the alienation and lack of support they are facing. Addressing these feelings of alienation and seeking appropriate support are crucial in this situation.","my parents about to divorce in propably a year, i live with mo , who is always really stressed about and in a hurry, my mom kows there is  somethong wrong with me",0.37759196758270264
3627,"The language and emotions expressed in the premise suggest feelings of alienation, shame, guilt, and a desire for escape. The individual expresses a deep sense of not being able to function like a 'normal human being' and feeling disconnected from the world, which points towards alienation-related stress.","can't fucyioon like a normal human being, things just get worse, my anxiety makes impossible going to university, I'm so ashamed of myself, I feel guilty for existing.",0.350208580493927
3628,"The language used in the premise indicates a deep sense of hopelessness and a desire for an end to suffering, which are common signs of mental distress linked to medication or mental health issues.","i don't see myself getting back up, my life is over, disease snatched me away before i do something that i might regret",0.2767254114151001
3629,"The person expresses feelings of loneliness and a lack of emotional support, indicating a sense of isolation. They are longing for someone to talk to and are struggling with suicidal thoughts as a result of feeling alone and unconnected. These feelings of alienation and solitude are influencing their mental state.","i just feel alone, i have no one to talk to, my mother is too busy with my sister bull crap, ",0.34311360120773315
3630,"The person is expressing feelings of alienation by describing themselves as incapable, useless, friendless, and stating that everything they do is 'complete garbage'. These thoughts indicate a sense of disconnection from the world and inability to find purpose or belonging in their current situation.","can't do gaddamn things in the world, hit my head multiple times, cried,shouted, i am such a useless artist",0.3145809769630432
3631,"The person's writing reflects feelings of alienation and disconnection from themselves and others as they navigate through the stages of grief. They express a sense of losing a part of themselves, feeling numbness and pain beyond description, and struggling with different emotions like denial, anger, bargaining, and depression. The mention of feeling like a sad and hopeless mess, questioning their feelings, and being afraid of acceptance indicates a deep sense of alienation from their true self. The person also talks about feeling alone despite having loved ones around, highlighting a sense of isolation and disconnection. Overall, the focus on inner turmoil, confusion, and a search for clarity amidst grief points towards an alienation-related stress.","i have been trying  to numb that pain, i feel like i have something precious that was ripped out of my hands, i feel that slow and painful burn, try to find a people who will help and love  unconditionally",0.2793940007686615
3632,"The writer expresses feelings of alienation by perceiving themselves as dumb, ugly, and useless, and feeling unable to change these aspects about themselves. This sense of not fitting in or belonging may contribute to their desire to give up on life.","I feel like there are only three things that you absolutely cannot be, dumb, ugly, and useless, can't get passed is being useless and having no skill",0.4094165563583374
3633,"The person is feeling deep loneliness, alienation, and a sense of being disconnected from others. They express feelings of being shut out and struggling to make social connections, leading to a profound sense of isolation and worthlessness. The mention of past domestic violence experiences further emphasizes the feeling of being detached and alone. The individual's thoughts of insignificance and invisibility suggest a level of alienation from the world around them, leading to a deeply distressed mental state characterized by alienation related stress.","i can't make friends, i am shy, i have never felt this alone and struggling more and more everyday to keep going",0.21219277381896973
3634,"The person's mental state reflects extreme feelings of rejection and alienation, particularly in relationships with friends, crush, and most significantly - their father. This has led to a sense of worthlessness and hopelessness, with thoughts of taking their life as a result of feeling unloved and unimportant to those around them.","i failed one of my exam, i lost everything i thought i had,my dad just upset at me forever, not being able to give the license exam, ",0.18740230798721313
3635,"The individual is expressing feelings of isolation, being unwanted, and not feeling equal to others in their class. They mention being shy, feeling unheard, and experiencing competition in projects, all of which indicate a sense of alienation in their social environment.","i am very isolated and feel unwanted, I wish I felt more equal to everyone in my class but I don't",0.5186527371406555
3636,"The person expresses feelings of alienation and disconnection throughout the premise. They describe a sense of not belonging in their own body and struggling with their identity as a transgender individual. Additionally, the mention of feeling called to be dead and understanding why some trans activists take their own lives suggests a deep sense of alienation and hopelessness. The person also discusses feeling like they are not cut out to make the world a better place, further indicating feelings of alienation from their own potential and purpose. These sentiments align with the category of Alienation related stress.","i an tans, gay, a person of colour, mentally ill, i feel like living on borrowed, healthcare of trans is shit, ",0.4699580669403076
3637,"The symptoms described, such as feeling numb, brain not functioning properly, inability to comprehend speech, and difficulty in communication, indicate a possible medication-related issue. It is essential for individuals experiencing these symptoms to seek professional medical help for diagnosis and treatment.","i feel numb, my brain stop working, i just feel empty, i can't even function very simple job, ",0.6084392666816711
3638,"The feeling of being a burden on everyone and wishing for a lack of care to die suggests a sense of alienation and disconnection from others, possibly due to feelings of worthlessness or inadequacy.","i am burden on everyone, ",0.45016685128211975
3639,The use of derogatory terms towards oneself and expressing inability to cope with pain suggest feelings of alienation and disconnection from oneself.,"i feel really bad which does nothing but make me feel worse, ",0.28885966539382935
3640,"The feelings of inferiority, embarrassment, and self-deprecation expressed in the premise suggest a sense of alienation and disconnection from others. The individual's perception of not being at the same level as their peers and feeling inadequate in comparison indicates a feeling of isolation or alienation from the group, which often leads to such self-demeaning thoughts and emotions.","mine was all desfigured and ugly, in felt so embarrased when it was my turn to talk about my model, i am talentless piece of shit",0.21883444488048553
3641,"The expression of deep resentment towards the situation, feeling of being drained, and the strong sense of responsibility towards friends and family leading to hatred suggests relationship related stress.","The only reason im not dead yet is bc of my friends amd family, I could neber hurt them like that. But its draining,I hate it",0.2620781660079956
3642,"The person is experiencing medication related stress. The long-term struggle with addiction to alcohol, as well as the mention of seeking pleasure in the form of alcohol and shutting down mentally to seek pleasure, indicates a potential dependency on substances to cope with stress and emotional turmoil. This ongoing battle with addiction and its impact on academic performance, relationships, and mental state reflects a pattern of medication-related stress. Seeking pleasure in alcohol to cope with overwhelming feelings suggests a need for professional intervention and support to address the underlying issues leading to this behavior."," I've been in and out of college, failing out two different times taking breaks from classes once or twice, i have probably around $100000 dollars on failed/withdrawn classes, i have insane amount of guilty for this, my parents say they would pay anything and help me in any way they can for me to graduate",0.2168935388326645
3643,"The person is experiencing alienation-related stress because they feel isolated and disconnected from others, leading to self-blame and negative self-perception.","my mom refuse ton pay mt tution fee and i am get kicked,  i am sick and i am sick because my selfish parents hide my medical records, ",0.04861130565404892
3644,"The person expresses feelings of alienation, self-hatred, and a sense of being different from others. They feel like they are not able to succeed and maintain relationships because they perceive themselves as a failure. These thoughts are indicative of alienation-related stress.","i am failure, all people in my life are temporary because eventually they hate me as much as i hate myself",0.41537389159202576
3645,"The person's mention of being diagnosed with deep depression and Social Anxiety Disorder (SAD) along with seeking benzodiazepams indicates a medication-related stress. The individual's struggles with social interactions, panic attacks, and feeling misunderstood by relatives further align with the challenges commonly associated with mental health conditions, leading to a category of medication-related stress.","diagnosed with deep depression along with social anxiety disorder, my  relatives thinks i ajust lazzy, i get mini panic attacks when i come contact with stranger",0.6314305067062378
3646,"The person expresses feelings of hopelessness, lack of meaning, and alienation towards life and basic human experiences. This suggests a state of alienation-related stress, where they feel disconnected from the world around them and do not see any value or purpose in their existence.","i feel like just wanting to die, i don't see any hope for my life or the future, nothing has any meaning for me any more, ",0.42237478494644165
3647,"The person appears to be experiencing feelings of alienation and disconnection, expressing a lack of social support from friends and family. This sense of isolation can contribute to a deep despair and the belief that life cannot get any better. The fear of the unknown consequences of a failed suicide attempt further highlights a sense of hopelessness and desperation.","got no friends and family so probably not too much, trying to graduate 2nd time, Dropped out cause of massive depressive episode and cause I got homeless",0.33139413595199585
3648,"The person shows signs of feeling alienated and disconnected from society, finding it difficult to relate to others and expressing frustration with societal norms and expectations. They feel isolated and struggle to find support or understanding from those around them. This sense of alienation can lead to feelings of despair and hopelessness, as they feel unable to connect with others or find a sense of belonging.","i have been fired from the last 5 jobs, all for reasons of using marijuana, i feel like i am struggling for an eternity, i feel i am reaching my breaking point,",0.20444220304489136
3649,"The person who wrote the premise is expressing feelings of extreme guilt and self-hatred for their past abusive behavior towards both people and animals. They acknowledge their actions as abusive and harmful, and seem to have a deep sense of remorse and realization of the seriousness of their behavior. It is evident from the text that they have a distorted self-perception, characterized by self-condemnation and a belief that they are irredeemable. The mention of seeking therapy and being on medication also indicates an awareness of their problematic behavior and a willingness to address it. This extreme self-criticism and belief in their unworthiness align with the category of bias or abuse related stress.","i was mean to my parents, i beat up one of my friend, As an adult, I've been physically and verbally abusive to my mom, ",0.3915442228317261
3650,"The person expresses feelings of fatigue, lack of joy, loss of hobbies, and engagement in unhealthy behaviors like smoking and excessive drinking. The mention of a dysfunctional family environment with alcoholic parents, childhood struggles with poverty, and traumatic experiences such as witnessing violence and being sexually abused by a family member all point towards a state of alienation related stress. The feeling of not having a future, missing a past relationship with an unstable partner, and a negative perception of their surroundings further contribute to the sense of disconnection and despair.","i have alcoholic dad, he often lies,he  also borrowing my money, my mom isn't suvh an alcoholic but she drink a lothe beaten my mother, she was mentally unstable, i feel useless",0.4233105778694153
3651,"The person is expressing deep distress over their perceived physical appearance and the impact it has on their relationships. Repeated rejection and comments about their looks have taken a toll on their self-esteem, leading to thoughts of suicide. The desire to undergo a nose job before starting college to boost their confidence further emphasizes their struggle with self-image in the context of relationships.","i am so sick, i have big nose, big forehead, big everythimg and its so hard to deal with, people have told me that didn't date me because i am ugly, i have been rejected so any times",0.42143720388412476
3652,"The person mentions self-harm, suicidal thoughts, lack of belief in destiny, feeling worthless, and seeking escape through substance abuse and risky behaviors. These are all strong indicators of medication-related stress, as the individual seems overwhelmed and unable to cope with their mental health challenges despite attempts at treatment.","i have self harmed since middle scholl, i wish for death that long too, i just feel worthless, i fucking hate my mind",0.4875704348087311
3653,"The person is experiencing feelings of alienation, loneliness, and a sense of being unworthy of friendship and love. They express a deep longing for connection and community but also feel disconnected from others, like a shadow living life alone. These thoughts and emotions indicate a state of alienation-related stress, where the individual feels isolated and unable to bridge the gap between themselves and potential relationships.","i feel that i am unworthy of friendship, community and love, ",0.45504438877105713
3654,"The individual's feelings of self-hatred, perceived inadequacy in various aspects of life, constant comparison with others, fear of being judged, and seeking validation from others despite having achieved honors and traveled abroad multiple times suggest symptoms of alienation-related stress, where the person feels disconnected, misunderstood, and excessively self-critical in their interactions with the world.","diagnosed with anxiety and OCD, i am fat, i think how ugly i am, my goals and dreams feel absolutly impossible, i think everyone hates me, i feel  inadequated",0.3205326795578003
3655,The person expresses feelings of not deserving to be loved and lacking a sense of connection despite having friends. These thoughts of wanting to kill themselves and feeling stuck indicate relationship-related stress and a deep emotional struggle within their social interactions.,"i have good social life  and have lot of frends but no connections, i am struggling bad, i could get myself alone",0.26224589347839355
3656,"The person expresses feelings of being lazy, unmotivated, depressed, and hopeless, indicating a sense of alienation and disconnect from their surroundings. They mention having thoughts built up inside them with no one to trust, leading to breakdowns when holding it in and regretting sharing with someone. This reflects a state of feeling isolated and lacking a sense of belonging or support system, contributing to their overall feeling of being lost.","lazy and not motivated to do anything, i am hopeless, having a big breakdown, ",0.440815806388855
3657,The repeated thoughts of wanting to commit suicide indicate a serious mental health issue that may require medication to address. This situation falls under medication related stress.,"i just lay here on the floor, i want to commit suicide, i want to die",0.5010503530502319
3658,"The person who wrote the premise is experiencing extreme mental distress due to the tragic loss of their father, struggles with depression, suicidal thoughts, and attempts, as well as difficulties related to their gender identity. They have mentioned being on anti-depressants, counseling, and contemplating hormone replacement therapy, indicating medication-related stress. Additionally, the lack of support from the school regarding their gender identity, being bullied, receiving personal threats, and feeling unsupported by their mother in seeking therapy further highlight the significant impact of mental health issues on their well-being. This combination of factors points towards the mental state being primarily medication-related stressed.","my father had passed away unexpectedly from a blood clotin his lungs, mom discovered that i am transgender, ",0.36097627878189087
3659,"The person is showing signs of deep depression, hopelessness, and suicidal thoughts. The mention of suffering from depression for their whole life, feeling like a burden, having no energy, and wanting to end their life indicate a severe mental health crisis that requires immediate attention. The person's struggle with loneliness, lack of support from friends and family, and rejection from someone they liked have all contributed to their current state. The presence of suicidal thoughts and desperation for relief suggest that this individual is under extreme psychological distress, emphasizing the need for medication-related support and intervention.","i have family but they are very selfish, mom feels like i am burden on her, i have no friends",0.28805553913116455
3660,"The person is expressing a strong sense of alienation from others, stating that they do not like people, have isolated themselves for a long period of time, and do not want to engage in conversations with anyone. This feeling of disconnection and desire to avoid social interactions indicates a significant level of alienation-related stress. The mention of needing the strongest medication to combat their issues and considering illegal substances as an alternative also suggest a deep sense of distress and desperation, likely exacerbated by feelings of alienation.","i don't want to have long conversations with no one, i just need the strongest meds, i am just tired and need help",0.3213362991809845
3661,"The person's focus on physical symptoms like lack of sleep, tiredness, loss of appetite, and feeling sick after eating, despite feeling okay mentally, suggests medication-related stress. They mention they have suffered from depression before and have had other issues, as well as a major operation 7 months ago, all of which could have influenced their current physical state. The reluctance to worry family or friends and difficulty in talking to them about it indicates a level of stress related to managing their health and medications independently.","everytime i eat i feel sick, ",0.45471668243408203
3662,"The person expresses strong feelings of alienation, loneliness, and a desire to escape from their current state by wanting to be dead or feeling like a ghost. They mention not being able to hold a job, keep friends, or talk to anyone, indicating a deep sense of disconnection from others and society. These feelings of isolation and hopelessness contribute to their overall lack of enjoyment in life and the pervasive desire to end it all.","i don't evev enjoy lliving, don't even want to get out of bed i just want to lay there, i just hate doing anything",0.20048987865447998
3663,"The person is expressing deep despair and hopelessness about their situation, indicating a severe mental health struggle. They mention being on antidepressants that are not helping, showing frustration with medication-related treatment. The thoughts of self-harm and suicide ideation also point towards a mental health crisis that may not be adequately addressed by the current medication. The person's feeling of being tired of life and wanting to end it all without bothering their family is a clear indication of the distress they are facing due to medication-related issues.","i wake up every morning regretting i did not die in my sleep, need someone to talk to, i am just tired, just want to end it all somehow without bothering my family ",0.3107587397098541
3664,"The person expresses feelings of alienation, hopelessness, and a lack of love. They mention feeling disconnected from life and express a desire to escape. These thoughts and emotions suggest a state of alienation-related stress.","life just hasn't been enjoyable forme anymore, everything is just too much",0.2646556496620178
3665,"The person's mental state seems to be heavily influenced by the fear and stress of potentially having contracted HIV through an unprotected act, leading to a feeling of helplessness and despair. The mention of flu-like symptoms and the concern for the partner's well-being also indicate a high level of anxiety and distress related to the possible transmission of the virus. This medication-related stress is a major factor in the person's current state of mind.","led to me contracting HIV, i got flu like symptoms thinking it was the flu, i did not have sex with my partner",0.6059839725494385
3666,"The person is experiencing relationship-related stress, particularly feelings of being a burden to their loved ones, fear of sharing the extent of their emotions to avoid causing sadness, experiencing loneliness, and contemplating self-harm to alleviate the perceived burden they believe they are on others. The mention of feeling sad upon hearing their mother's voice and feeling guilty for being the way they are further indicates a deep sense of internal struggle within their relationships.","i am not best worker, incredibly lazy, my motivation to do anythong is 0, people didn't care to see me happy, ",0.14257344603538513
3667,The mention of taking every pill in the pill bottle of Ritalin indicates a potential medication-related stress or crisis. The feelings of being sick of everything further suggest a deep inner struggle and a need for support in dealing with mental health challenges.,"I am going to take every pill in my pill bottle of ritalin and talk to my partner for the small amount of time, i am sick of everrything, ",0.6937116384506226
3668,"The person expresses feelings of intense insecurity, emptiness, and worthlessness, indicating a sense of alienation from themselves and possibly from others. They also mention past addictions and the struggle to stay grounded, suggesting a deep disconnect from their own self-image and possibly their environment.","fat, useless, uneducated, lazy i have never felt this empty and emotionless, my insecurities have been super intense lately, ",0.5068073868751526
3669,"The person's writing reflects feelings of alienation, hopelessness, and worthlessness. They express a deep sense of disconnection from themselves and the world around them, feeling trapped and unable to see a way out. This sense of being 'locked' and the belief that they will ultimately die by their own hands indicate feelings of extreme isolation and alienation. The person also mentions their social class as a barrier, highlighting a feeling of being marginalized or excluded from opportunities or support. These emotions and thoughts suggest a state of alienation-related stress."," help me in the ways that really matter in the end, like my mental condition, my traumas and the inescapable barrier, i feel cold and worthless",0.33522459864616394
3670,"The person's mental state is driven by relationship related stress, specifically stemming from coercive and controlling behavior by their parents that has forced the individual into a life and career path that is not aligned with their own desires and interests. This has resulted in feelings of regret, unhappiness, and a sense of living life as a puppet under the influence of their parents' wishes."," it was too much for me to compete in a private school but my parents forced me to, i entered in medical school as my parent want, My parents were always coercive, and I was timid, ",0.256954550743103
3671,"The author is experiencing relationship-related stress due to significant changes in their marriage and family dynamics. The challenges brought upon by their spouse coming out as transgender, the disownment by family members, and the feeling of isolation all point towards relationship-related distress.","Announcing that my spouse is transgender, and so is my kid, is trying, I can only imagine what my wife is feeling about everything, I've lost nearly my entire family because of these changes, my wife's sister has disowned us",0.6824718713760376
3672,"The person is feeling overwhelmed by relationship struggles, feelings of failure, financial difficulties, and issues related to starting a family. The mention of marriage problems, communication challenges, and the fear of never achieving the dream life could indicate relationship-related stress. Additionally, the fear of losing her husband and concerns about the future suggest a significant emotional burden related to relationships.","i struglle with infertility, i have overcome so much with anxiety and OCD, i am marrie with good man but we struggled with communication and compatibility, i feel like failure in everything in my life, ",0.4309234321117401
3673,"The writer's mental state appears to be filled with feelings of alienation, isolation, and helplessness due to the toxic and abusive relationship with their parents. The frustration with the systems in place that seem to hinder their progress towards independence further exacerbates the sense of alienation. The writer expresses a deep sense of disconnect from society and despair about their current situation, indicating a profound feeling of being alone and unsupported.","have abusive families, needing their birth certificate to verify things, i have been trying so hard to get everythingin order, i am trouble getting the legal documents",0.03237573057413101
3674,"The person's statement reflects feelings of deep self-loathing and alienation. They express a strong sense of disconnection from themselves and the world around them, feeling isolated and unhappy with various aspects of their life. The mention of wanting a new life suggests a desire to escape their current reality, which is often a sign of alienation.","i hate my body, i cant lose my weight, i hate hoe anti-social i am, i hate dumb i am, i hate my anxiety, i just want a new life",0.3911532163619995
3675,"The writer mentions struggling with major depressive disorder since a young age and feeling emotionally exhausted and lacking emotions. Seeking help on the internet and expressing thoughts of giving up indicate a strong sense of desperation and hopelessness, which are common in cases where medication-related stress is a significant factor in mental health concerns.","feel like lossing myself, i am emotionally exhausted, fighting constantly with myself",0.539279580116272
3676,"The person's intense emotional reaction and feeling of deep pain, abandonment, and betrayal suggest relationship-related stress. The mention of the person's father leaving them, causing them to lose their house which was their coping mechanism for PTSD, indicates a significant emotional trauma related to relationships.","father left me to this horrible fate, i cant stop crying my chest hurts",0.5100579857826233
3677,"The person who wrote the premise is experiencing relationship-related stress, specifically related to their younger sister's struggles with mental health, self-harm, and suicide attempts. They are deeply concerned, overwhelmed, and feeling helpless in their efforts to support and care for their sister. The writer's emotional state is heavily impacted by the distressing situation within their family, the fear of losing their sister, the burden of shouldering responsibilities beyond their capacity as a high school student, and the constant worry about their sister's wellbeing and safety. The writer's focus on the strained relationship with their sister, the challenges in providing adequate support and care, and the impact of the situation on their own mental health all point towards relationship-related stress.","she's been extremelly unhapy and alone, pointing to the OCD she has today, she was admitted in the hospital, my mom has had to quit her job to watch her",0.25116515159606934
3678,"The language used indicates feelings of being ignored by people, leading to a sense of alienation and frustration towards social interactions.","i am done for real, sick of people ignoring me",0.3054925799369812
3679,"The person is expressing feelings of alienation, hopelessness, and isolation in this premise. They mention feeling like they have no one to help them, no support system, and that they are alone in their struggles. This sense of disconnection and lack of belonging is characteristic of alienation-related stress.","i am in college and everything is ruined, i have failed my math class for the third time, my gpa is shit, no jon prospects after college",0.03392213582992554
3680,"The person expresses feelings of guilt and concern about hurting their partner in the relationship, indicating relationship-related stress. Additionally, the mention of wanting to hurt themselves but hating the scars from previous self-harm behaviors suggests underlying emotional distress within the relationship context.","our relationship is far from perfect  but they give a lot to keep our family aflost and i cant hurt them like that, i just want to hurt myself,",0.3642581105232239
3681,"The language used suggests feelings of failure and self-blame, indicating relationship related stress, possibly leading to thoughts about not living due to perceived shortcomings in relationships.","it just got worse, i am failure and failures, ",0.28673675656318665
3682,The use of phrases like 'I just need space' and feeling like 'I'll get caught slipping a class' suggests a sense of alienation and disconnect from one's surroundings. The fear of being caught and the overwhelming stress from the week are indicative of feelings of alienation.,"i was breaything hard, looked at the mirror and noticed my eyes were tired and i had red spots under them",0.11559966206550598
3683,"The person is experiencing deep remorse and self-hatred due to their actions in a relationship. They express feelings of guilt, regret, and the belief that they are deserving of punishment. This state of extreme self-blame and realization of their own harmful behavior aligns with the Bias or abuse related stressed category.","i lied and told him i was completely over my ex but i wasn't, i broke up with my ex for him, you cheated on me he said, ",0.17807582020759583
3684,"The premise suggests deep emotional pain and heartbreak due to unrequited love. This kind of relationship-related stress can have a significant negative impact on a person's mental state, leading to feelings of sadness, hopelessness, and even thoughts of self-harm.","i love with this girl but she's in love with someone else, i am crying right now, feel so bad",0.38005998730659485
3685,The person seems to be experiencing relationship-related stress as their feelings towards their friend are a source of both joy and pressure. The fear of causing their friend pain or sadness seems to be a major factor preventing them from considering their own struggles further.,"i just wana die, i am lazy to even die, ",0.00036279577761888504
3686,"The person expresses feelings of extreme loneliness, isolation, and a sense of being unappreciated by others, indicating a deep sense of alienation. They find no pleasure in anything, have low energy levels, and feel overwhelmed by the demands of daily life. These feelings of alienation and despair contribute to their desire to end their life as a means of escaping from the constant suffering. The mention of feeling like nobody truly cares about them further reinforces the sense of alienation and disconnect from others.","i wake up and really wishing i didn't wake up, i can't handle loneliness, the isolation, the constant dmands to work",0.42216718196868896
3687,"The language barrier and feeling of not being understood or accepted due to being a non-native English speaker can contribute to feelings of alienation. The content of the message also reflects a sense of deep isolation and hopelessness, with a focus on themes related to the pain of living in society, family issues, and a lack of happiness. The individual expresses a belief that they do not belong, and their decision to end their life before turning 20 further suggests feelings of disconnectedness and alienation from the world around them.","i am just dumb, living in a shitty family, ",0.1659097820520401
3688,The language used suggests feelings of alienation and a sense of hopelessness about the future. The mention of cowardice and a desire to die indicates a deep sense of disconnection and distress.,"no more suffering, no more humiliation, no more worrying, die so bad",0.4370754361152649
3689,"The person is experiencing relationship-related stress. The loss of friends in the main group and the uncertainty with their girlfriend's behavior and lack of communication are causing significant distress. The individual's focus on these issues, the feeling of rejection, and the concern about not being welcomed back by friends or not being loved by the partner are indicators of relationship-related stress.","more stress and worry has been thrown at me, ",0.36118996143341064
3690,"The person expresses deep feelings of loneliness, sadness, and a desire to die. They also mention feeling understood in this subreddit, emphasizing a sense of alienation. The mention of relentless depression and the overwhelming sadness point towards a state of alienation-related stress.","i am at the lowest mental points i have ever been, so lonely, dying is so painful, feel more tired",0.541724443435669
3691,"The individual in the premise seems to be experiencing feelings of alienation and disconnect. They express a sense of inadequacy and difficulty relating to others' successes, leading to a feeling of being unrelatable. This emotional struggle can be attributed to alienation-related stress, where a person feels isolated and unable to connect with those around them despite genuinely wanting to support others.","just feel bad, i can't help but feel shitty, seems to just make things worse, feel like i am unnrelatable",0.3013158440589905
3692,"The person expressed feelings of being cut away from their family and being told that they are faking their depression by their mom, which indicates relationship-related stress and lack of support from family members.","she blocked my number, i dont have any friends, ",0.13491132855415344
3693,"The person expresses feelings of loneliness, the desire to move away to meet new people, and the inability to stop thinking about it. This suggests a sense of alienation and disconnect from their current environment, indicating a potential feeling of isolation and lack of fulfillment in their social life.","feel so alone, want to move away and meet new peoples, cant stop thinking, not happy with my life and situation",0.5265890955924988
3694,"The person is experiencing alienation related stress. They feel alone, isolated, and disconnected from meaningful relationships, which is impacting their mental state. The longing for genuine connections, the disappointment of superficial interactions, and the desire for true friends highlight feelings of alienation and social isolation.","i am alone at my birthday, ",0.22468487918376923
3695,"The repeated attempts to find someone to talk to and the feeling of desperation indicate a sense of isolation and alienation, leading to the selected category.","i am being annoying, don't kniw what else to do",0.08741788566112518
3696,"The individual expresses feelings of isolation, lack of purpose, and disconnection from others. They mention having only one friend who lives far away, not driving, and feeling like a waste of space. These factors contribute to a sense of alienation and detachment from society, leading to the overwhelming feelings of sadness, hopelessness, and a desire for life to end.","my life is so pathetic and pointless it's sad, i shit in my room all day, no job, no hobbies, only one friend that lives a half hour away from me",0.4407731890678406
3697,"The person expresses feelings of alienation and disconnection resulting from the sudden removal of trusted ELSA therapists in their school. The individual had built a level of comfort and trust with one of the therapists, and the abrupt loss of this support system has intensified feelings of deep depression and self-harm. The mention of social anxiety and lack of confidence in seeking help from alternative sources indicates a sense of isolation and alienation. The individual's frustration and disillusionment with the school system further accentuate the theme of alienation, leading to a feeling of giving up entirely.","school made me so many lies about them not helping anyone, i also have social anxiety and dont feel confident to see the therapist",0.5007668137550354
3698,"The person who wrote the premise is experiencing relationship-related stress. The situation with their crush and best friend has caused them intense emotional turmoil, leading to feelings of sadness, confusion, and insecurity. The revelation that the crush is in love with someone else, especially someone of the same gender, has created a complex and difficult situation for the writer. They are torn between their love for their friend and the pain of realizing that their romantic feelings may not be reciprocated. This internal conflict is further exacerbated by concerns about their own mental health, mood swings, and the fear of losing a valuable friendship. The writer is struggling to navigate their emotions and decide how to proceed in the midst of this challenging and heartbreaking situation.","she still like me back, and i am sufferring under this circumstances, fianlly she said she is in love with someone else and the thing is it's not another male",0.3376850485801697
3699,"The mention of going to a therapist and taking antidepressants ('AD') indicates medication-related stress. The individual is struggling to handle life, experiencing difficulties in school such as feeling tired and worsening grades, and has lost motivation to continue. These are common signs of medication-related stress, where despite seeking help and being on medication, the individual is still facing overwhelming emotional and mental challenges.","school has been very hard for me, i lost all motivation to keep going, my marks got worse",0.2748648226261139
3700,"The person is expressing feelings of alienation and disconnection from society and life in general, which indicates a state of alienation-related stress.","i am unwoethy, i hate myself, i hate my l,ife, nobody cares, ",0.16520053148269653
3701,"The person seems to be expressing feelings of alienation, loneliness, and emotional distress. They mention feeling alone, not being strong enough, and struggling to think clearly. These feelings suggest a sense of disconnection from others and society, which falls under the category of alienation related stress.","feel alone, i tried but failed, everything hurts, ",0.4335860013961792
3702,"The person expresses feelings of alienation and isolation, as indicated by their dissatisfaction with their current life despite having relatively good circumstances, their disconnection with college, and their negative feelings towards people. Additionally, the mention of skipping therapy due to school work reflects a sense of being overwhelmed by daily tasks, leading to a further sense of alienation and detachment from their own well-being.","why i am in the college hating every second, i am so lazy and unmotivated, i have to much pointless school work to do",0.40638256072998047
3703,"The person's narrative reflects feelings of alienation and a sense of disconnection from the world. They express a profound sense of loneliness, despair, and disillusionment with life and society. The individual feels like an outsider, unable to relate to the hate and cruelty present in the world around them. They mention struggles with past traumas and mental illness, which have likely contributed to their feelings of alienation. The recurring theme of feeling lost and lacking hope for a better future aligns with the symptoms of alienation-related stress.","my parents were adicted and all they cared about was their addiction, i cared for my brother and grandmother, i had bad childhood growing up, ",0.2234782576560974
3704,"The person is using strong language, expressing self-hatred, and feeling overwhelmed. The focus on receiving negative comments about their grammar seems to indicate a sensitivity to criticism and potential past experiences of abuse or bias related to their writing or communication skills.","i hate myself so much, i wanna die, i am not okay",0.281669020652771
3705,"The use of language like 'drug' and the sense of urgency expressed suggest a focus on medication as a solution, indicating medication-related stress.",please i need some kind of drug,0.31286177039146423
3706,"The person who wrote the premise is experiencing a significant amount of distress and mental turmoil, feeling overwhelmed by various challenges and losses in their life. Despite having positive aspects such as an amazing girlfriend and a job they enjoy, they are struggling with feelings of worthlessness, hopelessness, anxiety, and overwhelming grief from the recent losses of their father and grandmother. These intense emotions and thoughts of suicide may indicate a mental health crisis rather than being specifically related to a particular stressor like job, medication, relationship, alienation, bias, or abuse. The individual may benefit from seeking professional help and support during this difficult time.","lost my father and my grandmother, still staty with my mom, i travel for my jobi have to find surgeon and probably burden",0.34113967418670654
3707,"The person is expressing feelings of alienation, loneliness, self-hatred, and hopelessness. They feel disconnected from others, unloved, and unwanted, which are common signs of alienation-related stress.","i don't care how other would feel about it anymore, don't have any motivation to move forward at all, i already hate myself, have no friends",0.2904823422431946
3708,"The person exhibits deep emotional distress and feelings of rejection stemming from their father abandoning the family at a young age, which has led to issues forming and maintaining relationships. This is further exacerbated by the loss of their closest friends due to their anxiety and clinginess. The individual's self-esteem and self-confidence have been greatly affected, particularly in relation to their appearance and lack of romantic relationships, causing them to feel isolated and alienated. The desire to end their life suggests a profound sense of hopelessness and despair related to their relationships and emotional well-being.","my father abandoned our family when i was 14, my clinginess reached a point where they got fed up from me, i have now lost my closest friends, i have no motivation to do anything anymore, i never had a girlfriend",0.5246949195861816
3709,"The person who wrote the premise is expressing feelings of alienation, loneliness, and worthlessness. They feel like an outsider in their own family, comparing themselves negatively to their accomplished siblings and feeling unattractive. They feel like they have always been overlooked and that very few people care about them. These thoughts are indicative of alienation-related stress, where the person feels disconnected from others and society, leading to a sense of isolation and despair.","i am not trying to feel sorry for myself, i hate myself so much, i am a burden to my parents, i am a huge loser",0.27732110023498535
3710,"The person expresses feelings of alienation and a sense of loneliness in their relationships with others, except for their mother. They feel disconnected and used by people around them, highlighting a lack of meaningful connections in their life outside of their mother. The extreme fear and distress caused by the thought of losing their mother demonstrate a deep emotional dependency on her for support and love, further emphasizing their sense of alienation and isolation from others.","my mom is literary the only person in the world who truly cares about me, mom loves me and how sad she would be, ",0.46144628524780273
3711,"The person's mental state seems to be largely influenced by feelings of alienation and isolation. They mention feeling left alone at an early age due to bullying, lack of friends, and their only friend moving away. They also express a sense of disconnect from the world since 2012 and feeling like life has been shitting all over them. The person's reliance on drugs and psychedelics to cope with their emotions and their struggles with forming close relationships further indicate a deep sense of alienation. The constant overanalysis of every little thing and the need to numb the pain through substances also suggest a sense of detachment from reality and a desire to escape from their current circumstances.","lack of friends, i was left all alone, i turned to drugs to numb the pain, i have been a daily cannabis smoker",0.46025994420051575
3712,"The individual expresses feelings of alienation, lack of authenticity, and a sense of not fitting in with their current life choices and circumstances. They feel disconnected from their true desires and aspirations, which contributes to their distress. The mention of feeling like a failure despite external successes and the desire to make a significant career change towards something they are truly passionate about reflects a sense of alienation from their current life path. This alienation is impacting their mental state and contributing to feelings of depression and hopelessness.","i feel like failure, lack of confidence, i haven't had sex since i was 24, feelmlike a total loser",0.30987977981567383
3713,"The person is expressing suicidal thoughts and frustration towards their mother's lack of understanding, indicating potential bias or abuse related stressors.","i lost my job because i have no will or motivation to go to sleep, i lost my job because of this",0.15198828279972076
3714,"The person is expressing feelings of alienation and isolation, mentioning living alone, feeling lost, and experiencing a sense of disconnect from others. These thoughts of being held back and not being able to talk about oneself suggest a deeper sense of alienation from societal norms and expectations. The mention of wishing for potential harm indicates a feeling of not belonging or finding solace in their current situation.","i am lost, living alone in this world",0.4254802465438843
3715,The mention of getting better a little bit and the need for alternative coping mechanisms other than cutting oneself or drinking alcohol suggests a need for medication-related support and potential distress related to mental health issues.,"i drinking and crying nonstop, i do cutting myself or drinking alcohol",0.6138736009597778
3716,"The premise indicates signs of alienation related stress, with feelings of being alone, useless, not good enough, and unwanted. The person expresses a deep sense of disconnection and isolation from others, which is characteristic of alienation related stress.","i am all alone, i am iseless, i am always just not good enough, not a good friends, not a good daughter, not a good person, ",0.2602429986000061
3717,"The language and content of the premise indicate a serious mental health crisis with thoughts of self-harm or harm towards others. The mention of calling the cops and using garbage bags in the car suggest a disturbed state of mind. This falls under the category of bias or abuse related stress, as the individual may be experiencing intense emotional turmoil and negative perceptions about themselves or the world.","i can't believe it i never thought i did get this, suffer here on this earth",0.28507962822914124
3718,"The person's description of having depression for over a year, experiencing suicidal thoughts, feeling pessimistic often, and mentioning a mix of numbness and sadness indicate a serious mental health condition. The mention of feeling slightly better recently, but still having suicidal thoughts and feeling weird inside without a clear reason, suggests ongoing struggles despite some improvement. The uncertainty about the cause of their current feelings and the speculation about subconscious stress due to past bad times and feelings also point towards a deep-rooted emotional and psychological distress, which aligns with the complexities often associated with medication-related stress in managing conditions like depression.","i usually feel a little of sadness mixed with numbness, i had lot of emotional changes",0.616830587387085
3719,"The person is expressing feelings of alienation, loneliness, and lack of connection with others. They feel undesirable and unworthy due to their acne and struggle to make lasting friendships or relationships. They also mention feeling like everyone hates them, indicating a sense of isolation. These feelings of alienation and lack of belonging are prominent throughout the statement, suggesting a deep sense of disconnection from society.","i am really insecure or suffering from a mental illness, let alone date anyone, really bad anxiety and makes me undesirable",0.29084545373916626
3720,"The person is experiencing relationship-related stress due to the recent breakup, the unresolved issues with the ex-partner regarding belongings, and feelings of betrayal with the potential hook-up of the ex-partner with a friend. These factors are causing feelings of loneliness, overwhelm, and questioning the authenticity of the past relationship, contributing to the current mental state.","want through a breakup 3 months ago, ",0.3998500406742096
3721,The mention of a broken heart and feeling that the world has turned upside down indicates relationship-related stress.,"mybheart is broken, ",0.16446201503276825
3722,"The person's mental state seems to be highly affected by a relationship-related issue. The rejection from their dream university could be seen as a significant blow to their future plans, causing feelings of disappointment, sadness, and uncertainty about their next steps. This emotional reaction indicates a focus on relationships, in this case, the relationship with their academic/career goals and aspirations.","i am broken, i was so sure",0.0533449649810791
3723,"The reference to struggling with depression and the sudden tragic loss of a family member through suicide suggests that the person is currently experiencing Relationship related stress, particularly due to the profound impact of the loss of their brother.",my brother committed suicide,0.568317711353302
3724,"The person is expressing deep feelings of hopelessness, emptiness, and detachment, which are common signs of alienation. They feel disconnected from themselves and their surroundings, mentioning feeling like a 'walking dead' and being unable to execute their plans. The references to self-harm and suicidal thoughts further highlight the sense of alienation and disconnection from life.","it is very frustrating, i am curious to find out, ",0.15382283926010132
3725,"The person expresses feelings of numbness, disconnection from social interactions, and a deep sense of not belonging to their current life. They mention being disconnected from their career, family, and social life, feeling like it isn't for them. This alienation from various aspects of life and lack of motivation indicate a state of alienation-related stress.","feeling numbness, can't see myself in carrer, i am so disconnected from social interaction, i am so tired, i feel nothing, i hate it",0.5024614334106445
3726,"The person seems to be experiencing relationship-related stress based on the mention of failing a class multiple times, anticipating happiness from a particular event, and considering purchasing a gun, which can indicate feelings of distress or hopelessness in personal relationships.","i failed in a class for the 4th time, ",0.3438044488430023
3727,"The individual is experiencing extreme anxiety, depression, an untreated eating disorder, body dysmorphia, and suicidal thoughts. They mention hoping to be prescribed medication like Zoloft and feel that it might help reduce their suffering. The reliance on the potential treatment effects from medication, such as Zoloft, suggests a strong focus on medication-related solutions to alleviate their mental health struggles.","suffer from anxiety due to enviromental and emotional stressors, anxiety + depression + an untreated eating disorder has caused my grades to falter, help make me feel pathetic",0.4115925133228302
3728,"The person who wrote this premise seems to be experiencing feelings of alienation and disconnection. They repeatedly mention feelings of loneliness, being misunderstood, and the struggle to connect with others throughout their life. They describe a sense of not belonging, trying to fill an emptiness with external validation, and feeling like they are 'bare' and 'robotic'. The individual also expresses difficulty in expressing emotions and forming genuine connections with others. These are common signs of alienation-related stress, where the person feels isolated, disconnected, and unable to truly connect with themselves or others.","other kids were bullying me, i was lonely, myself for fear of hurting the other persons",0.2390335202217102
3729,"The person's language and sentiment suggest a deep sense of alienation and disconnection from the world, feeling like they are already dead and wishing for death indicate a profound feeling of isolation and detachment.","i am tired of people telling me to fake, nothing is interesting, nothing brings any pleasure or joy",0.11076562106609344
3730,"The person's inner dialogue reflects feelings of doubt, insecurity, and seeking validation in a relationship. The questions regarding their actions and the relationship's authenticity indicate relationship-related stress and a deep emotional turmoil about their worth and adequacy in the relationship.","i wish you could love me too, i just want to be enough",0.12093798816204071
3731,"The person's intense hatred towards working, feeling lost in life, experiencing suicidal tendencies linked to job dissatisfaction, and exhibiting symptoms of depression due to not being able to find a job they tolerate, all point towards job and career-related stress. Furthermore, the individual's struggle with the concept of spending a significant portion of their life on tasks they despise and questioning the purpose of working hard for distant future goals also aligns with career-related stress.","i quit my last job with this awful premonition, i hate working, not idea to live a life, ",0.5101568698883057
3732,"The person expresses feelings of self-hatred and a desire to die due to a deep sense of alienation from themselves. They find joy in life and various activities, but their negative self-perception makes it impossible for them to enjoy those moments. The focus on self-criticism and feeling like a 'bad person' indicates a high level of alienation from their own self, leading to a profound sense of internal conflict and disconnect.","i hate my self, the problem is me, i am the bad person, i hate the way iam",0.547741174697876
3733,"The person is experiencing deep emotional distress due to discovering their partner's infidelity, which has led to feelings of betrayal, heartbreak, and insecurity. This relationship-related stress has triggered a significant mental health crisis, resulting in extreme behaviors such as suicide attempt, substance abuse, and struggling to cope with the aftermath. The ongoing conflict with their partner and feelings of loneliness indicate a high level of distress in the relationship. Additionally, the person's history of hiding their struggles and past eating disorder further emphasizes the complexity of their emotional turmoil within relationships. Seeking validation, support, and a reason to keep going highlights the intense emotional strain caused by the relationship trauma.","it was the first time someone cheated on me, i was still feel so much pain, ",0.3485070466995239
3734,"The text expresses feelings of being treated unfairly and experiencing bias from others, leading to thoughts of self-harm and a desire to show others the impact of their actions. This indicates a state of Bias or abuse related stress.","rejection, the leaving, the being ignored, the being bullied and made fun of me, no one wants to be my girl friend, no one even give me a chance, no love ,just bias",0.4030798077583313
3735,"The person is expressing feelings of depression and frustration with seeking help, indicating that they are under medication-related stress. The mention of struggling with depression and reluctance to explain their life story to helplines suggests a heavy emotional burden related to mental health and medication management.","struggling with depression, i try and talk friends about it, they just pass me on",0.45230454206466675
3736,"The person mentioned dealing with mild depression through medication, therapy, and CBT. The frequent mention of medication and therapy indicates a strong focus on managing their mental health through these means. The individual's struggle with relapses into anger and depression triggered by physical pain from failed surgeries suggests a significant impact on their mental state. The mention of feeling bad for themselves and being mad at themselves for the injuries further emphasizes the emotional toll of the physical pain on their mental well-being. Thus, the emphasized reliance on medication to manage mental health issues in relation to the physical pain and emotional struggles points towards medication-related stress.","i had three failed shoulder surgeries, my shoulder pain trigger relapses into anger, feeling bad for myself, trouble holding and playing with my two  young daughters",0.479550302028656
3737,"The person's distress is related to feeling abandoned or let down by both friends and family, indicating relationship-related stress.","called my friends they are too busy. called my family they are too busy, nobody can be here for me, just feel like shit",0.35323047637939453
3738,"The person seems to be feeling alienated due to various reasons - not enjoying a 9-5 job, hating kids, feeling unable to pursue passions along with a job, and experiencing one-sided emotional support in relationships. This sense of disconnection and feeling like they are not understood or supported can lead to alienation-related stress.","i don't have the ability to pursue both my passions and a job, everyone in my life uses me for  empotional support but no i am a downer",0.2994230091571808
3739,"The premise highlights a significant amount of relationship-related stress. The person is experiencing a strained and abusive relationship with their parents, which is causing emotional turmoil. The parents' actions of physical abuse, verbal insults, and controlling behavior have had a severe negative impact on the person's mental state. The desire to move away from home and be with supportive friends and a girlfriend in another city further demonstrates the toxic environment created by the parents. The person's desperation to escape this toxic environment and seek independence is a clear indication of the intense relationship-related stress they are currently facing.","my parents made me go to engineering school, i hated the school, ",0.1413014978170395
3740,"The person is experiencing relationship-related stress and feelings of loneliness, neglect, and lack of care from their current partner. There are mentions of disappointment, lack of emotional support, and lack of affection in the relationship. The person desires to be loved, cared for, and supported emotionally and physically, highlighting the strain and dissatisfaction in their current romantic relationship.","my heart feels heavy and empty, i don't feel like i am loved and cared, i want someone takinsg care of me",0.4666028320789337
3741,"The person exhibits a sense of alienation and disconnect from the world around them. They feel abandoned by the Suicide Prevention chatroom, which they expected to provide support but instead led to negative consequences. The loss of job, apartment, car, dog, and the inability to find a decent job further reinforces their sense of isolation. The person expresses feelings of hopelessness and helplessness, indicating a deep alienation from society and a lack of support system. This sense of alienation is a key factor contributing to their current mental state.","i lost my job due to hospital stay, can't get a decent job because of my resume, i have no connections",0.22414681315422058
3742,"The mention of constant anxiety, physical symptoms like fast heart rate and difficulty breathing, as well as finding relief only in moments close to falling asleep, indicates a link to a medication-related stress. The desire to experience the calmness felt before sleep throughout the day suggests a longing for an alternative to medication-induced peace.","i am awake my anxiety is there moment, i feel my heart beating faster and my breathing become a mes, i just feel mu whole body feel uncomfortable",0.6217838525772095
3743,"The person expresses feelings of alienation, as they feel misunderstood and invalidated by others around them. They are struggling with their mental health and contemplating self-harm, but are met with disbelief and accusations of faking it for attention. Additionally, the mention of another person at school claiming to have depression adds to their sense of alienation, as they feel like their struggles are being undermined by someone they perceive as disingenuous.","really feeling negetive, try to kill muself, i am faking and i am doing ut for attention so iam lost",0.20040252804756165
3744,"The person expresses feelings of alienation, hopelessness, self-hatred, and a lack of purpose in life. They question the point of their existence and struggle with self-love. Additionally, they mention cutting as a coping mechanism and worry about being a burden to others. These are common indicators of alienation-related stress, where the individual feels disconnected from others, experiences a lack of belonging, and struggles to find meaning or value in their life.","i cant do anything useful in my life until i become an adults, i don't love myself, i see people genuinely enjoying themselves and having fun",0.28433844447135925
3745,"The person's mental state shows signs of deep alienation and disconnection from society. They express feelings of isolation, trauma, and hopelessness, which are often associated with the sense of being alienated from others. The individual's negative experiences with seeking help and the lack of positive interactions have magnified their feelings of being an outsider in a world that they find sick and unwelcoming.","i have a lot of trauma from sexual bias+traffiicking, no friends, i cry when i see happy people in public ",0.32031264901161194
3746,"The mention of starting a new medication, Lexapro, for depression and anxiety and experiencing unusual physical sensations and energy levels suggest the individual may be under medication-related stress. Seeking reassurance and validation from others about similar experiences indicates a concern or uncertainty about the effects of the medication, which aligns with the category of Medication related stressed."," I was prescribed 5mg, 10mg thereafter, It's been two days and I have this mild feeling like I'm on ecstasy/MDMA, My body feels light",0.43618953227996826
3747,The person's mental state is categorized as Medication related stressed because they are discussing their experience with taking Lexapro for anxiety and depression. The mention of the doctor's concern about the unexpected reaction of anxiety decreasing while depression remains the same indicates a heightened focus and stress related to the effects of the medication on their mental health.,"I started lexapro 10 mg about 3 weeks ago, My anxiety has gone down a lot but my depression is still the same",0.6681275963783264
3748,The person's mention of needing to get away from their family and hiding from their mom who has been berating them indicates relationship-related stress.,"i thing i need it atleast to get away from my family, i am currently hiding in bathroom",0.18983934819698334
3749,"The person is expressing feelings of loneliness and fear of being forgotten, which indicates a sense of alienation and isolation from others.","cant stand this loneliness one more minutes, i am afraid to go to sleep and overthink",0.4552556276321411
3750,The incoherent and fragmented nature of the premise suggests a feeling of alienation or disconnection from the conversation or perhaps even in general.,"i am just emotionless, i am sad at the same time",0.18596819043159485
3751,"The writer is expressing feelings of alienation and existential questioning about the purpose and meaning of their existence in the world. They feel disconnected and detached from the experiences and memories that are typically associated with living, leading to a sense of isolation and disconnection.","taugh to get a good education, ",0.1347346007823944
3752,"The person's mental state indicates relationship-related stress. The feelings of not being a first choice, thoughts of not being good enough, and the sense of being better off without them suggest issues with self-worth and feelings of inadequacy within relationships.","i cant tell if i am sad,  whenever I am alone or not doing something I get consumed with thoughts about how I am not good enough",0.4261959493160248
3753,"The person expresses feelings of loneliness, being unappreciated, not being important to anyone, and considering self-harm or suicide. These thoughts indicate a sense of alienation and disconnection from others, leading to a distressed mental state.","been single for over a year now after a 5 year relationship, i am not appreciated at work i have accepted that and it makes it just slightly more bearable",0.13836699724197388
3754,"The person expresses feelings of alienation and deep dissatisfaction with their current situation. They feel disconnected from those around them and believe that they are destined to always feel alone and unhappy, regardless of their efforts. This sense of hopelessness and emptiness, despite maintaining physical fitness and trying various hobbies, suggests a deep alienation from society and a belief that they do not fit in or belong. The person's sentiments indicate a profound sense of isolation and disillusionment with their own life, leading to the conclusion that they are experiencing alienation-related stress.","i am still alone as always everyone around me happy, i still feel empty, no matter how much i workout and stay fit i don't feel happy",0.3746456801891327
3755,The statement suggests a feeling of alienation and a sense of isolation from others. The mention of finding solace in contemplating one's own mortality indicates a certain level of detachment or disconnection from surrounding individuals and social interactions.,thinking about the tie of my death is the only thing that leaves me alone,0.4577140212059021
3756,"The person expresses feelings of not belonging, inability to connect with others, feeling empty, and enduring a constant struggle. These sentiments indicate a sense of alienation and disconnection from their surroundings, which falls under alienation related stress.","i am too tired of the everyday gring, don't know where life is taking me right now, i just feel empty",0.2983608841896057
3757,"The person is experiencing alienation-related stress as they express feelings of hate towards college, themselves, and others at their college. They also mention a lack of passions or interests, feeling like a failure, and the desire to disappear and never be seen by anyone again. These feelings of alienation and disconnection from themselves and their environment are indicative of alienation-related stress."," i hate college , i hate myself, i hate everyone else who attends my college, i could just lay in my bed in my dorm room all day",0.5026954412460327
3758,"The person expresses feelings of alienation, isolation, and being a burden on others. They mention feeling exhausted, drained, and wanting to stop being a drag down. Additionally, they talk about not seeking help due to fear of being turned away by their community, indicating a sense of disconnection and alienation from their support system. These feelings of loneliness and detachment suggest a state of alienation related stress.","i am the only care taker for my mon and its exhausted, i have a lot of siblings but all are married, my dad was always in a sense abusive, i have a boyfriend who is the absolute sweetest and the other day I broke up with him",0.19599266350269318
3759,"The mention of ending one's life suggests a severe mental state requiring medication assistance. The fear and desperation indicate that the individual may be experiencing significant mental health distress, which could be related to a need for medication or professional mental health support.","i am so scared, ",0.18671253323554993
3760,"The person is feeling alienated and lonely because they feel like no one is paying attention to their emotional well-being. They are expressing a sense of isolation and lack of connection with others, which is a common experience associated with alienation-related stress.","i dont have friends , i am so tired, i am jealous of some of my friends",0.20229357481002808
3761,The use of drugs like weed may have led to medication-related stress and paranoia. The mention of meds and doctors indicates a potential struggle with mental health and the decision-making process of continuing medication reflects a significant level of distress in dealing with these issues.,i have run out of weed,0.45587828755378723
3762,The mention of feeling alone and the extreme statement of considering suicide after someone moves suggest relationship related stress.,"i don't wanna feel so alone again, i won't be able to take it",0.40429651737213135
3763,"The person's mental state seems to be predominantly focused on their experience with medication, particularly Wellbutrin, and how it has positively impacted their depression. The individual expresses concerns and fears related to their medication and its effects, as well as changes in their mindset and motivation as a result of the medication. The mention of the past struggles and the desire to overcome depression with the help of medication indicates a significant focus on medication-related stress.","i have been struggling with my weight, i was just laying in bed and had a weird switch get flipped, i want to change my diet, i want to stat going gym, i am lazy because iam crazy",0.08013021945953369
3764,"The statement reflects a sense of alienation and low self-worth. The individual seems to be experiencing feelings of disconnection and worthlessness, which are common signs of alienation-related stress.",im useless,0.21559257805347443
3765,"The person is experiencing extreme feelings of alienation, loneliness, worthlessness, and isolation. They express a deep sense of disconnection from others, feeling like a 'husk of a person' who has no skills, talents, or interests. The lack of friends or a support system exacerbates their feelings of loneliness. Additionally, their struggles with forming connections with people, both in public school and online, contribute to their sense of alienation. The person's desperate desire for someone to talk to, even if just their mother, highlights their profound loneliness and isolation. The fantasies of dying and contemplating self-harm suggest a sense of hopelessness and detachment from life. All these factors point towards a significant alienation-related stress.","for years it's been exactly the same, online school, scolded by teachers, poor grades, hours doing homework, stressed about life, don't have skills, can't get job",0.25257033109664917
3766,"The person expresses feelings of loneliness and alienation, mentioning the lack of physical support from family, friends, or pets. The fear of being alone in the future without the support of parents also contributes to the sense of alienation. This indicates that the writer is experiencing alienation-related stress.","need someone to hug and cry, alone in world, friends live far away",0.2895580530166626
3767,"The person is feeling alienated and isolated, as they are unable to handle a bad situation in their group home and feel like they have nowhere to go. This sense of helplessness and despair indicates an alienation-related stress.","parents are sick of me, nowhere to go, bad situation iin my group home",0.33096790313720703
3768,"The individual expresses deep emotional pain, a sense of isolation, hopelessness, and thoughts of suicide. They mention losing close relationships, especially their brother to suicide, and feeling like they are not enough for others to love them. This indicates a significant struggle with relationships and emotional distress, placing them under relationship related stress.","losing everyone, lost brother, still hear his voice, sense his presence",0.30909019708633423
3769,"The mention of feeling lost, alone, and lacking the courage to carry out self-harm suggests a mental state possibly influenced by medication-related stress or depression.","feel lost, alone, don't see light at the end",0.4389323890209198
3770,"The person's overwhelming feelings of failure, inadequacy, and thoughts of suicide indicate relationship-related stress. The individual expresses deep concerns about how their actions, such as failing in college and contemplating suicide, would affect their girlfriend and family. They mention feeling unworthy of their girlfriend and fear of dragging her down with them, showing a strong emotional connection and dependency on the relationship. The person's struggle with the idea of leaving behind loved ones and the consideration of the impact their death would have on their girlfriend further point towards relationship-related stress.","failed classes, can't pass two classes, wasting 50000$, i'm a failure, no confidence",0.1800289750099182
3771,"The person expresses feelings of alienation, rejection, and loneliness, as well as hopelessness and despair which are characteristic of alienation-related stress.","no one likes me, can't deal with pain, feels dry",0.20458857715129852
3772,"The premise indicates a deep sense of emotional distress stemming from the strained relationship with parents. Constant criticism, feelings of failure, and lack of support suggest relationship-related stress.","parents, disappointed in me, life going no where, no one to turn",0.5048752427101135
3773,"The language used in the premise suggests feelings of isolation, loneliness, and disconnection. The person expresses a sense of being unable to make progress, feeling alone despite knowing there are people who care, and experiencing sudden waves of negative thoughts. These are all common indicators of alienation related stress, which often manifests in feelings of detachment and distance from others, as well as a sense of hopelessness and disheartenment.","can't make progress, back to square one, can't do anything",0.08783523738384247
3774,"The person's feelings of isolation, lack of friends, poor academic performance, and general dissatisfaction with life indicate a state of alienation-related stress. The individual expresses a sense of disconnect from society, struggles with relationships, and feels overwhelmed by the challenges they face, leading to thoughts of hopelessness and wanting to escape from their current situation.","resent dad, dislike step mom, 0 friends, never had girlfriend, doing everything alone, no one to talk",0.2575288414955139
3775,"The person is feeling alienated and inadequate compared to their friend, which is leading to feelings of worthlessness and frustration.","can't do anything right, friend can do what i can, she do it better and more",0.2885434925556183
3776,"The person expresses feelings of alienation and disconnection with their current life. They mention feeling like they don't belong in their body or life, and express a desire to escape their current circumstances. This sense of detachment and longing for an alternative existence indicates a state of alienation-related stress.","eating disorder, bdp, bipolar, feel trapped",0.236936554312706
3777,The mention of relying on medication to function and the sense of hopelessness and lack of progress indicates that the person is likely experiencing stress related to medication use.,"fell into a dark place, haven't made progress",0.2059905230998993
3778,"The mental state of the person appears to be primarily influenced by the recent end of their relationship, leading to a cycle of self-loathing, feeling heavy and unmotivated, and struggling with thoughts of suicide. The individual mentions how their creativity has declined, their work quality has suffered, and they find it difficult to get out of bed, indicating a deep level of distress and despair related to the relationship ending. The person's description of loathing themselves and feeling like suicide is the only way out aligns with the emotional turmoil commonly associated with relationship-related stress and heartbreak.","relationship ended, stuck in horrific cycle, in tears from the weight of everything",0.5738481283187866
3779,"The person is feeling alienated and isolated, expressing feelings of loneliness, self-loathing, and a desire not to exist. They mention being alone, not having many friends, feeling boring and unlovable, and believing that nobody cares about their mental health struggles. The individual also expresses a desire to erase memories of themselves from loved ones to prevent causing pain, which indicates a deep sense of disconnect and alienation from others.","self esteem, negative thoughts, ugly, lonely, find everything wrong about me, huge nose, unfunny person",0.4331444203853607
3780,"The individual expresses feelings of emptiness, hopelessness, and worthlessness, which are common symptoms of depression. The mention of buying pills, feeling ready to end their life, and considering suicide indicate a serious mental health issue requiring medical attention. The decision not to take the pills after the call from their sister suggests some conflict within them about seeking help or causing pain to a loved one. These actions and emotions are closely related to medication-related stress and mental health issues.","worthless, hopeless, feeling empty",0.3798452317714691
3781,"The person who wrote the premise is experiencing relationship-related stress. They have been in a past relationship with someone who had severe mental health issues, including depression, anger, narcissism, and anxiety. They tried to help and encourage their ex-partner to seek professional help, but their efforts were ineffective. The relationship became emotionally draining due to constant negativity, lack of love, and manipulation by the ex-partner. The writer felt the need to end the relationship to protect their own mental well-being. Despite the breakup, the ex-partner continues to reach out with messages indicating suicidal thoughts and a lack of will to live, causing the writer to feel panicked and emotionally overwhelmed. The writer's current partner is also affected by the situation, leading to further stress and conflict. The writer's struggle to set boundaries and prioritize their own mental health in this toxic relationship signifies relationship-related stress.","broke up with my bf, he was depressed, entered a new relationship, try to help, stop communicating with my ex, texts made me panic terribly",0.4602864682674408
3782,"The person mentions struggling with depression for the past few years, feeling like killing themselves, and feeling inadequate compared to their successful siblings. These feelings of worthlessness and hopelessness are common symptoms of depression, which can lead to suicidal thoughts. The mention of medication could indicate that the person is currently on medication for their depression, but it may not be effectively managing their symptoms, leading to increased stress and thoughts of self-harm.","not good enough for my parents, siblings all have amazing jobs, holding my parents down",0.21107567846775055
3783,"The author expresses feelings of emptiness, a lack of enjoyment, and a sense of alienation even in the presence of good family, friends, and external successes. They struggle to find fulfillment and seem disconnected from their own emotions, leading to a sense of being lost or isolated. The use of temporary pleasures as distractions and the inability to feel content indicate a deeper sense of disconnection from oneself and possibly others, which aligns with symptoms of alienation-related stress.","fill this void, temporary pleasures, womens, sex, working out regularly, winning in games, my knowledge is it's never enough, feel empty, feel useless, undesirable",0.49110305309295654
3784,"The person's mental state is deeply affected by their relationship with others. They express feelings of wanting to hurt others emotionally by revealing their secrets, turning them against each other, and causing them pain. The focus on wanting to stick it to everyone and make sure no one's feelings get hurt, along with feelings of self-loathing and the desire to write a mean note to hurt others, indicate relationship-related stress and a sense of alienation and despair within their social connections.","drowning in self loathing, hate myself, i'm pathetic, i suck",0.31485891342163086
3785,"The person is experiencing intense anxiety and depression, as indicated by being put back on antidepressants and short term benzo medication. Additionally, the act of self-harm, feeling out of control, and being alone suggest a deep level of distress. The mention of panic attacks further highlights the severity of the situation. This indicates that the individual is under immense mental health-related stress due to the need for medication to manage their condition.","crying myslef to sleep, no one wants to walk with me through this, cut everyone off, i am sinking",0.24203568696975708
3786,"The person expresses feelings of alienation and not fitting in with others, which indicates a sense of disconnect and isolation. The lack of engagement in group conversations, feeling quiet, and the desire to be dead are all signs of alienation-related stress.","had to take a few months off work, training, never fit in group convo's, always quite",0.13166236877441406
3787,"The person is experiencing medication related stress as they mention feeling only able to alleviate their depressive state when intoxicated. This indicates a potential dependence on substances to manage their mental state, which is concerning and may require professional intervention.","drunk, high, not trying to reply on, really hard not to",0.2894662618637085
3788,"The individual's mention of taking Lexapro and Wellbutrin, as well as expressing that these medications do not seem to be working for their symptoms, indicates their concern and stress related to medication. They are experiencing physical and mental health issues such as tiredness, concentration and memory problems, chronic headache, backache, and feeling unrefreshed, suggesting a significant level of medication-related stress.","chronic headache, backache, exhausted before taking medications, taking 20 mg lexapro, geeric wellbutrin 150 mg",0.7381763458251953
3789,"The language used in the premise indicates deep despair and hopelessness, which can be associated with medication related stress. The mention of wanting the brain to stop working and the organs to die suggests a desire to end the suffering, which could indicate a struggle with mental health issues that may possibly require medication.","no hope for someone like me, i'm a disgrace, let all my disgusting organ to die",0.33632367849349976
3790,"The person's account highlights the struggles they are facing with their medication for depression. They express feeling like a robot, not human, and constantly dissociating, which are indicative of the distress caused by medication-related issues. Additionally, the mention of trying multiple medications without success and the fear of regression further support this categorization. The person's emphasized desire to feel like a normal human being and the negative impact of medication on their mental state align with the theme of medication-related stress.","not even a human anymore, feel like a robot, not feeling anything, self harming",0.4663553833961487
3791,"The language used in the premise indicates a sense of alienation from oneself and the world, where the person is trying to cope with intense negative emotions by engaging in destructive behaviors. The repetition of different coping mechanisms like binge eating, starvation, watching videos, getting drunk, and sleeping, suggests a feeling of disconnection and emptiness, leading to a sense of alienation.","binge eat to fill void, starve myself out of punishment, got drunk to feel numb, sleep to escape",0.5125590562820435
3792,"The person is indicating symptoms of depression, including constant suicidal thoughts, feeling worthless and having difficulty opening up about their feelings. The mention of SH (Self-Harm) further emphasizes the severity of their mental state. They are hesitant to seek help, potentially due to the stigma associated with mental health issues. The ongoing struggle for years indicates a chronic condition that requires professional help, such as medication or therapy, hence falling under Medication related stress category.","worthless, stupid, keep feeling worse",0.35121217370033264
3793,"The person expresses feelings of being hated, ignored, and feeling worthless, indicating a sense of alienation from others. The frustration and despair in the premise suggest a strong feeling of being isolated and disconnected from those around them.","everyone hates me, they don't need me, get rid of me, ignore me, noone remembers my birthday",0.27202385663986206
3794,"The person is experiencing alienation related stress. They mentioned feeling depressed and increasingly angry due to having no one to talk to, which adds to their anger and leads to bottling up their emotions. This lack of communication with their feelings could potentially escalate to a point where they might physically hurt someone. The sense of isolation and inability to express their emotions is a key indicator of alienation related stress.","no one to talk to,  lack of communication with my feelings,  just bottling it up",0.41868454217910767
3795,"The individual is expressing feelings of alienation, numbness, spaciness, and laziness, which are often associated with a sense of disconnection from oneself and the world. These symptoms can be indicative of an existential crisis or a sense of feeling lost or disconnected, leading to feelings of apathy and procrastination.","just living and breathing, super lazy, procrastinate hardcore",0.28242215514183044
3796,"The person is feeling relationship related stress as indicated by the mention of unrequited love and the empty void in the heart. The feeling of never having 2 sided love is causing emotional pain and distress, leading to relationship related stress.","i'll never have 2 sided love, empty void in my heart that gets bigger everyday",0.5918645262718201
3797,"The writer is expressing feelings of sadness and uncertainty about receiving help, suggesting a sense of alienation and disconnect from others. Mentioning that their 'friends' secretly wanted them to leave and feeling like their life is falling apart indicates a sense of isolation and disconnection from the people around them. This aligns with the category of alienation related stress.","my friends secretly wanted me to leave them alone, my life is just kinda falling apart",0.40867817401885986
3798,"The language used and the negative self-perception expressed in the text indicate relationship-related stress. The author's feelings of worthlessness, mentions of a failed relationship, and thoughts of suicide suggest a deep emotional turmoil stemming from issues in personal relationships.","dating a girl and we broke up, my parents hate me, friends are running away from me, feel fine, loved again",0.31150832772254944
3799,"The person's feeling of being scared, lost, and the recurring cycle of feeling this way for weeks followed by brief periods of relief indicates a sense of alienation and disconnection from their surroundings or themselves.",lost,0.2601085305213928
3800,"The individual is experiencing job-related stress, as indicated by the loss of control over eating habits starting in August due to job stress and feeling overwhelmed by lack of control in life. The mention of going to the gym a lot also suggests a potential coping mechanism for dealing with job stress. Additionally, the individual's attempt to break the cycle but being in a downward spiral further emphasizes the impact of job stress on their mental state.",job stress,0.5824503898620605
3801,"The person is feeling extreme alienation, hopelessness, and despair. They express a sense of disconnection from society and their circumstances, feeling trapped in a cycle of poverty and unable to break free. This alienation is driving their thoughts towards suicide as they see no viable solution to their current situation. The lack of support from family, financial struggles, inability to access necessary mental health care, and overwhelming burden of their life circumstances are all contributing to their feelings of alienation and disconnection from the world around them.","too poor, can't afford, poverty, grades suffered, grades are shit, can't get a scholarship, finanacial drain, failing all my classes,",0.34944218397140503
3802,"The language used suggests feelings of alienation, disconnection, and existential crisis. The person feels like they don't belong, lacks purpose, and contemplates the idea of rest forever, indicating a sense of disconnect from the world around them.","not satisfied and will never be, feels theres isnt much for me",0.2496313452720642
3803,"The person in the premise is expressing feelings of alienation, loneliness, and hopelessness. They mention feeling lost, wanting to cry, and not having anyone close to share their emotions with. This sense of not being able to connect with others and feeling like nobody understands them indicates alienation-related stress.","they said i've been acting weird, blame me",0.21687263250350952
3804,"The individual's sense of alienation is evident from the feelings of being lost, the desire to isolate themselves by laying on the ground, and the hope for sleep as a means of escape. The mention of feeling exhausted, physically hurt, and being in the dark suggests a deep sense of disconnection and detachment from their surroundings.","sitting on the dark, exhausted",0.5820098519325256
3805,"The person expresses feelings of helplessness, being stuck in a cycle of suicidal thoughts, and a sense of alienation by not feeling understood or supported since a young age. They mention feeling tired, anxious, and angry all the time, highlighting a deep sense of disconnect or separation from others. This suggests that the person is experiencing alienation-related stress.","tired to go on, helpless",0.3755228817462921
3806,"The premise contains multiple mentions of suicidal thoughts, self-harm, and a dabble with the idea of overdosing on medication to deal with depression and anxiety. The author expresses feeling trapped in their mind, turning to alcohol as a coping mechanism, and struggling to find motivation in their life. These are all strong indicators of medication-related stress and the challenges it poses in managing mental health.","social/general anxiety disorder, drink, do drugs, smoke weed, overdosing",0.5112767815589905
3807,"The person expresses feelings of intense worthlessness and hopelessness, and considers self-harm as a way to alleviate the pain. These thoughts are indicative of a severe mental health crisis, possibly depression, which can be considered a mental state in need of urgent intervention and professional help to address the underlying issues.","I'm a failure at school, failure at  job, failure at keeping relationship, failure at making friends, failure at being my own gender, everyone hates me",0.2478318065404892
3808,"The person's description of feeling isolated, abandoned, and lacking any meaningful human connection indicates a deep sense of alienation. They express a profound sense of loneliness, hopelessness, and insignificance, suggesting a feeling of detachment from society and a lack of belonging. The individual's narrative reflects a state of extreme emotional distress stemming from their perceived social disconnection, which falls under the category of alienation-related stress.",unable to find work,0.01995176449418068
3809,"The person expresses feelings of inadequacy, worthlessness, and envy towards their best friend who they view as perfect and superior. These feelings are leading to a sense of alienation, as the person feels disconnected and isolated from their friend due to the perceived differences in abilities and achievements. The person also mentions that the friendship feels toxic, indicating a sense of emotional detachment and unease in the relationship.","can't sleep, anxiety, ADHD",0.024150487035512924
3810,"The person seems to be experiencing alienation-related stress. They feel disconnected from society and have a sense of not belonging, as indicated by their struggles with their identity as a transgender individual, fear of discrimination, lack of motivation, and feelings of worthlessness. They express feeling like a failure and apologizing for letting everyone down, which is often a sign of alienation and disconnection from others.","get buillied, I'm a joke, emotionally biased, a failure",0.17951154708862305
3811,"The feeling of emptiness, meaninglessness, demotivation, and wanting to escape by going back to bed can indicate a sense of alienation or disconnect from the world and daily activities.","tired, world empty, meaningless",0.5195697546005249
3812,The person expressing feelings of alienation due to being in a third world country and feeling disconnected from their family members who do not understand or support their mental health struggles. This sense of isolation and lack of empathy from their environment can lead to heightened feelings of distress and hopelessness.,"got a lot of traumas and hatred, unfortunate childhood",0.3234432637691498
3813,"The person is expressing feelings of alienation and isolation, indicating a sense of disconnectedness and lack of support from those around them. They feel unappreciated and unloved, as if they are only valued for what they can provide to others. This sense of alienation and lack of emotional connection is driving their thoughts of wanting to die and feeling that their loved ones would be better off without them. Their desire to be cremated and thrown away, without needing visitors, further emphasizes their feelings of detachment from others.",austism,0.30819812417030334
3814,"The person who wrote the premise is experiencing feelings of isolation and alienation. Despite having family, friends, and a boyfriend, they are struggling with thoughts of suicide and feeling like no one truly understands or appreciates them. They express a deep sense of loneliness and hopelessness, questioning the impact of their existence and whether anyone would truly miss them. These feelings of disconnection and lack of belonging suggest a state of alienation-induced stress.","felt pressure by mother, family be ashamed",0.3173336386680603
3815,"The person who wrote the premise is experiencing relationship-related stress. The individual expresses feelings of hurt and betrayal due to their girlfriend's actions when they are depressed. The girlfriend's behavior of pushing the person away during times of need has caused emotional distress and feelings of abandonment. Despite acknowledging the girlfriend's positive traits, the focus is on the pain caused by the lack of support during moments of depression. This relationship dynamic is centered around how the girlfriend's actions exacerbate the person's mental health struggles, leading to significant emotional turmoil and a sense of not being understood or supported by the partner.","can't trust my girlfriend, she ended pushing me away, shes pushes me  away",0.34193551540374756
3816,"The person is experiencing job and career-related stress. This is evident from the feelings of being unemployed, broke, and struggling to make a career in filmmaking. The pressure of not being able to succeed in the industry despite investing time, money, and effort into his passion project has resulted in a loss of motivation and a contemplation of giving up on the dream and seeking a new job at the age of 30. The interactions with industry professionals dismissing and laughing at his project have added to the stress and feelings of inadequacy in pursuing a career in filmmaking.","unemployed, broke, lost all the passion",0.49255406856536865
3817,"The individual is experiencing job and career-related stress. This is evident from the fact that they are unemployed, broke, and feeling hopeless about their dream of becoming a filmmaker. The pressure to succeed in their chosen career path, the lack of financial stability, and the negative reactions they faced from industry professionals have contributed to their current state of stress and contemplation of giving up on their passion. The constant rejection and lack of support have led to a feeling of defeat and loss of motivation in pursuing their filmmaking dream further.","unemployed, broke, lost all the passion",0.5523030757904053
3818,"The person is feeling alienated and disconnected from positive memories and experiences, which is triggering serious depression and sadness. This sense of alienation is preventing them from experiencing joy or happiness, leading to a feeling of being isolated from others who might be able to share similar experiences.",Don't have a single good memory to think of,0.1541937291622162
3819,"The person expresses feelings of alienation and disconnection from others, feeling like a burden and withdrawing from their support system. They mention feeling done with the world, experiencing anger towards society, and viewing themselves as constantly being kicked back down by the world. These sentiments indicate a state of alienation-related stress, as the individual perceives a significant misalignment between themselves and the world around them, leading to a sense of isolation and hopelessness.","cynical person, being a shit person",0.44093990325927734
3820,"The language used reflects feelings of alienation and inadequacy, with the writer feeling left out and disconnected from others due to their perceived physical appearance. They express a sense of unfairness and frustration in not being able to attract romantic partners despite their positive traits, such as being fun and humorous, which further deepens their sense of alienation.",ugliest person,0.23350441455841064
3821,"The person is feeling disconnected and disenchanted after achieving something they initially desired. This loss of motivation and uncertainty about the future reflects a sense of alienation and confusion, leading to the feeling of being lost and unsure about their decision.","applied to college and don't have any motivation to go, made a mistake applying",0.35488855838775635
3822,"The individual expresses feelings of intense emotional pain and hopelessness stemming from past relationships, such as constant cheating, deception, and feeling tossed away repeatedly. The mention of vulnerability, fear, and the desire for release in death suggests a deep emotional turmoil related to relationships. The feelings of exhaustion from being in a vicious cycle and questioning the value of continuing may indicate relationship-related stress.","don't think anyone would miss me, the uselessness i feel, i'm tired",0.2035381942987442
3823,"The person who wrote the premise is experiencing alienation-related stress. This is evident from their feelings of being unnoticed, slowly wasting away, and hearing voices that constantly berate them. They express a sense of disconnection from the world and others around them, as well as a deep feeling of isolation. These feelings of alienation have contributed to their severe depression and suicidal thoughts. The person's narrative reflects a deep sense of detachment and lack of belonging, highlighting the overwhelming emotional burden of feeling unheard and unseen by those around them.","no one seemed to notice me
",0.185276597738266
3824,"The language used in the premise indicates a significant level of distress and self-harm behavior, pointing towards a medication related stressed state. The mention of self-harm, numbness, and physical symptoms like cold hands and feet suggest a potential underlying mental health issue that may require medical attention and intervention.","self harm, lack of blood, always tired mentally or physically",0.4721052646636963
3825,"The person expresses feelings of alienation, believing that everyone hates them and feeling disconnected from everyone. This sense of isolation and despair may lead to thoughts of wanting to die.",everyone hates me,0.2069258689880371
3826,The writer's mental state appears to be heavily influenced by their relationship with their girlfriend. The disappointment of her potentially not attending the concert has triggered feelings of depression and despair. Thoughts of self-harm and suicidal ideation further emphasize the significant emotional distress being experienced due to this relationship-related issue.,"going to see my girlfriend, not seen for a while, cancel's it, it real effects ",0.3795846104621887
3827,"The person expresses feelings of burden, guilt, and self-blame, indicating relationship-related stress. They are deeply affected by how their suffering impacts their loved ones, mentioning how their existence seems to make the lives of others worse. The desire to spare their loved ones from hurt and the belief that their death could alleviate the pain further point towards relationship-related stress.","cannot do this anymore, no longer put fake smile, no longer pretend, life is a failure, i'm the problem ",0.1684349775314331
3828,"The person's statement indicates deep emotional distress and a sense of hopelessness, which often result from bias or abuse related stress. The mention of feeling inherited 'crazy genes' and experiencing bias and loneliness align with this category.","relationship problems that he won't work out with me,  i've inherited every crazy gene in the family, bias and loneliness ",0.4840148091316223
3829,"The person's mention of feeling exhausted, lack of motivation to eat and drink water, feeling sick, and expressing a desire to sleep, along with a history of previous suicide attempts, indicates a state of mental distress that may be related to medication or treatment. The person's struggles with mental health in the context of high school stress further points towards medication-related stress.","high school is so hard right now, i can barely keep up, peers seem to be doing so easily, feel so sick, exhausted",0.4400365948677063
3830,"The person is experiencing symptoms of depression such as difficulty focusing, memory issues, emotional instability, and feelings of loneliness. These symptoms are impacting their ability to work on their thesis and are affecting their productivity, concentration, and memory. The mention of attempting to bring themselves up but finding it hard due to their body not responding suggests that the mental state is heavily influenced by medication-related factors. Additionally, the fear and anxiety related to the upcoming thesis defense indicate a level of stress and pressure that is further exacerbated by the presence of depression symptoms.","tried making progress on my thesis, difficult, head gets dizzy, vision blurry, end up forhetting, hardest time to recall short term and long term memories, the professors can be ruthless",0.4636608064174652
3831,"The person expresses feeling disconnected from others, not feeling comfortable in their own skin, and being stuck in an endless cycle, indicating alienation related stress.","my family calls me a dissapointment, failure, they wish they never had me, endless cycle",0.35991430282592773
3832,"The fear of the future and tomorrow can indicate anxiety about uncertainties and challenges ahead, which is a common feeling in a general state of unease or worry.",i'm afraid of the future of tommorrow,0.6756507158279419
3833,"The person mentions being on antidepressants for almost two years, indicating a medication related stress. The distress and sadness related to the ongoing health issues of both parents and the struggle to cope with their suffering suggest a significant level of mental burden specifically related to the medication and its associated emotional challenges.","my parents are suffering from illness and injury everyday, i'm very close to my parents, i hate seeing them like this",0.3498463034629822
3834,The person seems to be feeling a sense of alienation or disconnection from the future. They express a conflicting desire to avoid dealing with the future while also feeling curious about what it may bring.,"really not want to deal with the future,  want to know what it holds",0.42317062616348267
3835,"The person is expressing severe depression, worthlessness, suicidal thoughts, and a feeling of punishment from God, which indicates a need for medication-related intervention for mental health support.","i'm worthless, i feel like giving up,  i need to escape my own mind, all I think about is hurting myself",0.3787795305252075
3836,"The person's feelings of not being enough, worthlessness, inferiority, isolation, and longing for warmth, along with the desire to kill themselves and lack of hope, indicate a sense of alienation and disconnection from others and themselves.","i'm not worth it, i'm a waste of space, worse than everyone, i deserve nothing, feel so defeated, i'm left self isolated, don't see any hope",0.42752397060394287
3837,"The person expresses feelings of alienation and isolation from their friends, family, work, and society. They mention feeling completely alone, sick of social interactions, and unable to rely on anyone. These feelings of disconnection and detachment indicate a sense of alienation, which is the predominant mental state observed in the premise.","i'm treated like an everyman, everyone constantly forgets about shit I ask them to do, no person I can rely to, my close ones make me sick, social interaction makes me sick, my work makes me sick, mental complications make me sick",0.3160356879234314
3838,"The person is feeling overwhelmed despite trying medication and still experiencing suicidal thoughts. The mention of the therapist, psychiatrist, prescriptions, and googling lethal dosages indicate that the mental state is related to medication and seeking help for mental health issues.","no meds have helped me, sadness is like an ocean, i'm drowning",0.32973405718803406
3839,"The person's deep emotional connection with their mother and the distress caused by her illness indicates a high level of stress and emotional turmoil related to relationships, particularly with family members. The fear of losing their mother further intensifies their emotional pain and feelings of helplessness.","mom is going through cancer, if my mom dies I just don't think i will be able to hang on",0.4649668335914612
3840,"The person expresses feelings of mundanity, disinterest, and a deep sense of cosmic insignificance, indicating a state of alienation from the world around them. They talk about the relativity of time, the lack of meaning in life, and their overall detachment from emotions and relationships. Additionally, there is a strong sense of disconnection and even hostility towards their parents for bringing them into this world. These sentiments reflect a profound sense of alienation and detachment from society and the norms that typically guide human behavior.","life is so mundane unintressing, there's no after life, uninterested in participating in this world not for negative reasons  ",0.4854750633239746
3841,"The premise suggests feelings of alienation and distrust towards others, indicating that the person may be experiencing stress related to feelings of isolation or disconnection from those around them.","everyone lies, backstab you",0.0821857675909996
3842,"The language used in the text reveals a deep sense of negativity, hopelessness, and emotional pain. The person expresses feelings of being constantly judged, ridiculed, and rejected by others, including friends and family. The mention of being biased at a young age and continuing to experience mistreatment and verbal abuse indicates a state of bias or abuse related stress.","got biasd, laughs at me, say im ugly and a disaapointement, got made fun of",0.4413217306137085
3843,The language and tone used in the premise indicate feelings of alienation and hopelessness. The person expresses a sense of disconnect from their community and struggles with finding support from those around them.," need someone to talk about this that knows how to cope, cause everyone in my life is useless",0.24315941333770752
3844,"The intense emotional response, feelings of love, heartbreak, and the desire to have the person back indicate relationship-related stress and distress. The person seems to be experiencing deep pain and turmoil due to the perceived betrayal or heartbreak in their relationship.","you runined me, i loved you, i can't help myslef, take me back",0.1601925492286682
3845,"The person is experiencing feelings of emptiness and isolation, feeling disconnected from others. They are struggling to articulate and separate their own sense of self from the emptiness they feel, leading to alienation-related stress.","i feel inside me is that it's alive, it's like it knows how it makes me feel, it knows when I'm alone, very hard to explain",0.4671127200126648
3846,"The individual is expressing feelings of self-doubt, constant negative self-perception, and reluctance to seek help due to fear of appearing attention-seeking. These are common symptoms of depression or other mental health issues that may require medication. The mention of anti-depressants indicates a concern about mental health that is beyond normal feelings of sadness.","i feel absolutely shit about myself, very hard on myself, punish myslef in a way i shouldn't",0.2515665888786316
3847,"The person is experiencing relationship-related stress. The pressure to fulfill cultural expectations regarding marriage, securing a stable job, and balancing personal aspirations with family obligations is causing significant distress. The mention of suicidal thoughts, feeling burned out, and being unable to find motivation suggests a deep emotional struggle related to their relationship and future plans with their girlfriend.","school system is outdated, crying everyday, can't concentrate",0.21720167994499207
3848,"The individual expresses feelings of alienation and self-perceived failure, indicating a sense of disconnect from others and a lack of support. This suggests an alienation-related stress affecting their mental state.","nowhere to turn, alienated everyoe, sick of fuck up all the time",0.28936147689819336
3849,"The language and tone used in the premise suggest a high level of frustration, anger, and feeling of being mistreated. The writer expresses a strong sense of betrayal and helplessness towards the situation, using derogatory terms to describe the organization and feeling overwhelmed by the lack of information and support provided. This indicates a bias or abuse related stress, as the person feels targeted, mistreated, and powerless in their interactions with the student loan department.",canada student loan,0.32042044401168823
3850,"The person's text displays signs of bias and abuse-related stress. They mention being bullied since grade 1, facing bias from their father, feeling lied to, and not being listened to by others. These experiences have likely contributed to their current mental state and negative outlook on life.","lost my mom, father used to bias me, tired of living, nobody listen to me, bullied",0.5295732021331787
3851,"The person is experiencing relationship-related stress, as indicated by feelings of loneliness, fear of losing their boyfriend, and past experiences of being shamed by their family.","my mom stole, not a day my family doesn't shame me for who i'm, have a boyfriend afraid to lose him, lonely",0.4207499027252197
3852,"The person expresses feelings of being knocked down multiple times, feeling suicidal, and contemplating self-harm due to multiple bad things happening. This indicates a high level of relationship related stress, possibly caused by interpersonal conflicts or emotional distress in one's relationships.",same exhausting routine,0.10656173527240753
3853,"The feeling of driving a beloved friend to the point of not being able to bear a conversation can cause severe emotional distress related to relationships, leading to thoughts like 'losing the will to live each and every day'.",i've driven a beloved friend to the point of not being able to bear a conversation with me,0.757590651512146
3854,"The person feels alienated and undervalued in their relationships, leading them to consider treating others the way they believe higher powers do, expecting reciprocation for their assistance.",people only talk when they need something,0.2790955603122711
3855,"The mention of severe depression, high magnitude of anxiety, neurotic personality, and obsessive thinking indicates a significant mental health issue. The treatment plan of 10 days with 2 sessions per day, each lasting 15 minutes with an hour gap in between, seems inadequate and not in line with standard therapeutic practices for addressing such severe conditions. The individual not being on any medication at the moment, despite previously being prescribed fludacs, further raises concerns about the appropriateness of the treatment approach. The abbreviation 'D L P F C' mentioned by the psychiatrist is unclear and reflects a lack of clarity or communication, which could be a cause for additional stress and confusion for the individual.","severe depression, high magnitude of anxiety, neurotic personality, obsessive thinking, treatment",0.5384386777877808
3856,"The individual's narrative portrays a series of unfortunate events related to relationships, including separation from friends, rumors affecting their reputation, being cheated on by a girlfriend, and struggling to make new friends in university. This ongoing cycle of relationship-related stresses has led to feelings of desolation, loneliness, social awkwardness, and ultimately contemplating self-harm and suicide. The emphasis on these relationship struggles points towards a significant impact on the individual's mental state.","got the occasional teasing, dad didn't allow to hang out, they spread a rumor that i was gay, socially awkward, girlfriend cheated",0.3444766402244568
3857,"The person is experiencing extreme emotional distress and abuse from their family members, particularly the stepmother. The lack of empathy, harsh words, and violent actions directed towards the individual suggest a toxic environment that is causing significant mental anguish. The stepmother's statements wishing harm on the individual and discouraging them from seeking education or help highlight the bias and abuse targeted at the person. This kind of harmful behavior can deeply impact the individual's mental well-being, leading to feelings of helplessness and thoughts of self-harm. The desperate plea for help and suicidal thoughts indicate a deep level of distress that is exacerbated by the toxic family dynamics.","step mom said that i should just die and tell my real mom that she wished i was never born, step mom said i shouldnt go to school anymore, stressed over school",0.36833417415618896
3858,"The person's mental state is mostly influenced by the long, unhealthy, and abusive relationship they were previously in. They express feelings of unworthiness and hopelessness about finding love again due to past experiences. The constant rejections and feelings of not being good enough in relationships have led to a deep sense of loneliness and despair. Thoughts of not finding a partner for life and seeing others happy in relationships further exacerbate their relationship-related stress and emotional pain.","don't think i will ever find someone to be with for rest of my life, nobody normal is interested in dating a normal person, men with right quality aren/t interested in me, tired of seeing everyone else in happy marriages",0.4730333387851715
3859,"The mention of feeling useless and depressed indicates relationship-related stress, leading to thoughts of using alcohol as a coping mechanism to escape from emotional pain and turmoil."," feel so useless, drink yourself into oblivion",0.4792407751083374
3860,"The person is expressing feelings of alienation and existential crisis. They feel disconnected from the world around them, questioning the purpose and meaning of human existence. The sense of stagnation in creativity and originality in movies, music, and overall human progress contributes to their belief that humanity is inevitably heading towards a decline. This feeling of detachment and disillusionment with the world aligns with the category of alienation-related stress.","sense of self destruction that human have, same movie, same songs, seems like we are just tapering towards an end",0.4884028434753418
3861,"The language used in the premise suggests feelings of extreme alienation and hopelessness. The person expresses exhaustion from constant failure, being called crazy, and mistreatment by others. This sense of being fed up with life and wanting relief points towards an alienation related stress.","sick of people calling me crazy, sick of being treated like crap, sick of life, sick of failing in life",0.4723517596721649
3862,"The person is experiencing relationship-related stress due to the sudden change in their relationship with their parents. The intrusive and controlling behavior of their parents, such as confiscating their phone and removing their bedroom door, has caused a breakdown in their sense of privacy and trust within the family. This has led to feelings of emptiness, loneliness, and confusion, as their previously positive relationship with their parents has deteriorated rapidly, impacting their mental well-being.","get home and feel empty and alone, parents decided they wanted to try some parenting, they decided that my phone was distracting me ",0.5233193635940552
3863,"The person expresses feelings of alienation despite having a seemingly good physical health, supportive friends and family, and a caring girlfriend. They feel disconnected, isolated, and question the purpose of life, which indicates a sense of alienation and existential crisis.","stare at the wall while drinking a beer, never want to talk to anyone or hang out with anyone",0.23143666982650757
3864,"The person in the premise appears to be experiencing feelings of alienation and detachment from their own emotions and experiences. They downplay their struggles and compare them to others in a way that suggests a sense of disconnect or isolation from their own feelings. This may indicate a deeper sense of alienation and disassociation from their mental state, possibly stemming from a lack of validation or acknowledgment of their own emotional well-being.","dad left, emotionally biased, used to cut ",0.2707170248031616
3865,"The mention of taking Xanax, a medication, in order to die and the feelings of tiredness and lack of fight suggest a serious mental health issue possibly related to medication. The individual's contemplation of suicide and feeling of not being essential to anything could be indicating a state of medication-related stress.","i held on for my mom and brother, don't have any fight left in me, i'm tired",0.17231003940105438
3866,"The person's desire to be harmed in a way that appears accidental, resulting in death, suggests a deep level of despair and hopelessness. The focus on insurance and the idea of being 'finally free' implies significant distress or dissatisfaction with their current relationships or situation. This extreme desire for someone to cause harm for personal gain points towards relationship related stress.","my family can claim the insurance, wish i'd be in an accident",0.3617863059043884
3867,"The person's mental state appears to be in a Jobs and careers related stressed category. They express a deep sense of failure and worthlessness after getting fired from their line cook job, which has led them to cope with alcohol to numb their emotions. The focus on their inability to perform well in their job and the desire to escape reality through drinking points towards the stress and pressure related to their career situation.","got fired from my line cook job at chills cuhs, cab't wait to get paid tomorrow ",0.31860029697418213
3868,"The person expresses feelings of alienation, loneliness, and insecurity, mentioning a lack of love and care from others. Seeking validation through positive comments and upvotes indicates a need for external affirmation due to feelings of social disconnection and emotional pain.","i never had anyone truly loved me or care about me, helps my insecurity",0.43815290927886963
3869,"The person's mental state seems to be deeply rooted in feelings of alienation and isolation. They express a sense of not fitting in with their family and relatives, feeling like a burden, and being disappointed in themselves. This alienation and lack of connection with others are causing them immense distress and a desire to escape from their current reality. The person feels completely disconnected, unseen, and unworthy, which is a manifestation of alienation-related stress.","studying hours daily i ended up failling, hating the fact that i am living with myself as a failure, never achieve any goals ",0.22482149302959442
3870,"The person's premise indicates a deep sense of worthlessness, hopelessness, and being a disappointment to their family. The individual expresses immense pain from the lack of validation, criticism, and comparison to their younger sister, which has severely impacted their self-esteem and caused feelings of alienation within their family. The constant pressure to meet unrealistic expectations and the harsh words from their parents have led to relationship-related stress, resulting in a state of despair and thoughts of self-harm. This situation highlights the negative effects of strained family relationships on mental health.","my parent's validation were all i want and what i lived for until now, my parents said that i am not good enough, they called me dumb, they regret spending so much money on me, to break me completely my father said he is losing motivation to go to work and earn money because I am wasting it, ",0.3649565577507019
3871,"The mention of feeling harassed and bullied by friends indicates relationship-related stress, which is a common source of distress for individuals. It appears that the person is expressing feelings of isolation and despair due to the negative interactions with their friends.",all my friend's do is harass and bully me,0.5726473331451416
3872,"The person expresses feelings of being different from others, alienated, isolated, and disconnected from their environment. They mention seeing people who have excluded them being happy, indicating a sense of alienation and loneliness. The person's description of continuous pain and self-hate suggests a deep feeling of disconnection and estrangement, which aligns with alienation-related stress.","i see people who have dropped me out of their life be really really happy, hate myself",0.4828382134437561
3873,"The mention of suffering from asthma, bronchopulmonary dysplasia, a heart condition, and having lungs that function at only 80% indicates significant medical concerns. The fear of contracting coronavirus and the potential consequences, such as death, showcases a high level of stress and worry related to medication and health issues.","i suffer from asthma, bronchopulmonary dysplasia, heart condition, my lungs only function at 80%, suffered from pneumonia multiple times",0.5139487981796265
3874,"The individual's mental state seems to be related to medication. The mention of starting medication and going to psychotherapy, plus the subsequent feelings of worthlessness and suicidal ideation despite efforts made, suggest that the use of medication may not be providing the expected or desired relief, leading to increased distress and despair."," how worthless are the efforts i made these last 4 months, i'm struggling to get up from bed, i end up skipping morning classes, i can't focus",0.1907641589641571
3875,"The use of phrases like 'feel empty', 'energy trapped in a cage', and conflicting self-perception ('I am a pile of shit, but I still feel like I am better than most') indicate feelings of alienation and disconnect from oneself and others.","feel empty, feel this energy trapped in a cage, pile of shit",0.6950995326042175
3876,"The person expresses feelings of isolation, rejection, and alienation throughout the premise. They describe a lack of support from friends and family, feeling ignored and unrecognized in public, and experiencing traumatic events such as their parents' divorce and having to uproot their life. The person also mentions having internet friends who only care about superficial interactions like sharing memes. These feelings of disconnection, loneliness, and lack of belonging indicate a state of alienation-related stress.","haven't seen most of my friends and those I have when I run into them they ignore me or pretend not to recognize me, I have a bunch of internet friends but they don't care about me as a person and I don't blame them, my family doesn't really care either 
",0.4163881242275238
3877,"The person is experiencing relationship-related stress due to the loss of their wife to cancer. Despite having aspects of life that are generally considered good such as financial stability, supportive relationships, and a successful career, the lingering grief and depression from the loss of their wife have left them feeling tired, finished, and struggling to find joy in life. The mention of their 23-year-old son being the reason they haven't taken their own life indicates a sense of responsibility and love towards their child, which is likely a significant factor keeping them going despite their inner turmoil.","wife passed of cancer, life is good but i feel finished, ",0.5658439993858337
3878,"The person is struggling with depression and suicidal thoughts, indicating a significant mental health concern. The mention of taking depression medication and therapy not working suggests a deep frustration with the current treatment. This indicates a high level of stress related to medication and mental health management.","go to school to get a career we don't like, work to pay bills, college makes me very depressed, wasting money ",0.3645269274711609
3879,"The person expresses feelings of hopelessness, loneliness, lack of support, and frustration with the healthcare system. These are common signs of relationship-related stress, indicating a struggle with personal relationships and a deep sense of disconnection from others.","no job skills, no highschool diploma, disabled",0.15999151766300201
3880,"The person's feelings of helplessness, self-perception as a burden or parasite, and alienation from joy, along with the description of childhood trauma due to dysfunctional parents with psychological disorders, strongly indicate a state of alienation-related stress. The individual's recurring experiences of pain, lack of happiness, and low energy levels despite trying various coping mechanisms reflect a deep sense of disconnection and isolation from positive aspects of life due to past and present family dynamics. The desire to erase memory and start again signifies a strong desire to escape from the overwhelming negative experiences and emotional burdens, which are central themes in alienation-related stress.","childhood has been a mess with my dysfunctional parents, feel like a burden, parasite, mother has BPD and was violent, father is narcissistic, walking on egges with my parents, issues again with the parents",0.49264076352119446
3881,"The individual is expressing feelings of alienation and disconnection from their current situation, wishing they had not continued living in the past to avoid the current stress. They seem to feel disconnected from their surroundings and possibly overwhelmed by a sense of not belonging or being out of place.","going through so much stress, going through ",0.38288211822509766
3882,"The person is experiencing job-related stress as they are finding it difficult to understand and enjoy their work, leading to a lack of motivation and focus. The fear of being fired and owing money for breaching the contract is adding to their stress and anxiety about the situation.","dislike the work, i hardly understand it, once they fire me i'll owe a lot of money",0.40934616327285767
3883,"The person is expressing feelings of alienation, isolation, and lack of support from their family. They mention not having anyone to rely on since birth, feeling tired of a difficult life, and being alone in the US. This sense of not belonging and feeling disconnected from others points towards alienation-related stress.","father used a crack and beat my mom, he's on cocaine, i don't have a family, not having anyone to rely since was born",0.21497471630573273
3884,"The person is experiencing deep emotional pain due to a failed romantic relationship. The language used suggests intense heartbreak and a sense of loss, indicating relationship-related stress.","loved him with all my heart and soul, wasn't enough, can't live through another heartbreak, can't do this without him",0.4204913377761841
3885,"The person expresses feelings of hopelessness, isolation, and the belief that nobody can help them, indicating a state of alienation related stress.","everyone has cut me off, living right now is painful, nothing left, ",0.1471627950668335
3886,"The premise indicates a sense of longing and unrequited love towards the girl, leading to feelings of sadness and loneliness. Relationship-related stress often arises from unreciprocated feelings and the desire for emotional connection.","she doesn't like me, i have major feeling for her, escape this feeling of loneliness and sadness",0.47065722942352295
3887,"The person is expressing feelings of alienation and a sense of not belonging in the school environment, as well as a desire to conform to societal norms. They feel trapped and drained by the toxic school environment, which is worsening their mental health and anxiety. This sense of being different and struggling to fit in is causing distress and a feeling of lost years due to their experiences in school.","large portion of my life has been wasted in school, school has become the worst part of my day, American school are just such a shitty environment for people who have mental issues",0.5018665790557861
3888,"The mention of the sister wanting to kill herself, crying, punching a hole through the wall, and having cuts on her arm suggests a deep emotional distress stemming from a significant relationship issue, likely with her mother in this case. This scenario indicates a high level of stress, anxiety, and potential mental health concerns within the family or relationship context.","sister is crying, she cuts on her arm, really worried about her",0.7364966869354248
3889,"The premise reflects relationship-related stress. The person describes feeling trapped in a relationship that is causing them significant distress and contemplating leaving due to major issues related to differences in financial views, marriage expectations, and future plans, among others. The individual also expresses feelings of emotional dependency, fear of being alone, and a strained relationship with their parents. The presence of these relationship-related challenges and the impact they have on the person's mental health suggest a strong correlation with Category 4, which is relationship-related stress.","relationship remains strained, he's not interested, emotionally dependent, past abuse, stuck living",0.5367879271507263
3890,"The individual expresses feelings of emptiness, alienation, and self-hatred, indicating a deep sense of disconnection from themselves and others. They mention feeling like an intruder in their own body and mind, and that they have stopped living and are merely existing. These feelings of alienation and self-hatred have led them to destructive behaviors such as starvation and purging. Additionally, the mention of not wanting anyone's sympathy and making a deal to slowly kill themselves further highlights the extreme sense of alienation and hopelessness they are experiencing.","feel empty, intruder of my own body and mind, poor excuse for a human being ",0.6252679824829102
3891,"The person expresses feelings of alienation, hopelessness, and a desire to end their life. They feel disconnected from others and overwhelmed by the monotony of life, leading to a sense of extreme despair.","no point in living the monotony of life, sick of life",0.4436793923377991
3892,"The person is expressing feelings of alienation, inadequacy, and worthlessness. They feel different from others at school, perceive themselves as annoying, and believe they are a waste of space. This sense of disconnectedness and isolation from their peers and feelings of not belonging are indicative of alienation-related stress.","not like the other girls at school, feel useless, stupid, just a waste of space, ",0.36134326457977295
3893,"The person expresses feelings of alienation, social rejection, and low self-worth throughout the text. They mention feeling disconnected from their friends, schoolmates, and even their girlfriend. This sense of being unwanted and inferior has led them to contemplate self-harm. The person's perception of themselves as ugly and having nothing to offer suggests a deep sense of alienation and disconnection from society.","few friends I have seen to not like me anymore, i found out a lot of them talking shit about me that i thought were my friends, i already got bullied for half the year, disappointment to my parents, me and my gf keep fighting ",0.23620784282684326
3894,"The language used in the premise suggests feelings of alienation and isolation. The person expresses a lack of connection with others, feeling like they do not have genuine friends and only interact with people because they initiate the conversation. These feelings of disconnect and lack of social support can lead to a sense of alienation and distress.","have no friends, homeless, living in a shelter",0.2884543538093567
3895,"The aggressive language and self-directed hatred in the writing suggest bias or abuse-related stress. The use of profanity, intense self-blame, and desire for self-harm indicate deep emotional turmoil caused by past experiences of bias, abuse, and trauma.","to my childhood self, this is your fault, fuck you for remembering the physical and emotional bias your dad did to you and your family, fuck you for letting your mom run her little experiments on your body like some sort of lab rat.",0.3603975772857666
3896,"The person's upbringing was filled with emotional abuse and neglect from their parents, particularly centered around favoritism towards their younger siblings. The constant criticism, belittlement, and blame placed on the person for their parents' relationship problems led to feelings of worthlessness and depression at a young age. The person's coping mechanism of self-harm through cutting indicates the immense emotional distress they were experiencing. The fear, awkwardness, and flinching in their current relationship with their parents suggest lasting emotional trauma and strained dynamics. The individual's non-judgmental attitude towards others, except in cases of self-harm, hints at a deep-rooted understanding of the impact of bias and abuse, likely stemming from their own traumatic experiences.","my parents start hitting me, telling me im useless, trash, blamed their relationship problem on me, i get scared to do even the slightest thing wrong",0.40444451570510864
3897,"The person expresses feelings of alienation, worthlessness, and hopelessness, indicating a sense of disconnect from society and lack of belonging. This is reflected in their perception of not fitting in socially, feeling unattractive, and lacking future prospects. These feelings of isolation and despair contribute to the sense of being 'too much of a pussy' to take drastic actions, such as suicide, highlighting the deep emotional distress and disconnection experienced.","worthless, no physical attraction, no real job, no social life, no hope of getting out of US",0.5039418935775757
3898,"The person expresses feelings of missing their girlfriend, hating their job, and feeling guilty about letting others down at their volunteer work. These relationship-related stresses could be contributing to their current mental state and self-destructive behavior.","miss my girlfriend, hate my job, sorry emily i broke your promise, failed you again",0.4387750029563904
3899,"The person expresses feelings of loneliness, self-hatred, and engaging in self-harm behaviors such as cutting. These behaviors and emotions often indicate relationship-related stress and issues, suggesting a focus on this aspect of their mental state.","texting all my friends, everyone was busy, painfully lonely, alone, hating on myself, hurt myself, no sex, no beach, drinking",0.31276944279670715
3900,"The person who wrote the premise is experiencing relationship-related stress. The long-term relationship with their girlfriend, who suffers from depression, anxiety, and severe OCD, has become increasingly challenging due to the girlfriend's declining mental health. The individual feels emotionally exhausted, conflicted, and unsure about what to do next in this situation. The fear of their girlfriend's potential suicide and the struggle to balance care for her with their own well-being are significant sources of distress. This relationship dynamic, with the girlfriend's refusal to seek help or take medication, is causing immense strain on the person, leading to feelings of being lost, confused, and overwhelmed.","my girlfriend and I have been together for ten years, She suffers from depression, anxiety and severe OCD, we don't see anybody anymore, i still love her but she doesn't care about life",0.6073911786079407
3901,"The person expresses feelings of self-hatred, worthlessness, lack of self-worth, and loneliness, which are indicative of alienation-related stress. They feel disconnected from themselves and others, leading to a sense of not belonging or being understood. This alienation contributes to their desire to escape reality through harmful behaviours like substance abuse and self-harm, as well as the wish to avoid facing their emotions by wanting to sleep and never wake up.","hate myself, i do everything anyone tells me, can't stand up for myself, feel better is getting high, people throw shit at me",0.357217937707901
3902,"The person is experiencing alienation-related stress as they are struggling with embracing body positivity and self-love in a society where they feel surrounded by people who do not reflect their own body image. They mention feeling insecure about their body, comparing themselves to others who are thinner, and feeling inadequate in their sport due to body image concerns. This sense of alienation and lack of belonging is evident in their struggle to see the good in themselves despite societal standards that make them feel inadequate.","insecurity, feel awful, low self esteem, flaws, face is fat, acne is ugly, teeth are yellow,  stomach bulges",0.37250906229019165
3903,"The person is experiencing feelings of alienation and hopelessness, lacking goals or dreams for the future. They feel disconnected from life and express a desire to stop living, while also being held back by fear of pain and concerns about their mother's potential sadness. This sense of detachment and lack of purpose suggests alienation-related stress.","zero hopes for the future, nor goals, no dreams, just want to stop carrying on with this life",0.43980875611305237
3904,"The mention of feeling hated by everyone, family rejection, and low self-esteem related to appearance suggest a relationship-related stress.","everyone in my life hates me, family doesn't want me, hate how i look",0.5841262340545654
3905,"The person's mental state revolves around medication and mental healthcare. They express a desire to find relief from their psychological pain through medication or therapy, but also contemplate the idea of suicide if the treatment process becomes too difficult. The mention of hospitalization and willingness to be honest with their therapist despite the fear of being sent to a psych ward further highlights the focus on medication and mental healthcare in their mental state.","avoid therapist, send me to a psych ward, i'll suffer ",0.5488913059234619
3906,"The person is expressing extreme stress and regret related to accepting a new job and leaving their old comfortable job. This change in their career has led to feelings of depression, fear, and a desire to give up.",i fucked up by accepting a job offer and leaving my old comfortable job,0.4790140390396118
3907,"The person has mentioned struggling with suicidal thoughts for a long time, seeking help from a general practitioner (GP), being prescribed medication, and undergoing counselling. The feelings of hopelessness, self-perceived failure, disappointment in relationships, lack of support from friends, and persistent sadness indicate a deep emotional and mental distress that is heavily influenced by the medication and treatment process. The mention of feeling like a burden to parents, not feeling good enough for a career, and disconnection from the world further suggest medication-related stress as a significant factor in their mental state.","i've had enough, nobody there for me, disappointing people around me like my parents, can't rely on anyone",0.3124516010284424
3908,"The person's description of feeling worried and depressed without a direct reason, questioning their safety, and not feeling better despite being on medication suggests that they are facing challenges related to medication. The fact that medication has not improved their condition indicates a heightened level of stress and desperation, which aligns with the category of Medication related stressed.","feeling terrible for no reason, spent every moment worring, already  on meds",0.46189725399017334
3909,"The person expresses feelings of alienation, not feeling belonging in the world, lack of supportive friends, and feeling misunderstood by family. These are clear signs of alienation-related stress.","feeling out of place, not meant to be in this world, have been called an attention seeker, family call me silly",0.5032636523246765
3910,"The person's description of being diagnosed with depression and anxiety due to a bad past relationship, feeling like a failure in life, having no friends except for their boyfriend, and experiencing constant fear of being judged or mocked, all point towards relationship-related stress.","work part time, self studying, feel like failing, what to do with my life, i'm stuck",0.22753280401229858
3911,The use of the phrase 'not in a good place' indicates that the person is experiencing relationship-related stress and seeking comfort in the company of someone else.,if we could maybe find comfort in each other,0.26323214173316956
3912,"The person mentions experiencing depression, feeling tired and wanting to numb their emotions with alcohol. They also talk about not being able to make an appointment to see someone, which could indicate a struggle related to medication or treatment for mental health. These factors suggest a medication-related stress.","don't have a job, couldn't take it anymore",0.1879381537437439
3913,"The person is feeling isolated, neglected, and unloved by those around them, leading to feelings of alienation. This is evident by the constant longing for someone to say something good to them, questioning why they are excluded from social activities, and feeling like everyone thinks poorly of them. These thoughts and emotions have escalated to the point of crying and fear about the future, indicating a deep sense of loneliness and alienation.","always the same shit every time, thinking about life, afraid of future, ",0.455343633890152
3914,"The person's mention of taking medical leave, being put on pills by a psychiatrist that don't work, and expressing a lack of faith in their therapist's ability to help suggests a struggle with medication related stress. The feeling of not being able to function normally despite knowing the steps to take points towards an underlying mental health issue that might not be adequately addressed with current medication.",barely graduated ,0.07853048294782639
3915,"The mention of medication not working, feeling emptiness, overeating due to stress, and contemplating suicide as a solution indicate a medication-related stress. The individual's despair about their worth and capability to provide for loved ones suggests a deeper internal struggle exacerbated by the perceived ineffectiveness of their current medication.","haven't contacted my girlfriend, family will force to get a job, not gonna be abale to provide for my girlfriend or make my family happy",0.12454565614461899
3916,"The premise indicates feelings of alienation and detachment from oneself and others. The person describes a significant struggle with their identity, feeling lost and unable to connect with their own emotions and experiences. They mentioned trying to change their personality to fit in with others, leading to a distorted sense of reality and ultimately feeling empty and disconnected. The constant comparison to others and the inability to feel alive or experience intense emotions further highlight the alienation and detachment they are experiencing. The mention of suicidal thoughts and the inability to remember what happiness feels like are also concerning signs of alienation-related stress. Overall, the person's description aligns with the category of alienation-related stress.","ill considerd decisions, memorry loss, felt terrible, low sick",0.1980125904083252
3917,"The sudden shift from feeling happy to feeling depressed and hating oneself indicates a sense of alienation or disconnect from oneself. This internal conflict and confusion often lead to feelings of self-hatred. It seems like the person is struggling with understanding their emotions and identities, which can lead to feelings of alienation and distress.",hate myself,0.5543078780174255
3918,"The person seems to be feeling alienated and disconnected from their surroundings. They express frustration over not being able to relate to the people around them, feeling like an outsider and being unable to find genuine connections. The mention of feeling uncomfortable and the strong negative emotions towards the new generation in the Bay Area indicate a sense of alienation and dissatisfaction with their current environment.","don't have any lifelong friends, never had a boyfriend, no ones kind or genuine anymore",0.24094560742378235
3919,"The person expresses feelings of alienation, worthlessness, and a sense of being disconnected from those around them. They feel like no one cares about them, not even their parents or coworkers. This deep sense of loneliness and lack of support contributes to their overall feeling of despair and confusion. The mention of feeling like an accident and causing suffering further accentuates the theme of alienation and disconnection from others.","mental breakdown, i keep falling apart, no one care, my coworker never ask me why i started smoking, life sucks",0.33468353748321533
3920,"The person expresses feelings of emptiness, loneliness, and alienation. They mention having no friends, feeling alone, and comparing themselves to others who seem happy. They also contemplate ending their life, indicating a deep sense of disconnection and estrangement from society and those around them.","my life on repeat, wake up and do the same things every single day, don't have any friends, i just sit and stare into nothing",0.3707180619239807
3921,"The person is expressing feelings of hopelessness, worthlessness, and a desire to end their life, indicating a sense of alienation from themselves and the world. They mention that every time they try to build a life, it gets destroyed, suggesting a deep sense of disconnection and despair. The mention of relapsing on alcohol, impending jail time, past experiences of love and good times, fear of death, and physical disability contribute to a sense of being disconnected, isolated, and overwhelmed by negative circumstances, leading to alienation-related stress.","relapsed on alcohol, physical disability, want to slit my wrist",0.1925540417432785
3922,"The person who wrote the premise seems to be experiencing relationship-related stress, particularly with the dynamics within their friend group. The situation with the girl in the friend group who is avoiding them, being excluded from activities, feeling lonely and left out, and seeking connections online to feel understood all point towards relationship-related stress and feelings of isolation.","there is this girl in friend group who keeps avoiding me,  stressed, nagative reactions, boring, shit me, sadness",0.587671160697937
3923,"The person is expressing deep feelings of guilt, self-blame, worthlessness, and fear of losing their significant other. The mention of causing hurt to their SO, feeling distant from the world, and desiring to be better but feeling trapped by the burden of mistakes points towards relationship-related stress. The emphasis on the impact on their identity and the fear of being abandoned by their partner further indicates relationship-related distress.","imagine myself eternally shitty, no true identity, feel distance from the world,  ",0.3415733873844147
3924,The mention of cutting oneself and feeling like it's a huge step back indicates a significant mental health concern. The reluctance to talk to parents about it and not having a therapist shows a struggle with accessing appropriate mental health support. The use of self-harm as a coping mechanism suggests medication related stress may be a factor.,"i can't talk to my parents about it because they think its not as serious as it is, I just don't know where to go from here",0.38005203008651733
3925,"The person who wrote the premise is in a very challenging mental state, feeling intensely sad and hopeless. They have been struggling with depression since childhood, have experienced trauma, and feel isolated and alone. Despite appearing happy on the outside, they have been masking their true feelings for a long time. The person is exhausted, fantasizing about death, and expressing a deep desire to escape their current reality. This indicates a significant emotional struggle and a need for support and professional help to address their mental health concerns.","coming from a wildly dysfunctional military home, being constantly bullied, I turned to sex drugs and alcohol at a very young age in order to cope, I was going to university but decided to drop out to do a trade, i've been assaulted and biasd  ",0.09570574760437012
3926,"The person's feelings of self-hatred, loneliness, and desire to end their life indicate significant relationship-related stress. The mention of not having friends anymore and feeling overwhelmed by their story further supports the relationship-related stress category.","I hate myself, i hate my life, i don't have friends anymore ",0.41642528772354126
3927,"The person is experiencing relationship-related stress due to multiple challenges in their personal life, including financial struggles, job loss, potential eviction, and worries about their children's health. These stressors are likely putting a significant strain on their relationships with their spouse and children, causing emotional distress and fear for the future.","Unemployment didnt pay enough to make rent and bills, notice from the landlord, no income",0.15330742299556732
3928,"The person is feeling alienated and disconnected from their surroundings, expressing feelings of worthlessness and mentioning thoughts of self-harm. These emotions indicate a sense of disconnection from themselves and others which falls under the category of alienation related stress.","I'm just so tired of being a fuck up, I feel worthless, I just don't know what to do",0.23697012662887573
3929,The mention of having trouble with the wife and contemplating suicide indicates relationship-related stress.,trouble with my wife,0.5273059606552124
3930,"The mention of crying a lot, feeling nauseated at the thought of food, and being unable to go to work may indicate a mental state influenced by medication. The person's symptoms suggest a possible side effect or the need for medication adjustment, hence categorizing them as medication related stressed.",haven't been in to work,0.09914912283420563
3931,"The person who wrote the premise is experiencing feelings of loneliness, worthlessness, hopelessness, and alienation. They express a sense of not having any passion for life and feeling like a worthless piece of shit. These thoughts are often associated with alienation-related stress, as the person feels disconnected from others and society, leading to a sense of isolation and lack of belonging. The mention of not having friends or a girlfriend, feeling like nobody would care, and perceiving major problems as insurmountable all contribute to the sense of alienation and disconnection. Additionally, the ideation of self-termination and the struggle with conflicting thoughts further highlight the deep sense of alienation this individual is experiencing.","have no longer passion for my interests, lonely af, worthless, hopeless, no passion for life",0.5055346488952637
3932,"The person is feeling alienated and disconnected from others as they struggle with maintaining a facade to appear strong and resilient despite inner emotional turmoil. They express a sense of being misunderstood and unrecognized for their true self, indicating feelings of isolation and alienation.","my expression completely changes when I'm alone, Im a different person, A person no one knows",0.42157232761383057
3933,"The person mentions struggling with depression and social anxiety, and describes a significant change in their mental state over the past few months. They talk about feeling the need to constantly meet the standards of their friend group, worrying about being abandoned, and experiencing self-hatred and a desire to escape reality. The fact that they are currently taking Zoloft, a medication commonly prescribed for depression and anxiety, and planning to misuse robotussin gels to escape reality, indicates a high level of distress related to medication and a possible risk for harmful outcomes."," I'm weird, awkward, unfunny, and annoying, so I constantly try to change myself. I try to be less talkative, and apply a tight filter to what I say. I hate who I am, I can't live with myself, i hate everything about myself, my voice, the way I pronounce things, my mannerisms, my sense of humor, my conversations with people, everything, I can't take it anymore",0.2764490246772766
3934,"The person's struggles with major depressive disorder, anxiety, and the mention of a suicide attempt indicate a long history of mental health issues. The overwhelming stress and depressive symptoms related to finding out about the unexpected pregnancy and the significant life-changing news suggest that medication-related stress is a primary factor in this scenario. The fear, worry, and feeling of being unable to handle the situation despite trying to remain hopeful point towards a deep psychological struggle that may require medication management.","I'm worried he secretly hates that I don't want the change, Will he break up with me even though we are engaged, how can you bring a child into the world though when both parents would be in debt, one is jobless, we aren't even married yet, one parent is a registered sex offender still on probation
",0.16723975539207458
3935,"The person is expressing feelings of alienation and existential questioning regarding the concept of God, life, and the universe. Their thoughts on God and mental illness suggest a sense of disconnection from reality and a struggle to find meaning and purpose in their existence."," I have a mental illness called schizophrenia, the brain cognitive is dysfunctional, hallucinations and hearing voices that arent their which makes me think solipsism.",0.3782500624656677
3936,"The person is experiencing significant relationship-related stress due to their mother's critical behavior and lack of understanding of their mental health struggles. The focus on swearing in movies and YouTube videos while dismissing the individual's struggles with depression, assault, bullying, self-harm, and emotional distress indicates a problematic and emotionally abusive relationship with the mother."," when i was assaulted (groped) not when i came home crying when i was bullied mercilessly, I slashed my thighs, i didnt graduate college, I would be a loser that relys on welfare homeless, a drug addict, she says I'm being manipulative when I do and I'm doing it for attention, i cry to her that nobody loves me",0.3288317918777466
3937,"The person who wrote the premise appears to be experiencing extreme feelings of alienation and disconnection from the world around them. They mention feeling like everyone leaves them, expressing difficulties in finding kind people, and feeling that life is giving them signs to end their life. Moreover, they describe moments where they feel like they are watching their own body go through experiences, indicating a sense of dissociation and detachment. These experiences suggest a high level of alienation from themselves, their surroundings, and the support systems they may have had in the past. The intense emotions, struggles with self-harm, inability to find joy in daily activities, and constant thoughts about ending their life further emphasize the deep sense of alienation and emotional turmoil that this individual is going through. The distressing events and feelings of impending loss contribute to their current state of extreme alienation and disconnection.","Kill myself, depressed, cried, PTSD, depersonalization disorder, deepest point, self harm",0.47837698459625244
3938,"The mention of seeing a therapist and seeking help, along with feelings of paralysis and questioning internal weakness and control, suggest a focus on the effectiveness of medication and treatment. The frustration and confusion regarding the therapist's advice indicate a level of stress related to medication and treatment options.","paralyzed,",0.32897400856018066
3939,"The person's mention of having had anorexia, wanting to be perfect, losing interest in everything, feeling like this is how they will live their life, and expressing a desire to go away suggest a medication related stress, possibly due to struggles with mental health issues like anorexia.","i had really anorexia, hate myself, lost all my interest, hate doing nothing ",0.5952470302581787
3940,"The text indicates feelings of alienation, isolation, and hopelessness. The person expresses a sense of not belonging in their current environment, feeling misunderstood by their family, and having only one friend with whom they have bonded over negative experiences. These feelings of being disconnected, unvalued, and unsupported point towards alienation as a significant factor in the writer's mental state.","step dad who literally makes me fear to go downstairs, my mom doesn't care, step dad pissed off over nothing, bullied for nearly my whole life",0.08944833278656006
3941,"The person is experiencing feelings of alienation, worthlessness, emptiness, and a sense of disconnect from others. They mention feeling weird, losing themselves, lying about how they feel, and being scared to share their true emotions with their parents due to fear of not being understood. These emotions and thoughts suggest a state of alienation and internal conflict.","faling apart, losing myself, so scared to tell my parents, sacred that they won't understand, i feel so worthless ",0.4236806035041809
3942,"The person is feeling a sense of alienation, disconnection, and detachment from their present situation and future prospects. They express feelings of being done and having no desire to do anything, despite having a seemingly enviable life. The mention of pointing a gun at their own head and dry firing it suggests a deep sense of hopelessness and lack of belonging. These feelings of detachment and hopelessness indicate alienation-related stress.","this past semester of school has been just weird, failed my first math test, i hate the idea of my family and friends having to deal with the fallout, can't see a future ",0.10478280484676361
3943,"The premise describes a history of severe abuse, bias, manipulation, and exploitation by family members, particularly the mother and aunt. The individual has faced emotional, verbal, and physical abuse, alongside financial exploitation and manipulation. The continuous threats, violence, and lack of support from family members have created a toxic and detrimental environment for the individual. This pattern of abuse, manipulation, and exploitation falls under the category of bias or abuse related stress, as the person is constantly living in fear and manipulation orchestrated by their family members.","emotionally, verbally, and occasionally physically abusive home, inevitable cry, alcoholic, just want out",0.4185536205768585
3944,"The person expresses feelings of alienation, disconnectedness, and a sense of not belonging throughout the text. They mention a lack of happiness for several years, difficulty feeling emotions, seeking happiness through external sources like alcohol, and questioning the meaning of life and existence. The individual struggles with finding joy and meaning, feeling out of place in social settings, and contemplating the inevitability of death and nonexistence. Their thoughts reflect a sense of isolation and alienation from the world, indicating a state of alienation-related stress.","I'm alone I don't know what do, When your mother tells you that you should have been a miscarriage you reevaluate life, don't want pity, feel normal, i've lost the feeling",0.19795431196689606
3945,"The person is mentioning being affected at work due to fatigue and is contemplating the link between fatigue and depression. This indicates medication related stress, as they are considering seeking treatment for their depression through addressing their fatigue.","affecting my attendance at work, i have days off but i'm about to run out",0.19773826003074646
3946,"The person seems to be experiencing work-related stress, as indicated by the 8-hour period of thinking about suicide at work. This type of stress is commonly associated with job dissatisfaction, pressure, and mental health issues related to the workplace.",problem is at work it's an 8hr suicide,0.7280535697937012
3947,"The person expressed feelings of chronic sadness, isolation, and alienation from others, which are common signs of alienation-related stress. They also mentioned feeling ungrateful, with a lack of excitement for life and self-hatred, further indicating feelings of alienation and disconnection from their surroundings. The sense of loneliness and the belief that only they can help themselves suggest a deep sense of alienation from external sources of support.","cry every night, feel so alone, isolated myself, pissed that i'm consumed by chronic sadness, nothing is helping, not even talking to others",0.4663105309009552
3948,"The mention of the ex leaving suggests that the individual is currently dealing with relationship-related stress, specifically stemming from a breakup. This can lead to feelings of sadness, loss, and depression.",all started when my ex left,0.3776077330112457
3949,"The person's mental state reflects a significant amount of stress and emotional turmoil stemming from their relationship. They express feelings of disappointment, anger, and helplessness towards their partner, who seems to not be contributing equally to the household responsibilities and financial obligations. This imbalance in the relationship, coupled with financial struggles and unmet expectations from the move, has led to a deep sense of despair and hopelessness in the person, contributing to thoughts of suicide and self-harm. The intense emotional distress surrounding their relationship issues is a predominant factor in their current mental state.","I was the one who drove there and back to go do his errands while he was sitting on the beach in Mexico with his friends, feel Terrible, back to being sucked into this numbness, this darkness",0.232869490981102
3950,The premise describes an incident of mistreatment and emotional abuse by another nurse which led to a panic attack. The abusive behavior of the nurse caused further distress and exacerbated the mental state of the person. This falls under bias or abuse related stress category.,"broke down and asked to go home, never been through anything like this in a hospital, i was weak and my chest and throat hurting frim panic attack",0.3759458065032959
3951,"The language used in the premise and the considerations towards suicide and finding ways to die suggest a deep psychological struggle that may require medication-related interventions. The individual's mention of surviving a suicide attempt in the past, seeking motivation from a movie as a temporary fix, lack of interest in anything, and blaming their parents despite acknowledging their love and care indicate a mental state that could benefit from medication and professional help.","my mom and dad love me even spoiled a little, i blame them for this shit feelin everyday, don't want my stupid parent to do the what did we do wrong",0.18339666724205017
3952,"The person's description of having debilitating anxiety, deep depression, and suicidal ideation every day indicates a significant mental health issue that might require medication. The mention of mental illness progressing since 'the Event' suggests a possible need for medication to manage the condition. The individual's struggle and fear about their mental state despite trying to fight it align with the stress and burden often associated with medication-related challenges.","mentally ill, have this cycle of bad mental states, hard to do basic stuff",0.5084466338157654
3953,"The person has mentioned various struggles with mental health, including feelings of depression, lack of improvement despite therapy sessions, and even surviving a suicide attempt in the past. The reference to going inpatient multiple times and the mention of not finding help from therapy suggest a deep level of distress that may require medical intervention, possibly including medication. Additionally, the person expresses a sense of hopelessness and exhaustion, which could be indicative of a mental health condition that necessitates medication-related intervention."," Everyday looks the same, I go to school, I work, I procrastinate, I stress, I cry, I sleep, I repeat, i come home and completely destroy my mother with my thougts",0.29725080728530884
3954,"The person expresses feelings of alienation and loneliness after the passing of their father, who was their main source of support. They also feel abandoned by their girlfriend and express uncertainty about their future. The person is struggling with a sense of purposelessness and a lack of direction in their life, which indicates a state of alienation and disconnection from their surroundings.","father passes away last year, my gf who i've been staying with wants me to leave, don't know who to turn or what to do",0.3680838942527771
3955,The mention of the person's father's suicide and the concern for their family and girlfriend suggest a deep emotional struggle related to relationships and the fear of causing the same pain to loved ones.,"dad killed himself 4 years ago, devastating it is to family, don't want my family and girlfriend to go through a tragic death",0.6204608678817749
3956,"The mention of having antidepressants and considering taking them indicates a potential concern related to medication and mental health. The individual's question about making it less painful further suggests a focus on the method of taking medication, reflecting a distressed mental state related to medication.",have a few bottles of antidressant with me,0.17773056030273438
3957,"The person who wrote the premise is expressing feelings of alienation, hopelessness, and rejection. They feel disconnected from their surroundings and believe that nobody understands or listens to their problems. This sense of alienation is evident in their struggles with family dynamics, societal expectations, and lack of emotional support. The individual also mentions feeling like an outsider due to being introverted and receiving negative comments about their gender. These factors contribute to their overwhelming sense of isolation and the belief that life has no purpose, leading them to contemplate self-harm.","My parents always talk about what a useless piece of shit I am and brags to their friends about it like it's an accomplishment, that shit hurts, rejected by everyone",0.21225494146347046
3958,"The person is experiencing feelings of alienation and being overwhelmed by the complexities and challenges of everyday life. They feel like they don't fit in or belong, and are questioning why they can't just be 'normal' like others.","the most basic lifestyle, leaving the house to go to school",0.27396875619888306
3959,"The language and tone used in the premise indicate a sense of alienation, despair, and social disconnectedness. The individual seems to feel isolated and distressed, focusing on thoughts of the burden their actions might cause to others rather than seeking help or support.","my fat fucking body, just feel bad when i think of my parents",0.20322705805301666
3960,"The person mentions feeling empathy due to a severe depressive episode they went through in the past. This indicates a deep level of emotional distress and a history of mental health struggles. The mention of learning to cope but never being cured suggests a reliance on coping mechanisms and possibly medication to manage their mental health. Additionally, the contemplation of ending their life when certain conditions are met further points towards a medication-related stress and the impact it has on their state of mind.","feel empathy so hard, sever depressive episode, life for me is just exhausting",0.5653008222579956
3961,"The person expressed feelings of alienation by mentioning being alone, feeling guilty about people caring for them, and not having the will to live. They also indicated having ruined positive aspects of their life, which can contribute to a sense of isolation and disconnect from others.","no future, last life, goddamn alone, ruined, guilty",0.29435065388679504
3962,"The language used in the premise suggests feelings of alienation and frustration towards the handling of their mental health concerns. The person expresses disappointment and confusion about being referred to a therapist specializing in autism instead of receiving help with their self-harm, suicide thoughts, and overall mental health. This sense of not being understood or supported in the way they expected points towards alienation-related stress.","some help with my mental health, i'm going to get tested for autism",0.45183002948760986
3963,"The person's state of mind seems to be heavily influenced by medication as they have consumed a potentially dangerous amount of antidepressants, which has led to numbness in their legs and loss of sight. The mention of struggling to finish the entire bottle also indicates a level of distress that could be related to their medication. Additionally, the person's clarity in stating that they are venting and warning others not to overdose suggests that they are cognizant of the impact of their actions, which often aligns with the effects of medication on mental state.","trying overdose, eyes completely blackout, never drank this much, drank 10 pills of antidepressants",0.5938986539840698
3964,"The language used indicates a deep sense of self-neglect and reckless behavior, suggesting a potential need for medication or mental health support.","treating myself like shit, do things that are terrible for myself, feel like i deserve it, it's okay to hurt myself",0.36297059059143066
3965,"The premise includes a history of abuse by the person's parents, especially the mother, which has greatly impacted their mental health and self-esteem. The person describes being manipulated, belittled, and emotionally abused throughout their upbringing, leading to a deep self-hatred and feelings of worthlessness. This history of abuse has likely created a biased and traumatized view of themselves and the world, contributing to their current overwhelming stress, loneliness, and suicidal ideation.","menatl health so bad that i couldn't work or finish school, classes are getting more intense, already behind in an online class, have trouble managing time",0.007840028032660484
3966,"The person is feeling sadness for weeks, experiencing lack of motivation, and finding it hard to even do things they enjoy. They are contemplating whether they have depression and have not sought medical help yet. These are common signs of medication-related stress, where a person is unsure about their mental health condition and is hesitant to seek professional help, possibly due to fear of medication or its side effects.","wasn't able to go to school, too lazy to do things, every minor thing that bums me out affects me drastically",0.2766203284263611
3967,"The person is feeling an intense sense of alienation and worthlessness, expressing feelings of insignificance, lack of identity, and being disconnected from others. The mention of being a 'fake' and 'selfish' suggests a deep sense of alienation and disconnection from their true self and others. They also express a lack of purpose and belonging, indicating a state of alienation from society and themselves.","barely human, lost my motivation, i'm not special, unique, important, smart, i'm a selfish lying bastard piece of shit",0.46108537912368774
3968,"The person's feeling of letdown for not achieving much in the past two years, coupled with the realization that their identity was not what they thought, indicates a sense of disconnection and alienation from themselves. They express a deep need for purpose, a meaningful life story, and emotional connection to their identity, highlighting feelings of alienation and lack of fulfillment in their current state.","No clue, need purpose, letdown, even worse",0.4017413854598999
3969,"The person expressing feelings of self-hatred, isolation, hopelessness, and a desire to end their life suggests a sense of alienation-related stress. They feel disconnected from their friends, family, and the world around them, which is leading to thoughts of self-harm and suicide. The feeling of not belonging and being a burden to others is a key indicator of alienation-related stress.","hit my best friend kinda on accident, he hates me now, don't have any friends anymore, family is shit",0.19646331667900085
3970,"The person is expressing feelings of betrayal and confusion regarding a situation involving someone they thought they liked, indicating relationship-related stress. The person feels taken advantage of and is questioning the behavior of the boy and others at the party. The feelings of hurt, self-blame, and inability to let go of the incident suggest a deep emotional impact related to relationships.","drunker, got taken advantage, everyone was mad at me for crying,  familyis moving out if that house, found a pile of the boy's shit ",0.35304224491119385
3971,The person expresses feelings of worthlessness and the belief that they will never achieve their dreams or get a girlfriend due to their stutter. This sense of social isolation and inadequacy suggests an alienation-related stress.,"feel like i'd never achieve my dreams, lack of ability to fluently speak, feel worthless, never get a gf ",0.4561193585395813
3972,"The premise indicates feelings of hopelessness and lack of purpose in life, as well as a strong dependence on family as a reason to continue living. These are typical signs of relationship-related stress, where the individual may be experiencing difficulties in personal relationships or feeling disconnected from loved ones.","nothing to live for, complete shit show",0.24540755152702332
3973,"The mention of symptoms like fatigue, inability to focus, and loss of enjoyment in previously loved activities, coupled with the mention of feeling better in dreams and seeking help from a school counselor and reluctance to share with the family indicate a possible medication-related stress. The individual's feeling of burdening their mother with their issues and the difficulty in seeking help suggest a potential concern related to managing mental health through medication.","Feel tired, weighed down, physically exhausted, anxiety problems, sleep",0.4900827705860138
3974,"The person expresses feelings of alienation, hopelessness, and a lack of support from others. They believe they were dealt a useless set of cards from the beginning, indicating a sense of disconnection from society and a lack of belonging. These thoughts and emotions suggest a deep-seated sense of isolation, which falls under the category of alienation-related stress.","I have been bullied and told I was playing the victim card my entire life, nobody wants me to live, being broken with a useless set of cards, poor will not make it in this country",0.29673197865486145
3975,"The person expresses deep feelings of depression, suicidal thoughts, and lack of happiness. Additionally, they mention living in their car despite having a full-time job and doing side gigs, indicating financial instability. The mention of being a sponsor for their grandmother and feeling financially responsible for her adds further stress. The person's focus on the idea of escape through changing their life completely and moving to a different continent hints at a desire for a drastic solution to their current mental state. The combination of financial struggles, suicidal ideation, and a longing for a major life change suggests that the person is experiencing medication-related stress.","work full time job, i actually had some money, i'd go far away, I am my grandmothers sponsor therefore I'm financially responsible for her",0.5014143586158752
3976,"The mention of multiple voices and feeling insane suggests a medication-related stress, possibly indicating struggles with mental health conditions such as schizophrenia or other disorders.",have so many voices yelling in my head wanting to come out ,0.48380380868911743
3977,"The individual is experiencing sudden episodes of crying without any apparent trigger, feeling of overwhelming sadness, lack of energy, and suicidal ideation. These symptoms, coupled with the mention of feeling perfectly fine before the onset of symptoms, suggest that the person is likely dealing with relationship-related stress or issues that have significantly impacted their emotional well-being.","alone, just empty and wanting to die",0.28712671995162964
3978,"The person's focus on medication, specifically antidepressants and their effects on controlling depressive episodes, indicates a high level of stress related to their medication management. Their detailed description of the effects of different medications on their mood, anxiety, and libido, as well as the concern about finding the right balance between managing depression and dealing with side effects, suggests a significant preoccupation and stress related to their medication regimen.","rapid cycling bipolar, lithium, zoloft, anxity and reactivity increased, dugs",0.4232034683227539
3979,"The mention of ongoing nightmares and feeling tired and wanting it to stop suggests a potential mental health issue that may require medication, leading to medication-related stress.","this isn't living anymore, I'm tired",0.20709988474845886
3980,"The person's mental state seems to be overwhelmingly influenced by their past relationship with their ex. The feelings of heartbreak, rejection, and unrequited love have led to thoughts of self-harm and suicide. The mention of the ex-partner enjoying life with someone else has further intensified their feelings of despair. This indicates a relationship-related stress as the primary cause of their distress.","my first and only love, have the time of his life with someone else, feelings I felt of love were unrequited",0.38305890560150146
3981,"The person is expressing feelings of extreme loneliness, rejection, and insignificance, which are characteristics of alienation related stress.","don't have any friends or gf, i'm lonely",0.21750414371490479
3982,"The person's mental state seems to be influenced by feelings of unworthiness, self-doubt, and fear of being a burden in relationships. They have been isolating themselves from people who care about them and suppressing their feelings of being suicidal. The unexpected gesture from their friends who sent them a thoughtful package made them realize that they are loved and valued, leading to a shift in their mood from extreme sadness to happiness. This indicates that relationship-related stress has a significant impact on the person's mental well-being.","i'm worthless, i'm horrible, every night so hard to exist and breathe ",0.20736972987651825
3983,"The person is experiencing feelings of alienation and loneliness as indicated by the sense of being lost and alone. They mention that their family is no help and that their parents' lack of understanding and support adds to their feelings of isolation. The person's description of feeling like killing themselves and waking up dreading each day suggests a deep emotional distress and disconnection from others, highlighting the alienation-related stress they are facing.","lost one of my jobs, burn through my savings to cover everything, struggling with rent money, don't have enough money",0.18315932154655457
3984,"The mention of not wanting to go to the hospital and considering ending oneself may indicate a struggle with medication-related stress, possibly related to feeling a lack of control over one's treatment or outcome.",send me to hospital,0.2396710216999054
3985,"The person's words and feelings suggest a deep sense of alienation and disconnection from themselves and others. They express feeling useless, passive, and apathetic, indicating a lack of belonging and fulfillment, leading to alienation-related stress.","nothing in me, being useless",0.4155885875225067
3986,The person is expressing deep remorse and self-blame for how their actions have negatively impacted their relationships. They mention losing a relationship with a wonderful person and feeling like a disappointment to their family and friends. The feelings of betrayal and hurting others indicate a significant level of relationship-related stress and guilt.,"i lost my relationship with a wondeful person who I treated terribly, lost my relationship with my home, lost my relationship with my family, lost my relationship my friends, I've hurt and betrayed everyone in life",0.5532935857772827
3987,"The person is experiencing mental health-related stress, specifically related to suicidal ideation and the fear of seeking help. The mention of suicidal thoughts, long-term struggles, and the upcoming meeting with a student support officer for mental health services indicate significant mental health concerns. Additionally, the fear of being sectioned shows a worry about the consequences of opening up about their struggles. This situation reflects a state of Medication related stress, where the individual is grappling with deep emotional struggles and the uncertainty surrounding seeking professional help.","i'll be graduating this summer which is terrifying, academic issues",0.3306881785392761
3988,"The person is expressing feelings of alienation, believing that they are not wanted by others and do not belong anywhere. They feel that their qualities of kindness, love, and compassion are not valued by society, leading to a sense of isolation and detachment from others.","most people don't want me around, i'm no desirable, not exciting, i don't belong to anywhere",0.37059485912323
3989,"The mention of anxiety disorder and fear of short life ending in a tragic and traumatic death, along with the recurring dreams about car crashes, suggests a strong connection to medication related stress. It's possible that the person is experiencing heightened anxiety and paranoia due to their anxiety disorder, resulting in these intense and distressing thoughts and fears.","anxiety disorder, dreams about car crashes, i've been thinking for some reason that my life is gonna be short and end with a tragic and traumatic death",0.7876144647598267
3990,"The person is experiencing relationship-related stress. They are dealing with a dysfunctional family dynamic, including their father's infidelity and the emotional burden of trying to support their mother through the fallout. This has significantly impacted their mental health, contributing to feelings of depression and suicidal thoughts. Additionally, they feel isolated and unable to cope with the overwhelming situation, leading to self-destructive behaviors like excessive drinking, as a means of escapism. The sense of hopelessness and lack of support indicate a significant strain on their relationships, which aligns with relationship-related stress.","situation in my home is terrible, father said to my mother he don't love anymore her, don't know how to help her, can't talk with my dad normally",0.4214039444923401
3991,"The mentioning of chronic pain from TMJ and chronic sinus infections indicates that the person is under medication-related stress, as they are dealing with physical health issues that require ongoing medical treatment and management.","chronic pain from tmj, can't talk or sing much anymore, chronic sinus infection",0.7515474557876587
3992,"The person is experiencing job-related stress due to the difficulty in finding employment for almost three months, struggling to meet financial obligations, and feeling overwhelmed by the job search process. This has led to feelings of hopelessness and despair, with the individual expressing a desire to give up on life.","looking for a job for almost three months now and have been unsuccessful,  struggling to pay my car and insurance and just regular bills, trying so hard applying and going on interview after interview and nothing is working.",0.4645427167415619
3993,"The person is experiencing job-related stress as they hate their job and are struggling with motivation to go to work. The fear of losing income is adding to their distress, creating a burden that is making it hard for them to even get out of bed. This situation is a common manifestation of the stress and pressure often felt in jobs and careers.","hate my job, continuously late to work",0.46356016397476196
3994,"The person expresses feelings of being lost, unable to control their emotions, and experiencing a tumultuous range of emotions. They mention being depressed with issues in work, personal life, and legal matters. Additionally, they express feelings of loneliness and a desire to end their life. These are typical signs of relationship-related stress, which often involve feelings of isolation, overwhelm, and hopelessness in various areas of life, leading to thoughts of self-harm or suicide.","i'm lost, don't know what to do anymore, feel so alone",0.3460371494293213
3995,"The person is going through relationship-related stress, feeling unloved and unsupported in their life. They express that their daughter is the only reason they haven't committed suicide, indicating a lack of support from their husband, mother, and therapist. Additionally, the fear of losing their daughter is causing immense emotional distress. The mention of missing the feelings of love, excitement, and happiness suggests that relationship issues are a significant factor contributing to their current mental state.","hate myself, hate how i look, feel ugly anf fat",0.1692531555891037
3996,"The mention of taking the whole bottle of acetaminophen as a means to end their life signals a medication-related distress. The person seems to have reached a point of hopelessness and is contemplating self-harm, which is often a sign of mental health crisis requiring immediate attention.", i'll be missing graduation and prom and all those super important high school things... but at this point I don‚Äôt care. I see no point in continuing to live. We‚Äôve already lost 5 students this year so I kind of feel bad that I‚Äôm going to subject my school to more grief but only like 10 people know me,0.17339324951171875
3997,"The use of phrases like 'everything is going to shit again', 'I feel like I can't breathe', 'I really don't have the energy to fight again', and 'I just want to sleep and never wake up' indicates that the person is experiencing relationship-related stress, possibly feeling overwhelmed by challenging or deteriorating relationships in their life.","i am so done, out of energy, don't have energy to fight",0.2970898449420929
3998,"The language used by the person indicates a strong link between their mental state and medication. They mention the progress made with their mental health in the past few months, which implies they are on some form of medication or treatment for their depression. The mention of pharmacology and the belief that depression can't be cured with constant medication suggests a significant focus on medication in managing their mental health. Additionally, the fluctuating nature of their suicidal thoughts and the insight that the feeling may subside after an episode align with the complex relationship between medication and mental health.",feeling of emptiness,0.23937948048114777
3999,"The person is experiencing relationship-related stress due to recently going through a breakup with their girlfriend, which had a significant impact on their life. The breakup led them to upend their life, move back in with their parents, and leave their cats behind, causing feelings of loss and disruption. Additionally, the strained relationship with their mother is exacerbating the stress and feelings of inadequacy. The constant negativity and criticism from their mother, especially during vulnerable moments such as receiving a job rejection, is deepening the emotional turmoil and contributing to the sense of worthlessness. The comparison with their sister receiving preferential treatment also adds to the feelings of being undervalued. The person's emotional state and struggles with self-worth are primarily influenced by the dynamics within their family relationships and recent breakup.","my girlfriend and i recently broke up, my mother and I have never really gotten along, she basically shits on everything i do",0.42938172817230225
4000,"The mention of mental illness, specifically depression and dissociation, suggests that the person is experiencing stress related to medication and its effects on their mental state.",mental illness,0.6306490898132324
