index,reason,orig_reason,Similarity Score
2001,"The individual's mental state appears to be primarily influenced by the physical and mental health implications stemming from unresolved concussions, leading to Post-Concussion Syndrome. This has resulted in debilitating migraines, memory issues, depression, anxiety, and a general sense of physical and mental deterioration. The constant pain and symptoms have caused a disconnect with friends and family, a loss of relationships, and a sense of isolation due to the challenges in social interaction. The individual's focus on seeking medical help demonstrates a desperate search for solutions, but the lack of improvement has led to feelings of hopelessness and numbness. The medication-related stress is evident in the struggle to manage the symptoms, leading to a significant impact on the individual's overall well-being.","After this I found myself seething with anger, but almost to the extent that it became nothingness if that makes sense",0.2772825360298157
2002,"The person appears to be experiencing alienation-related stress, specifically in terms of feeling disconnected from the societal norms around cleanliness, hygiene, and social interactions. The individual's reluctance to clean and their belief that living in filth is acceptable indicate a sense of alienation from societal expectations and standards. Additionally, the feelings of shame, intense shame, and guilt surrounding cleanliness, particularly in relation to past experiences with their mother, suggest a deep sense of disconnection and isolation from societal norms and expectations. The desire to clean up in order to avoid feeling ashamed in front of others further emphasizes the internal conflict between the individual's current lifestyle and the desire for social acceptance. The struggles with eating habits and finding solace in activities like dish-washing also point to a coping mechanism for dealing with this sense of alienation. Overall, the individual's narrative reflects a profound disconnection from societal norms and pressures related to cleanliness and social interactions.","My dad died when I was young and my mom went back to work, She would always have to get up early and would get mad at me for making dinner late (I've always been a night owl) or not doing the dishes",0.2460452914237976
2003,"The person is expressing worry and uncertainty about relationships, specifically fearing being hurt or betrayed like in a previous relationship. This indicates relationship-related stress.",fucked over in this relationship like the one before,0.33459845185279846
2004,"The person expresses feelings of alienation and hopelessness, feeling disconnected from life and overwhelmed by a sense of constant negativity. They feel like life is actively working against them, leaving them with little hope for happiness or a better future. This sense of alienation is leading them to question the value of living and contemplate giving up.",Why should I live when every day it feels like life wants me dead,0.4032951295375824
2005,"The person is feeling alienation related stress. This can be inferred from the sense of dread for tomorrow and the behavior of avoiding sleep by browsing a depression subreddit, which indicates a feeling of disconnection or isolation from others.","Any other late night, to avoid going to sleep because of the dread you feel for tomorrow",0.4189601242542267
2006,"The person is expressing feelings of depression, anxiety, and fear stemming from a recent rough break-up with their girlfriend and the possibility of betrayal by their best friend. The emotions and thoughts revolving around a break-up and potential betrayal indicate relationship-related stress.",girlfriend and I went though a rough break up,0.38006794452667236
2007,"The writer's description of feeling existential nihilism, realism, and negative thoughts about their personal life indicates feelings of alienation and detachment from the world around them.","about my personal life, and how much of a failure I am",0.3546558916568756
2008,"The person expressed feelings of loneliness and desperation, mentioning battling with depression. The encounter with Maria brought a sense of temporary relief from the depression, indicating a strong emotional connection with her. The person's focus on Maria and the impact she had on their mood suggests a relationship-related stress as the primary mental state category.",hoping she would text me or call me,0.23547959327697754
2009,"The person mentions taking anti-anxiety/depressants prescribed for anxiety reasons, indicating a medication-related stress. The feeling of being stuck and unsure if it's depression further supports this categorization.",I'm alone here ,0.05179120600223541
2010,"The statement indicates a sense of alienation or feeling disconnected from life and reality, possibly due to feelings of hopelessness or despair.","dead within the year,  not going to surprise me",0.09855037927627563
2011,"The person is expressing feelings of depression and seeking coping mechanisms. Mentioning journaling, 12-step meetings, music, and meditation suggests a history of mental health struggles. Seeking healthy coping mechanisms implies they may be dealing with medication-related stress, where managing symptoms and finding effective treatments are ongoing concerns.",have so much shit to do in my life ,0.269300639629364
2012,"The premise indicates a sense of loneliness, neglect, and feeling brushed off by both family and friends on significant occasions such as Christmas and birthday. This can lead to relationship-related stress due to the lack of support and attention from loved ones, which can greatly impact one's emotional well-being and motivation.",my dad whisks me off his hands so he can spend the day alone then I'm forced to spend the next WEEK at a beach working for my family,0.30863767862319946
2013,"The individual is expressing feelings of guilt and self-loathing, referring to themselves in derogatory terms like 'cunt' and 'horrible person'. They acknowledge their manipulative behavior and negative impact on others. This self-perception and behavior pattern suggest an internalized sense of bias or abuse, possibly stemming from past traumatic experiences of abuse and molestation. The individual's struggle with addiction and unhealthy coping mechanisms further indicate a deep psychological distress related to bias or abuse.","history of being abused, neglected, and living very poor",0.34573429822921753
2014,"The person is experiencing high levels of stress and emotional turmoil due to multiple relationship-related issues. These include heartbreak, envy towards neighbors, feeling of inadequacy due to comparison with former classmates, and negative perceptions from relatives. The conflicts in personal relationships seem to be a major contributing factor to the person's mental state.",panic attacks,0.2772110402584076
2015,"The person's mental state is related to a romantic relationship issue. The feeling of missing someone, being blocked on social media, and the belief that the person will never talk to them again indicates relationship-related stress.",She randomly blocked me on all social media ,0.37784963846206665
2016,"The person expresses feelings of alienation, disconnection, and a sense of not belonging, despite having external support systems such as family, psychiatrist, and a good job. They mention not wanting to live and constantly thinking about the end, showing a deep sense of disconnect from life and a lack of purpose. The individual expresses a desire to give their body away, indicating a level of self-deprecation and not valuing themselves. These feelings of alienation and dissatisfaction with life suggest a state of alienation-related stress.",have work deadlines and shit I should have done over the holidays,0.04126990586519241
2017,"The language used in the premise indicates a strong sense of bias and abuse related stress. The individual expresses feelings of hopelessness, being fed up with mistreatment, and even contemplating self-harm and harm towards others. This level of distress and hostile thoughts suggest a deep emotional anguish due to the ongoing verbal and emotional abuse experienced from parents.","putting up with lots of verbal and emotional abuse from my parents, tired of being treated like shit",0.5070047378540039
2018,"The person's mention of feeling suicidal for 5 years and experiencing self-hatred and negative thoughts suggests that they are struggling with severe depression. Additionally, the person's interest in finding a creative outlet like starting a YouTube channel, publishing art, and animating indicates a desire to cope with their depression. The individual also mentions that joking about their depression has become a coping strategy, which might indicate an attempt to alleviate their emotional pain. Overall, the focus on using creativity and humor to manage their depressive symptoms aligns with the struggles and challenges associated with medication-related stress.","venting because nobody really cares, I spend most of everyday just talking to myself",0.3417937159538269
2019,"The person expresses feelings of alienation and disconnection from activities and relationships around them. They mention losing motivation in various aspects of life, feeling rejected, and perceiving a lack of caring from friends. The statement 'I just want to die already honestly' indicates a deep sense of hopelessness and despair, which aligns with alienation-related stress.","Nothing matters anymore, I just want to die already honestly",0.4794110953807831
2020,"The premise reflects deep-seated feelings of loneliness, hopelessness, and despair related to the person's romantic situation. The mention of being empty and alone, feeling rejected, and comparing their own state to happy couples indicates a strong focus on relationship-related stress and anguish. Additionally, the thoughts of not wanting to live due to the perceived permanent unattainability of love and closeness further reinforce the relationship-related distress.","no chance of my romantic situation ever changing though, So I'm back to sitting alone with no hope, just me and my shitty brain",0.5156436562538147
2021,"The person is dealing with depression and having suicidal thoughts, indicating a severe mental health issue. Their struggle to find positive thoughts and motivation, as well as feeling overwhelmed by self-loathing and meaninglessness, suggests that the stress is medication-related. The fact that they mention trying everything to get better implies that they might be on medication for their depression, but the current treatment plan may not be effective in managing their symptoms, leading to increased stress and hopelessness.",suicidal thoughts and general self loathing,0.621276319026947
2022,"The person expresses feelings of alienation, hopelessness, and disillusionment with society and their own life. They feel disconnected, isolated, and unfulfilled, emphasizing their lack of meaningful relationships, purpose, and contribution to society. The individual's perception of being trapped in a meaningless, monotonous routine, and their negative outlook towards work and societal expectations indicate a deep sense of alienation and dissatisfaction.","traffic to get to the job responsible for this life sucking routine,Shit, I'm 10 minutes late, Boss is gonna threaten my lively hood for such a simple mistake",0.1805187165737152
2023,"The person expresses a desire for happiness, indicating a good mental state and positive outlook on life.",want to be happy,0.5374975204467773
2024,"The person who wrote the premise seems to be experiencing relationship related stress. They talk about feeling the need to hide their true emotions, fear of how others would respond if they showed their true feelings, and the struggle of putting on a front to appear happy when they are not. They also mention feeling guilt, isolation, and the pressure to not be 'sensitive'. All these aspects point towards underlying issues in relationships, whether it's with friends, family, or society in general, which is causing significant distress and turmoil in their life.",consciously throw away people and things and opportunities that mean a great deal to me because I just love to make life hard for myself,0.31503385305404663
2025,"The person appears to be experiencing feelings of alienation from others, as they describe instances of feeling ignored or treated indifferently by people around them. This sense of alienation is causing them distress and affecting their emotional state. Additionally, the reluctance to talk about their feelings due to concerns about being perceived as seeking attention further indicates a feeling of being disconnected from others.",Its like when someone talks to me and they'll talk to me in a way that makes them seem like they don't care about me,0.5248333811759949
2026,"The person is mentioning withdrawal symptoms from benzodiazepines (benzo) and sertraline (Zoloft), indicating a struggle with medication-related stress. This, along with feelings of hopelessness and isolation, suggests a medication-related stressed mental state."," till i start my job,no family or anything,im done",0.01921052671968937
2027,"The person expresses feelings of alienation, isolation, and rejection from their family and friends. They feel like they don't understand why everyone seems to hate them despite not intentionally being hurtful. This sense of alienation and social rejection is causing them to contemplate suicide, indicating a deep emotional distress related to feeling disconnected and ostracized from their social circle.","My parents and brothers talk shit about right in front of me, They bully me,My friends left me after I told one of them that I go to therapy",0.23064562678337097
2028,"The person expresses feelings of alienation and distrust towards others, feeling like they are not truly cared for or supported despite verbal assurances. This sense of isolation and disconnect from others is a common characteristic of alienation related stress.","People just say they care and don't want me to hurt myself,They never mean it, Even if they do mean they never show it",0.3286612927913666
2029,"The person's mental state seems to be greatly affected by their medication, specifically their attempt to taper off Pristiq. The intense withdrawal symptoms such as memory issues, irritability, confusion, and emotional instability indicate that the individual is experiencing medication-related stress. The mention of feeling lost about their identity and the impact on their career also suggests a significant level of distress caused by the medication withdrawal process.",whole experience just makes me want to jump in front of a truck,0.0860660970211029
2030,"The person who wrote the premise seems to be experiencing relationship-related stress. They are confused and questioning the dynamics of their relationship with the other person. The uncertainty and mixed signals they are receiving from the other person has led to feelings of doubt, insecurity, and possibly feeling undervalued. This situation can be emotionally challenging and can lead to further stress and anxiety in the relationship.","but eventually she apologized and said that it was disrespectful of her to suddenly revert to her usual ways,don't know what this all means, Am I boring, Does she not want me ",0.16767440736293793
2031,"The person expresses feeling alienated and disconnected from others, as well as feeling that experiences that are supposed to bring happiness ultimately feel meaningless and like a waste of time. This sense of futility and lack of fulfillment suggests a deep sense of alienation and disconnection from life and joy.",just tired of feeling like im wasting my life and I dont understand what makes other people actually happy,0.5078267455101013
2032,"The person expresses feelings of alienation, avoidance of social situations, and a tendency to dwell in misery. This behavior suggests a sense of disconnection from others and potentially oneself, leading to alienation-related stress.","stop myself from going to places and talking to people, just to feel miserable afterward, then I bask in my misery",0.3932425379753113
2033,"The person's narrative indicates a history of being diagnosed with OCD at a young age and experiencing symptoms related to the disorder. They also mention taking a medication that worsened their symptoms, indicating a struggle with medication-related stress. Additionally, the person expresses feelings of worthlessness, invalidation, and experiencing depression symptoms, which suggests a broader mental health issue beyond just OCD. The lack of familial support and the mention of self-harm further highlight the severity of the mental health challenges they are facing, which aligns with the category of Medication related stressed.",did not talk to any of those friends including that girl because she did not reciprocate feelings and we stopped talking to each other soon after that,0.024531595408916473
2034,"The person's mention of pills and their frustration with the medication's side effects, as well as the description of feeling numb but still depressed, indicate a significant level of stress and unhappiness related to medication management and its impact on their mental state.","tried to cry today, I can't even remember the last time I did,that's all the pill ",0.40524330735206604
2035,The premise suggests a feeling of alienation and frustration towards the lack of understanding from others about depression. The person may be feeling isolated and disconnected due to the inability of others to comprehend their struggles with mental health.,How do you explain depression to someone who just doesn‚Äôt get it,0.6075142621994019
2036,"The person mentions feeling clinically depressed, experiencing surges of emotions, and struggling to bear the loneliness. These are indicators of a medication related stress, possibly related to the effectiveness of their current treatment or management of their mental health condition.","falling back into a loneliness, I know there‚Äôs no cause but the surges of emotions",0.5859821438789368
2037,"The person is expressing feelings of isolation, alienation, and hopelessness. They have distanced themselves from friends and express a desire for a normal life and motivation. These feelings of disconnection and lack of purpose point towards alienation-related stress.","Just stopped talking to the few friends i had, My whole life just fell before my eyes",0.22998006641864777
2038,"The person who wrote the premise appears to be under significant relationship-related stress. They discuss their history of emotional struggles, particularly involving past relationships with girl A and girl B, as well as the fallout from a betrayal in their most recent relationship. The impact of these relationship experiences on their mental health is evident through their feelings of loss, loneliness, and emotional numbness. The complexity and emotional intensity surrounding their relationships lead to a deep sense of despair and regret, especially regarding the actions that led to the breakdown of their relationship with girl B. These relationship challenges have greatly contributed to the person's current state of emotional turmoil and difficulty in finding solace, despite their efforts to stay distracted and seek help through therapy.","had very bad social anxiety to the point I would vomit all the time, even when at school and going out with friends,A lot of my depression started originally as an awkward teen, I had long emo hair, I was very skinny and always have been, I was shy, ",0.3157806396484375
2039,"The person is expressing feelings of alienation from the real world and a desire for a different, more fantastical environment. They find the current world depressing and soul sucking, highlighting a sense of disconnection and dissatisfaction with their surroundings. This desire for a world with magic, talking creatures, and amazing plots suggests a longing for an escape from reality. The pain they feel when thinking about this unattainable fantasy world indicates a strong sense of alienation from their current reality, leading to feelings of tiredness and difficulty in making the right choices or finding the willpower to do necessary tasks.",tired of always making the wrong choice and never having the willpower to make myself do the things i need to,0.20830227434635162
2040,"The person seems to be experiencing alienation related stress, feeling disconnected from others and possibly pretending to be someone they are not in order to fit in or avoid rejection.",lying everyone ,0.04227421432733536
2041,"The person is experiencing feelings of loneliness, disconnection, and alienation due to the loss of friendships. They also express fear of being unable to form lasting bonds and worry about their own personality being the cause. This sense of isolation and doubt about personal connections points towards alienation-related stress.",òfriends‚Äô have stopped talking to me and I feel like  I have no friends or people to hang out with ,0.3410727083683014
2042,"The person appears to be experiencing alienation related stress. They express feelings of loneliness, lack of social connection, and a sense of being taken advantage of by their friends. They mention not feeling valued by their friends and feeling like they are only useful when others need something from them. These feelings of isolation and lack of meaningful connections contribute to their overall sense of alienation and desire to be left alone to avoid disappointment or further hurt. The person also highlights their dependence on their parents and girlfriend for support, indicating a limited social circle outside of these relationships.",recently realized that no one really checks up on me other than my girlfriend or my family,0.26156583428382874
2043,"The mention of anxiety, dread, and fear in the morning suggests a medication-related stress. The feeling of waking up with a heavy load and dreading to live through another day indicates a mental state that could be related to medication issues.",facing another day has to be the hardest thing! I wake up filled with dread and fear ,0.6472228169441223
2044,"The writer's concerns about not conforming to societal expectations, feeling alienated due to their perceived deviation from traditional gender roles, and questioning the need to fake being a polite girl all indicate a sense of alienation and discomfort with the societal norms and expectations placed upon them based on their gender. These feelings of not fitting in, being misunderstood, and wondering if they need to change themselves are indicative of being alienation related stressed.",way too rough to socialize with anyone at all,0.27083659172058105
2045,"The person expressed feelings of inadequacy, fear of their partner leaving them, uncertainty about their future, and a strong desire for marriage and children but lacking the necessary preparation. These relationship-related stressors indicate a significant level of distress in their personal life, which falls under the Relationship related stressed category.",don't have any savings and I can barely pay my bills every month,0.026493798941373825
2046,"The person is expressing physical symptoms like headache and ringing in the ear, which could be related to a medical condition like tinnitus. The mention of feeling like God has played a role in their suffering and having a brain-dead mind also indicates a sense of frustration and distress related to dealing with health issues and potential medication needs.",kicked my brain-dead mind into this world,0.32939445972442627
2047,"The individual's language and tone suggest a deep sense of hopelessness and despair, indicating relationship-related stress. They express feelings of having ruined every part of their life, implying difficulties in personal relationships that have led to hitting rock bottom and feeling unable to fix the situation. This overwhelming sense of despair and the belief that there is no way to make things better point towards relationship-related stress.","I've dug this hole, and hit rock bottom, and there is literally no way to fix it",0.12493284046649933
2048,"The person is feeling overwhelmed by multiple stressful situations in their life, including losing their job and financial instability. This aligns with the category of Jobs and careers related stressed.",seriously disrespected the people I avoided and missed a once in a lifetime chance to know them better,-0.022229567170143127
2049,"The person seems to be experiencing alienation-related stress, particularly in trying to find hobbies that bring enjoyment and satisfaction. The mention of attempting to use hobbies for improving social interactions, but failing to do so, suggests a sense of disconnection or isolation. The struggle to stick to hobbies and prevent depressive feelings from seeping in further points to a feeling of being disconnected from oneself or the surrounding environment.","quarantine the hobby from the depressive feeling that seep in,finding and sticking to hobbies,could motivate myself by using it as a prompt to improve social interactions, could never get that flywheel spinning either",0.6329994797706604
2050,"The person is expressing feelings of extreme despair, hopelessness, loss of joy, and suicidal ideation. These symptoms indicate a possible mental health condition such as depression or another mood disorder that may require medication. They are also hesitant to seek professional help due to various reasons, which is common among those experiencing mental health struggles.",motivate myself by using it as a prompt to improve social interactions,0.14402973651885986
2051,"The person's description of serious intermittent depression, lack of motivation, emotional numbness, and feeling that they are a 'pathetic, broken man' without a reason to be happy, all point towards a mental state that is heavily influenced by medication-related stress. The person's mention of not feeling emotions like happiness, sadness, or anger, even in response to significant events like a family member passing away, suggests a possible impact of medication on their emotional well-being.","was made fun of and picked on in middle school, was a pothead loser in high school, and now here I am a 24 year old man with no friends and a girlfriend",0.10290931165218353
2052,"The person's forgetfulness and lack of strong memories from specific years, along with feeling like they almost slept through those years, indicates a possible impact of medication on their memory and cognitive functions, often associated with mental health conditions like depression which the person mentions, leading to stress related to medication.","entire year feels like a blur, and no other year from my memory feels like that",0.3702617883682251
2053,"The person expresses feelings of alienation and despair, feeling unheard and desperate for relief from their pain. They are questioning the existence of a higher power, indicating a sense of disconnection and isolation from the world around them.",want there to be the possibility of a solution to this pain,0.2738463580608368
2054,"The feelings of being disconnected from oneself, experiencing existential thoughts about identity, feeling isolated and like the world stops existing, and fearing that this state is permanent, indicate a sense of alienation and depersonalization. These symptoms suggest a disconnect from reality and self, which aligns with the category of alienation-related stress.","get the physical feeling that the world stops existing, and that I am isolated to my area",0.5451605319976807
2055,"The person is expressing feelings of alienation and detachment from their own emotions, thoughts, and relationships. They feel like their emotions are false and that they are disconnected from their friends and family, leading to self-hatred and further detachment from the world.",have to sabotage my own mind and feelings,0.41919493675231934
2056,"The language used in the premise, such as feeling hopeless, questioning existence, and lacking options or resources, suggests a sense of alienation and disconnection from oneself and one's surroundings.",don't have the options or resources to make things work for myself at this point it ,0.15859296917915344
2057,"The person seems to be expressing feelings of alienation and the need to fulfill societal expectations in terms of work, income, and living necessities. They are questioning the adequacy of their efforts in meeting these expectations and seeking validation from others.","earn income,Because I need to feel like a functioning part of society",0.34131455421447754
2058,"The person mentioning being diagnosed with a generalized anxiety disorder, taking medication that does not help, and having undergone therapy that did not provide relief indicates a significant level of distress and frustration related to medication and its effectiveness in managing their anxiety. This suggests a strong focus on medication and treatment-related stress, therefore falling under the category of Medication related stressed.",How can I break this crazy cycle,0.030971717089414597
2059,"The person who wrote the premise is experiencing relationship-related stress. They expressed fear of not being liked by their friends, feeling betrayed in the past, being scared of driving people away due to being too obsessive, experiencing self-loathing, reluctance to open up about their feelings, and feeling worthless. These feelings and thoughts revolving around relationships with friends and potential romantic interests indicate a significant amount of stress and turmoil in the person's interpersonal relationships, hence falling under the relationship-related stressed category.",too desperate for a friendship or relationship ,0.533223032951355
2060,"The mention of suicide can indicate a feeling of alienation and hopelessness. The person seems to be experiencing a significant level of emotional distress and isolation, which may be contributing to thoughts of self-harm."," don‚Äôt get into one of them ,most likely kill myself",0.10692529380321503
2061,The person is experiencing relationship-related stress due to the challenges faced in trying to conceive and the emotional impact of recurrent miscarriages. The constant reminder of others having babies on social media further exacerbates their feelings of emptiness and yearning. The disappointment in themselves and their body each month adds to the emotional burden they are carrying.,"trying to have a baby for the last 4 years and after several miscarriages, and late periods here I am empty handed",0.5083572268486023
2062,The language used in the premise like 'lost all that is good' and feeling like dreams and ideas never manifest or facing other problems indicates a sense of alienation and disconnection from positive aspects of life.,use to have so many dreams and ideas of things I wanted to do.  ,0.3097398281097412
2063,The language used suggests a negative relationship interaction causing stress and feelings of worthlessness.," just had a 4 hr phone call of how I‚Äôm a fuck up, no point to this.",0.1873053014278412
2064,"The person is feeling relationship-related stress as they are expressing a need to escape from their problems and go on a trip, suggesting a desire to distance themselves from their current situation which may be related to their interpersonal relationships.","i know running away from your problems is bad, but i need to get out of town",0.18166933953762054
2065,"The mention of not feeling loved, not being good enough, being replaced, and thoughts of wanting to die all point towards relationship-related stress and emotional distress.","Or tell you they don‚Äôt love you anymore, or that you‚Äôre not good enough for them, ",0.2734523415565491
2066,"The person expresses feelings of alienation, wanting to give up, feeling lonely, and questioning their self-worth, indicating a sense of alienation-related stress.",ignore the lonely loser,0.1744842827320099
2067,"The writer expresses feelings of guilt regarding potentially causing sadness to their brother, indicating a strong emotional bond and concern for the well-being of the brother despite the writer's own struggles. The long-standing role of the brother as a supportive figure and father-like figure in the writer's life has created a deep connection. The writer's mention of suicide, along with PTSD, chronic depression, and anxiety, points to underlying relationship-related stress and emotional turmoil. The writer's conflicted thoughts about ending their life show a desire to end their own suffering while also considering the impact on their brother, reflecting a complex and difficult emotional state related to the important relationship with the brother.",didn‚Äôt have a father or a supportive mother he always took the role model of a dad. ,0.24028953909873962
2068,"The person expressed a significant shift in emotional state since meeting the girl, from feeling mild or non-existent emotions to experiencing genuine excitement, happiness, depression, and thoughts of self-harm based on their interactions with her. The intense emotional response and the feeling of wanting to kill themselves when making the girl unhappy indicate a deep emotional connection and dependency on the relationship. These extreme emotional fluctuations and reactions suggest a significant level of stress and turmoil that originates from the relationship, indicating relationship-related stress.",started talking at my summer job and instantly we clicked. Like our sense of humour is pretty much the same and she just feels so easy to talk ,0.25892373919487
2069,"The text indicates a deep sense of loss and betrayal in relationships, from the impact of the father's suicide due to relationship issues, losing a trusted partner, and feeling lonely and unfulfilled in romantic relationships. The writer also expresses a lack of trust and closeness with the woman they've been talking to, fearing abandonment and feeling emotionally overwhelmed. The overall tone and focus on relationship struggles suggest a high level of stress related to relationships.",dumping me for another side guy,0.21753601729869843
2070,"The person is talking about feelings of despair and the relief that can come from the right combination of medications. They mention brain chemistry and the need for proper treatment, indicating a focus on medication-related stress.",feeling of complete and utter despair,0.5939188003540039
2071,"The content of the premise indicates a situation of extreme emotional distress and potential violence, involving family members. The use of derogatory terms, physical violence, destruction of property, and expressions of uncontrollable anger suggest the presence of bias or abuse-related stress.","sister's husband beated my other sister who has been suffering from severe depression and he kept on calling her degrading terms (slut, bitch ) while my other sister is watching through the car, he also broke her phone",0.33892542123794556
2072,"The person is feeling deep alienation and a sense of not being able to connect with others. They express frustration and hopelessness about their inability to be 'normal' and connect with people like others do. This feeling of being different, weird, and unable to share their true self has led to a strong sense of alienation and despair. The individual's longing for connection and understanding is facing a barrier due to their perception of being fundamentally different than others, which is causing immense pain and leading them to contemplate extreme actions. The theme of feeling like an 'alien' or 'retard' illustrates a profound sense of alienation from society and a yearning to be accepted and understood.","your whole life, you've been unable to connect with anyone",0.383572518825531
2073,"The person is expressing feelings of extreme alienation and low self-worth, feeling like they don't fit in and are very different from those around them. They mention that everyone else seems perfect while they see themselves as flawed, which indicates a deep sense of alienation and disconnect from others. These feelings of alienation and isolation are driving them towards extreme thoughts and behaviors.",everything is wrong with me. I never go out anymore and every time i see myself in the mirror I get one step closer to killing myself,0.26270976662635803
2074,"The person expresses feelings of alienation and detachment from others, believing that they are perceived as a burden or 'third wheel'. This sense of isolation and the desire to make others happy at the expense of self-care may indicate alienation-related stress.","have stopped caring about myself, I just want to make the people around me happy ",0.19598355889320374
2075,"The person describes feeling disconnected from the sense of excitement and purpose they used to have as a child, indicating a sense of alienation from their past experiences and emotions. They express a lack of fulfillment in their current life, feeling like they are 'floating through life without a purpose'. This sense of detachment and yearning for something meaningful suggests alienation-related stress, as they struggle to find a sense of belonging or direction in their present circumstances.",it's so easy to just curl up and forget the world whenever you get the chance,0.23104754090309143
2076,The individual's self-harming behavior and seeking professional help indicate a deep emotional distress and possible mental health issues that could be linked to medication-related stress. The mention of using an acid pen to inflict physical pain to distract from emotional pain is particularly concerning and suggests a reliance on self-harm as a coping mechanism. The search for someone with a similar experience and the struggle to find ways to stop harming the body also point towards a complex psychological state that may require medication intervention.,hurt myself when someone hurts me emotionally to the point where I can't take it anymore,0.5325746536254883
2077,The language used in the premise suggests feelings of alienation and detachment from oneself and others. The person expresses a sense of living solely for the benefit of others and feeling conflicted about the impact it has had on those around them. The realization that being alive has caused harm to others and feeling like a hypocrite further indicate feelings of alienation and disconnection.,"Being alive hurts people - financially, emotionally and physically",0.5360921621322632
2078,"The person expresses feelings of being misunderstood, unappreciated, and disconnected from their family and society, which indicates a sense of alienation. They feel like they do not fit in or belong, and that the world is a negative and selfish place. The lack of support from their family, restrictions on seeking help through therapy or medication, and feeling like a burden contribute to a deep sense of alienation, making them contemplate death as a solution to their suffering. The person's overall despair, hopelessness, and lack of purpose reflect a significant sense of alienation from the world around them.","Nothing matters to them besides accomplishments at school or at work, I'm an embarrasment to them, nothing more. I still don't know why my parents wanted kids in the first place",0.12155415117740631
2079,"The person expresses feelings of alienation and detachment from their current situation, mentioning being homeless, having fake friends, little family, and recently losing their mom. These negative experiences have led to a loss of energy to live, but they also feel trapped by the potential harm their actions could cause to a few people, indicating a sense of disconnect or alienation from their own life."," have little family my mom died a couple weeks ago,im homeless right now , have some fake friends",0.34708458185195923
2080,"The person expresses feelings of alienation, self-doubt, and a sense of not belonging, which are common indicators of alienation related stress. The use of a throwaway account and the statement of not feeling confident enough to use their actual account suggest a desire to remain anonymous and distant, possibly due to feelings of inadequacy or fear of judgment. The person also mentions distancing themselves from friends and family without a clear reason, further highlighting a sense of isolation and detachment from their support system. Additionally, the struggle to find their inner self and feeling lost about their future direction indicates a deep sense of disconnection and alienation from themselves and their purpose in life. Overall, the individual's narrative reflects a profound sense of alienation and disconnection from both others and themselves.",abandoning most of my friends,0.36194896697998047
2081,"The person who wrote the premise seems to be experiencing alienation-related stress. They express feelings of not belonging, comparing themselves to others on social media who seem to have everything they desire but lack themselves. They feel disconnected from society, expressing a sense of not being understood or accepted by others. This alienation is further emphasized by their interest in philosophy and feeling like an outcast for not conforming to societal norms. The person also contemplates the meaninglessness of life and the futility of societal expectations, which contributes to their temptation to accept their current state of unfulfillment and isolation.","you have to be an outcast, to trully realise that nobody will ever love a jobless, depressed, unfulfilled piece of shit",0.3835756182670593
2082,"The person's writing reflects feelings of alienation dating back to middle school and a struggle with learning to interact with others. This sense of being alienated by others since childhood could have led to a deep-rooted feeling of disconnection and isolation, which are common triggers for alienation-related stress.",Was alienated by other people since middleschool and I newer really learned to interact with others,0.5899792909622192
2083,The person expresses a feeling of alienation and discomfort with the idea of joining a sports team due to past experiences of not fitting in. This alienation and anxiety towards social activities indicate a state of alienation-related stress.,"joining a sports team or something is like , would make myself physically sick with worry",0.4782014489173889
2084,"The person's lack of motivation, anxiety, and depression are significantly impacting their ability to take care of their dog. Their mention of needing something to look forward to and feeling upset about potentially giving up their dog are indicators of underlying mental health issues. These mental health challenges are likely contributing to feelings of overwhelm and inability to manage the responsibilities of owning a pet, leading to thoughts of giving up the dog. The person may benefit from seeking professional help to address their mental health concerns and explore other options to improve the well-being of both themselves and their pet.","lack of motivation due to my anxiety and depression, I never walk him because I can‚Äôt seem to make myself go out the house",0.4178197383880615
2085,"The person is experiencing symptoms consistent with depression such as feeling chronically unhappy, becoming extremely upset, and having a family that does not believe in mental health issues. The person's financial constraints and lack of health insurance prevent access to therapy or medication, contributing to their distress.",come from a family of high achievers that doesn't believe in this kind of stuff ,0.29151296615600586
2086,"The person is experiencing alienation related stress due to social anxiety and lack of discipline. They may feel disconnected or isolated from others, leading to feelings of anxiety and helplessness. This sense of alienation can make it difficult for them to seek help or find motivation to improve.",social anxiety and lack of discipline and I don't know how to improve,0.4287903904914856
2087,"The person is suffering from depression and anxiety, taking medication, and starting counseling. The mention of being 'alone with my thoughts' and feeling worse due to interactions from close ones indicates a heightened sensitivity and dependency on medications for stabilizing mental health.","laid in bed for a good 2 hours before convincing myself to take a sick day ,be alone with my thoughts ",0.30223408341407776
2088,"The person expresses feelings of loneliness and alienation, hinting at a sense of disconnection and isolation from others. They mention the idea of everyone living in their own separate worlds and feeling that no one truly understands them, leading to a profound sense of loneliness and the fear of facing life's challenges alone.",feel incredibly lonely knowing no one will ever really know how I feel at any time,0.5163138508796692
2089,"The person's mental state seems to be impacted by the medication-related stress caused by the side effects of Citalopram (Celexa). The individual is expressing concern and anxiety about the sexual side effects of the medication, which is a common issue for many individuals taking such medications. The fear of not being able to perform sexually and the impact on future relationships is a significant source of stress in this situation, indicating a focus on the medication-related aspects of their mental health.",Scared of the sexual side effects of Celexa,0.7738800048828125
2090,"The use of the word 'sickening' indicates a feeling of discomfort or revulsion towards a situation. The realization that none of it was real might have caused a sense of detachment, disconnection, or alienation from one's surroundings or relationships, leading to feelings of stress.","And the sickening part is I knew none of it was real. 
",0.5521142482757568
2091,"The person seems to be experiencing feelings of alienation and disconnect from their surroundings. They have described a long history of feeling pressure from themselves and others, which has led to anxiety and depression. The individual also expresses a sense of hopelessness about the future, suggesting a deep sense of alienation. They have also mentioned feeling uncomfortable reaching out for help to their family due to their reactions, further emphasizing a lack of connection or support system. Overall, the sense of isolation and detachment portrayed in the premise points towards alienation-related stress.",college is much harder and that I'm going to have a much rougher time,0.1557007133960724
2092,"The lack of enthusiasm for an upcoming birthday could indicate feelings of alienation or disconnection from oneself or others. It may suggest a sense of detachment or dissatisfaction with one's current circumstances, leading to feelings of unease or uncertainty about the future.", don't know why I'm not looking forward to it ,0.2067633867263794
2093,"The person feels alienated and rejected by their close family member due to their sexuality, causing feelings of being unwanted and disconnected from others.","she found out i was bisexual,,rationalise but she just goes that my future would be ruined by my abnormality, always thought my parents were more open minded but nope",0.3092224895954132
2094,"The person shows signs of alienation related stress, as they express feelings of being unworthy of love, wanting to isolate themselves to stop hurting others, and contemplating self-harm as a way to cope with their negative thoughts and emotions.",want to isolate myself so I can stop hurting other people,0.3457649350166321
2095,"The premise indicates a high level of relationship-related stress. The person is struggling with their partner's behavior and lack of motivation, which is causing distress in the relationship. The individual's partner's avoidance of responsibilities and attributing it to depression is creating a strain on the relationship. The person is torn between their feelings of love for their partner and their frustration with the situation, as they don't want to enable or be solely responsible for their partner's actions. The comparison to the similar situation with their father also suggests a deep emotional impact and a desire to not repeat the same patterns in their own relationship.","He is a journalist, so he can write articles but he doesn't want to,he is trying to get rid of any responsibility in his life, so he has """"depression",0.5062897205352783
2096,"The individual seems to be experiencing depressive episodes that do not conform to the typical duration, indicating a concern or confusion regarding their medication or treatment for depression.","sometimes randomly feel really depressed and sad for a few days, ",0.5771019458770752
2097,"The person expresses feelings of alienation and disconnect from others, describing themselves as a 'subhuman creature' compared to their friends who seem to live fulfilling lives. This sense of being unable to keep up with the perceived standards or abilities of those around them indicates a feeling of alienation or estrangement in social comparison.","can't fathom having the energy to work, go to school, take care of myself",0.0631144642829895
2098,"The person expresses feelings of depression, sadness, and failure, and highlights the lack of support from their significant other. The mention of feeling overwhelmed with depression, pain, and thoughts of self-harm indicate a deep sense of hopelessness and despair within their relationship context. The person's emotional state seems to be primarily influenced by their relationship issues and lack of support, which align with Relationship related stress category.",lost everything and I have no support system what so ever,0.15456733107566833
2099,"The person's mental state seems to be primarily influenced by their relationship with their girlfriend. The strong emotional connection with the girlfriend has played a pivotal role in alleviating the person's suicidal thoughts and improving their overall well-being. However, the person is currently struggling with the burden of their depression and feelings of tiredness of living, which they do not want to burden their girlfriend with. This indicates significant relationship-related stress and dependency on their girlfriend for emotional support.",vent somewhere where I don't have to tell my girlfriend because I don't want her being depressed because of me again,0.39492267370224
2100,"The person seems to be in a general state of struggle or difficulty without specifying a particular cause, indicating a general sense of distress or challenge.",struggling today,0.29270514845848083
2101,"The person's feelings of being worthless, useless, and a burden to others indicate a sense of alienation and disconnectedness from the world around them. They feel unproductive and see themselves as a waste of space, which aligns with the idea of alienation-related stress.",Whenever there's the opportunity to socialize or go out of my town I reject it because I feel a bit anxious at first or feel really lazy,0.2510647177696228
2102,"The person in the premise is experiencing relationship-related stress. The shift in priorities due to entering a serious relationship has caused conflicting feelings and regret about leaving the music path. This internal conflict has led to feelings of paralysis, regret, anxiety, and despair. The mention of feeling hopeless and lacking confidence to rejoin the music path or commit to another path indicates a deep emotional struggle influenced by relationship dynamics.","felt competing priorities, wanted to potentially pursue career paths that had more stability ",0.4347534775733948
2103,The person seems to be in a good state as they are actively seeking help through therapy and sharing positive recommendations. They are reflecting on the impact of unhealthy thinking patterns and demonstrating a proactive approach towards self-improvement by recommending a helpful book to others.,going to suck at a job and never get promoted,0.10481942445039749
2104,"The premise reveals a significant level of bias or abuse related stress. The fact that the person is contemplating pointing a squirt gun that resembles a real gun at a cop and considering potential consequences, including being shot and revealing suicidal intentions, suggests a deep emotional distress and potential self-harm. This kind of extreme and concerning behavior signals a need for immediate mental health intervention and support.",knew that my intentions were suicide ,0.44101184606552124
2105,"The person is experiencing a worsening of symptoms related to depression and anger despite an increase in medication dosage, which indicates a potential medication-related stress. The mention of Cymbalta and the fear of having to stop taking it due to its ineffectiveness further supports this categorization.","can't get motivated to do what I need to do at work, ",0.11964812874794006
2106,"The person is experiencing alienation-related stress. They feel disconnected from their own potential and are unable to bridge the gap between their current state and what they know they are capable of achieving. The conflict between what they see as the 'best' way to live and the 'easiest' way reflects a sense of disconnection from their true self. The feeling of needing someone to shake them out of their comfort zone suggests a deep sense of alienation from their own motivation and drive. Despite having basic needs met, they are unable to find fulfillment and are caught in a cycle of disappointment and stagnation.",disappointing myself and I know that I am capable of so much more,0.27799510955810547
2107,"The person is experiencing bias or abuse related stress. The negative comments and blame they are receiving from others, whether it's about their job, their relationship, or their personal plans, are causing them to feel overwhelmed and on the edge, to the point where they express thoughts of not being able to handle it anymore and wanting to die. This constant negativity and lack of support from those around them is likely contributing to their mental state and making them feel worthless and hopeless.","You work in brainless job, Your girlfriend is ambitious and she will leave you again",0.21665804088115692
2108,"The person seems to be feeling a sense of alienation and disconnection from normal human functioning, leading to concerns about physical health. The mention of lying in bed too much and not engaging in normal activities indicates a feeling of being disconnected from a typical lifestyle, which could be contributing to the neck pain and physical discomfort. The comparison to gaining muscle from working out highlights a concern about losing muscle due to reduced activity, further emphasizing the feeling of alienation from regular human functioning. These thoughts and worries about physical health and lifestyle changes suggest a state of alienation-related stress.","been out of school for a while,thinking just like you gain muscle when you work out, I am losing muscle because I am not doing normal human functioning",0.4444291591644287
2109,"The person who wrote the premise is experiencing bias or abuse-related stress. The detailed account of the abusive situations that their friend/classmate, Jane, is going through, including sexual and emotional abuse from family members and threats from an ex-partner, shows a deep concern and emotional distress. The writer is actively seeking help and advice on how to support Jane through these traumatic experiences. This level of empathy and advocacy for someone in an abusive situation suggests a heightened state of stress and emotional turmoil due to the distressing circumstances being described.",now provide her school allowance and sleep in her classmate's house,0.2070266604423523
2110,"The person's mental state seems to be heavily influenced by medication related stress. The individual initially experienced severe side effects and negative outcomes from taking Paxil as prescribed by their psychiatrist. This led to a worsening of their depression, increased anxiety, and a series of harmful behaviors they wouldn't have engaged in otherwise. The negative impact of the medication on their overall well-being and mental health is evident throughout the narrative. Furthermore, the fear and apprehension towards starting a new medication like Zoloft due to the past traumatic experience with Paxil indicate a significant level of stress and concern related to medications.","last year I went to a psychiatrist who put me on Paxil, loss of my dad and made worse through by going through college with 0 friends,having absolutely nothing social to do",0.551092267036438
2111,"The person expresses deep remorse over the mistakes made and the impact on the person they care about the most, indicating relationship-related stress. The sense of loss, guilt, and feelings of hurting loved ones suggest a significant emotional burden related to relationships."," I'm around people who are depressed because of their situations,here I am depressed because of who I am and what I've done,This person and my job are the only things keeping me going, But with my apathy and past mistakes, I feel I may lose both soon,made mistakes and destroyed my life",0.44592756032943726
2112,"The person is in a relationship-related stress, feeling overwhelmed by trying to support a friend who is suicidal and faced with the difficult decision of balancing their friend's safety with potential consequences of seeking outside help.","My friend is suicidal , I'm trying to talk him down, ",0.6288950443267822
2113,"The person expresses feelings of disconnection, loneliness, and fear of the present, past, and future. They feel like they are not a part of any friend group and that their friends may be using them. This sense of alienation and fear of losing the few friends they have are key indicators of alienation-related stress.",self loathing style thoughts and have very little to no self esteem,0.2385387122631073
2114,The person is feeling stressed and overwhelmed due to their partner's depression and the negative impact it is having on their relationship. The mention of their partner being a 'different person' since the hospital stay and the hurtful comment about their own depression being referred to as a 'man period' indicate a significant strain on the relationship. The feeling of being pushed away and the struggle with lack of social support further emphasize the relationship-related stress in this situation.,think she's pushing me away so I'll break it off and she can move on guilt free,0.156496062874794
2115,The person who wrote the premise seems to be expressing a sense of alienation and frustration towards the lack of constructive and helpful advice on depression boards. They mention feeling that the focus on discussing symptoms and lack of suggestions for making progress towards combating the illness are not beneficial. This sense of disconnection and disappointment with the current state of the boards aligns with characteristics of alienation-related stress.,self contempt and self loathing,0.3219572603702545
2116,"The person seems to be experiencing alienation related stress due to feeling disconnected from their family because of their beliefs, being lost in terms of personal identity and future career choices, and feeling isolated socially. The mention of being an atheist in a staunchly Orthodox Christian family, the lack of social interactions since childhood, and the uncertainty about career aspirations indicate a deep sense of alienation which is contributing to the overall feeling of life being a mess.","my family's in debt big time because of my big brother's college education,but he's staying at home unemployed",0.2484484761953354
2117,"The person is experiencing relationship-related stress due to a recent breakup with their partner, who has caused emotional harm by saying hurtful things and bringing up past traumas. This has led to feelings of worthlessness, helplessness, and suicidal thoughts. The person is also struggling with the impact of the breakup on their daughter, as well as feelings of envy towards a sibling who is moving abroad. The toxic behavior of the ex-partner, who was an alcoholic, has contributed to the person's distress and difficulty in moving forward. The person's current state of mind is primarily influenced by the turmoil in their relationship and the emotional aftermath of the breakup.","recently broke up with a guy I was on and off with for years, He said some pretty hurtful things about me and threw all the stuff I said to him in confidence in my face,such as no wonder you were abused as a child etc, haven‚Äôt mov d out of bed properly for 2 days, feel awful ",0.4568188488483429
2118,"The person appears to be going through relationship-related stress as they mention the need to discuss a sensitive topic with someone like a therapist. They also express the challenge they faced with their last therapist due to lack of time. This indicates a need for a supportive and honest relationship, possibly seeking advice or guidance in navigating personal issues.",talk to someone,0.3032229542732239
2119,"The person is expressing stress related to medication, specifically concerning forgetting to take them and resorting to self-medicating, which indicates an underlying issue with managing their medication effectively.",end up in a cycle of self medicating instead.,0.45439961552619934
2120,"The person is experiencing relationship-related stress as indicated by feelings of loneliness, lack of support, and the need for someone's constant presence. Additionally, the person expresses frustration over their children destroying their efforts to clean the house, which could further contribute to relationship-related stress.",hate living like this. I have absolutely no motivation to do anything,0.24393440783023834
2121,"The person is feeling overwhelmed and stressed about finding a job or setting goals in life after finishing their studies in 2017. This lack of motivation and inaction may be contributing to their feelings of depression, as they are not taking steps towards their career or life aspirations resulting in a state of job and career-related stress.", not motivated to do anything at all ,0.502901017665863
2122,"The person is mentioning symptoms of OCD, anxiety, and depression, which are mental health conditions often addressed with medication. The reference to THC activating the psychotic part of the brain also points to concerns related to medication and its effects on mental health.",because I feel much worse if I use it,0.24885517358779907
2123,"The person's experience with medication prescribed for depression has led to negative outcomes and further mental distress. The initial prescription of Prozac resulted in worsening symptoms, self-loathing, and a suicide attempt, ultimately leading to a visit to the emergency room and the medication being taken away. This traumatic experience has likely instilled a fear and distrust of medication in the person, contributing to their current reluctance to try anti-depressants again. Additionally, the prolonged wait for therapy and the lack of available resources within the UK's NHS system have added to the person's feelings of hopelessness and helplessness in managing their mental health. The repeated unsuccessful attempts at finding appropriate treatment have left the person feeling stuck and unsure of where to turn for help, highlighting the significant stress and challenges they are facing in relation to medication and mental health care.",eally self-loathing and just worse,0.24085454642772675
2124,"The person is expressing extreme despair and a desire to end their life, indicating a mental state related to medication. They mention considering drugs as a possible method of suicide, highlighting the focus on medication in their thought process.",completely absolutely fed up with living,0.1482389271259308
2125,"The person expresses feelings of being lost, unmotivated, and having no interest in anything, which are common signs of alienation-related stress. Alienation can lead to feelings of detachment, disconnection, and a lack of purpose in life, often resulting in depression and anxiety. The individual's struggles with motivation and interest in studying may be directly related to the underlying sense of alienation they are experiencing.","almost dropping out of high school, due to the complete utter unmotivation ",0.3648349642753601
2126,"The person who wrote the premise seems to be experiencing feelings of alienation, particularly in social and emotional aspects of life. They mention struggling since puberty with various aspects of life, feeling socially and emotionally challenged, and having few friends and no relationships. This sense of alienation is further highlighted by their deep connection with certain musicians and feeling less alone when listening to their music. The difficulty in relating on a deep level with most people in their life also points towards feelings of alienation. The person's interests in computer hardware and software, photography, films, series, cars, and sports could potentially be outlets for coping with their sense of alienation, providing solace and distraction from these feelings.","important major subjects I failed, but I still got an average amount of credits ",0.10992992669343948
2127,"The person expresses feelings of alienation, disconnectedness, and hopelessness in their situation. They feel like they don't belong and have a sense of being isolated from society and even their own family. These feelings are highlighted by their desire to create an idealized partner in their imagination and find solace in sleep due to the lack of peace in their waking life.","My father,a paranoid schizophrenic who punished me for not ""loving Jehovah enough"" has never worked a day in his lifemother from another country is disabled &amp, lived off SSI her whole life,",0.1932879388332367
2128,"The individual's mention of being in a state of depression and struggling with cleanliness and self-care tasks such as laundry in the past few years suggests medication related stress. Depression can often impact a person's motivation and ability to take care of themselves and their living space, leading to behaviors like hoarding and neglecting basic chores like laundry. The individual's coping mechanism of buying new socks and underwear instead of doing laundry, and the excessive accumulation of these items, further indicates a medication related stress and the need for better self-care practices.",Most of the mess was me just not doing laundry,0.4812309443950653
2129,"The person seems to be reaching out for social interaction by inviting others to chat on Discord. This behavior suggests a feeling of loneliness or isolation, indicating alienation related stress.",chat,0.44529467821121216
2130,"The premise indicates relationship-related stress. The person is experiencing emotional distress due to a significant argument with their boyfriend, where issues surrounding self-worth, lifestyle choices, and potential personality criticisms were raised. The sudden departure of the boyfriend and the mention of potential depression suggest a high level of emotional turmoil linked to the relationship dynamics. The individual's feelings of helplessness and inability to function alone further point towards relationship-related stress.",boyfriend sent a text to me saying that he wishes I would treat him better and would feel better about myself,0.35110390186309814
2131,"The person's mental state seems to be related to job and career stress. The frustration and anxiety expressed in the premise are common signs of stress and pressure related to job expectations and performance. The feeling of being overwhelmed by a new challenging task at work, coupled with the pressure to deliver exceptional results despite having limited knowledge, indicates a high level of job-related stress and dissatisfaction.","New office job, Staring at spreadsheets all day,  fine with since it was in my comfort zone, Now they've assigned me something I only have a semblance of an idea about,  to do an insane job,won't be able to do fucking anything",0.38951510190963745
2132,The use of profanity and the expression 'in peace' suggest that the person is in a good mental state where they feel comfortable and safe enough to freely express their emotions., can cry in fucking peace ,0.5354926586151123
2133,The person is expressing feelings of alienation by questioning if anyone else blogs about their depression. This suggests a sense of disconnect or isolation from others who may share similar experiences.,blog about their depression,0.604195237159729
2134,"The person is expressing feelings of alienation, detachment, and a sense of hopelessness towards life. They feel like they are unable to connect with others or be understood, leading to a deep sense of sadness and frustration. The mention of being aware of the changes happening and the inevitability of losing everything as time goes on indicates a feeling of being disconnected from the world around them, which aligns with the category of Alienation related stressed.","never been truly understood, and i hate that I'll never be understood",0.3146760165691376
2135,"The sudden recollection of memories related to a past relationship, especially triggered by specific senses like smell, indicates relationship-related stress.",suddenly remembered the smell of her,0.5702693462371826
2136,"The person is expressing deep concern about their family and is contemplating suicide to spare them from the pain of finding them dead. This suggests high levels of stress and concern related to relationships, particularly with family members.",ant to just disappear but if it gets too bad one day,0.09914135187864304
2137,"The person is experiencing relationship-related stress as their anxiety and depression are impacting their thoughts and trust in their girlfriend, despite having reassurance of love and loyalty from her.","ever cheat on me or do me wrong, but my anxiety and depression means I‚Äôm constantly thinking I‚Äôm not good enough ",0.41459667682647705
2138,"The person's mental state seems to be heavily impacted by the relationship issues, specifically the betrayal and rejection experienced from their girlfriend. This has led to a resurgence of depression and anxiety, with thoughts of suicide. The person's focus on their worthiness in the context of the breakup indicates relationship-related stress as a significant factor.","girlfriend cheated on me, broke up with me, and told me I wasn‚Äôt good enough for he",0.3925779163837433
2139,The person expresses feelings of alienation and isolation by stating that they do not have anybody to talk to about their depression. This sense of loneliness and lack of social support is a common indication of alienation-related stress.,"m not killing myself, i don't want to end my life",0.14203578233718872
2140,"The person mentions feeling tired, weak, and being refused by doctors, indicating a possible medication-related stress. The struggle to find medical help and feeling hopeless about their health issues aligns with the theme of medication-related stress."," 20 year old male and no, I don't have my whole life ahead of me because I'm too crippled to do anything even at this age",0.15169280767440796
2141,"The mention of struggling with social anxiety, depression, and taking medication for them indicates a medication-related stress. The individual is feeling overwhelmed by the challenges of managing mental health, seeking help from a therapist, and trying to establish healthier lifestyle habits, all while hoping that the medication will provide the needed support. This focus on medication and its effects suggests a state of stress related to managing mental health issues and the uncertainties surrounding the effectiveness of the medication.",Finding it hard to get out of this current cycle.,0.1286803036928177
2142,"The person's statement about rarely leaving the apartment unless necessary, working late at night to avoid interaction, and having a repetitive routine of work, grocery shopping, and going home indicates a sense of alienation. The sudden change in behavior to spend time getting ready and enjoying fresh air after not doing so for a long time suggests a desire for connection and escape from the feelings of isolation.",have to go to work an I typically work late at night so I don't have to talk too much to people,0.27416813373565674
2143,"The person is experiencing stress and loss of motivation due to being unemployed for 6 months, which is a job and career-related stressor. This prolonged period of unemployment may be impacting their mental state and causing them to feel low on energy and motivation. The desire to fix things in their life indicates a sense of purpose and drive, but the current situation is leading to feelings of hopelessness. This cycle of unemployment and negative emotions is affecting their mental well-being.","feel low,No energy, Little motivation",0.5790597200393677
2144,"The person's mental state seems to be heavily influenced by a strained relationship with someone they care deeply about. The feelings of being torn to pieces and not knowing what to do, as well as the sense of overwhelming guilt and love towards the other person, all indicate that relationship-related stress is a key factor here.","couldn't give her the help she needed,sually a strong individual but i'm torn to pieces",0.3078306317329407
2145,"The person expresses feelings of alienation, disconnect, and lack of joy in various activities. They mention feeling like everything is dulled out or monotone, enjoying activities like playing games and watching anime as a way to escape, and feeling alone even when interacting with others. Additionally, they feel hesitant to label their experience as depression due to thinking others have it worse, which may indicate a sense of isolation and inability to express their true emotions openly. These feelings of disconnect and alienation suggest a state of alienation-related stress.","fear of failing,t even after receiving ok results,felt like utter shit, in fact I felt like shit for at least 3 months after it",0.25448036193847656
2146,"The person is feeling isolated, ignored, and lacks friendships, leading to feelings of being a loser in their school environment. This sense of alienation and loneliness is causing severe distress, to the extent of contemplating suicide.","loser of my school, I get constantly ignored ",0.49667614698410034
2147,"The person expresses feelings of alienation and disconnect from their family members who appear to be constantly resentful, unsupportive, and angry. They feel like they are not understood or supported by their family, and they highlight the lack of empathy towards mental health issues. The sense of isolation and frustration from not being able to rely on their family for emotional support contributes to the alienation related stress evident in the premise.","not allowed to complain about my job ,The response I get from my family ""Suck it up, we've all been there",0.2428906261920929
2148,"The writer mentions feeling numb and experiencing constant boredom, which are common symptoms of depression. Additionally, the writer expresses frustration with the idea of taking antidepressants because they already feel numb, indicating a potential concern or confusion about medication. The lack of interest in previous hobbies and the difficulty finding enjoyment in various activities further suggest a mental health struggle that could be related to medication. Therefore, the writer seems to be in a medication-related stressed state.","haven't truly enjoyed an experience in the past few years, It sucks because it's killing my motivation to do well now in college",0.17820203304290771
2149,"The mention of getting kicked out of college, uncertainty about future plans, and the difficulty in communicating the situation to parents and relatives indicates relationship-related stress. The fear of disappointing loved ones and facing the consequences of potential strained relationships can contribute to this category.","going to get kicked out of college within a few month's,  planning on leaving on my own terms soon",0.5310952663421631
2150,"The person is stressed about medication-related issues, specifically concerning the need for regular appointments and refills for antidepressants. This indicates a concern about the continuous dependency on medication and the inconvenience of having to see a psychiatrist regularly for prescription renewals.",need to keep seeing this psychiatrist just to sit in a waiting room for 2 hours just to say hey I need refills,0.5708866715431213
2151,"The person's behavior of changes in eating habits, specifically skipping meals and consuming very little food, can be indicative of medication related stress. Depression can often impact one's appetite and eating patterns, leading to a decrease in food intake.",usually skip breakfast maybe have a small lunch and then wait till dinner so that I can have a small amount too. ,0.326371967792511
2152,"The person's mental state is primarily focused on their relationship with their new friend and how a mistake at work has affected it. They express feelings of anxiety, nervousness, and loneliness due to this situation, indicating that the stress is primarily related to their relationship.",scared to hit up my new friend because I feel so much nerves because of outside stuff going on. ,0.3713105320930481
2153,"The person is experiencing feelings of alienation, self-loathing, and a deep sense of being unwanted by others. They struggle with the idea of being alone but also feel uncomfortable around people, indicating a high level of social anxiety and negative self-perception. The individual believes that the world is against them and feels rejected by their friends due to their mental illness, leading to a strong sense of isolation and alienation.","sick of being alone, I want people who love me,  But at the same time I hate being around people",0.5087890028953552
2154,"The person is underemployed as a sub teacher, which indicates a job-related stress. The mention of feeling mentally ill or bad due to underemployment and a string of bad luck exacerbating the problems suggests that the individual is struggling with job and career-related stress. The internal conflict about setting higher goals and feeling good about goal achievements further points towards the pressure and stress related to their current job situation.","underemployed as a sub teacher, but hardly do that,let my mental health get out of control",0.5948556065559387
2155,"The premise shows a concern for the well-being of the person, indicating a good mental state where they may be feeling a bit down but are encouraged to improve their mood.",Just try not to be so down,0.2913459539413452
2156,"The writer's mental state is primarily affected by the recent separation from their wife, ongoing relationship issues, job dissatisfaction, financial stress, and a series of unfortunate events leading to a major breakdown. The emphasis on the separation from the spouse and the impact it has on the writer's emotional well-being indicates that relationship-related stress is the dominant factor in this scenario.", wife and I are separating as of recently so more depressed,0.4979144036769867
2157,The mention of antidepressants and questioning their effectiveness implies a level of stress or concern regarding medication. This indicates a medication-related stressed mental state.,"about anti depressants, Do they work, ",0.488822340965271
2158,"The person expresses feelings of alienation and disconnection from society due to being homeless, losing relationships, and facing a lack of support. This sense of alienation is further emphasized by the difficulty in finding shelter and resources in their area, contributing to their overall feeling of being disconnected from others.","recently become homeless do to losing my job,caused me to lose a lot of relationships and trust for people, even lost my relationship with my own mother because of this,drug free and enjoy the occasional beer",0.4569202959537506
2159,"The person seems to be experiencing relationship-related stress. They mention seeking validation and support from their friends, feeling like others care about them even when they doubt it themselves, and contemplating the impact on their friends if they were to harm themselves. The mention of suicidal thoughts in the context of how it would affect their friends suggests a strong emotional connection and dependency on their relationships.","they care,even if they don't talk to me a lot and I'm an idiot",0.14002089202404022
2160,"The person might be feeling alienated or isolated due to the remark made about them potentially committing a violent act. Being on the receiving end of such jokes can lead to feelings of alienation, fear, and discomfort, which might make the person question if they are overreacting or taking things too seriously.", is going to shoot up the school,0.04463756084442139
2161,"The premise indicates that the person is seeing a psychiatrist and undergoing psychological testing, which suggests they are dealing with mental health concerns that require medical intervention. The stress and confusion about the duration of the testing may stem from the medication-related challenges and complexities associated with mental health treatment."," testing takes TWO 8hr days, How can it take 16hr",0.35537028312683105
2162,"The person mentions being diagnosed by their long-term PCP in 2006 and how they now have knowledge and experience with depression. This indicates a history of dealing with mental health issues and the use of electronics to cope with emotions. The reference to having made something before being diagnosed with depression suggests a period of undiagnosed mental health struggles. The focus on releasing emotions and finding it cathartic to listen to the audio 12 years later, armed with knowledge and experience, further points towards a mental health journey involving depression. Therefore, the person appears to be currently dealing with medication-related stress due to their past undiagnosed depression and current management of the condition.","didn't understand the emotions that I was releasing at the time, and I find it cathartically spooky to listen to",0.32416099309921265
2163,"The writer's mental state seems to be deeply affected by relationship issues, specifically feeling frustrated, unappreciated, and unsupported by their significant other. This sense of emotional neglect and lack of responsiveness from the spouse is causing stress and likely contributing to their current state of distress.",she's just an unhelpful no-impact,0.238284632563591
2164,"The writer expresses concerns about doctors overlooking the effects of diet on health and mentions the relationship between gut microbiome, brain chemistry, and diet. The emphasis on the negative impact of certain foods like gluten and sugar on health suggests a heightened awareness and stress regarding medication and its potential side effects.",gut microbiome and brain chemistry and diet are intricately related,0.6271603107452393
2165,"The language used suggests a feeling of alienation and hopelessness, as the individual feels trapped in a difficult situation and is considering drastic measures to escape. This sense of being stuck in a 'shitty limbo' and needing to find courage to take action indicates a state of alienation related stress.", just stuck in this shitty fucking limbo,0.4509523808956146
2166,"The person is experiencing alienation-related stress as they are struggling with feelings of inadequacy, comparing themselves to others, and feeling disconnected from their desired identity and goals. They express a deep sense of disconnection from who they are and who they aspire to be, leading to a sense of being trapped in unfulfilled potential and longing for a different life. This alienation is causing distress and desperation as the person feels unable to bridge the gap between their current self and their desired future.","care too much what others think, by instinct I think about others and put their feelings first",0.2952127158641815
2167,"The language used in the premise suggests feelings of despair and hopelessness, which are often associated with relationship-related stress. The idea of killing off hope may indicate a deep sense of disappointment or hurt in a relationship.",Can there be happiness in despair,0.5285038948059082
2168,"The statement suggests emotional pain related to a relationship, indicating relationship-related stress.",How do I make it end,0.025116166099905968
2169,"The person expresses fears and concerns about the possibility of being diagnosed with a mental disorder and prescribed medication. This indicates a heightened stress and anxiety around the topic of medication, suggesting a medication-related stressed mental state.",don't like talking to people about my problems,0.17836321890354156
2170,"The person is experiencing feelings of alienation and worthlessness, as evidenced by them thinking that their efforts and achievements are not valued by others, and that their personal struggles, such as being in an abusive relationship, will not matter to the people evaluating them. These thoughts of being trapped and worthless, along with the desire to end their life, indicate a deep sense of alienation and hopelessness.","was in a very emotionally and physically abusive relationship but like everyone else in my life, its not going to matter",0.2984181344509125
2171,"The person is expressing feelings of loneliness, depression, and alienation. The mention of being friendless and struggling to find peace in their own head due to a constant buzzing sound that only they can hear indicates a state of alienation. The feeling of living being a chore and experiencing emotions of profound sadness, anger, and apathy further support the categorization of alienation-related stress.","the emotions i can feel are profound sadness, anger, or complete apathy",0.4508041739463806
2172,"The person exhibits signs of feeling energized, motivated, and productive despite feeling initially tired. Cleaning and organizing their space has made them feel better and even influences their decision to engage in different activities such as reading a book. This positive change in mood and behavior indicates a good mental state."," woke up, exhausted but as I sat trying to get my day started,room has been an utter disaster area for a long time",0.34449833631515503
2173,"The writer's mention of feeling lonely and empty after their best friend and girlfriend left for extended periods indicates relationship-related stress. The sudden absence of two important people in their life has left them feeling lonely and unsure of how to cope, which points to a struggle with the changes in their relationships.",makes me feel lonely and even more empty than before,0.5756905674934387
2174,"The person expresses feelings of alienation, loneliness, and hopelessness, indicating a sense of disconnection from others and possibly from themselves. They mention having no one to talk to, feeling sick and dumb, and questioning their reality, which are all symptoms of alienation-related stress.",eel sick and dumb and have no one to talk to,0.26525598764419556
2175,"The language used by others, calling the person names and showing ignorance towards depression, indicates bias and abuse, leading to a state of stress and frustration related to bias or abuse.",dealing with ignorant assholes and the stigma,0.37770870327949524
2176,"The person expresses feeling guilty for spending money on the cleaning service, but at the same time, they acknowledge the positive impact it had on their mental state, allowing them to breathe and relax. This indicates that they were in a good mental state before, and their decision to hire the service was more for convenience and mental relaxation rather than from a place of stress or pressure.","feel guilty for spending money to have some ladies in to do that when I am able bodied and have working limbs and all, but I feel like I can just breathe and relax looking around",0.31233417987823486
2177,"The person is feeling alienated and frustrated by the behavior of others who constantly talk about their depression. They express confusion and guilt for feeling annoyed by this, which suggests a sense of disconnect and isolation from those who may not understand or respect boundaries regarding mental health discussions.","not the guy who talks to much about it, I dont mind to talk about it but i think it should not be the thing that dominates my conversations",0.1674117147922516
2178,"The language used and the intense emotional distress related to the destroyed friendship suggest that the writer is experiencing relationship-related stress. This emotional turmoil indicates a deep sense of loss and guilt over the breakdown of a significant relationship, causing them to question their actions and express regret for the impact on their friendship.","totally understand why she now acts like she does, it‚Äôs all my fault why did I fucking say what I said and will never be able to undo it",0.3085819482803345
2179,"The person expresses feelings of disgust and self-loathing towards their physical appearance, including specific details about their nose, skin, and hair. This indicates a sense of alienation and discomfort with their own body, leading to a feeling of being disconnected from themselves or society.",people say being tall is attractive but I manage to make it not,0.2076646387577057
2180,"The mention of feeling terrible, having no energy, and going through a depression episode suggests a mental state related to medication and possibly seeking help or coping strategies to get through the episode.",an‚Äôt find the energy to do more,0.1283431351184845
2181,The person's mental state seems to be medication related stressed. They are expressing concern about the efficacy of their current medication for depression and seeking advice on potentially increasing the dosage. The lack of improvement after six weeks on citalopram is a common cause for stress and uncertainty in those managing depression with medication.,citalopram,0.6036133766174316
2182,"The person seems to be experiencing alienation related stress. They express feelings of being undesirable, misunderstood, and disconnected from their identity as an Indian. Their sense of not fitting in or being accepted is evident, leading to frustration and anger. The individual also struggles with self-image and perceived physical flaws, which adds to their feelings of alienation and isolation.","weird thing is that I don't even know if I have a sexuality, I sometimes imagine myself as asexual.",0.20872241258621216
2183,"The person is experiencing alienation related stress. They feel disconnected and isolated from their peers in college and from the experiences shared by Youtubers. The feelings of envy and the constant comparison with others are leading to a sense of discontentment and a sick feeling in their stomach. The mention of having no friends, lack of money to travel, and feeling stuck at school and home further point towards feelings of alienation and disconnection from others and the world around them.","envious of my peers in college who are successes, envious of Youtubers with thousands of subscribers, sharing their experiences traveling the world, and their awesome hobbies",0.5024776458740234
2184,"The author of the premise is feeling ashamed and anxious about their past actions, specifically related to their appearance. The mentioned incidents involve their physical appearance being drastically changed, leading to feelings of embarrassment and fear of judgment from others, especially their girlfriend. This indicates that the person is experiencing relationship-related stress caused by concerns about how their past actions may affect their current relationship.","could maybe tell her about my hair-shaving, or that my girlfriend could find my bald photo",0.290762722492218
2185,The premise indicates relationship-related stress. The person is feeling distressed and potentially experiencing emotional pain due to a situation involving mutual feelings not being enough for the other person.," feeling like losing it, the mental health/sanity you know",0.32293152809143066
2186,"The person mentions taking antidepressants and feeling like depression is still creeping in, indicating a struggle with mental health issues. The emphasis on feeling empty, missing school due to depression, and self-doubt about intelligence further suggest a medication-related stress. The fear and the feeling of being unable to escape negative thoughts also align with the impact of medication on the individual's mental state."," feel empty, again",0.35661113262176514
2187,The mention of taking medication and its effects on the individual's thoughts and emotions indicates a medication related stress. The change in the way they perceive situations and the difference in their emotional response after taking the medication point towards a shift in their mental state due to the medication.,they must not want to be my friend,0.07666580379009247
2188,"The person is experiencing alienation-related stress, as they feel disconnected and isolated from their peers in college, leading to feelings of inadequacy and fear about their future employability.","freshman in college and although i have good grades, can't help but feel as though i'm going to be a failure in the future,i look at my peers and almost all of them are more socially active than i am, not a member of any clubs nor do i feel particularly interested in joining them,i feel like i'm not as employable as my peers and it really frightens me",0.480779767036438
2189,"The person seems to be experiencing alienation related stress, as they are feeling disconnected from the act of eating, possibly due to emotional or psychological reasons. This is indicated by their lack of appetite despite being surrounded by delicious food made by their friend and themselves.",just don't feel like eating.,0.48143476247787476
2190,"The mention of being hurt by someone making fun of the person, especially when that someone is a parent, indicates relationship-related stress.", good week but my dad ruined it,0.07264091074466705
2191,"The person is experiencing alienation related stress. They express feelings of not belonging, being lost, and having no sense of identity. The lack of connection to cultural, ethnic, sexual, familial, and religious aspects of their life contributes to their deep sense of alienation. This alienation is causing them to feel depressed and lost, as they struggle to find answers and a sense of belonging.","nothing in my life makes sense, been searching for somewhere to belong and can't find it. I'm lost",0.37003403902053833
2192,"The person's mental state seems to reflect feelings of alienation and isolation. They express a deep sense of sadness and despair, feeling disconnected from others and lacking emotional support. The individual seems to be overwhelmed by their emotions and the inability to share their struggles with anyone close to them, further deepening their sense of alienation.",NOTHING IS CAUSING IT IM JUST FUCKING SAD,0.18234670162200928
2193,"The person expresses a sense of alienation and inadequacy when comparing themselves to their siblings, feeling like they don't measure up in terms of skills or success. Their concerns about not being able to gain attention on YouTube due to saturated content and demonetization further highlight feelings of being disconnected or isolated in their pursuits.","brothers build computer for a living, my sister is great at coding, my cousins are engineers, and I can barely get a mini drone to work",0.21339596807956696
2194,"The author's narrative indicates a deep sense of sadness and guilt related to the death of their pet Lovebird. The author mentions struggling with depression for the past 2 years, which has significantly impacted their mental state. The level of attachment and responsibility towards the pet, as highlighted by the description of the funeral ceremony and the reminiscing of memories shared, suggests a strong emotional connection. The author expresses regret for not being able to provide enough companionship to the pet due to their depression, indicating a sense of personal failure. This overwhelming feeling of sorrow, grief, guilt, and reflection on the impact of their mental health on their pet's well-being aligns with the category of Medication related stressed.",Have any of you lost a pet that you raised and were solely responsible for,0.561188817024231
2195,"The person expresses feelings of alienation and loneliness, mentioning their lack of friends, significant other, and worry about the future. They also talk about not having a family soon as their parents are getting old. This sense of disconnection and isolation is a key indicator of alienation-related stress.",usually avoid toxic parts of the internet to not get even more depressed than I already am ,0.24739311635494232
2196,"The person is experiencing relationship-related stress due to feeling demotivated and overwhelmed in college. The mentioning of a supportive long-distance boyfriend and the contrast between his approach and the pressure from family and friends suggests that relationship dynamics are a significant source of concern and support for the individual. The internal conflict between the pressure to keep pushing forward and the desire to consider quitting is influenced by the different perspectives of those close to them, especially the long-distance boyfriend. The emotional distress, feelings of depression, and seeking therapy also highlight the impact of these relationship-related stresses on the person's mental state.",. One of the teachers is really demotivational and the classes were really hard,0.16567420959472656
2197,"The person appears to be in a good state because the premise is simply a link to an embroidery image, which does not indicate any negative emotions or stress. It seems like the person is sharing or appreciating an embroidery work.",which expresses my pain with this,0.1800757348537445
2198,"The individual is expressing feelings of alienation and hopelessness, indicating a sense of disconnection and lack of support from others.","No one seems to help, I feel hopeless",0.351977676153183
2199,"The individual is expressing feelings of loneliness, longing, and emotional deprivation over a long period of time, indicating relationship-related stress. The lack of romantic and unconditional love for six years has left them feeling drained and exhausted, highlighting the impact of their relationship struggles on their mental state.",six years since someone has been romantic with me,0.5338625907897949
2200,"The person expressing feelings of not knowing themselves, their desires in life, and feeling boring and hollow suggests a sense of disconnection and alienation from themselves and the world. They feel like they are not fully human and lack a sense of fulfillment or purpose, indicating a deeper emotional struggle with alienation.",donít know what I want in life,0.3586382567882538
2201,"The person's description of feeling intense anger over minor incidents, dwelling on past slights, and experiencing improvement with antidepressants (Citalopram) suggests that medication-related stress is the primary category. The decision to stop taking antidepressants due to side effects further indicates the significant impact medication has on their mental state.",get these intense feeling of anger over miniscule and insignificant things,0.47460150718688965
2202,"The person is experiencing relationship-related stress due to feeling like they cannot make anyone happy, friends not caring despite reaching out, concerns about their fiancé being fed up with their depressive state, and feeling like their fiancé resents them. The mention of not wanting to upset their family further suggests a focus on relationships and the impact on close connections.","an‚Äôt fix the things that are wrong with me, Why bother with anything",0.11075320094823837
2203,"The premise indicates a sense of distress caused by interactions with family members, particularly the mother, leading to a feeling of being down. This suggests stress related to relationships, specifically within the family context.",my mother who tell me that they can't deal with me and that they don't feel good either,0.4274274706840515
2204,"The person seems to be under relationship-related stress. They have expressed feeling misunderstood and distressed by the behavior of their parents, including their reaction to the teenager's struggles and emotions. Additionally, the mention of feeling suicidal and the parents' unhealthy response further supports the relationship-related stress category. The person's cry for help and desire for anonymous online therapy also indicate the need for support and understanding in their current relationship dynamics.","have some good friends, even if i only see them at school, and my grades arent bad eithe, im still not happy, maybe im spoiled",0.11273936927318573
2205,"The person is feeling alienated in the college setting, unable to connect with others on the same level as their peers. This feeling of being left out and isolated has caused them to experience depression. The fact that they feel better when staying at home indicates a sense of relief from the social pressure and alienation they feel in college.",first year in  college and everytime i go  i feel so depressed ,0.5558947324752808
2206,"The feeling described in the premise where the room expands, turns black, and the person feels alone in a large dark room indicates a sense of disconnection or detachment from reality and others. This feeling of alienation and being isolated in a dark space may stem from a deep sense of loneliness, disorientation, or psychological distance from one's surroundings and individuals around them. The mention of not being able to place the feeling further emphasizes the confusion and uncertainty associated with this state of mind.",Im alone in a large dark room,0.6683385372161865
2207,"The person describes experiencing long-term anxiety and depression, which has worsened over time without seeking medical advice. They express a desire for a simple solution like medication, indicating a level of desperation for relief. The mention of feeling overwhelmed by their own thoughts and the physical symptoms like pressure on the chest align with symptoms of anxiety and depression that may require medication-based treatment. The lack of understanding from friends, judgmental work colleagues, and strained relationship with the boyfriend further contribute to their mental health struggles, which are typically addressed through medication and therapy under the guidance of mental health professionals.",friends seem to be becoming more and more distant with little understanding on whats going on with me but too wrapped up in their own lifes,0.32149696350097656
2208,"The person is in a relationship-related stressed mental state as indicated by the breakup with their girlfriend being the primary cause of distress. This has led them to contemplate taking drastic actions, feeling like they have lost the one thing they truly cared about and considering harming themselves. The emotional impact of the breakup is severe and has triggered thoughts of self-harm, signifying relationship-related stress.",living longer than my mother also sound unnecessary,0.09945240616798401
2209,"The mention of getting really sharp spurts of anger when upset suggests that the person may be experiencing relationship-related stress, possibly due to conflicts or emotional triggers in their relationships with others.",Does anyone else ever just get really sharp spirts of anger when your upset,0.7585909366607666
2210,"The person is experiencing alienation related stress. Despite having a strong friend group at college and being in a loving relationship, they feel totally isolated and disconnected from their social circle. The physical distance from their friends and girlfriend, as well as the feeling of being left out by friends from high school, has exacerbated their feelings of loneliness and depression. They express a sense of being forgotten and unvalued, especially when their attempts to connect with their girlfriend are met with minimal response and engagement, making them feel neglected and emotionally distant. The fear of being lonely in the future and the struggle to make new friends outside of the college environment indicate a deep-seated fear of alienation and social disconnection. This sense of alienation is causing significant distress and impacting their mental well-being.",in the middle of winter break of my senior year of college and have never felt more lonely,0.4790840744972229
2211,"The person expresses feelings of fear, loneliness, and a sense of not being accepted or understood by others. They fear being judged and rejected for being different or for being themselves, leading to a sense of alienation. The person's reluctance to show their true self around others reveals a deep sense of isolation and a belief that they are not valued for who they truly are.","always feared people's judgement.  I never wanted to be known as the weird one or the outsider.  I always kept to myself.  No one really bothered me, but no one really cared for me either,Their avoidance can hurt and damage, and their ridicule can cut and bruise",0.5638470649719238
2212,"The person expresses feelings of worthlessness, failure, and lack of confidence, indicating relationship-related stress. The mention of lack of intimacy and avoidance of social situations further supports this category. The self-criticism and negative self-perception could be stemming from past relationship experiences or the absence of close connections in their life, leading to feelings of inadequacy around peers.", I feel as if everything I try is a failure and I convince myself of that fact. I can't handle any criticism,0.3610367774963379
2213,"The person mentions feeling frustrated, angry, sad, losing curiosity for life, and hating themselves. They also question whether their lack of ideas is due to medication, depression, or themselves. These feelings and thoughts indicate a significant impact on their mental state due to medication-related stress.",can't be the only one putting myself down all the time,0.28773459792137146
2214,"The mention of feeling depressed and seeking excessive pleasure or sex as a coping mechanism indicates a potential dependency or self-medication behavior. This could be related to medication related stress, as the individual seems to turn to such activities in response to negative emotions and then feels worse afterwards.",feel worse afterwards,0.35823488235473633
2215,"The writer of the premise is experiencing a high level of bias and abuse-related stress. They describe being emotionally abused by their stepfather, being bullied and humiliated in college, and feeling alienated without friends. The constant bullying by groupmates, lack of support from teachers, and betrayal by the few friends they had all contribute to a sense of isolation and hopelessness. The writer's desperation for things to change and their desire to escape the suffering indicate a significant level of bias and abuse-related stress.", been a real hell for me since 2 years when my mother died and I am forced to live and get tortured by my stepfather ,0.289888858795166
2216,The person seems to be in a good state as they are feeling enthusiastic and motivated about pursuing their ideas and taking action after a period of anticipation and hesitancy.,have waited and quaked and gathered and I think I think I think this year I can and I think this year I shan't hold back,0.02668321132659912
2217,"The person's description of feeling depressed, lacking energy, neglecting basic self-care tasks like eating and showering, and contemplating self-harm suggests a state of mental distress that may require medication intervention. The individual's struggle to cope with daily life tasks and obligations, as well as feeling overwhelmed by the demands of life, are indicative of medication related stress. Seeking help from a mental health professional for proper diagnosis and treatment, including potentially exploring medication options, could be beneficial in this situation.","How do I survive, in practice, when it's taking all my willpower to simply not kill myself",0.3814960718154907
2218,"The individual expresses feelings of being a complete loser, having no friends, no future, and feeling undermined and insulted by their mother. The mention of self-confidence being undermined by the mother, along with guilt-tripping behavior and emotional abuse, indicates a deep-seated relationship-related stress that significantly impacts the individual's mental state.","lost my job last year, and I've been on unemployment. I feel like a complete loser",0.24194560945034027
2219,"The person's thoughts and behaviors indicate a deep sense of hopelessness and despair, with a focus on suicide and self-harm. The mention of contemplating death, making goodbye notes, handling pills, and simulating suicidal acts suggest that the individual may be in a mental state of intense distress and potentially in need of psychiatric evaluation and medication intervention.",topped giving a shit about everything and my attention is mainly death,0.26547855138778687
2220,"The person seems to be experiencing relationship-related stress due to feeling judged and misunderstood by their friends. The pressure to conform to societal expectations regarding career, housing, relationships, and material possessions is causing distress and conflict in their friendships.", can't understand someone who'd choose to be poor ,0.3414917290210724
2221,"The person expresses feeling constantly angry, finding the negative in everything, and lacking energy, which are common signs of job and career related stress. Additionally, the individual mentions being a junior in college working towards a degree they have no interest in pursuing, causing anxiety and a sense of hopelessness about the future. The pressure of academic expectations and uncertainty about their career path contribute to their overall distress and desire for change.","just constantly angry and always being able to find the negative in something, I have especially have no energy to do anything",0.39617374539375305
2222,"The person expresses feelings of alienation, inadequacy, and loneliness throughout the text. They feel left out from typical life experiences such as dating, forming relationships, and enjoying college life due to their speech impediments and social anxiety. The individual also compares themselves to their peers, family, and friends, who seem to have fulfilling relationships and experiences that they feel they are missing out on. This sense of exclusion and isolation contributes to their overall state of distress and feeling like they do not fit in socially.",on't have a girlfriend like my twin brother and some cousins and friends that i have,0.23176269233226776
2223,"The individual describes feeling like they are existing on the fringes of society and fear being exiled to a life of isolation, depression, and irrelevance. This alienation from society and the sense of being left behind in life indicate feelings of alienation-related stress."," feel like I damaged my reputation beyond repair, am mortifyingly embarrassed by my actions, and now feel so behind in life",0.22479364275932312
2224,"The language used in the premise indicates feelings of alienation and a sense of hopelessness. The person seems to be experiencing a disconnect from their surroundings, feeling overwhelmed by the sameness and flatness of everything around them. These feelings of emptiness and existential questioning point towards alienation-related stress.","anything, when everything is nothing",0.26168662309646606
2225,"The person is experiencing relationship-related stress, as they mention getting over losing a girl they loved due to cheating, and feeling numb and lacking good chemicals in their brain, which could be signs of depression following a toxic relationship. Additionally, they express feelings of not liking themselves, questioning their personality and appearance, indicating a struggle with self-esteem that can be linked to past relationship trauma.",losing a girl I love(d) because she cheated on me a while back and was really toxic even though we were crazy for each other,0.4550151228904724
2226,"The person's feelings of alienation and disconnect from reality, as well as their desire for an idealized life in their fantasies, suggest that they are experiencing alienation-related stress.", horrible when I realize my crazy fantasies will never happen.,0.302315354347229
2227,"The person is experiencing bias and abuse related stress as they are being consistently targeted, bullied, and put down by their sisters in their own household. This continuous mistreatment and lack of support from family members is likely taking a toll on their mental well-being, leading to thoughts of suicide.","i‚Äôm always the one getting put down, bullied, or given a hard time in this household",0.3373526334762573
2228,"The persistent pattern of remembering sad moments could indicate a mental health issue, possibly related to anxiety or depression, leading to difficulty falling asleep. This may require medication to address the underlying mental health concerns.","I'm having trouble falling asleep, remembering every single sad moment of my life",0.7137991189956665
2229,"The person is feeling stressed about seeking professional help, specifically related to medication. The mention of forms making it feel real, the feelings of relief mixed with feeling bad about needing help, and the fear of not being able to communicate during the appointment are all indicators of medication-related stress.",What if my mind goes blank and I can't speak,0.18023574352264404
2230,"The expression 'like night and day' indicates a strong contrast between two things, often implying feelings of disconnection or alienation.",It‚Äôs literally like night and day,0.5301834344863892
2231,"The person is dealing with depression and mentions how taking care of their dogs at home helps them feel better. They also express concern about not being able to have pets at school due to graduation and lack of stability. The decision to get a cactus and the focus on taking care of it with the help of an app could indicate a desire for something to nurture and care for, possibly as a way to cope with their mental health. This behavior aligns with the coping mechanism often observed in individuals dealing with mental health issues and seeking solace or distraction through caretaking activities.","realized my depression is better at home, when I can be with my dogs",0.46179085969924927
2232,"The person is experiencing relationship-related stress. The constant rejections, loneliness, feelings of worthlessness, and comparing themselves to others who are in relationships indicate a deep emotional turmoil related to romantic experiences. These negative emotions have escalated to the point of feeling depressed and suicidal, which are commonly associated with relationship-related stress and heartbreak."," I felt lonely, depressed and suicidal",0.3536263108253479
2233,"The person expresses feelings of extreme apathy, disinterest in daily activities, and a sense of alienation towards life. They mention having nothing to live for and wanting to be dead, indicating a deep sense of detachment and alienation.","don't want to go back to college, learn new things, go out, meet people, date,",0.14378079771995544
2234,"The person expresses feelings of loneliness and alienation during the summer, when others are out having fun while they are stuck inside. This indicates a sense of alienation and isolation from social activities, leading to stress and dissatisfaction.",an't take anymore of these lonely summers,0.4794199466705322
2235,"The person who wrote the premise is experiencing feelings of alienation, loneliness, and detachment from both themselves and others. They express a deep sense of unfulfillment, struggling with their identity, relationship issues, and difficulty finding support and understanding. These feelings of being disconnected and isolated, as well as the desire to escape from their current life situation, are indicative of alienation-related stress.","ive pushed people out of my life when i shouldnt have, because they cared for me and i didnt know how to respond",0.20719590783119202
2236,"The person is experiencing feelings of worthlessness, loneliness, and is questioning the purpose of life. This indicates a sense of alienation and disconnection from themselves and possibly others. The lack of understanding and support from their immigrant parents regarding mental illness adds to their feeling of being disconnected from their immediate environment and the prevailing beliefs. Seeking help and expressing a desire for support further highlights the sense of alienation and seeking connection and understanding.","Sometimes I wake up just thinking, ""Why",0.15149635076522827
2237,"The person is experiencing relationship-related stress, as they are feeling heartbroken and unable to move on from a past relationship that ended in a bad fight and the loss of friendship. The thought of their ex-girlfriend dating someone else is causing them distress and preventing them from fully letting go of the past.","All I can think about the girl I was really into, and how it came crashing down,with a bad fight between us to end even our friendship",0.36024677753448486
2238,"The person seems to be experiencing symptoms of alienation, such as feeling numb, spaced out, smile feeling dimmed, empty, and disconnected from others. They also mention feeling like they are losing touch and that there is an invisible barrier between themselves and others, indicating a sense of alienation from themselves and their surroundings.",fuzzy bulb at your core a genuine smile sparks seems to have significantly dimmed ,0.30092453956604004
2239,"The use of phrases like 'half life no life', 'suffering from design', 'mindless obsession over celebrities', and feelings of disconnect or resentment towards life and reality indicate a sense of alienation and detachment from one's surroundings. The overall tone of the text suggests feelings of isolation, disillusionment, and a lack of connection with others, which are common in alienation-related stress.",Hurts to be a realist,0.25382471084594727
2240,"The person talks about entering a 'nasty hole', feeling like this year is key in their life, and mentioning past experiences with depressions. These statements suggest a high level of mental stress and concern, possibly leading to seeking alternative measures like trying mushrooms as a form of self-medication.","lways escaped my depressions after a really bad experience, the pinnacle of it. If my bad trip on weed",0.4622598886489868
2241,The person appears to be experiencing alienation related stress as they hate their school and feel anxious about going back there. This feeling of not belonging or feeling disconnected from their school environment is likely contributing to their high anxiety levels.,"go back to school tomorrow, I absolutely hate my school ",0.44216856360435486
2242,"The language suggests a feeling of isolation and being cut off from others, indicating alienation as the primary mental state of the person. The person is expressing a sense of loneliness and a lack of social connection, possibly feeling like they have no one to confide in except for strangers on Reddit.",No one else besides me will see it,0.10899479687213898
2243,"The mention of experiencing panic attacks, feelings of fear related to death, and the sense of enlightenment about mortality point towards a medication-related stress. The individual's description of the sensations and the impact on their well-being after each episode also suggest a need for medical attention and support to manage these symptoms.","it's like being enlighten from the fact that I can die at any moment, but it's an horrible feeling",0.5141750574111938
2244,"The person seems to be experiencing medication-related stress. The fact that they have been in a low-key state of depression for the majority of the last 3 years, considering antidepressants, and feeling like they are not making progress despite therapy sessions, indicates a concern and uncertainty about their treatment plan and the potential need for medication. The therapist's reluctance to discuss antidepressants and provide guidance on pursuing this option is contributing to the stress and uncertainty about the effectiveness of the therapy process.",omfortable being vulnerable around her and telling her everything,0.18079963326454163
2245,"The person feels a sense of alienation and disconnection, finding social interactions and relationships to be difficult and unfulfilling. This sense of feeling like everything is pointless and struggling to connect with others, even family and coworkers, indicates a state of alienation stress.",at work right now and my co workers are having fun and laughing and i can't even find the will power to join in,0.10286904871463776
2246,"The person is expressing deep concern and distress about a loved one who is experiencing severe mental health issues, possibly resulting in hospitalization. The repeated occurrences over the span of three years have taken a significant toll on the individual, leading to feelings of hopelessness, despair, and helplessness. The drastic change in the loved one's behavior and the struggle to see them in such a different state indicates relationship-related stress. The inner conflict of not wanting to leave the loved one, yet feeling the pain of the changed dynamic, reflects the emotional turmoil and strain experienced in a strained relationship.",I don't want to leave her because when I get glimpses of her old self it completes me,0.2758147418498993
2247,"The person is stressed about maintaining relationships with friends, feeling anxious about inviting them over for a party in fear of being perceived as weird or not wanting to hang out. This indicates relationship-related stress, especially the fear of losing the last friends the person has.","have to invite friends over for a party otherwise they'll think im weird , i dont want to hang out with them",0.44068077206611633
2248,The person is experiencing extreme distress in their relationships with their best friend and boyfriend. They feel undeserving of their boyfriend and believe they have become a burden on their mother after their stepdad's death. This deep sense of worthlessness and despair in relationships points towards relationship-related stress.,"My best friend doesn‚Äôt want to talk to me, I don‚Äôt deserve my boyfriend, I‚Äôm unemployed, I worked my ass for a degree and it‚Äôs fucking useless",0.3244922161102295
2249,"The person is going through a deep emotional turmoil due to a recent breakup with their girlfriend, lack of support from family and friends, and feeling unloved and unneeded. This intense feeling of rejection and abandonment from loved ones is a clear indication of relationship-related stress. The person's thoughts and emotions are predominantly centered around their failed relationship and the impact it has had on their sense of worth and belonging.","My girlfriend left me, My family doesn't care, My friends hate listening to me talk about the things hurting me",0.3652864098548889
2250,"The premise reflects a deep sense of fear and guilt related to a romantic relationship. The person is concerned about their boyfriend discovering their self-harming behavior, indicating high levels of stress and emotional turmoil in the relationship.","scared that my boyfriend will find out I am cutting again, still picking up that vodka bottle",0.2959214150905609
2251,The conflicting desire to do something but being unable to do so can lead to feelings of alienation or disconnect from one's own actions or decisions.,I won't do it. But I want to,0.10828382521867752
2252,The mention of severe suicidal thoughts indicates that the person is likely under significant mental distress and may require medication-related support and intervention.,"have exams in 4 days, I haven't been studying at all this christmas, because every day I can't seem to motivate myself to do it",-0.06161250174045563
2253,"The person is experiencing feelings of being stuck and afraid of change, which indicates a sense of alienation and disconnect from themselves or their surroundings.",ant things to change. But I‚Äôm afraid of things changing.,0.4280118942260742
2254,"The person is experiencing medication-related stress. They express a strong desire to improve their mental state and recognize the potential benefits of medication as a stepping stone towards recovery. However, they are overwhelmed by the fear of negative side effects associated with medication, as highlighted by their extensive research and concerns about cognitive impairment, sexual dysfunction, withdrawal symptoms, and the efficacy of SSRIs. This fear is preventing them from fully committing to the idea of medication being a helpful tool in conjunction with therapy and other lifestyle changes. The person is caught in a dilemma between wanting to improve their mental health and the perceived risks and uncertainties of medication, causing significant distress and anxiety.","side effects, heroin-like withdrawals",0.4438709616661072
2255,"The premise indicates a longing for a lasting and forever love, suggesting that the person is experiencing relationship-related stress or concern about finding true love.",When will I find someone  who‚Äôll love me forever and ever ,0.44404536485671997
2256,"The person expresses feelings of alienation, loneliness, and lack of purpose or direction in life. They mention being estranged from family, feeling stuck during breaks, having no interesting events in life, and lacking motivation to make changes. These are common signs of alienation-related stress, where individuals feel disconnected from their surroundings and struggle to find meaning in their daily activities.","since I got to college, my grades and my mental health have taken a dip.",0.1906973421573639
2257,"The person expresses feelings of happiness at the beginning, indicating a good mental state. However, this positive feeling quickly shifts to self-doubt and self-criticism, followed by a statement indicating overall dissatisfaction with life, which may suggest occasional negative thoughts or moments but doesn't overpower the initial happiness.","I'm pretty happy about that, I must be better than he",0.18979603052139282
2258,"The person is experiencing alienation related stress, feeling disconnected from others and unable to relate to anyone anymore. This is evident through the descriptions of failed business ventures, midlife crises, struggles within the family, and the feeling of loneliness despite feeling worthless. The individual expresses a sense of detachment from the world around them, similar to the feeling of having a serious head cold that won't go away, emphasizing the persistent feeling of alienation and disconnection.",Failed business ventures. Midlife crises. Parents at the end of their respective lines ,0.4219721555709839
2259,"The person's descriptions and feelings of feeling off kilter, like the world was mirrored, looking at everything from a different angle, feeling a thick layer of fog in the air, and not feeling like they are in reality, all indicate a sense of alienation related stress.",on't feel like I'm in reality today,0.3387196660041809
2260,"The person is feeling overwhelmed by the need to people-please in order to avoid arguments, indicating a deep level of relationship-related stress. The mention of guilt, the fear of disappointing others, and the feeling of belonging in a mental hospital suggest a significant impact on their emotional well-being due to relationships in their life.","because of guilt, your own and what others put on you,",0.4382297992706299
2261,"The premise reflects a sense of alienation, where the person feels disconnected, purposeless, and like they are merely an appendage without true significance. This existential crisis can lead to feelings of isolation and meaningless existence.",life is basically just a waste and you are only an apendage,0.3491564095020294
2262,"The author is currently experiencing relationship-related stress due to the recent passing of their father. The emotional toll of losing a loved one, combined with the suddenness of the event and the family dynamics described in the narrative, indicate a significant amount of distress related to their relationships and family situation.",dad had known that he had cancer for months and just chose not to tell anyon,0.33786046504974365
2263,"The person's statements suggest a deep-seated reluctance to engage in close relationships. They mention past relationships being out of convenience rather than genuine connection, highlighting a pattern of avoidance and potentially fear of intimacy. The mention of rejecting current relationships and avoiding social interactions further supports the idea of relationship-related stress or discomfort. Additionally, the frustration with therapy sessions being late, cancelled, or rescheduled may indicate feelings of abandonment or lack of support in seeking help to address these issues. This pattern of behavior and avoidance of deep relationships could indicate underlying relationship-related stress that may require time and effort to address and overcome.","had close relationships, but it's usually because they didn't leave me alone and I kinda had to hang out and be friendly with them because they didn't actually give me a reason to",0.4935680329799652
2264,The person's frustration with not having someone to turn to when they are sad despite always being there for others suggests a feeling of neglect or lack of support in their relationships. It highlights a sense of imbalance and the emotional toll of feeling unreciprocated in their support network.,here is no a single who I can turn to when I'm sad,0.5198523998260498
2265,"The person's feelings of loneliness, isolation, and a sense of being a burden on others indicate a deep sense of alienation and disconnection from their social environment. They express a fear that their negative emotions will contaminate or drain the happiness of those around them, suggesting a profound feeling of separation and alienation from others. These feelings of constant sadness despite external factors being relatively normal point towards a state of internal alienation and emotional disconnection.","feeling of loneliness even with people around,A feeling of sadness even though I have nothing to be sad about besides normal stresses",0.7006673216819763
2266,"The person who wrote the statement is experiencing feelings of alienation and isolation, as they express a sense of disconnect from others around them. They mention that the only friends they feel close to are online, specifically on Playstation. Despite hinting at their feelings of depression, their friends dismiss it as just an 'edgy phase', further exacerbating their sense of alienation. The individual also expresses thoughts of being the only one going through such struggles in their area, highlighting a deep sense of loneliness and isolation. This sense of alienation is a key indicator of the category C5 - Alienation related stressed.", guess when I go back to school the fake smile will have to fool everyone all over again.,0.12021307647228241
2267,"The person expresses feelings of alienation and detachment from their current path and experiences. They mention feeling uncertain, indecisive, joyless, and lost interest in things they usually enjoy. This sense of disconnect and dissatisfaction with their current situation is indicative of alienation-related stress.",studying computer science and I just felt terrible in general due to anxiety/depression,0.27871593832969666
2268,"The person is experiencing significant relationship-related stress. The mention of a positive relationship with the boyfriend, giving up the blades to him, and feeling depressed due to lack of unhealthy outlet suggest that the primary source of stress revolves around this romantic relationship. The person's reliance on self-harm as a coping mechanism and struggling with the absence of that outlet further supports this categorization.",had friends that tried to help but I could never get myself to stop,0.1875455379486084
2269,"The person is feeling overwhelmed by various aspects of life such as dying alone, running out of money, health, loneliness, family, retirement, and age at 27. This indicates relationship-related stress as the person is concerned about their future and various personal relationships.","Dying alone, Running out of money, My health, My loneliness, My car, My family, Retirement for goodness sake",0.44689974188804626
2270,"The person is feeling alienated and disconnected from their surroundings, believing that their absence would bring happiness to themselves and others. The mention of being awful for months, not taking care of basic needs, and feeling hated by everyone indicate a sense of isolation and alienation.",need to die so I can maybe be happy,0.25698351860046387
2271,"The person's decision to get tested for depression and the longstanding feelings of dread and unhappiness since a young age indicate a significant level of mental distress. Seeking advice from friends and an ex-partner's persistence in recommending a doctor's visit point towards a serious concern. The mention of going on antidepressants suggests that the person is considering medication to cope with their mental health issues, indicating a high level of stress related to medication and its potential impacts.", my EX who has tried to get me to go doctors for the last 2 years,0.3669242858886719
2272,"The writer's feelings of inadequacy, shame, jealousy, and comparing themselves to others point towards relationship-related stress. They seem to be struggling with self-worth and self-acceptance in the context of their friends' and colleagues' successes and motivations. The fear of judgment from loved ones and the feeling of isolation further indicate relationship-related stress as the primary category.",Why didn‚Äôt I do this better?  It‚Äôs gotten to the point where I compare myself to my colleagues and friends and their successes ,0.3173682689666748
2273,"The person's mental states of depression, anxiety, and ADHD are being heavily impacted due to their decision to quit taking their medications and attending therapy. The reasoning provided suggests that the individual has developed a negative attitude towards medications and therapy, believing that they are a way for others to control who they are. This resistance to treatment and decision to abruptly stop medication intake without medical supervision has led to withdrawal symptoms and worsening of their mental health. The individual's distorted perception of their mental illness and comparing it to 'worse' mental illnesses like Schizophrenia or bipolar disorder is indicative of the stress and struggle related to medication management, contributing to the medication related stress category.",was just fake sick ,0.01569703221321106
2274,"The extensive details about various diagnoses, medications, hospitalizations, and treatments throughout the premise suggest a high level of stress and anxiety related to medication management and mental health treatment. The individual's journey of trying multiple medications, dealing with severe side effects, experiencing suicidal thoughts, and ultimately undergoing electroconvulsive therapy (ECT) indicates a significant level of distress and frustration related to their medication-related struggles.","eventually went on the antipsychotic paliperidone and klonopin , a very stressful illness in a minor city in China and whatever medicine given either caused or exacerbated some delusional thinking, from a crazy psych cocktail, got B. A, M. A. even taught abroad",0.3672908842563629
2275,"The person is experiencing medication-related stress. They mentioned being on a hiatus from medication and therapy for 3 years, and have now decided to start again with drugs. This decision seems daunting for them, as they express fear of freezing up during the appointment and struggling to communicate effectively. The mention of anxiety, social anxiety, and depression also aligns with medication-related stress as they are seeking help for these mental health conditions.",my mind is blank and I am not sure how to express,0.10772557556629181
2276,"The person is experiencing feelings of alienation, loneliness, worthlessness, and a lack of motivation, which are typical symptoms of alienation-related stress. The individual feels disconnected from others, lacks a sense of purpose, and struggles to find meaning in their life. This sense of alienation is causing deep depression and thoughts of suicide.","only interest is foreign languages, so I can communicate with more people, but even there I have problems because of my laziness...",0.2002732753753662
2277,"The person is experiencing feelings of alienation and disconnection, as indicated by their sense of being completely numb and no longer caring about anything or anyone. This emotional numbness and lack of care can stem from a sense of detachment and alienation from their emotions and the world around them. They mention feeling liberated in some ways, suggesting a mix of relief and sadness, possibly due to the disconnect from their emotions. It is concerning that they worry they may never feel emotions again, reflecting a deep sense of alienation and disconnection from their own emotional world.",ut now i just dont care anymore,0.2291923463344574
2278,The person seems to be experiencing alienation related stress. They may find it difficult to cope with their day and seek solace in binge-watching shows as a way to escape from reality and find comfort in something familiar and non-demanding.,"No matter how shitty my days been,always have my shows to come home and binge watch, It doesn‚Äôt require effort or even full concentration",0.5850260257720947
2279,"The person who wrote the premise is experiencing relationship-related stress due to their mother's long-term depression, separation from their father, and the challenges of supporting her emotionally and practically. The writer's worries about their mother's deteriorating mental health, lack of self-care, financial struggles, and disillusionment with job prospects point to a significant source of stress stemming from the strained relationship dynamics within their family.",She and my father are separated.  He's struggling with his own battle,0.41747957468032837
2280,"The person is experiencing relationship related stress. The interaction with the random girl at the bar, although enjoyable, has left the individual feeling lonely and longing for connection. The regret over not getting her contact information and the feeling of being a 'loser' indicate a sense of dissatisfaction and emotional distress related to relationships and intimacy.","can't stop thinking about her, It's pathetic",0.3519040048122406
2281,"The person is displaying signs of relationship-related stress. They express feelings of loneliness, isolation, low self-worth, and a pattern of pushing away friends who show care and pity towards them. The individual's yearning for companionship and happiness, despite feeling undeserving and constantly self-sabotaging relationships, points towards deep-rooted emotional struggles and difficulties in forming meaningful connections with others.",she is my friend because she pities me and cares enough,0.346873015165329
2282,"The person is expressing feelings of loneliness, alienation, and a lack of belonging. They describe feeling disconnected from their friends and potential romantic partners, as well as feeling isolated in their struggles. The creation of an imaginary 'someone' to talk to, which they relate to God, suggests a deep longing for understanding and connection. The mention of hitting themselves and feeling like they are going mental highlights a sense of despair and disconnection from reality.", Girls don't want to hang out with me because I'm not a typical douchebag like almost everyone,0.09060373902320862
2283,"The person is expressing feelings of alienation by mentioning feeling disconnected from their desired field of study, being far from home, missing their dog, and struggling with difficult relationships with teachers. They long for a simpler life and express distress about these various forms of alienation.","I dont want to study, and on top of that I have no idea what else to study",0.14653503894805908
2284,"The person describes taking treatment for anxiety and depression, specifically mentioning an SSRI medication. The inconsistent results, such as feeling normal and friendly some days but angry and unable to converse on others, indicate a struggle with the effectiveness of the medication. Additionally, the symptoms like racing thoughts, inability to slow them down, limited speech, fear of talking to others, sensitivity to light, lack of emotions or interests, feeling detached from reality, and intrusive thoughts of death align with challenges related to medication management and potential side effects of psychiatric medications. The person's questions about whether this experience is normal and how others cope with it further support the classification under medication related stress.","Thoughts of my death and killing myself randomly enter my head every day, sometimes for no reason at all",0.4387057423591614
2285,"The mention of therapy, medication, and relapsing indicates a struggle with mental health issues and dependency on medication, suggesting medication-related stress.","this dark voice in my head that tries to spit on everything good in my life ever going to disappear, or am I just doomed",0.1842680275440216
2286,"The writer seems to be experiencing feelings of alienation and detachment, possibly stemming from past experiences of being mistreated and undervalued in relationships. Despite being with someone who genuinely cares for them, the writer is struggling to reciprocate those feelings. This could be a result of not truly feeling deserving of love and kindness due to past trauma and mistreatment.","unable to feel strongly about him, never responding to him on time, flaking out on seeing him, constantly",0.35665079951286316
2287,"The person's mention of feeling like overdosing on all their meds, as well as the desperation to get high on something, indicates medication-related stress and potential substance abuse issues. The individual expresses a sense of hopelessness about their situation and appears to be struggling with internal conflict. The reliance on over-the-counter pain meds and cough pills, along with a desire for weed despite family disapproval, suggests a deep dependency on substances to cope with their mental state.","My dad just wants me to ""get better"" and stop living off him",0.26583677530288696
2288,"The person is clearly experiencing job-related stress as they mention struggling with work, receiving negative feedback from their boss, and being fired. This experience has likely contributed to their feeling of their life going downhill and lack of motivation.","come into work today , my boss tells my I am no longer meeting expectations, fires me",0.43899667263031006
2289,"The premise suggests feelings of alienation and not fitting in with one's age group and social norms. The individual expresses a sense of not belonging and being different from others of their age, leading to feelings of loneliness and isolation. They find it challenging to engage in social interactions and feel disconnected from the typical activities and interests of their peers. This alienation-related stress is highlighted by their struggle to find common ground in social situations and their perception of being ignored or left out. The person's inner conflict between their own preferences and societal expectations further exacerbates their feelings of alienation and detachment from their surroundings.","feel people are always talking and me I just say nothing, I wish I could talk but I can't think of anything, I don't know what to say",0.2187155932188034
2290,"The author's writing conveys feelings of isolation, detachment, and lack of connection with others. The language used suggests a deep sense of alienation and estrangement, as well as a distorted perception of self and society. There are themes of self-hatred, desperate need for acknowledgment, and a yearning for connection even if through extreme means. These elements indicate a state of alienation-related stress.","because, were i to bring a child into this world, they would surely have a tragic existence",0.23396411538124084
2291,"The person is expressing distress and aversion towards medication, indicating a struggle with accepting or coping with medication-related treatment for their psychosis. The mention of hearing things and difficulty sleeping also suggests a mental health concern that may necessitate medication intervention, contributing to the medication-related stress.", can't sleep cause I keep hearing things which is driving me crazy,0.37451088428497314
2292,"The writer of the premise seems to be experiencing alienation-related stress due to a series of difficult life circumstances that have led to feelings of being outcasted, judged, and misunderstood by their family and society. They express a deep sense of loneliness, lack of motivation, and a feeling of not belonging. These feelings of alienation and disconnect from others contribute to their depression and thoughts of suicide. The writer longs for understanding, support, and a sense of purpose to overcome their struggles and find happiness again.","my friends mom adopted us,ad some job problems, was thrown out, and because of that, money issues came in",0.20666898787021637
2293,"The individual's fascination with old abandoned buildings and the sense of mystery they find in them suggests feelings of alienation or disconnection from the present. They seem to be drawn to the past and the eerie atmosphere of abandoned places, which may indicate a sense of isolation or detachment from their current surroundings.",something creepy about the past...shown in present time,0.48688486218452454
2294,"The person's mental state is primarily focused on a relationship issue. The text indicates feelings of regret, rejection, loneliness, and uncertainty in terms of how to navigate the situation with the person they like but believe does not reciprocate their feelings. This emotional turmoil is typical of relationship-related stress.",",She‚Äôll barely talk to me, She was the last person I had",0.14534416794776917
2295,"The person is experiencing relationship-related stress, as indicated by the mention of triggering situations involving their boyfriend, arguments leading to crying episodes, feeling extremely awful, doubting the relationship, and focusing on all the negatives. These symptoms suggest a significant impact on their mental state due to relationship challenges, leading to feelings of despair and low self-esteem. Seeking outside opinions and asking for advice on fixing it also indicate a strong focus on relationship dynamics, further supporting the categorization under relationship-related stress.",irst it was just arguments over random things we disagreed on and slowly the crying episodes,0.2500826120376587
2296,"The person is experiencing medication-related stress due to being unable to afford their medications and lacking access to necessary mental health treatment. This is evident by their frustration over not having healthcare, inability to afford medications, and limited access to therapists and professionals due to transportation and financial constraints.",can't afford any of my medications because I'm a poor American and thus don't have healthcare ,0.46874892711639404
2297,"The person in the premise is seeking help for their depression, which indicates that they are experiencing mental health issues that require professional intervention. The mention of depression, anxiety, loss of a loved one, personal issues, avoidance behavior, feeling like a recluse, and the need for therapy appointments all point towards medication-related stress. The individual's struggle with depression, coupled with the need for therapy and support from their employer, suggests that their mental state is predominantly influenced by medication-related factors."," the loss of my dad as well as some other personal issues ,hated my job,fallout with some friends,bad breakup",0.2834518253803253
2298,"The individual is experiencing feelings of alienation and loneliness due to social anxiety, which is impacting their mental state. They express a sense of disconnect from others, feeling like no one cares about their problems. This alienation is manifesting in their behaviors such as isolating themselves, lack of motivation, and self-hatred. The individual desires to socialize and show others a different side of themselves, but feels overwhelmed by their negative self-perception. This sense of alienation and isolation is a key factor in their current mental state.","sitting here at 5 AM, drinking whisky and feeling like I've hit an all time low",0.14525292813777924
2299,"The person in this situation is experiencing feelings of alienation and disconnection. They feel like they are not good at anything, have trouble socializing, and believe that every time they try to do something, they mess it up. They also mention a lack of enjoyment in activities they used to like, such as video games, and feeling like they have disappointed everyone around them. Additionally, the person describes feeling isolated from their family members, with one loved one in prison and others expressing negative feelings towards them. This sense of alienation and inability to connect with others is a key indicator of alienation-related stress.","dad and step-mom don't take me seriously, They say I'm lazy because I never do anything,afraid because every time I leave my room I mess something up was rejected and I'm terrible at speaking to people and I just freeze up ",0.1766173243522644
2300,The person is expressing feelings of alienation and disconnection from their surroundings. The mention of feeling 'superficial' and being okay only for a short period of time before being triggered by a music video suggests a sense of not fitting in or feeling out of place in their environment. This feeling of not belonging can lead to feelings of wanting to escape or harm oneself.,"Chainsmokers music video, and just wanted to kill myself again",0.2520338296890259
2301,"The author of the premise expresses feelings of alienation and loneliness due to being in a foreign country, having no friends, and feeling isolated from their family members. The lack of social interaction, educational opportunities, and support from their parents have contributed to a sense of being 'stuck in purgatory' and not being able to live a fulfilling life. These factors indicate a state of alienation-related stress.","Four years ago my mom and stepfather made a move overseas from my home country, The transition has been difficult i feel alienated and haven't made any friends",0.479253888130188
2302,"The person is feeling alienated and disconnected after finding a sense of understanding and belonging with a group of people and now faces the prospect of losing this newfound support system, leading to feelings of alienation and distress.",now i will probably never see them again,0.08269566297531128
2303,"The person seems to be experiencing extreme distress and heartbreak due to the failed long-distance relationship. They express deep trust issues, feelings of unworthiness, and hopelessness about finding love again. The repeated experiences of heartache and betrayal have left them feeling devastated and insecure in relationships. Their emotional turmoil and self-deprecating thoughts are signs of relationship-related stress.",left in me some serious trust issues,0.37560468912124634
2304,"The person is experiencing symptoms of depression, anxiety, and insomnia, which indicates a significant mental health issue. The mention of being unable to sleep due to overwhelming thoughts and feelings of sadness and anxiety suggests a possible need for medication to improve sleep and manage the mental health condition.", My mind is cluttered with great amount of sadness and anxiety and when I lie down,0.5149242877960205
2305,"The person describes feeling alienated and overwhelmed by negative self-talk and voices in their head, leading to a sense of disgust and a desire to escape. They express a deep sense of loneliness and emotional pain, indicating feelings of alienation.",The voices start yelling ugly words at me digging at my festering wrist,0.28731027245521545
2306,"The person is feeling alienated and disconnected from others, struggling to communicate and feeling like they can't have a normal conversation without crying. They also mention feeling like they can't hear properly or understand what others are saying, indicating a sense of being isolated and disconnected from the world around them.","an't even communicate properly to anyone , feel like I can't even hear properly or understand what anyone's saying",0.5366978645324707
2307,The person is experiencing relationship-related stress due to the loss of a partner and feelings of failure in helping them through their depression.," My partner has also been having really bad depression, been trying my best to help her get better, Today she finally ended it all,I tried so hard to help her, yet I failed",0.5779207944869995
2308,"The premise illustrates a deep sense of strain and distress in a romantic relationship. The feeling of losing trust and not being understood by the significant other can lead to feelings of guilt, self-doubt, and emotional turmoil, which are typical signs of relationship-related stress.",And I'm scared. ,0.08656033128499985
2309,"The individual expresses feelings of inadequacy and alienation when comparing their life to others, especially peers from high school who are already married with families and successful careers. The sense of hopelessness and self-criticism towards their own life situation, as well as the fear of not being able to change or improve, indicate a state of alienation-related stress.",barely make it through a day at work just to get home and collapse into my bed feeling like I just ran a marathon ,0.05810525268316269
2310,"The person's mention of a fear of not being able to be 'normal' after overcoming depression indicates feelings of alienation and disconnect from others. This fear suggests a sense of not fitting in or being accepted, which is characteristic of alienation-related stress.","everything that goes a little downhill in my life spurs this fear that I might not be able to be ""normal""",0.5476070046424866
2311,"The person is expressing feelings of emptiness, disconnection, and lack of meaning, which are typical indicators of alienation-related stress. They mention engaging in various activities like making a video game, planning a wedding and honeymoon, and considering future plans, but still feel that none of it has substantial meaning to them. This sense of meaninglessness and detachment reflects a state of alienation-related stress.","also semi-seriously making career,retirement plans, and thinking about the futures of my parents and niblings and sister and in-laws",0.23016303777694702
2312,"The person's mental state seems to be related to relationship stress. The individual appears to be experiencing confusion and self-doubt due to their interactions with someone they were interested in romantically. The lack of reciprocation and the individual's struggles with the behavior of the person they are attracted to have led to feelings of loneliness, exhaustion, and questioning their worth. The person's contemplation on the connection between being alone and feeling depressed, as well as their desire for support and motivation from a relationship, indicate a significant focus on relationship-related stress.",He ignores me or tries to set up a hook-up date and then pretty much just blows me off anyway,0.23614318668842316
2313,"The person mentions feeling isolated, ashamed, and not reaching out to people who once meant a lot to them. This indicates a sense of disconnection and loneliness, which are common signs of alienation-related stress.",aven‚Äôt reached out to people who once meant very much to me,0.3077431917190552
2314,"The mention of depression, exhaustion, and a desire to feel okay again suggests a mental state related to medication stress. The feeling of being tired and lack of energy could indicate struggling with finding the right medication or treatment to alleviate the symptoms of depression.",just tired,0.2953645586967468
2315,"The person seems to be in a good mental state as they are motivated and proactive about self-care and improving their habits, showing a positive outlook towards achieving their goals and feeling a sense of accomplishment with each small step.", habit tracking app,0.3453720211982727
2316,"The person is expressing concern about leaving their fiancé, who has depression and anxiety issues, for a trip. The mention of their fiancé getting upset to the point of being unproductive when they are away indicates a significant level of relationship-related stress. Furthermore, the person's desire to find ways to help their fiancé be happy during their absence highlights the emotional strain in the relationship."," she's in a rut and can't be productive, I understand it because I have the same feelings..to a milder degree",0.3003053665161133
2317,"The predominant feeling expressed in the premise is one of alienation, detachment, and nihilism. The person seems to believe that human existence is devoid of meaning and purpose, leading to a sense of disconnection from society and a lack of fulfillment in life. They express a deep sense of isolation, viewing themselves as a mere spectator in a world controlled by external forces such as corporations and religion. This existential crisis and questioning of reality align with the mental state of alienation-related stress.",Humans can be broken easily,0.20069622993469238
2318,"The person in the premise is experiencing job and career-related stress. They had to let go of their dream career as a police officer due to various physical and emotional challenges. The stress from this decision has been causing them severe distress and a feeling of purposelessness. Their current job is described as eating away at their soul, indicating significant dissatisfaction and misery related to their career. These factors point towards the mental state of job and career-related stress.",Well in short: a bunch of excuses,0.16712185740470886
2319,"The individual feels disconnected or alienated from their aspirations, motivation, and work. They express a lack of interest in setting goals or working towards a future, attributing it to their depression and lack of effectiveness of medication.","blame it on my depression and my antidepressants not working, have no aspirations in life,  have no motivation to do any work",0.50572669506073
2320,"The person is experiencing feelings of alienation, isolation, and envy towards happy people. They are unable to remember what happiness feels like and express jealousy towards others' happiness. These feelings of disconnect and craving for change in their emotional state indicate an alienation-related stress.", getting closer to the end,0.11841720342636108
2321,"The person is experiencing mental health issues such as depression and anxiety since middle school but has not received proper medication for it. The lack of support and belief from their parents in addressing the depression indicates a level of medication-related stress. They are now seeking professional help and have questions about medication, showing a concern and possible interest in exploring medication options for their mental health issues.", my parents never really followed through getting any medication for m,0.45006707310676575
2322,"The person is feeling stressed about work, but a significant portion of their distress seems to stem from feeling alone and unfulfilled in relationships. They express bitterness and feelings of being the 'third or fifth wheel', indicating relationship-related stress.",feel a great deal of stress with my work and having this heaped on top certainly doesn't help,0.33874380588531494
2323,"The language in the premise suggests a deep preoccupation with the state of mind and repeated reinforcement of the belief of being depressed, indicating a focus on mental health. The individual seems to be questioning their own feelings and doubting the authenticity of any positive emotions experienced, which could point towards a medication-related stress or concern.","will never be happy and this is a fleeting moment, and that thought itself acts as ‚Äòevidence that I‚Äôm depressed",0.5262185335159302
2324,"The person expresses fear and hesitation about taking medication after years of refusing it, indicating a high level of stress and concern related to medication. The individual is also struggling with feelings of depression, which may have led them to the decision to seek medication. This state of mind is commonly associated with medication-related stress.",cared of my state of mind and that I need medication,0.5399370193481445
2325,"The person is feeling alienated, isolated, and overwhelmed by negative thoughts and emotions. They are experiencing a sense of disconnection from themselves and the world around them, which is leading to a feeling of being stuck in a cycle of self-hate and helplessness.",full of self hate and want to cry but can't,0.4922791123390198
2326,"The person is describing a long-standing struggle with depression, including feeling comfortable with it and experiencing thoughts of suicide. These are indicators of a severe mental health condition that might require medication for management. Additionally, the mention of personal obligations based on relationships and religion preventing the person from ending their life suggests they are aware of responsibilities that tie them to continued existence, despite their inner turmoil.",ets me through my ruts in life by making me feel nothing,0.2998742163181305
2327,"The person feels alienated based on the fact that when they mention having a difficult life without going into detail, they are often dismissed with responses like 'everyone has had a hard life'. This pattern of responses can make the person feel isolated, misunderstood, and disconnected from others, hence the categorization as alienation related stress."," I have had an extremely hard life,",0.4426204562187195
2328,"The person who wrote the premise is feeling overwhelmed, lonely, and has a sense of worthlessness primarily due to their struggle with forming close relationships and feeling left out. They mention not having any close friends they can trust or talk to, not having dated anyone at the age of 22, feeling forgotten by their high school classmates, and not knowing how to make friends in college. These relationship-related stressors, including feelings of social isolation, unfulfilled social needs, and concerns about acceptance due to their mild autism and physical appearance, point towards relationship-related stress as the primary category affecting the mental state of the individual.","happen to be mildly autistic, in school, word spread about it and plenty of people started talking to me as though I was retarded,",0.27576908469200134
2329,"The person expresses feelings of loneliness, sadness, and alienation from society. They feel useless and believe that nobody sees them or values their presence. This sense of being disconnected from others and feeling unnoticed or unimportant indicates a state of alienation-related stress.",don't like to burden other with my problem,0.1817978322505951
2330,The person is experiencing alienation-related stress as they feel disconnected from positive emotions and believe that staying in a depressed state and eventually killing themselves is the only way to maintain their sense of normalcy and familiarity. This sense of detachment from positive emotions and self-sabotaging behavior indicate a deep alienation from themselves and the world around them.," Ive rejected all suggestions for help from a professional, as that would mean i wouldn't feel depressed all the time",0.2632143795490265
2331,"The person in the premise seems to be feeling alienated or disconnected, as they were expecting a gesture from a large corporation like Google to acknowledge their birthday and felt disappointed when it didn't happen. This sense of alienation can lead to feelings of sadness and isolation.",Last year I set an event so at least Google would wish me a happy birthday and it didn't work,0.6341111660003662
2332,"The language used in the premise indicates feelings of alienation, distrust, and disbelief in genuine connections with others. The person seems to be struggling with deep-seated beliefs of being isolated and not being able to trust anyone or anything, leading to a sense of alienation.", can't trust anybody and nothing,0.3582844138145447
2333,"The person's description of feeling down, depressed, and lacking purpose, as well as their expressed desire to end their life and feelings of not being cared for by their family, all indicate relationship-related stress. The mention of feeling like a disappointment to their family and the negative interaction with their mother when sharing feelings of suicide highlight strained relationships in this person's life as significant sources of distress.",m a disappointment to my family and no one cares about me,0.3690822720527649
2334,"The person expressed deep feelings of loneliness, abandonment, and feeling unheard in their relationships with their husband and family. The mention of wondering how their loved ones would react if they found the writing and the fear of being perceived as a burden or insignificant suggests a high level of relationship-related stress. The intense emotional pain described in the text also indicates a profound sense of despair within their interpersonal relationships.",Wondering why life is full of darkness,0.2498721182346344
2335,"The writer expresses feelings of alienation and isolation due to their mental illness. They feel that mental illness is not given the same attention or care as physical illnesses or injuries. The writer also mentions being ridiculed, feeling like a 'freak', and struggling with inner sadness, which are all indicative of alienation-related stress. These feelings of being misunderstood and mistreated contribute to their overall sense of alienation from society.",you can imagine the pain I feel when people called me a faker,0.23786917328834534
2336,The person in the premise is feeling overwhelmed by a sense of alienation and inability to meet societal expectations. They are experiencing a deep sense of shame and inadequacy when comparing themselves to their peers who have achieved more. This feeling of going nowhere and lack of motivation to pursue a job or education indicates a struggle with feelings of disconnection and isolation from the world around them.,have the energy to get a job or go to school. I dropped out before my freshman year of community college,0.3133592903614044
2337,"The person expresses feelings of loneliness, fatigue, and the desire to disintegrate, indicating alienation-related stress. Additionally, the mention of good memories with supportive parents highlights a longing for past connections that contrasts with their current feelings of isolation and weariness."," so lonely, I'm just so tired",0.2923676371574402
2338,"The person is expressing feelings of emptiness, self-doubt, and questioning their existence, which are common signs of alienation-related stress. They feel disconnected from themselves and are struggling with negative self-perceptions, which is causing them deep emotional pain.",mind digs itself deeper and deeper into a hole,0.31052276492118835
2339,"The person expressed feelings of hopelessness, isolation, and a lack of real happiness due to social isolation. These feelings of alienation and disconnection from others are key indicators of alienation-related stress. Additionally, the person mentioned using ADD stimulant medication to cope with social isolation, indicating that this aspect of their life has been a significant source of distress for them.",stimulant meds to cope woth my social isolation and and I finally got rid of them,0.5729087591171265
2340,"The person is struggling with crippling depression and anxiety on a daily basis, indicating a mental health condition that requires medication. The mention of having brilliant flashes of motivation and determination, only for them to falter away, along with feeling unmotivated and unsure of capabilities, suggests a pattern commonly associated with medication-related stress and the challenges of finding the right treatment to manage their mental health issues.",can't think of a way to put my capabilities to good use,0.18951773643493652
2341,"The person is experiencing relationship related stress as they have strong feelings towards their best friend, which brings them happiness, but at the same time, these feelings are causing them much distress and contributing to their depression and feelings of despair. The conflicting emotions and the uncertain nature of the relationship are leading to a significant amount of emotional turmoil for the individual.",ven my feelings for her so half the time she is the only hope,0.18383532762527466
2342,"The individual is expressing feelings of alienation, emptiness, and paranoia, which are often associated with alienation-related stress. They feel disconnected from their previous happy personality and believe that their friends may be noticing their struggles and wanting to distance themselves. This sense of isolation and detachment is indicative of alienation-related stress.",getting paranoid that my friends are noticing and deciding to remove me from the situation,0.39271852374076843
2343,"The person is expressing feelings of inadequacy and pressure due to perceived high expectations from their intelligent family members, resulting in a sense of alienation and disconnection from their own abilities and accomplishments. The mention of suicide indicates a deep sense of emotional distress and isolation, often associated with alienation related stress.",failed my geometry class (i'm in 11th grade btw i should've taken it last year,0.03527545928955078
2344,"The person's mental state seems to be significantly impacted by relationship-related stress. The individual feels devastated after experiencing unrequited love and rejection, and is struggling with feelings of loneliness and hopelessness. The focus on the failed romantic relationship and inability to move on suggests a deep emotional distress stemming from the romantic situation. This heightened emotional turmoil around relationships indicates a strong correlation with the Relationship-related stressed category.","Today she friendzoned me and said she's staying with her boyfriend, and now I'm completely alone all over again with no friends and nobody",0.2758510112762451
2345,"The person seems to be talking about two movies they enjoy or find meaningful. This indicates a positive mental state, possibly excitement or joy about the movies.",Perks of Being a Wallflower,0.14408980309963226
2346,"The individual is expressing anxiety and fear about the potential termination of therapy, emphasizing the importance of getting better. The mention of medication and hope for improvement suggests a focus on mental health treatment, pointing towards medication related stress.",therapist is thinking about terminating me seeing her due to the fact that im not making any progress,0.33391571044921875
2347,"The person is experiencing relationship-related stress due to depression, being cheated on, and a break-up. These events can significantly impact one's emotional well-being and indicate distress in personal relationships, leading to the category of relationship-related stress."," being cheated on and break-up , Great combo ",0.43172454833984375
2348,"The person expresses feelings of alienation, loss, and hopelessness, indicating a sense of disconnection from themselves and the world around them. They mention feeling lost, having lost close family members, lack of satisfaction from hobbies, unemployment, and lack of motivation, all of which contribute to a state of alienation-related stress.",m kicked out with no job and no school,0.159542977809906
2349,"The person mentions feeling depressed and feeling the need to find a therapist who understands what they are going through. They also discuss their coping mechanism of drinking several cans of beer, indicating a lack of chemical imbalance awareness. These could be signs of medication related stress.",WORST  month of my life and I have been through A LOT OF SHIT during the last 27 years of my existence,0.2635948657989502
2350,"The person seems to be experiencing relationship-related stress, as indicated by the recent breakup with their boyfriend and seeking comfort and physical attention from someone else. The behavior of wanting company, seeking emotional support, and escalating to physical intimacy with the ex's friend suggests a desire to fill the emotional void left by the breakup. The difficulty in being alone could stem from the need for validation, affection, and reassurance in the aftermath of the breakup.",boyfriend dumped me yesterday and I was very depressed and down so I asked my ex's friend if he wanted to hang out ,0.4526174068450928
2351,The individual's excessive intake of Benadryl (diphenhydramine) without counting the number of tablets taken indicates a possible medication-related stress. The fact that the person took a higher than recommended dose of 175mg and is now experiencing a stomach ache raises concerns about potential overdose and its adverse effects. The reluctance to seek medical help or disclose the situation to parents suggests a level of anxiety or stress related to medication use and its consequences. It's important to prioritize one's health and seek professional medical advice in cases of medication overdose.,sed to take benadryl regularly for sleep so my tolerance is pretty high,0.4769662916660309
2352,"The person has been experiencing a positive mental state recently as described by feeling calm and almost happy. The impact of reading Viktor E. Frankl's 'Man's Search For Meaning' has been particularly beneficial for the person, which suggests they are in a good state of mind.",My wife said I'd been particularly calm and almost happy ,0.32409989833831787
2353,"The person is feeling depressed on their birthday and wishes to open up about their depression. They mention feeling like a burden, which is a common concern for individuals dealing with mental health issues. This indicates a significant level of distress related to medication and mental health, reflecting a medication related stress.",21 years old and nothing to show for it,0.14248548448085785
2354,"The person seems to be experiencing a deep sense of alienation and disconnection from their emotions and others, feeling like they are merely imitating emotions without truly feeling them. They describe feeling like an AI trying to pass off as human, indicating a profound sense of detachment from their own identity and the world around them. The inability to express emotions and the constant need to pretend may stem from a feeling of isolation and alienation, leading to a state of emotional emptiness and detachment. The mention of hope and desire for purpose and freedom to express themselves suggests a longing for connection and authenticity amidst the perceived alienation.",let them out and eventually they fade away into the emptiness,0.393227219581604
2355,"The person is experiencing alienation related stress as they feel disconnected from their own life in comparison to the fantasy world of the cartoon Adventure Time. They are longing for appreciation and friendship, which they believe the characters in the show have more of than in their own life.",not be alive or just be in somewhere where I'm appreciated and have friends.,0.2712928056716919
2356,"The person seems to be feeling alienated or disconnected from the idea of success, potentially due to feelings of inadequacy or not meeting certain expectations. This feeling of not being strong physically and mentally compared to successful people can lead to a sense of alienation or being different.","Successful people are usually strong physically and mentally, and I am neither",0.5815099477767944
2357,"The individual's feelings of worthlessness, self-hatred, and constant struggle with negative thoughts indicate a deep sense of alienation and disconnect from themselves and the world around them. They feel like they are unable to meet unrealistic expectations and believe they are cursed to live a life of perpetual self-loathing and pain. The overwhelming feeling of being trapped in a cycle of despair and the desire to break free from this curse suggests a state of alienation-related stress.","white noise becomes a ringing that becomes banging in my head screaming ""YOU ARE WORTHLESS"" in a mask of my own voice",0.2995179295539856
2358,"The person mentions symptoms such as being unwell, unable to sleep, horrible headache, and racing thoughts, which are typically associated with depression. This indicates that the mental state is medication related stressed.",can‚Äôt sleep because of this horrible headache,0.3454979658126831
2359,"The person is experiencing a high level of alienation and disconnect from their surroundings. They feel detached from their previous self, from their social circle due to OCD/body dysmorphia problems, from their job due to being fired, and from their own well-being due to destructive behaviors. This sense of alienation is further emphasized by the lack of close relationships, social anxiety, and feelings of not being understood or appreciated. The internal struggle between the desire to end their life and the consideration of the impact on their 13-year-old cousin reflects their internal conflict and sense of isolation.","got fired from my job, blown all my money on gambling and prostitutes",0.1388670802116394
2360,The individual expresses feelings of alienation and a lack of understanding from those around them. They mention feeling weird to be happy and emphasize the importance of someone finally understanding them and their situation. This sense of relief and happiness after being understood indicates a state of alienation-related stress.,should be feeling proud of myself and all it just feels weird to feel happy,0.3368322253227234
2361,"The mention of thoughts causing havoc, sleep issues, feeling futile, and being on medication and seeing a shrink point towards medication-related stress. The individual is struggling with self-worth, feels like a failure, and experiences misery despite knowing that these feelings are due to depression. The reliance on medication and therapy to cope with intrusive thoughts and sleep problems further supports the categorization of medication-related stress."," justify my expensive bills from my shrink, At least I no longer spent the night tossing and turning in bed thinking, I take my meds and sleep will come. ",0.5182292461395264
2362,The language and sentiment used in the premise suggest feelings of alienation and loneliness. The mention of being in a place for loners to feel lonelier and the desire to break free through actions indicate a sense of disconnection and alienation from the environment.,just a place for loners to feel lonelier,0.7440736293792725
2363,"The person expresses a sense of alienation and loneliness, emphasizing the difficulty in finding good friends. The mention of being a gamer and seeking friends who share the same interest could indicate a feeling of disconnectedness from others in their social circle, leading to a sense of alienation.",just would like to find decent friends,0.2678455412387848
2364,"The person expresses feelings of alienation and a lack of enjoyment in activities, leading to a sense of life feeling pointless.","don't enjoy anything anymore, so I just occupy myself with meaningless bullshit to help the time pass.",0.3206779956817627
2365,"The language used in the premise indicates feelings of alienation and hopelessness, as well as thoughts of self-harm. The mention of not having access to certain methods to end life and expressing a sense of inevitability suggests a state of alienation related stress.",have any bitcoin so I can‚Äôt order the right drugs online,-0.026782874017953873
2366,"The person mentions struggling with inner demons, procrastination, escapism, depression, and having taken medication in the past. The fact that they stopped taking the medication four months ago and are now considering Metacognitive Therapy (MCT) indicates a significant focus on medication and treatment-related issues, leading to a state of medication-related stress.","am not at all prepared for the exams, For 2 years now I've been struggling with inner demons,procrastination, severe escapism, depression",0.5045906901359558
2367,"The premise reflects feelings of alienation and a sense of emptiness in life, where the individual longs for a deeper purpose or cause to give their life meaning beyond just a paycheck. This suggests a sense of disconnection or lack of fulfillment in their current situation, leading to feelings of alienation.",ish there was something to fight for other than a paycheck at the end of the month,0.22358906269073486
2368,The person seems to be in a good state of mind as they are discussing a sensitive topic like depression and seeking advice on how to communicate effectively with others about it. They are likely looking for ways to support themselves and others in a positive manner.,How do you talk to people about depression,0.6453205943107605
2369,"The use of phrases like 'I'm boring', 'I'm replaceable', 'I'm undesirable', indicates feelings of alienation and low self-worth. Expressions such as 'I push people away with my insecurities' and 'I hate myself so much' further suggest a sense of isolation and disconnection from others, which are common indicators of alienation-related stress.","m replaceable, I'm undesirable,I'm not attractive, I'm retarded",0.478535532951355
2370,"The mental state of the person who wrote the premise seems to be related to relationship-related stress. The individual expresses deep grief and sadness over the sudden loss of their mother, whom they had a close and supportive relationship with. The unresolved emotions and guilt surrounding the circumstances of their mother's passing, as well as feelings of loneliness and isolation following the loss, are indicative of relationship-related stress. Additionally, the individual describes a traumatic experience of being gaslighted and emotionally manipulated by their social circle, leading to a profound sense of worthlessness and isolation. The unresolved trauma from these toxic relationships has further exacerbated their emotional distress and sense of betrayal. The person's yearning for understanding, validation, and genuine connection underscores the impact of relationship-related stress on their mental well-being.","death was sudden and unexpected because, as she did, she hid her own issues from me to lessen my burden",0.4824077785015106
2371,"The person expresses feelings of failure and disappointment in themselves for not being able to achieve their goals. This could be a sign of alienation-related stress, where the individual feels disconnected and isolated from their desired self-image and aspirations.",become worse and just lie in bed all day now,0.15990857779979706
2372,"The author's description of talking a lot flippantly and struggling with self-hate, but ultimately realizing they don't actually hate themselves, could suggest underlying mental health issues such as depression. The mention of having depression their whole life and feeling a lack of interest or investment in themselves aligns with experiences commonly associated with medication-related stress.", hating or loathing someone takes this huge amount of energy.,0.4225199520587921
2373,"The person is expressing feelings of isolation, alienation, and a constant need for human contact despite having friends and family. This sense of not wanting to bother anyone and feeling desperate for inclusion and love indicates a state of alienation related stress. It is common for individuals experiencing alienation to struggle with feelings of disconnection from others and a desire for human connection. In this case, it would be advisable for the person to reach out to friends for support and connection, as social interaction and seeking help can help alleviate feelings of isolation and loneliness.","feel isolated and I just don't want to bother anyone, Desperate for human contact, feeling included",0.620223879814148
2374,"The user is expressing feelings of depression, thoughts of suicide, and loneliness. These are clear indicators of medication-related stress, which can be a result of a lack of effective treatment or inadequate support for mental health issues.", steadily losing people whom I can talk to,0.2627851366996765
2375,"The person expresses feelings of disconnection and numbness, indicating a sense of alienation from their surroundings and themselves. They mention not being able to feel things and feeling as though they are not there, which are common signs of alienation-related stress. The individual feels trapped in a fog in their head, further highlighting the theme of feeling disconnected. The desire to be alive again and the belief that only they can help themselves through this fog suggest a deep sense of disconnection from external sources of support or understanding.","ever since I've been a little kid I've noticed that I'm not present, don't want to ignore it",0.15928113460540771
2376,"The person is experiencing feelings of numbness, disconnection, and a sense of shallowness despite having a supportive girlfriend, friends, low stress life, and creative outlets. These feelings may indicate alienation and a sense of detachment from their surroundings and relationships. Additionally, the person is struggling with engaging in activities they normally enjoy, such as writing and spending time with loved ones, and is finding it difficult to understand their own emotions and behaviors. The inability to sleep at 2 am despite having work early in the morning further suggests a sense of disconnect from their daily routines and responsibilities, contributing to the overall feeling of alienation.","haven't talked to any of my friends, and I have a ton of trouble even talking with my girlfriend",0.13340076804161072
2377,"The person is experiencing a lot of negative thoughts and feeling overwhelmed, which indicates a struggle with mental health. The mention of needing to talk to someone ASAP suggests a need for immediate support and possibly medication-related stress.",eally need to talk to someone ASAP I don't feel good,0.35240334272384644
2378,"The person is seeking help for depression and researching antidepressants, which indicates medication related stress. They are specifically concerned about Wellbutrin causing anxiety, linking their anxiety to the medication they are considering.","want to be left alone/don't want to talk to people, unproductive",0.13292059302330017
2379,"The premise reflects a feeling of tension in a relationship where there is a conflicting expectation of openness and support, but also criticism for expressing true feelings. This suggests relationship-related stress.",can talk to you about anything but at the same time you keep saying quit being so negative and bringing the mood down,0.3074072301387787
2380,The language used by the parent in the premise is emotionally abusive and biased towards body image. The negative and dehumanizing words used to describe the individual's body and the feelings of disgust and disappointment indicate bias or abuse related stress., been chubby and we had other problems since my mom was depressed,0.1798938363790512
2381,"The person's feeling of alienation from friends and family, as well as the preference to be alone, inconsistent training, procrastination with college work, slipping diet, and the feeling of being trapped inside a different personality all suggest a sense of alienation and detachment from their usual self and surroundings. This alienation and disconnect might be causing them to feel lazy, sad, and not nice to be around. Seeking validation and advice anonymously online instead of discussing it with friends or seeking professional help also aligns with feelings of alienation.",feel lazy and sad and like I'm not a nice person to be around,0.43872666358947754
2382,"The person is expressing feelings of being overwhelmed by relationship-related stresses, including concerns about not meeting their fiance's expectations, feeling like a burden, and experiencing self-doubt due to a critical voice in their head that sounds like their father. These relationship-related worries are causing them to feel stuck and unable to see a way out of their current emotional state.",a voice in my head that sounds very familiar to me father's that just tears me down from the inside out when I get down,0.4477972984313965
2383,"The person's description of experiencing extreme shifts in emotions and mental states throughout the day, with feelings of being suicidal at night and questioning the validity of their depression, suggests a deep struggle with mental health. The intensity of these feelings and the drastic changes indicate a significant level of distress and emotional instability. The mention of feeling numb, dissociated, and living in limbo also indicates a possible need for medication management or therapy intervention to address these severe symptoms.",hen I invalidate my depression and I question if I do really have it or not,0.39029908180236816
2384,"The writer expresses feelings of inadequacy, worthlessness, and an inability to acquire skills, which suggests a sense of disconnect from oneself and a perceived lack of belonging or purpose. These feelings are indicative of alienation-related stress, where one feels isolated or disconnected from the world around them.",so maddening to feel like a loser,0.3779568076133728
2385,"The language used in the premise indicates a sense of alienation and isolation from others, leading to thoughts of self-harm or suicide. The feeling of being misunderstood or unappreciated by others can intensify these emotions.","sent everyone my final goodbye to them, the way they behaved makes me want to die more",0.2512580156326294
2386,The person's contemplation of past childhood experiences leading to depression and difficulty in sleeping indicates a sense of alienation and disconnect from their surroundings or themselves.,"Sometimes without even meaning to, I will just sit here and think about the accumulative shit that went on in my childhood",0.31069642305374146
2387,"The mention of feeling irritable, impatient, wanting to spiral out of control, and seeking physical pain as a relief indicates a medication-related stress. The individual's struggle to refrain from harming themselves or using drugs further supports this categorization. These feelings can be a result of fluctuations in medication efficacy or dosage, which may require adjustments or additional support from healthcare professionals.",harming myself or doing drugs ,0.5356776118278503
2388,"The person is experiencing feelings of loneliness, alienation, and a lack of human connection due to their circumstances of being autistic, with disabilities, and spending most of their time alone. The absence of family support, infrequent visits from care workers, and lack of regular social interaction have contributed to their sense of feeling unwanted and unsure about their friendships. This deep sense of loneliness and longing for human connection is indicative of alienation-related stress.","utistic, with disabilities and unable to go out on my own,have no family but care workers come a few hours a day to care for me",0.44767147302627563
2389,"The person's mental state appears to be heavily impacted by relationship-related stress. The individual is struggling to accept the reality that the person they desire does not reciprocate their feelings and is in an abusive relationship. This unrequited love and the emotional turmoil caused by the situation are evident throughout the text, leading to feelings of heartbreak, confusion, and a sense of longing. The person's fixation on the unattainable individual and the pain caused by the situation indicate a significant level of relationship-related stress."," She loves a man who abuses her in every way possible. And while I'm wondering if his physical abuse is worse than his mental and verbal abuse, you're in love with him and refuse to leave him",0.4090449810028076
2390,The person who wrote the premise is experiencing relationship-related stress. They are concerned about their Deaf friend's mental health and previous struggles with depression and suicidal thoughts. The discovery of self-harm scars on their friend's arm has heightened their worries about not being able to prevent a potential relapse. This emotional burden and fear of not being able to provide enough support in a future crisis indicate a significant level of relationship-related stress and concern for their friend's well-being.," she felt like a burden to the people around her,  Having to learn a new language just to talk to her, not listening to her because they don‚Äôt understand her voice, and not wanting to communicate with her at all",0.3717484474182129
2391,"The person is feeling depressed and mentions issues with their boyfriend, feeling like he is close to giving up. This relationship stress and fear of abandonment seem to be the main source of their current mental state.",my boyfriend is really worn i,0.10700786113739014
2392,"The person expressing the premise has a history of depression and anxiety for a long period of time, resulting in a recent official diagnosis. They have mentioned experiencing a rough year in 2017 due to anxiety and depression, indicating ongoing struggles with mental health. The person also expresses feelings of fear, sadness, and panic regarding the news of their friends' pregnancies, which suggests heightened emotional distress. Furthermore, the individual feels drained and lacks mental energy, struggling with feelings of numbness and isolation. These symptoms and reactions indicate a significant level of distress and the need for medication-related support.",worn Out by me and I feel like he is very close to giving up,0.21088531613349915
2393,"The person is expressing feelings of alienation, detachment, and a sense of disconnection from others and their emotions. They seem to be struggling with a change in their emotional state and find it difficult to connect with people, ultimately feeling lonely and distant. This sense of alienation and inability to form meaningful connections with others is a key indicator of alienation related stress.",retty much rather be an emotional sensitive wreck than an emotionless person that keeps to themselves,0.3475620150566101
2394,"The person expresses feelings of worthlessness, undeserving of help, and a sense of alienation from others. They also mention not finding solace in opening up to people, indicating a deep sense of isolation and disconnection from their surroundings.",just want to leave. I‚Äôm done living,0.13700373470783234
2395,"The person is experiencing relationship-related stress due to struggles in their romantic relationship, which is exacerbating their pre-existing mental health issues such as depression and heart palpitations. The mention of the girlfriend initially making them happy, but now contributing to negative thoughts, indicates a significant source of distress in their life. Additionally, the person's history of being bullied, going through a difficult breakup, losing their religion, and questioning their sexual orientation further contribute to the complexity of their relationship stress.",bullied hard in elementary and middle school. the sadness strengthened its grip on my throat around freshman year of highschool because of a break up i went through,0.31691989302635193
2396,The person is expressing feelings of alienation and disconnect from their parents due to their absence during their upbringing. They feel like strangers with their parents and have missed out on important moments in their life. This lack of emotional connection and understanding from their parents has led to feelings of being alone and handling everything on their own. The sense of abandonment and disconnection is causing distress and a wish to not have been born into this situation.,"my  parents , about 2 months now, without a job, always nagging and yelling at me",0.3418514132499695
2397,"The person is experiencing relationship-related stress due to their father's insistence on taking them to a bar for their 21st birthday, causing feelings of anxiety and depression.","my ""dad"" seems adamant about taking me to some bar to get me drunk which I'm not too thrilled about,",0.5132791996002197
2398,"The use of strong language, feeling at one's worst, inability to sleep, and the need to pretend to be okay while interacting with others all suggest feelings of alienation or disconnection from oneself and/or others.",don't want to get back to school yet,0.10061916708946228
2399,"The person is experiencing intense feelings of depression, thoughts of suicide, and overwhelming self-doubt, indicating a serious mental health issue that may require medication intervention. Additionally, the person mentions that their brain is so consumed with negative thoughts that they are unable to focus on studying. The family's inability to take time off work to support each other further exacerbates the situation, contributing to the person feeling burdened and helpless in their current state.",used to have in myself being other than a failure has crashed to pieces for the millionth time.,0.2683943510055542
2400,"The person is experiencing alienation related stress as they feel isolated, misunderstood, and judged by their friends for their clinical depression. The lack of support and understanding from their friends is making them feel worse and contributing to their sense of alienation and loneliness.", been having frequent breakdowns at school and I feel like most of my friends are getting sick and tired of me,0.39894920587539673
2401,"The person is experiencing relationship-related stress. They met someone, opened up about their struggles, and noticed the other person's reaction made them feel like a burden. This led to feelings of fear of abandonment and ultimately resulted in the decision to stop talking to the other person in an attempt to protect them from further distress.",aid her multiple times that if I'm a burden she should just forget and not talk to me like everyone else,0.2667626142501831
2402,"The person is experiencing relationship-related stress as they are at risk of being kicked out by their brother due to financial constraints, which in turn is causing the person to feel overwhelmed and anxious about their living situation and future. This impending homelessness is impacting their mental state and causing distress.",be kicked out to find a job,0.31316015124320984
2403,"The person is expressing feelings of frustration and distress related to their illness and the impact it has had on their life. They mention being denied acknowledgment of their illness for years, until receiving medication last month. Additionally, they talk about the effects of their illness on their ability to progress in college and at work, as well as the challenges they face on a daily basis such as fear, panic, and physical paralysis. The person also fears losing their job due to their condition. Overall, the emphasis on the illness, medication, and the struggle to communicate their experiences to medical professionals point towards medication related stress.",just am not physically capable today of very simple things,0.22097530961036682
2404,"The description of persistent suicidal ideation, feelings of wanting to die, feeling overwhelmed, and the underlying trauma of a past rape indicates a significant level of distress and mental health concerns. The mention of suicide methods like stabbing oneself and being hit by a bus, along with the desire to escape reminders of the trauma through death, suggests a need for professional support and intervention. The reluctance to seek professional help and questioning the normalcy of these thoughts are common barriers faced by individuals experiencing such struggles. Seeking therapy or counseling can provide the necessary support and coping mechanisms to address these complex emotional issues.",was raped a few years ago but have never spoken to someone professional about it,0.4749971926212311
2405,"The person is expressing feelings of alienation and a sense of disconnect from others. They mention feeling ungrateful and wanting to make a positive impact on the world, but also acknowledge a struggle with finding peace and believing in the future. These thoughts reflect a sense of alienation and uncertainty about their place in the world, which points towards alienation related stress.","don't think I'll ever find peace, even if I achieve all my dreams",0.25430822372436523
2406,"The person mentions receiving disability for epilepsy, which indicates a medical condition that requires ongoing care and potentially medication. The relief from worrying about money and not having to work physically demanding jobs anymore suggests a newfound sense of stability due to the disability support. The mention of never getting a learner's permit or driver's license after the diagnosis implies a significant impact of the medical condition on daily life activities. The person's focus on pursuing their passion for animation now that they have financial stability also indicates a positive shift in their mental state. The overall tone of gratitude and positivity towards others despite past struggles further aligns with a medication-related stress being alleviated.",disability for my epilepsy,0.5460137128829956
2407,"The person is feeling alienated and isolated due to a lack of understanding and support from others. They express frustration and sadness over their struggle to make friends and maintain relationships, highlighting feelings of being misunderstood and dismissed. This sense of alienation is further exacerbated by their health problems causing mood issues and leading to misunderstandings and conflicts with others. The repeated experiences of people distancing themselves or causing rifts despite initial expressions of support have left the person feeling isolated and rejected, longing for genuine connections and understanding.",first people claim to understand and will stick with me but in the end they just ignore me or some stupid argument causes a rift,0.4352719783782959
2408,"The person is expressing feelings of alienation, detachment, and a sense of numbness. They feel like they are just functioning and that nothing makes sense to them. Despite having a loving boyfriend and good friends, they still feel alone. This sense of disconnection and estrangement from their surroundings and loved ones indicates a state of alienation-related stress.",feel alone even if I have a wonderful boyfriend and good friends,0.4937533438205719
2409,The person seems to be experiencing alienation related stress. They express a sense of detachment or disconnection from the current managerial values and social aspects of work. Their articulation suggests a feeling of being isolated or estranged from the common beliefs and practices surrounding work and productivity. The reference to working in a 'one-dimensional' way and the idea of 'modifying work' indicate a perceived lack of connection to or identification with the current societal norms regarding work. This alienation could stem from a sense of disconnect between their personal values or aspirations and the established expectations in the workplace.,"a false idea to modify work, because while there is a hierarchy/domination, even from outside workforce",0.4302215874195099
2410,"The person expresses feelings of alienation, confusion, and questioning the validity of emotions. They feel like they are stumbling around life blind, indicating a sense of disconnection and detachment from their surroundings. This alienation-related stress is highlighted by the uncertainty about how to improve their situation and the questioning of their own emotions and experiences. The mention of going through cognitive-behavioral therapy (CBT) as a way to cope also suggests a struggle with feeling disconnected and estranged from their own emotions and thoughts.",Do I feel depressed because something is missing or do I feel like something is missing just because I am depressed,0.36373278498649597
2411,The use of words like 'doctor' and expressing discomfort in talking about a certain topic suggest a potential stress or anxiety related to medication or healthcare interactions.,never felt comfortable talking about this to my doctor,0.4509328007698059
2412,"The person is experiencing relationship-related stress as they feel frustrated and confused about their experiences with romantic interests. They express dissatisfaction with the patterns of liking individuals who do not reciprocate their feelings, leading to feelings of rejection and self-doubt.",When I am textkng with them it goes good for a couple of days and then they just straight up ignore me,0.19894179701805115
2413,"The person is feeling stressed due to their job, specifically in sales. They express frustration about spending their life miserable in a job they dislike and the pressure of pushing people into spending money they don't want to. This indicates a jobs and careers related stress, as they feel trapped by the financial aspect of their current job and are considering drastic actions like moving countries for a different job.",this job is a hell hole,0.22656220197677612
2414,"The person expresses feelings of emptiness, tiredness, and alienation, which are common symptoms of alienation-related stress. They also mention feeling disconnected from their family, citing them as part of the reason for their depression, further indicating a sense of alienation.", im too tired right now,0.1885175108909607
2415,"The individual's persistent feelings of sadness, negative thought patterns, avoidance of social situations, and reliance on substances like weed and drugs suggest a possibility of being under medication related stress. Additionally, the mention of considering calling a psychologist for social anxiety and anger attacks further supports the idea of potential mental health issues that may require professional intervention and potentially medication.","smoke weed daily and cant stop, I take drugs (one or a combo of the following: alcohol/ghb/2cb/nitrous/speed/4fmp/xtc/mdma/cocaine/ketamine) every weekend,",0.3269261121749878
2416,"The person's writing reflects feelings of loneliness, alienation, and a strong desire for connection with others. They express a deep sense of longing for meaningful relationships and a struggle with making and maintaining connections. This sense of isolation and difficulty in forming lasting relationships is indicative of alienation-related stress.",no longer bother her with my bullshit.,0.08848467469215393
2417,"The premise reflects a sense of alienation-related stress, as the writer discusses feeling disconnected from others and society. They express concern about the lack of human interaction, proper environment, and education in their community, which they believe contributes to feelings of unhappiness and depression. This feeling of detachment and isolation suggests a deep-rooted sense of alienation from their surroundings and the people in it.",children and teenager should be forced to get human interaction,0.21005398035049438
2418,"The writer is expressing extreme anger and frustration towards the abusive behavior of their brother-in-law and the acceptance of violence by their father. The situation described depicts a toxic and abusive family environment, with words and actions that indicate a deep sense of injustice and powerlessness. The writer mentions feeling a strong urge to commit a violent act in response to the situation, highlighting the severity of the emotional distress caused by the abuse within the family. The writer's statement 'I wish I wasn't born to this shithole' reflects a deep sense of hopelessness and despair, likely stemming from long-standing experiences of mistreatment and trauma within the family. Overall, the content of the premise suggests a category of Bias or abuse related stress.","brother in law who's 32, beated my sister who's 25, she's been suffering from severe depression, she has scars and tried to suicide multiple times",0.29076826572418213
2419,"The person is feeling alienated and overwhelmed by the pressures and responsibilities of life. They express a desire for an escape from obligations and stress, finding the idea of being in a psych ward with no responsibilities appealing. This indicates a sense of alienation from the demands of daily life and a craving for a sense of peace and stability that they perceive is lacking in their current situation.", responsibilities/obligations,0.24314096570014954
2420,The person is expressing frustration and doubtful feelings towards therapy and its effectiveness in helping their mental health issues. They are questioning whether therapy is not actually helping them or if they themselves are refusing the help that therapy provides. This kind of internal conflict and skepticism surrounding treatment efficacy points towards medication related stress., it not helping or am I refusing help,0.4226682484149933
2421,"The person mentions struggling with depression, experiencing extreme lows, and having suicidal thoughts. They also mention seeking help from a GP who is putting them on antidepressants, showing medication is a part of their treatment plan. This indicates that the person is in a mental state related to medication stress.","drug abuse, alcohol abuse, fits of anger, compulsive lying, erratic behaviour, and, at my lowest, cheating",0.3748556077480316
2422,"The person indicates a long-term struggle with feeling not like themselves and recently acknowledging being very depressed. The uncertainty about seeking help and skepticism about being believed by a doctor suggest a deep level of distress related to managing their mental health, which is typically associated with medication-related stress.",have not been myself for years and recently have opened up with myself ,0.28440701961517334
2423,"The phrase 'daily battle' indicates an ongoing struggle or challenge, which can be associated with the stress and pressure of managing medication or health issues on a daily basis.",This is a daily battle for me,0.575583815574646
2424,"The mention of struggling with depression, anxiety, low self-esteem, and suicidal thoughts, as well as seeking advice on managing mental problems, indicates medication related stress. The individual's hopelessness about finding relief from these issues over time suggests a long-term struggle with mental health that may require medication for treatment.","struggled most all of my life with terrible depression ,anxiety, low self-esteem, suicidal thoughts",0.6251903772354126
2425,"The content of the premise reflects feelings of alienation and disillusionment. The person expresses a sense of not being fulfilled, feeling like they were sold a lie, and realizing that their passion and dreams did not bring the happiness they expected. They talk about the crushing feeling of realizing that what they thought would make them happy turned out to be unfulfilling. This sense of disillusionment and alienation from the promised happiness and fulfillment aligns with the category of Alienation related stress.",quiting my job to travel ,0.15644577145576477
2426,"The person is feeling betrayed and upset by their friend, indicating relationship-related stress. The sudden intervention by the school counselor has caused feelings of exhaustion and being taken off guard, contributing to the sense of betrayal and lack of readiness for help.","feel somewhat betrayed. It‚Äôs stressed me out, I‚Äôm exhausted",0.4141227602958679
2427,"The person feels alienated and isolated from others due to their financial situation, leading them to constantly compare themselves to others and feel left out. This sense of exclusion and inability to attain basic needs like others is causing them significant distress and a feeling of being trapped in a never-ending cycle of suffering.",not allowed to  have or experience because I'm poor,0.31931906938552856
2428,"The statement indicates a sense of alienation, possibly due to negative experiences or disappointments in 2018 compared to the previous year.",honestly worse,0.1348712146282196
2429,"The person seems to be exploring a new career path based on their passion for helping others. This decision to potentially pursue a career helping people can be related to job and career stress, as the individual may be feeling uncertain about the next steps, lack of guidance, and a desire to gather information from others in similar fields.",what do they want and what they didn't receive.,0.08322858810424805
2430,"The person is expressing concerns about living on their own with depression, indicating that their mental state is affected by medication-related stress.","what my future will be like with my depression,Can any older people tell me about living on my own with depression",0.5543347597122192
2431,"The person in the premise shows signs of alienation and disconnection from their passions and loved ones. Despite having friends, a good job, a wife, and pets, they feel trapped and question the purpose of their life. This sense of detachment and feeling 'off' for a long time, combined with avoidance of seeking help out of shame or fear, indicates a significant level of alienation-related stress. Additionally, the difficulty in expressing emotions and lack of excitement or support further highlight feelings of being disconnected from oneself and others.",nothing seems worth it and I feel like I'm trapped in this life,0.38112613558769226
2432,"The person is feeling constantly down, anxious, worried, and overwhelmed, and is struggling to cope with these negative emotions. They seem to feel alienated from their own emotions and experiences, indicating a sense of disconnection or estrangement from themselves. The reluctance to seek help, fear of being judged, and feeling useless or directionless also point towards feelings of alienation and isolation. The individual is hesitant to share their emotions with others due to fear of being seen as attention-seeking or weak, further emphasizing their sense of being disconnected from those around them.","don't want to tell my parents, my friends, because I'm scared they'll think I'm doing this for attention, or because I'm weak,scared and ashamed to think maybe I do have a problem",0.2581399977207184
2433,"The person is expressing feelings of hurt and disappointment regarding a friend not acknowledging their birthday, which is causing them to question the relationship and feel unimportant. This premise indicates relationship-related stress and a sense of alienation from someone they deeply care about.","they don't care about you, that you love them but they either hate you or couldn't care less about you",0.30668383836746216
2434,"The person is feeling unhappy and miserable due to the controlling behavior of their family members, specifically their mum, dad and step-mum. This controlling behavior and interference in decision-making is causing distress and strain on the relationship, leading to feelings of unhappiness. It's a classic case of relationship-related stress.","My mum, dad and step-mum won't leave me alone and they constantly make choices for me and it's starting to get to me",0.5163390040397644
2435,"The person's description of experiencing self-blame, guilt, self-hatred, anger, and emptiness, as well as engaging in self-harming behaviors like cutting and burning, indicate a severe mental health condition, likely depression. The mention of extreme anger towards past events and individuals, as well as the urge to engage in destructive behaviors, suggests significant distress and potential for harm. These symptoms may be exacerbated by underlying medication-related issues or the need for medication to manage the severity of the emotional turmoil.","lot of self blame, guilt, and self hatred, as well as anger and emptiness",0.6798568964004517
2436,"The emotional distress related to body image and weight, as well as the hurtful remarks made by family members, indicate a relationship-related stress. The impact of family's comment and the pressure to conform to certain standards may contribute to feelings of insecurity and the desire to change appearance through extreme measures like starving oneself.","My weight has always been a source of sadness and insecurity. People always need to point out how I look, whether it be anorexic when I was sad or chubby ",0.6406152248382568
2437,"The person appears to be experiencing a sense of alienation or disconnect from their own emotions and thoughts. Wanting to know how it feels to be depressed, despite not being depressed, could indicate a sense of curiosity or desire to understand the mental state of others who are experiencing depression. This curiosity might stem from feeling disconnected from their own emotions or struggling to empathize with those who are depressed.",but id like to know how it feels,0.22491730749607086
2438,"The person is expressing feelings of disappointment, self-blame, and thoughts of self-harm, indicating a strong emotional distress related to personal relationships. They feel like a failure to everyone around them and seek solace in harmful behaviors, suggesting a relationship-related stress.",feel like the biggest failure to have ever existed I am also having like self-harming thoughts ,0.5336937308311462
2439,"The person who wrote the premise is feeling stressed about their boyfriend's unpredictable periods of feeling depressed and disconnected, which is impacting their relationship. They are concerned about his well-being, unsure of how to support him, and feeling helpless in the situation. The lack of communication and understanding regarding the boyfriend's mental state is causing relationship-related stress for the writer.","have once or twice suggested that he talk to someone about it or seek help,  avoid trying to pressure him too much",0.3191935420036316
2440,"The person seems to be experiencing relationship-related stress, specifically in their relationship with their therapist. They express feelings of being ignored, taken for granted, and triggered by being put on a waitlist without a call for scheduling appointments. The fear of confrontation with their therapist to address these feelings indicates a strained relationship dynamic, leading to the conclusion that the person is under relationship-related stress.","felt ignored and taken for granted, but I didn't say anything because that means I have confront one of my demons",0.27994704246520996
2441,"The person mentions trying medication and therapy but expressing disappointment that it didn't work, indicating medication-related stress.","just can't do it anymore, I tried to get better, The meds, the therapy, the physical activity",0.4063214063644409
2442,"The mention of obtaining medication over the counter and not having a prescription indicates a potential concern or stress related to medication, leading to the category of medication related stressed.",The only thing is I get it otc and it's not really prescribed. ,0.4067642092704773
2443,"The person appears to be under relationship-related stress due to their parents' toxic relationship dynamics, with a focus on the father's infidelity causing harm to the mother. The feelings of powerlessness, injustice, and the mention of considering drastic measures like suicide indicate significant emotional distress arising from the family situation."," dad has had a long history of cheating on my mom, every time though he always denies it, problem is that my mom and I are both powerless because my dad has us under his money",0.41421476006507874
2444,"The person is currently experiencing relationship-related stress due to a recent hard and life-changing break up, followed by a new disappointment in a relationship with a woman he developed feelings for. This has led to feelings of depression, anxiety, and difficulty sleeping. The intense emotions and reactions suggest that the individual is still processing the emotional impact of the break up and the more recent disappointment, which is understandable given the significant impact of past relationships on his mental state. Seeking support from friends, family, or a professional therapist can help in navigating through this difficult time.",she just completely flaked out one day about 3 weeks ago,0.27780619263648987
2445,"The person expresses feelings of not being excited as a child, experiencing anxiety and embarrassment in situations that are supposed to be exciting. This sense of alienation from common experiences like vacations, holidays, and birthdays, as well as feeling like their emotions are not normal for a child, indicates a state of alienation-related stress.","ated going on vacations with my family. I did not find them fun at all. I hated going to amusement parks and field trips because everyone around me would be having so much fun and I just couldn‚Äôt,life has hit me really hard again lately",0.2537239193916321
2446,"The use of phrases like 'shadows', 'dark side', 'hell' and the sense of alienation and loneliness expressed throughout the text suggests that the person may be feeling alienation related stress.","Voices in my head,help me in hell, my friend",0.3926505446434021
2447,"The person is expressing feelings of inadequacy and self-blame for potentially harming their relationships. They are struggling with feelings of guilt and regret for not being able to be there for others, which are common signs of relationship-related stress.",Has anyone ever felt like what they are doing is harming their relationship,0.5938369035720825
2448,"The person's mental state appears to be heavily impacted by a traumatic breakup with their girlfriend, which resulted in feelings of betrayal, abandonment, and loss. This relationship-related stress has led to feelings of worthlessness, lack of motivation, and even thoughts of suicide. The individual had invested a significant amount of time and effort into the relationship, with plans for a future together, only to have it abruptly end in a hurtful manner. The person is struggling to move on, questioning the purpose of life, and feeling overwhelmed by the emptiness left by the breakup. These relationship-related issues are predominant in the narrative, hence categorizing the mental state as relationship-related stressed (C4).","my girlfriend of 2 years ended our relationship by cheating on, followed by moving out with all of our stuff (gave away my bed and furniture so she could move hers in)",0.39864909648895264
2449,"The person in the premise expresses experiencing a significant increase in depression and anxiety over the past year, which seems to be strongly correlated with their job-related experiences. The individual's mental state appears to be heavily impacted by their negative work experiences, such as feeling trapped in a job they did not enjoy, being promised a rewarding career that did not live up to expectations, dealing with difficult colleagues, low pay, lack of privileges, and long working hours while being away from home. These job-related stresses have likely contributed to the heightened depression and anxiety the person is currently facing.","opportunity by a buddy's parents to join the merchant marines,go to the seafearers school in piney point, I was not sure if I would like it but his mom was very persistent that I do it",0.06424392759799957
2450,"The language barrier and feeling out of place in the elective class caused the individual to feel alienated and disconnected, leading to feelings of inadequacy and worry about being judged by others in the future. This sense of exclusion and self-doubt reflects alienation-related stress.","One class, an elective for my minor, completely took my by surprise, had no idea what was happening the first day and the material was not enjoyable, (the reason that I took it), There was a 10 minute presentation in a foreign language that was 15% of the grade and I couldn't handle it,  I just dropped and I feel like a complete failure ",0.4695831835269928
2451,"The author of the premise is experiencing relationship-related stress. The text conveys a deep emotional connection to a girl who struggles with her mental health and is not ready for a relationship. The author's feelings of love and care towards this person, coupled with the fear of potential changes in their dynamic, indicate a significant source of distress related to their romantic involvement. The mention of past abusive relationships and the desire to heal and support the other person suggest a complex interplay of emotions tied to this relationship, contributing to the overall feeling of being trapped and overwhelmed.",ejection and bullying. I'm 21 and I feel like my life is already doomed,0.255494624376297
2452,"The mention of a psychologist and doctor agreeing on the need for hospitalization indicates that medication has become a significant factor in the individual's mental state. The perception of one's life, actions, and behavior as normal while others, including medical professionals and friends, see them as abnormal also suggests a reliance on medication for mental health concerns.",actions and behaviour are ‚Äúnormal,0.10571403801441193
2453,"The person feels alienated and disconnected from society because their source of pleasure and relief is being taken away from them. The fear and depression stemming from the end of marijuana legalization indicate a sense of isolation and disconnection from the changing societal norms, leading to alienation-related stress.","marijuana legalization,That was my last pleasure in life",0.5583397150039673
2454,The use of the term 'depression buddies' suggests a feeling of alienation and the need for someone to relate to in terms of experiencing depression. The preference for a female buddy may indicate a specific need for support from someone of the same gender.,depression buddies,0.7554927468299866
2455,"The person is expressing feelings of depression, numbness, emotional exhaustion, and suicidal thoughts, indicating a serious mental health concern. The mention of not being able to afford a therapist suggests financial limitations, which can be a barrier to accessing proper mental health care. This medication related stress is further supported by the desire to get better, indicating a possible need for medication or professional intervention.",nap out in anger at my entire family and I've been having pretty bad thoughts about my life in general lately,0.17778638005256653
2456,"The person expresses feelings of helplessness and dependency on technology, which indicates a sense of alienation and disconnection from their surroundings. This alienation can contribute to feelings of depression and inability to break free from the habits causing distress.",computer and smartphone addiction definitely adds to my depression,0.5509943962097168
2457,"The person is expressing anxiety and fear about not completing their essay on time due to the snowstorm and the strict attitude of their teacher, which are normal stressors that can affect a person's mental state in a challenging situation.","have an essay that is due tomorrow, haven't really started and I'm afraid I will lose power",0.2680707573890686
2458,The person is experiencing job-related stress and is feeling overwhelmed by negative emotions at work. They mention feeling like quitting despite acknowledging the benefits of the job and feeling trapped by their situation. This kind of inner conflict and distress is often seen in individuals facing job-related stress and uncertainty about their future in their current job.,"can't just quit a good job,because it feels horrible",0.6001752018928528
2459,"The repeated thoughts playing in the person's head when not in bed might indicate a sense of alienation or feeling disconnected from their surroundings, leading to mental distress.",that plays in my head on repeat ,0.32037293910980225
2460,"The mention of treatment and medication suggests that the individual is dealing with health-related issues, which can be a source of stress. The challenges with lodging, transportation, and funding indicate that there are barriers to accessing necessary treatment, adding to the stress and frustration. The urgency to act before motivation disappears also points to the pressure and anxiety the individual may be feeling in addressing their mental health needs.","trying to plan out treatment but lodging, transportation and funding is difficult.",0.4949812889099121
2461,"The person feels alienated and disconnected from others due to the societal stigma surrounding mental health. They are unable to open up about their true feelings and experiences, which makes them feel lonely, ashamed, and guilty. This sense of alienation and lack of understanding from others is causing distress and frustration.","makes me feel so lonely, I feel like a liar and guilty",0.42680516839027405
2462,"The individual has been experiencing depression for 1.5 years and has been seeing a psychiatrist, indicating medication-related stress. With the insurance being cut off, they can no longer afford the psychiatrist, which adds to the medication-related stress. The mention of feeling like a waste and a burden can be associated with the emotional toll of dealing with depression. Additionally, the desire for someone to hug them and provide reassurance suggests a need for emotional support, which is often associated with medication-related stress as well.",work part time and go to university full time,-0.0029510557651519775
2463,"The individual is experiencing feelings of alienation, loneliness, and isolation, as evident from the sense of disconnect from friends and the strong urge to isolate themselves completely. Additionally, the thought that everyone would be better off without them indicates a perception of not belonging or feeling accepted within social circles, contributing to the feeling of alienation.",eeling an extremely strong urge to isolate myself completely,0.415793240070343
2464,"The person seems to be experiencing alienation-related stress as they feel disconnected and isolated from others due to their disapproval of mainstream pop culture, internet memes, and social media trends. They express frustration with the inability to connect with people who heavily indulge in these aspects of contemporary culture, leading to feelings of loneliness and depression. This sense of alienation and inability to find like-minded individuals to engage in meaningful conversations likely contributes to their mental state.", hate internet culture and it annoys me to see people embracing it and not even being able to make a normal conversation,0.44447576999664307
2465,"The person's mental state appears to be related to job and career stress. The individual expresses feeling down and defeated, particularly highlighting the negative impact of job-related struggles. The individual faced accusations from their brother, leading to a sense of betrayal and unworthiness. The pressure to find a job, endure berating, and the subsequent struggle with employment situations have greatly contributed to their feelings of depression, uselessness, and overall distress. The ongoing job search, financial worries, and lack of success in finding fulfilling employment have created a significant source of stress and difficulty for the individual, indicating a strong association with job and career-related stress.",ldest brother turned tail on me and accused me of selling secrets to a third-party,0.203454852104187
2466,"The person is feeling alienated in a new country with no job, no friends, and limited mobility due to the cold weather and lack of a car. This sense of isolation and disconnection is causing feelings of anger, guilt, and sadness. The person's struggle to find motivation and interest in their usual hobbies despite the supportive presence of their husband further indicates feelings of alienation and lack of fulfillment in their current situation.","new country, no job, no friends, too cold to go anywhere",0.468102365732193
2467,"The person seems to be feeling a sense of alienation or disconnect, as indicated by the mention of being a loner and seeking appreciation through their poetry.",no mental health,0.18114322423934937
2468,"The person who wrote the premise shows clear signs of alienation-related stress, feeling isolated, misunderstood, and like the world is against them. The experiences of being bullied, feeling worthless, and having negative thoughts about themselves and others all contribute to a sense of alienation from society. Additionally, the person's preference for dark themes in movies and music, as well as the vivid nightmares, further indicate a disconnect from a more positive and engaging reality. The transformation in their mental state after finding the right medication and support demonstrates how the sense of alienation was a significant factor in their struggle with depression, which improved once they found a way to break free from this feeling of being disconnected and alone."," was bullied harshly, am a quiet, peaceful, throwing lit matches at me, laughing at my acne, once whole gym with 70 people laughed, because I couldn't make a simple exercise, dog barked when we were coming back from school and they said ""Even dog doesn't like you",0.2889189124107361
2469,"The person is feeling alienated and lonely, with no friends and no one to reach out to. This sense of isolation and lack of connection can lead to feelings of depression and hating life.","have no friends no one to reach out to, I hate my life",0.574894905090332
2470,"The statement indicates that the person is feeling physically unwell, which could be due to a medical condition or illness. This suggests that the mental state of the person is likely related to medication or health issues.",feel so sick,0.2745177149772644
2471,"The feeling of being unable to breathe and having nobody to talk to suggests a sense of alienation or isolation, which can contribute to increased stress and feelings of loneliness.", can't breathe and I have no one to talk to ,0.6100445985794067
2472,"The person is feeling alienated and disconnected from others, expressing feelings of loneliness and the sense that they have no one. They are struggling with self-destructive thoughts and seeking an escape from their own mind, indicating a deep sense of alienation.","gave up all the weed and alcohol that I was doing last semester, but it was the only thing that helped, I feel like I have no one at all",0.16225232183933258
2473,"The person's focus on trying different medications, feeling frustrated with the current ones not working, and seeking 'unique' medication options indicates a high level of stress related to medication. The individual's mention of anxiety, seeking hope, and wanting suggestions outside of the traditional medications suggest a deep concern and distress specifically related to managing their anxiety through medication.", need some help,0.04112320393323898
2474,"The person mentions that they increased their Prozac dosage a month ago to address their obsessive suicidal thoughts, indicating they are dealing with medication-related stress. Additionally, the person expresses frustration that their doctor has not responded to their email and they are unable to see their primary care physician to renew FMLA, contributing to their feeling of hopelessness and desperation.","Increased my Prozac dosage a month ago,determined to end it all, Dr hasn't responded to my email yet",0.6618946194648743
2475,"The person's behavior of wanting to push everyone away and then becoming physically clingy could indicate a deep emotional struggle in relationships, leading to relationship-related stress. The conflicting desire to distance themselves to prevent hurting others before committing suicide, yet still seeking physical connection, suggests the person is experiencing intense internal turmoil and pain within their relationships.",trying to force everybody that knows me out of my life as not to hurt them when I commit suicide but now I can't help myself ,0.411220908164978
2476,"The person is expressing feelings of alienation, loneliness, and a strong desire for connection with others. They feel disconnected from their current environment, University accommodation, and long for the familiarity and comfort of home. The lack of real friends, constant homesickness, and feeling out of sync with those around them indicate a sense of alienation and isolation. The thoughts of death and questioning if anyone would care if they died further highlight the deep emotional distress and isolation they are experiencing. This sense of disconnection and lack of belonging is consistent with alienation-related stress.","hate staying at University accommodation, I haven‚Äôt made any real friends and I constantly feel homesick",0.3929784297943115
2477,"The person seems to be struggling with medication-related stress as indicated by their detailed account of the medications they are taking, the concerns raised by doctors and pharmacists regarding Serotonin Syndrome and the potential for triggering bipolar disorder by altering brain chemistry. This anxiety surrounding the medication regimen suggests a preoccupation with managing their mental health through medication, leading to mental state related stress in this category.", have been told/read that if you mess with your brain chemistry too much it could wake up a dormant bipolar disorder,0.5714039206504822
2478,"The person's current mental state appears to be primarily related to medication, specifically Transcranial Magnetic Stimulation (TMS) therapy for Major Depressive Disorder (MDD). The individual has expressed experiencing significant changes in their sense of self, interests, physical sensations, and relationships, which are common side effects of undergoing mental health treatment such as TMS therapy. The conflicting emotions of feeling happy for the improvements while also feeling terrified and missing the familiarity of depression indicate a complex adjustment period post-therapy. The mention of feeling like a different person and re-learning how to live suggests a strong impact of medication on their psychological and emotional state, placing them in the category of medication-related stress.",don't feel as invested in my relationships,0.2694014310836792
2479,"The person expresses a deep sense of hopelessness and mentions battling depression and suicidal ideations for years. The focus on seeking treatment such as hospitalization, IOP, and PHP demonstrates a long struggle with mental health issues and reliance on medication or medical intervention. The feeling of being let down by treatment facilities and the desire for a way to end the suffering without causing 'too much fallout' point towards a mental state heavily influenced by medication-related stress.",am tired. I realized that I will never get better,0.2149633765220642
2480,The person expresses frustration with their current medication and mentions suicidal ideation persisting despite being on medication. This indicates high levels of stress and dissatisfaction related to medication therapy for their mental health struggles.,"lways been this suffocating apathy, and ""feeling"" isn't an option",0.34018951654434204
2481,The premise indicates the person is experiencing relationship-related stress. The individual is feeling lost and devastated due to the rejection and abandonment by their best and only friend. The friend's comments about being gloomy and needing to grow up have further added to the person's emotional distress. The need for advice and guidance in handling the situation points towards a struggle in managing the fallout of a strained relationship.,"my best and only friend, he finally gave up on me, tried my very best to hide my depression from him, even going as far as constantly putting a mask",0.434567391872406
2482,"The person expresses feelings of alienation and a sense of not fitting in or being seen. They talk about feeling invisible to the guy they like, not feeling valued by their best friend, and comparing themselves unfavorably to others based on appearance and social media following. This indicates a mental state of alienation-related stress."," Have a guy who will love me and cherish me, Not control me, not contact me only when he wants something, not judging me and calling me chubby, guy who has nearly a thousand followers on Instagram and a girl who just has 400",0.17320403456687927
2483,"The person is feeling alienation related stress, as they are struggling with a sense of detachment and disconnection from the norm of easily sending and receiving greeting cards. They feel inadequate and alienated from others who seem to effortlessly engage in such activities, which is causing them anxiety and self-loathing.","had difficulty and now they just accept it to be nice and avoid rejecting me, I feel so pathetic and shitty that something so simple gives me such problems and anxiety",0.2409934103488922
2484,"The person's mental state appears to be primarily relationship-related stressed. The individual describes a pattern of experiencing peaks and troughs in their depression based on the quality of their relationships. The lingering perpetual sadness and loneliness mentioned seem to be exacerbated by difficulties in forming deep connections with others. The narrative focuses heavily on the impact of romantic relationships on the person's mental well-being, particularly the rollercoaster dynamics with their college ex-girlfriend. The repeated instances of breaking up and getting back together with their ex-girlfriend, as well as the struggles with feelings of abandonment, rejection, and indecisiveness in their current romantic situation, highlight the significant emotional distress caused by relationship challenges. The person expresses feeling defeated, lost, alone, and isolated, especially after feeling like they were not good enough for the person they loved. This deep emotional turmoil and longing for meaningful connections point towards relationship-related stress as the dominant mental state category."," have trouble finding a deeper feeling of a strong relationship with those people, like they are surface level. ",0.4320058822631836
2485,"The person who wrote this premise seems to be in a good mental state, expressing positive emotions and beliefs about the power of love and its ability to bring happiness, energy, motivation, and fulfillment in life. The tone of the writing suggests a sense of contentment and optimism, indicating a good mental state.","manipulating others of their energy, using substances, watching TV, using our cellphones, spending money, and the list goes on.",0.12975619733333588
2486,"The person is expressing feelings of alienation, worthlessness, and a sense of not belonging. They feel like a burden to everyone and have been bullied by their so-called 'friends'. These experiences have led to thoughts of suicide and a lack of self-worth. The focus on not being appreciated by anyone further highlights the sense of alienation and disconnection from others.","m a burden to everyone, I got bullied for several years",0.371262788772583
2487,"The person's decision to not have kids due to concerns about passing down depression indicates a significant level of medication related stress. They are clearly impacted by their own mental health condition and are worried about the potential consequences for their future children, which suggests a strong sense of responsibility and concern for the well-being of others.","passing my depression down to them, or them having to grow up with a parent struggling with depression",0.645610511302948
2488,"The use of the term 'depression' and the mention of therapy indicates medication related stress. The individual is expressing exhaustion and lack of hope, which are common symptoms of depression. The struggle to ask for help from the mother and the desire to try therapy suggest a need for professional mental health support and possibly medication.","so tired of being tired, I do not know how I can ask my mother for therapy,",0.6054407358169556
2489,"The person who wrote the premise is experiencing alienation related stress. They have been feeling disconnected and out of place for a long time, especially after the death of their father in their early teens. They express a sense of not understanding the purpose of traditional education and feeling like they are going through the motions without finding meaning in it. The individual also feels alienated in their current workplace, where they mention not being able to connect with their coworkers who focus on productivity and self-praise for hard work. This sense of not fitting in or being understood by those around them contributes to their feelings of numbness and a lack of purpose in life.","done warehouse work off and on for the last 6 years, I quit my last job this November, and I'm pretty sure my family and room mate are pissed at me for it.",0.15126067399978638
2490,"The person in the premise is feeling alienated from themselves and others, using poor self-hygiene as a way to harm themselves subtly without causing concern to others. They mention not wanting to make anyone worry about them and avoiding seeking help, indicating a sense of isolation and disconnection from those around them.", money problems can easily become an issue for my family and not just me,0.14885422587394714
2491,"The person seems to be experiencing relationship-related stress due to their partner's depression. They are deeply in love with this man who has been open about his struggles with depression. The individual is seeking advice on how to help their partner while also maintaining their own happiness without being greatly impacted by their partner's mental state. They describe how they have been limiting themselves and their activities to avoid triggering or worsening their partner's depression, such as refraining from going out to socialize with friends because their partner does not enjoy it. This feeling of walking on eggshells and constantly adjusting their behavior to accommodate their partner's depression is causing stress and affecting their own well-being.",like going out but I enjoy the occasional dance night with my friends or something and I feel like he dreads me going out and if I do he gets really sad.,0.3349267542362213
2492,"The person mentions dealing with depression, which is a mental health condition requiring medication. They express frustration over their grades being affected by their mental illness, indicating that their mental state is affected by the need for medication and the challenges of managing their condition while trying to achieve academic success.",honestly sick of the crappy grades,0.22956454753875732
2493,"The person expresses feelings of extreme isolation, alienation, and detachment from the world. They mention having very few friends, feeling unloved, and wishing to escape to a place where they can be alone. This sense of being disconnected and unsupported by society indicates alienation-related stress as the primary mental state."," don't have to perform to get a decent salary, where I can just live",0.09815417975187302
2494,"The person is experiencing relationship-related stress due to their best friend's health struggles and the impact it has had on their friendship. Despite receiving positive news about their friend's health, the person is finding it difficult to feel positive and is grappling with feelings of withdrawal and distance in the relationship. This emotional turmoil and the sense of helplessness in not being able to provide adequate support is causing them to feel lost and overwhelmed.","tumour has reduced massively in size, and the parts they were really concerned with appear to be gone, This is brilliant news",0.1080411970615387
2495,"The person's intense focus on their appearance and constant comparison of themselves to others, as well as feeling trapped and distressed by their perceived flaws, suggests a state of alienation related stress. They feel disconnected from their own self-image and are unable to find peace within themselves, leading to irrational negative thoughts and desires to escape from their own mind.","deep overbite, protruding ears and fat eyebrows, that has a weird horizontal blank mark on the right brow",0.24386975169181824
2496,"The person expresses feelings of alienation, hopelessness, and a lack of purpose or belonging in their life. They mention wanting to be free from everything and feeling unable to find any meaning or satisfaction in their existence. The language used implies a deep sense of disconnection and disillusionment with life and the people around them, which are common characteristics of alienation-related stress.","Burn it down, burn it all to ash. Be rid of it",0.02446739375591278
2497,"The person expresses feelings of alienation and disconnect, implying a sense of not truly belonging or being understood by others. They mention living as a 'fake' persona to please others, feeling lost in the process, and not knowing their true self. These feelings of disconnection and lack of identity align with characteristics of alienation-related stress.",spend so much time being the fake me that I have lost me,0.4004220962524414
2498,"The individual is experiencing a variety of cognitive and mental health symptoms, such as extreme forgetfulness, difficulty comprehending, anxiety, and depression, which have not significantly improved with medication like stimulants and anti-depressants. The mention of feeling tired all the time, trouble visualizing things, and changes in social behavior also indicate a complex neurological condition. The individual's concern about a possible brain tumor or brain damage, along with seeking advice on seeing a neurologist or another specialist, suggests a deep sense of distress and uncertainty related to their medication and treatment options. This aligns with the category of medication-related stress."," first time in my life, I failed a test.  I broke down in tears in the middle of class and was surrounded in anxiety and depression,things took a drastic change in 5th grade for no obvious reason.  I suddenly felt tired all the time; as if I didn't sleep enough.  All I could think was ""why am I so tired",0.4260893166065216
2499,The expression of feeling crushed by the thought of existing for many years suggests a sense of alienation and existential dread.,The thought of existing like this for the next 60-70 years is absolutely crushing,0.4938070774078369
2500,"The person exhibits signs of relationship-related stress and distress due to past experiences of being emotionally hurt and betrayed. The language used indicates a sense of broken trust and feeling heartbroken, which are common in relationship-related stress.","don't like having a relationship,Never really trusted having a significant other,Let that someone into my life, Spend time with them, Became happy, Then they gave a stupid fucking reason, and left me in the gutter",0.4471862316131592
2501,"The language used in the premise suggests a high level of guilt, obligation, and feeling of disappointing one's parents. The mention of owing parents for various aspects of life, such as mental health, relationships, and daily decisions, indicates a deep sense of responsibility towards them. The feelings of failure and overbearing guilt, as well as the inability to assert individual choices without parental permission, align with relationship-related stress and emotional burden within the family dynamic.",disappointment and as if I owe my parents better,0.6852757930755615
2502,"The mention of feeling stressed due to underestimating the amount of university work, coupled with self-criticism and feelings of self-hate, along with being reminded of a crush, suggests relationship-related stress.","AGAIN underestimated how long this Uni work will need, crumbling under my own expectation ,Sitting in my dark room, listening to the depression playlis,",0.23891563713550568
2503,The mention of having bad anxiety to the point of physical symptoms like feeling like throwing up suggests that the person might be experiencing mental distress to the extent of requiring medication. Seeking ways to build confidence and get over it indicates the need for medications or treatments to address the anxiety.,"bad anxiety to the point where I feel like throwing up, Does anyone know how to build confidence or get over it ",0.7784429788589478
2504,"The person is experiencing a range of symptoms commonly associated with mental health issues, such as depression and anxiety. They express feeling 'unhappy' for an extended period, struggling with social anxiety and loneliness, having trouble sleeping due to negative thoughts, loss of appetite, isolation, extreme emotional attachment to distant figures, and thoughts of relief from their current state. Moreover, they mention being too afraid to seek professional help, indicating a barrier to accessing proper medication-related support and intervention."," too emotionally attached to a group of people that will never even know that I exist, so much so that the thought of them being gone someday completely breaks me.",0.342812716960907
2505,"The individual has been struggling with symptoms of depression, such as crying for no reason, lack of productivity, and difficulty focusing for the past few days. They mentioned visiting the doctor, considering antidepressants, and feeling embarrassed about their emotional state. These indicate a medication-related stress, specifically concerning the decision to start taking antidepressants and the stigma associated with relying on medication for mental health.", been hard trying to focus for the past few days at work and I feel like I'm not productive at al,0.15589967370033264
2506,"The individual's mental state appears to be primarily related to medication. They mention struggling with getting out of bed, overthinking, feeling anxious, and not feeling like a normal person. These symptoms suggest a deeper mental health issue that led them to seek help from a doctor who prescribed medication. Additionally, the mention of side effects and how the medication has affected their life further supports the categorization under medication-related stress.","finally succumbed to going to my doctor and he appointed me these meds, just started taking them, Do they work for you,Side effects,How has it affected your life",0.30571186542510986
2507,"The mention of depression, anxiety, feeling extremely lonely, having suicidal thoughts, and the need to talk to someone about the mental health issues indicates that the writer is under significant psychological distress and may be in need of medication-related support."," feel extremely lonely and had suicidal thoughts all day, know that i wont do such a thing, thought is not going anywhere,  cant talk this openly with anyone",0.5684492588043213
2508,"The premise suggests that the person is struggling with relationship-related stress, particularly feelings of inadequacy or difficulty experiencing love, which is impacting their outlook on life and sense of purpose.",goal of life is to love and love isn't right for me then what's the point of living,0.4422841966152191
2509,"The individual's disrupted sleep pattern, excessive sleeping hours, and the struggle to feel refreshed despite adequate sleep, along with the mention of ADHD medication, Trintellix, and sleeping aid, indicate a medication-related stress. The individual's reliance on medication, the limited effectiveness of the current medication regimen, and the consideration of alternative strategies like joining a gym point towards a struggle with finding an effective solution through medication to address their sleep issues and overall well-being.","finished high school like 4 years ago my sleep is seriously fucked up,",0.37704354524612427
2510,"The person expresses feelings of alienation and loneliness, suggesting a sense of disconnection from others and not feeling understood. They mention hiding their true feelings and experiencing hardship in various aspects of life, such as work, health, and personal experiences. This sense of isolation and the lack of understanding from others point to alienation-related stress."," had third degree burns to feet due to accident not my fault,  when I finally got back to work I now have a hernia,Within a space of 2-3 months",0.013543342240154743
2511,"The person seems to be experiencing feelings of alienation and loneliness, as they express not having meaningful connections with others and feeling like others don't care about them. This sense of isolation and lack of meaningful relationships can contribute to feelings of alienation and distress.", know thats not true but thats all my brain is telling me,0.0030891355127096176
2512,"The person is clearly experiencing significant stress and self-doubt related to their job and career. The feelings of worthlessness, repeated lateness at work, and being fired indicate a high level of job-related stress. Additionally, the person mentions having more time on their hands after losing their job, suggesting a shift in their daily routine and lifestyle due to this event.","just fired from my job, literally half an hour ago. I'm beyond fucking useless. I was late for, what, the 8th time in the last month or so",0.5148307085037231
2513,"The person is experiencing relationship-related stress due to getting dumped and having their heart broken. The deep emotional pain and sense of emptiness expressed in the text indicate a significant impact on their mental state as a result of the failed relationship. The person's strong attachment to their partner, feelings of love, betrayal, and hopelessness are all indicative of relationship-related stress.","she completely changed. She explained how her love for me is simply leaving, and that's it",0.29221564531326294
2514,"The person expresses feelings of alienation, insecurity, fear of being alone, and dependency on others for happiness. They mention cutting off toxic people, feeling upset about losing friends, and comparing themselves to others. These thoughts and behaviors indicate a sense of alienation and a struggle with self-worth and social connections.",got switched to new class today and it turned out I know everyone that sits at my table from past school years. I was so happy to be presented with the opportunity to make new friendships. Lunch kind of sucked bc I cut one girl off and she didn‚Äôt sit with me but I discovered another developing friendship switched classes and had the same lunch.,0.21742263436317444
2515,"The person who wrote this premise is exhibiting signs of extreme alienation and disconnection from society and their relationships. They express feeling different and worse off than others from a young age, highlighting negative family dynamics, lack of friends, social anxiety, and a general sense of isolation. The individual mentions despising family members, feeling petrified of adulthood, and ultimately planning to end their life due to overwhelming sadness and lack of hope for the future. These feelings of alienation and despair are indicative of a deep sense of disconnectedness from the world around them.","My school is bad too, I talk to people but they are not my friends, I pretend they are so I don't look like a complete fucking loner",0.25906530022621155
2516,"The person is experiencing relationship-related stress, specifically due to the hurtful words spoken by their mother during a fight. The feeling of being deemed as a 'shame of the family', compared to the achievements of their cousins, and the overall sense of not meeting family expectations are causing significant distress and a sense of failure in the person's mind.", What a failure you are. I'm not sure what I did wrong,0.11170996725559235
2517,"The person is expressing feelings of alienation and a lack of control over their life, leading to existential thoughts about life and death. This sense of nothingness and the contemplation of extreme actions like death may stem from a deep feeling of disconnection from themselves or the world around them. The mention of 'call of the void' and questioning their sanity also reflects a sense of detachment and alienation. It would be important for this individual to seek support and guidance to address these feelings of isolation and lack of control.",life is a repeating cycle of nothingness,0.3390549123287201
2518,The person who wrote the premise seems to be experiencing alienation related stress. They express a desire for a best friend who understands their struggles with depression and who won't dismiss their feelings with simple advice. The emphasis on online friendships and the concern about not being taken seriously by others suggest a feeling of alienation and disconnect from traditional forms of social support. The longing for a genuine connection and the willingness to invest time and emotions into a meaningful friendship despite the challenges highlight the underlying sense of isolation and yearning for connection.,"looking for a best friend instead of friend because most of the time, people don't take online friendships seriously",0.5554506778717041
2519,The person in the premise is feeling alienated and concerned about potential judgment from others in their room for expressing their emotions. This sense of alienation is causing stress and hesitation in pursuing a coping mechanism for dealing with their depression.,"starting to come up with coping hobbies,wanted to record myself talking about my depression, but I feel like if I do it out loud that people,will think i'm a pussy.",0.31345951557159424
2520,The deep emotional distress and negative impact on mood and outlook described in the premise indicate a significant post-breakup relationship stress. The author's feelings of guilt for experiencing depression and the inability to move forward even with therapy and medication further suggest a focus on relationship-related stress.,"very rough 15 months after a breakup which really shouldn‚Äôt be the end of the world, but it‚Äôs really fucked me up,oved back in with my parents and have had no energy or motivation to move forward with my life",0.4649377465248108
2521,"The person seems to be stressed about their relationship with their girlfriend and the decision to take a break. Additionally, they express concerns about their previous experience with a school therapist and fear that their upcoming therapy appointment might not go well, based on negative experiences shared by others. This relationship-related stress and fear of therapy outcomes indicate a focus on relationship-related stress in the premise.","going to see my first ever professional therapist on Saturday, went to see my school therapist in the past, but, she seemed more to pressure me than actually help with my issues",0.44477546215057373
2522,The person seems to be in a good mental state as they are experiencing happiness and finding the world beautiful in their dreams. Sleeping for 12 hours a night and vivid dreams may indicate a state of relaxation and contentment.,"sleep 12 hours a nigh,tcan't remember much about my dreams these days, just that I'm happy in them and the world is beautiful",0.6692357659339905
2523,"The person who wrote the premise is experiencing extreme feelings of alienation, worthlessness, and despair. They express a profound sense of not belonging anywhere, feeling unloved, and believing that nobody cares about them. These feelings of isolation and insignificance indicate a deep sense of alienation from society and a lack of meaningful connections with others. The individual's overwhelming desire to end their life stems from a perceived lack of value and a profound sense of alienation from the world around them.","she ignores me and for good reason, Because I‚Äôm ugly, Because I‚Äôm stupid, Because nobody has ever liked me and nobody ever will,she dumped me, She realized how broken I was and ran for the hills, She did the right thing, I am broken",0.14886075258255005
2524,"The individual mentions being slightly drunk, indicating the use of alcohol which can interact with medications for mental health. They also discuss the possibility of not having depression and attributing their feelings to their personality, which could suggest a struggle with medication-related stress."," its my personality, honeslty feel like i dont have depression and its just how i am as a person.
",0.3759537935256958
2525,"The individual's dependence on others, specifically their fiancé, and the feeling of spiraling down quickly when alone suggest relationship-related stress. The mention of being suicidal only when alone could indicate a fear of being isolated or abandoned, leading to heightened distress in the context of relationships."," suicidal only when they are alone,entirely dependent on others,mainly my fianc√©,I very quickly spiral down. ",0.5617721080780029
2526,"The person is expressing feelings of worthlessness, feeling alone, and having thoughts of self-harm and disappearance. These are typical signs of relationship related stress, specifically feeling misunderstood and unloved by friends. The intense emotions and thoughts towards their friends suggest a deep emotional turmoil related to their relationships.","thought that would understand me, don‚Äôt actually give a damn about me",0.1892756223678589
2527,"The person is experiencing significant mental health changes, such as feeling down, experiencing anxiety, panic attacks, and suicidal thoughts. They have attempted to address their issues through exercise, positivity, hobbies, and seeking help from a counselor. However, the negative response from the counselor, feelings of shame, weakness, and hopelessness, and considering self-harm indicate a deep level of distress. The person also expresses doubts about the effectiveness of therapy and medication, showcasing distrust towards mental health treatment options. This medication-related stress is further emphasized by the desperation and confusion surrounding their mental state, self-isolation, and fear of not being understood or believed by healthcare professionals. These factors suggest that the individual's mental health concerns have led them to question the validity and potential effectiveness of medication and therapy, contributing to their overall stress and reluctance to seek help.","went to therapy or took meds, they wouldn't work. That medication wouldn't work and that their therapist wouldn't have time to fit me",0.4281748831272125
2528,"The language used indicates feelings of alienation and hopelessness, along with a lack of energy and motivation. The mention of darkness and questioning the point of everything suggest a sense of disconnection or alienation from life and purpose.","make everyone cry and sad. I've made 3 people cry in the same fucking room, I want to fucking kill myself",0.09412086755037308
2529,"The person seems to be expressing feelings of alienation and loneliness, seeking validation and attention from social media platforms as a coping mechanism. They are frustrated with their own behavior and recognize it as a facet they struggle to change, indicating a sense of disconnection from both themselves and others."," impulse to go check Facebook and Instagram are still there, so frustrating,require likes or attention from people on websites,just lonely",0.3940965235233307
2530,"The person is describing symptoms of depression, anxiety, and suicidal thoughts, as well as mentioning a history of psychotic depression and a previous drinking habit. The individual is also questioning if anyone can truly overcome these challenges, indicating a sense of hopelessness and skepticism towards long-term recovery. These feelings and experiences suggest a mental state with underlying medication-related stress, where the person may be struggling with managing their mental health despite having had some periods of improvement.","have psychotic depression at 21, with a very above average drinking habit",0.613821268081665
2531,"The person expresses relief and gratitude for still being alive, indicating a good mental state. They mention feeling prepared and hopeful, showing a positive outlook towards the future.","was gonna kill myself today, as planned for the last 6 months of living in hell, But music and memes saved me",0.27664023637771606
2532,"The person is experiencing relationship-related stress. They are feeling a sense of betrayal and abandonment from their friend, even though there is no concrete evidence to support those feelings. This fear of being pushed away and the overthinking about their friend's actions suggest underlying insecurities and anxieties in their relationship with this friend.","have a friend who is super caring and amazing and he always supports me during anxiety crises,has never given me reason to doubt his friendship, because he is hanging out with some other friends and didn't invite me, feel like he betrayed me and can't shake the feeling that he is going to abandon me",0.5672224760055542
2533,"The person seems to be experiencing relationship-related stress, specifically surrounding issues of trust, betrayal, and the fear of opening up to the wrong person.","know what sucks, Opening up, You know what sucks even more, Opening up to the wrong person",0.4713013470172882
2534,"The writer of the premise is expressing a deep sense of alienation and detachment from the world and the people around them. They feel burdened by societal expectations, family ties, and the struggle to find meaning in a system that feels oppressive and overwhelming. The language used indicates a strong sense of isolation, disillusionment, and a desire to escape existence. These feelings of not belonging and being disconnected from others align with alienation-related stress.",didn't ask to be born into this system of mind-numbing working just to make a living. I never chose to have any loved ones or family,0.31122344732284546
2535,"The person expresses feelings of loneliness and isolation, struggling to make meaningful connections despite trying through various activities such as joining clubs and volunteering. This sense of alienation is further reinforced by the lack of success in forming friendships and romantic relationships, leading to a deep feeling of being lost and unable to envision a future for themselves.","really struggling at college, I've gotten to the point where some days i just stay in bed all day and miss class,try to make friends by joining clubs and volunteering",0.2693592607975006
2536,"The person is expressing feelings of numbness, drained energy, and difficulty connecting with others due to personal shame. They also mention pushing people away in a bid to seek closeness, which reflects a sense of alienation and detachment from a sense of community. The analogy of feeling like a screaming child that no one wants to comfort further indicates a deep sense of alienation and isolation.","need a sense of community, but I have trouble connecting to people out of personal shame",0.41196897625923157
2537,"The person is using substances like hydrocodone to cope with their emotions and feel good, suggesting medication-related stress. Additionally, the mention of suicide and feeling alone and worthless indicates a deeper mental health issue that may require professional help and support.",get high with hydrocodone or other pills,0.4076988399028778
2538,"The person expresses feelings of alienation and disconnect from their previous successful life due to their sudden blindness. This abrupt change in circumstances has led to a significant mental burden, as they struggle to adjust to their new reality and the challenges that come with being blind. The individual no longer sees themselves as a role model or example to others, feeling dependent and unable to regain their previous sense of purpose and happiness. The sense of hopelessness and thoughts of suicide further indicate a deep sense of alienation and despair in their current situation."," 4 years ago I went blind due to a congenital glaucoma,problem is that my life is no longer simple like before, as the strategies required to live blind make even the smallest problems a challenge to solve thus creating a huge mental drag",0.44306451082229614
2539,"The person's narrative indicates a deep-rooted issue with relationships, stemming from past experiences of rejection and feelings of not being able to love or be loved. This has led to a state of emotional numbness and a focus on material wealth as a source of validation and happiness, rather than seeking emotional connections with others. The mention of avoiding forming new relationships and solely focusing on money further reinforces the relationship-related stress and emotional trauma the individual is experiencing."," my first relationship I was broken up ,money is the only thing that matters to me because I don‚Äôt feel love like I used to",0.5976072549819946
2540,"The person who wrote the premise is experiencing relationship-related stress. The extensive details provided about the past relationship, the feelings of missing the ex-partner, and the emotional turmoil caused by the breakup point towards unresolved emotions and attachment. The description of a toxic relationship with significant emotional manipulation, betrayal, and difficulties in letting go further indicate the impact of the past relationship on the individual's current mental state. The writer's struggle with understanding their feelings of missing someone who was not healthy for them suggests a lingering emotional attachment and a need for closure and healing.",We were two women early 20‚Äôs dated for 5 years. Our relationship faced many ups and downs as any relationship does,0.3768547773361206
2541,"The person is experiencing relationship-related stress due to being dumped by their boyfriend. This has likely caused feelings of hurt, confusion, and a search for comfort and reassurance in the form of physical intimacy. The person's actions demonstrate a vulnerability and desire for love and attention, rather than being a reflection of their character. It's important for them to process their emotions and seek support during this difficult time.","My boyfriend dumped me , was really upset so I asked my ex boyfriend's best friend if we could hang out,eventually we had sex,Do you think I'm a whore",0.3128317594528198
2542,"The individual expresses feelings of loneliness, isolation, and being trapped, indicating a sense of alienation from others. They mention having nobody to talk to, listen to them, or help, highlighting a deep emotional disconnect from their surroundings.","trapped in my own room, even worse trapped in my head,have nobody nobody to talk to about my problems",0.39481353759765625
2543,"The person's mental state seems to be in an alienation related stressed category. They express feelings of isolation, belief that no one cares about them, and not being understood by their friend. The lack of empathy and support from the friend after opening up about suicidal thoughts contributes to the sense of alienation and emotional distance felt by the person.","people don't care about me when I'm alive, they sure as hell won't care when I'm dead either",0.231320321559906
2544,"The individual expresses feelings of being overwhelmed by their own struggles and responsibilities, despite appearing positive and supportive to others. They feel trapped in a difficult situation with no way out, which can lead to feelings of isolation and alienation from their own emotions and well-being.",living in ton of shit and my only hope was to have a better future,0.1934109628200531
2545,"The person expresses feelings of alienation, hopelessness, and worthlessness regarding their place in the world. They mention lacking resilience, feeling lost, having no chances left, struggling to find a job due to lack of resources, skills, and support. They also feel unable to see a positive future and mention a sense of impending hardships. These thoughts and emotions indicate a deep sense of alienation and disconnection from society and the world around them.","have to find a job but I have no car, I don't have any money or a way to make money because I have no skills",0.1881694197654724
2546,"The person is dealing with a variety of issues related to medication, such as deciding to stop taking medication due to a belief that their luck is so bad that even good medication won't help, feeling overwhelmed by negative events and circumstances, expressing frustration with the long process of tapering off medication, and feeling a constant sense of failure and inadequacy. These are all strong indicators of medication-related stress and the struggles associated with managing medication and its impacts on their mental state.","constant sense of failure and inadequacy, and potential withdrawals so serious I have to go through a year of tapering off meds",0.6341341733932495
2547,"The person feels alienated from their family and friends, and expresses a belief that they do not belong or have a place in the world.","got suspended from school, family, friends, all lose their trust in me, cannot do anything without screwing it up",0.08168791979551315
2548,"The person is expressing feelings of anger, blaming others, and struggling with past experiences that they are unable to talk about. This indicates relationship-related stress, particularly within their family dynamics. The feelings of being tired, unhappy, and constantly getting into their head suggest a significant emotional burden related to their relationships, which is causing distress.", There are some things that I did in my past and I‚Äôve never talked about it,0.07361876219511032
2549,The mention of medication (Lexapro) and its impact on depression suggests a concern or anxiety related to the effectiveness of prescribed medication for mental health. This indicates a medication related stress., prescribed Lexapro ,0.7000075578689575
2550,"The person is dealing with depression which has been affecting their ability to hold down a full-time job. This indicates medication-related stress as managing depression may require medication and can impact one's work performance. Additionally, the person's struggle to focus and maintain steady employment due to mental stress further aligns with the medication-related stressed category."," can't seem to hold down a full time job,I can't seem to focus at all and i find it difficult staying in work",0.4251798987388611
2551,"The person expresses feelings of alienation, detachment from loved ones, lack of motivation, and lost desire to live. They mention that love feels distant, and they find joy only in fleeting moments. This sense of disconnect from the world around them and the feeling of life passing them by suggests alienation as the dominant mental state.","In high school I was depressed, cried myself to sleep,, wished I would die over my meaningless woes",0.2560684084892273
2552,"The person is expressing feelings of loneliness, abandonment, and self-worth issues following a divorce and subsequent lack of support from their stepfather and girlfriend. The lack of emotional connection, rejection based on material possessions like a car and job status, as well as feelings of not being cared for by anyone point towards relationship-related stress.","since my divorce it's been like trying to dig out of a pit,step dad that claims he loves and cares about me, hasn't taken any time out for me at all since before my divorce, Not a single person came to visit me, Not one",0.3932671546936035
2553,"The individual seems to be experiencing intrusive negative memories and self-doubt, which could be indicative of an underlying mental health issue. The repetitive and distressing nature of these memories suggests a possible need for medication or therapy to address these symptoms.","daydreaming my mind brings up negative memories, sort of quick snapshots of uneasy moments in my life that will flash through my psyche as soon as I have a spare moment",0.4180135428905487
2554,"The mention of anxiety and depression along with the interest in getting an animal for emotional support suggests a focus on finding means to alleviate mental health struggles. Furthermore, the reference to needing help for the children's well-being indicates an underlying concern for managing mental health symptoms with medication. ",finding myself gravitate towards wanting to get an animal to help myself with anxiety and depression,0.7290990352630615
2555,"The person expressed feelings of alienation, loneliness, and being tired of feeling alone. The mention of not having a group of friends, being introverted, self-conscious, and using substances as a coping mechanism for depression all point towards alienation-related stress.","feel like a loser because I do not have a group of friends,  feel like a loser because I'm always alone",0.4580671191215515
2556,"The person expresses feelings of distance and isolation from the people they know, indicating a sense of alienation. This emotional state of being disconnected and feeling like no one wants to deal with them suggests alienation-related stress.","distance between myself and the people I know keeps growing, and it's all my fault. I've turned myself into a guy that noone wants to deal with, and its breaking my heart.",0.20627403259277344
2557,"The person is facing relationship-related stress, specifically related to their difficulties in making and maintaining friendships, as well as the impact of their behavior on those relationships. The text highlights feelings of guilt, regret, and shame over past actions that led to the loss of friendships, as well as a lack of trust in their own ability to maintain healthy relationships in the future. The individual expresses a fear of being a harmful presence to others and struggles with feelings of unworthiness and being unwanted, despite acknowledging that others may not feel that way. These relationship dynamics and negative self-perceptions point towards relationship-related stress as the primary category."," trust issues make it a lot harder to accept that certain people genuinely care for me, really bad at making friends, and worse at moving on when I mess up and lose one,",0.5504699945449829
2558,"The individual has been dealing with major depression and anxiety for some time despite medication and psychiatric help not providing relief. This indicates that the person is under significant medication-related stress, as they are struggling with mental health issues that are not improving with the current treatment. The mention of being a son of a wealthy family and other positive aspects in life, along with feeling tired and sick of life, suggests that the main source of distress is related to medication and mental health struggles.",using meds and seeing a psychiatrist but it does not help me a bit,0.39759284257888794
2559,"The person mentions feeling alienated, different, hated, and unable to love themselves. They experience anxiety, panic attacks, and negative thoughts about themselves, which indicates a sense of alienation and disconnection from their surroundings and self. This alienation can be a significant source of stress and can lead to feelings of self-hatred and discomfort in their own skin. They express a strong desire to feel comfortable and love themselves again, highlighting the struggle with alienation and self-acceptance.",can barely go to school because of how much I feel hated,0.2795489728450775
2560,"The person expresses feelings of loneliness, emptiness, and sadness, especially when alone or in social settings like school. They mention having few friends in real life and finding comfort in online friends. Despite receiving love and affection from their parents, they still feel empty and sad. These feelings of alienation and disconnection point towards an alienation-related stress.",alone or in school or anywhere i just feel so.. alone empty sad depressed everything combined ,0.48581016063690186
2561,"The person expresses feelings of isolation and lack of social connection, indicating alienation related stress. They mention work as their only escape from the house and express having zero friends outside of work. The inability to go out due to lack of funds and the ineffectiveness of music in relieving their distress further highlight the sense of alienation and isolation they are experiencing."," have 0 friends who would talk to me outside of work ,Work was my only way out of the house",0.379444420337677
2562,The feeling of frustration and stupidity without being able to give up suggests a sense of alienation and disconnection from one's surroundings or self.,"can't give up but this causes me a great deal of frustration, Makes me feel stupid ",0.6175315380096436
2563,"The person seems to be experiencing significant stress and self-doubt related to their job in animation. They feel underpaid, talentless, and inadequate, which are common indicators of job-related stress. They express frustration about the lack of proper training in college, financial constraints preventing them from accessing educational resources, and feelings of being stuck and unable to progress in their career. The emotional distress, constant crying, inability to focus on work, and feelings of desperation all point towards job and career-related stress as the primary cause of their current mental state.","artist who just started an underpaid job at an animation company,4 years of college was a waste, college was shit, they didn't teach much for the amount of money my parents helped pay",0.4725404977798462
2564,The person seems to be in a good mental state as they describe feeling calm and close to euphoria after making a decision and getting everything ready. The tone of the text also indicates a positive and peaceful mindset.," decided it's happening, I felt a calm close to euphoria",0.5196334719657898
2565,"The person expresses feelings of self-hate, worthlessness, and a desire to end their life, which indicates a sense of alienation and disconnection from themselves and possibly others. The fear of not being taken seriously or being ridiculed by their parents for their emotions and struggles further exacerbates their sense of alienation and isolation. The self-harming behavior could be a coping mechanism to numb the emotional pain they are experiencing. Overall, the individual's narrative revolves around feeling misunderstood, invalidated, and unable to openly express their emotions, suggesting a state of alienation-related stress.","the pain wont be as bad with my parents knowing i have depression, ask to get tested, like i said they'll laugh at me,I bury all my emotions inside of me and its so hard to keep them contained",0.39645686745643616
2566,The use of profanity and the feeling of constant despair suggest medication related stress. The individual may be expressing frustration at their ongoing depression despite seeking treatment.," have another thing to be depressed about,Like when will this end ",0.426405131816864
2567,"The person is experiencing relationship-related stress due to the pressure from their parents to pursue a certain path in life (college education) that they do not want. This conflict with their parents' expectations is causing feelings of hopelessness and despair, as indicated by the statement 'I just want to end my life.'","already switched course &amp, school ( Electrical Engineer to IT ), don‚Äôt like wasting my father‚Äôs money to nothing",0.1489151120185852
2568,"The person is expressing frustration about not feeling good despite missing their medication, highlighting the dependence on medication for their well-being. The mention of drugs as a negative coping mechanism also indicates a struggle with mental health that is exacerbated by the absence or ineffectiveness of medication.","not having autism would be nice, Feels like all I have in life is video games and drugs",0.3020704686641693
2569,"The author expresses feelings of despair and hopelessness stemming from being away from their fiancé and family, and the fear of losing their fiancé's affection, indicating relationship-related stress.",recently stationed in Japan away from my fianc√© and family and my fianc√© is slowly drifting away from me and I have no friends,0.20808076858520508
2570,"The person expresses feelings of alienation, disconnect, and a lack of fulfillment from relationships and shared experiences. They mention the struggle to bond with people and the absence of happiness in their life, which indicates a sense of alienation and disconnection from others.","instead of working on my art and bounding with people over shared experiences, haven't taken a shower in 6 days, I'd wear my absence of happiness with pride,",0.25408512353897095
2571,"The person is feeling alienation-related stress as they express feelings of loneliness, rejection, and a desire to avoid interactions with others in order to avoid negative emotions.","not close to my family and everyone, try talking to eventually starts ignoring me",0.2792905271053314
2572,"The person is experiencing significant mental distress, as indicated by battling for years and recent events pushing them to the brink. The reference to having a panic attack at work, seeking urgent care, and planning to see a psychiatrist all suggest a focus on medication and mental health treatment, indicating medication related stress.",Tried to go into work and had a panic attack and had to leave,0.4688276946544647
2573,"The person is experiencing relationship-related stress due to a recent bad breakup with a close friend who they were in love with. They are struggling with the aftermath of the breakup, feeling rejected, left out, and heartbroken. The individual's emotions are deeply tied to the actions and responses of their ex-girlfriend, causing them immense distress and impacting their mental health. The conflicted feelings, ongoing communication, jealousy about their ex moving on, and dependency on their ex for emotional support all point towards relationship-related stress.","was dating a really great girl but she dumped me, were really close friends after we broke up, even made out once after, but after that she kind of ghosted me on everything, she didnt want to get back together, Its been a while since then and I kinda lashed out at her, which pushed me out of her close friend circle",0.33863091468811035
2574,The mention of miscommunication and feeling overwhelmed to the point of wanting to die suggests relationship-related stress.,miscommunication at best and he probably doesn‚Äôt care but I‚Äôm freaking out and want to die üôÉ,0.4385796785354614
2575,"The person who wrote the premise seems to be under immense stress and frustration due to the complex and challenging circumstances surrounding their brother-in-law's mental health issues and substance abuse. The fact that the person mentions their wife's history of addiction and their active efforts to support her sobriety indicates a heightened sensitivity and awareness towards mental health struggles and recovery. The continuous cycle of relapses, hospitalizations, and refusal to follow-up on offered resources by the brother-in-law may be exacerbating the person's stress and feelings of helplessness. This deep emotional involvement, along with the desperation to find effective solutions and support for their brother-in-law, suggests a mental state associated with medication-related stress, particularly stemming from the ongoing battle with addiction and mental health issues.","psychiastrist medicated Bill with Adderall and clonazepam under the diagnosis of depression and ADHD, went to college for a portion of a year but dropped out. From that point forward, Bill lived with girlfriends and could hold a  job for about a fifth of a year",0.4113917350769043
2576,"The person is expressing feelings of alienation and worthlessness, believing that they contribute less and take more than a 'normal' person. They feel disconnected from society and view themselves as a burden. Additionally, they mention feeling unappreciated for their efforts to help others and express a deep sense of not belonging or being valued."," failure in every respect. if i were to die in an accident tomorrow, the world would be better off, even if nobody wants to admit it",0.24031835794448853
2577,"The person expresses feelings of alienation and a sense of detachment from their life, describing their existence as a mere habit without any real purpose. They mention feeling like they want to die but lacking the motivation to take action, opting instead to distract themselves. This sense of detachment and lack of meaning in life points towards alienation-related stress.","feel like I want to die but I'm too lazy to really do anything about it, so I just keep living and distracting myself from my reality",0.39980772137641907
2578,"The person's mental state seems to be heavily influenced by their experience with medication (Lexapro). They mentioned feeling better while on the medication and experiencing a decline in their mental health after stopping it. The individual is questioning the necessity of medication, indicating a significant reliance on it for their well-being. Additionally, the lack of support or someone to talk to further exacerbates their distress, which could be a result of struggles related to medication adjustments and mental health management. The focus on the effects of medication on their mood and cognition suggests medication-related stress.","been taking Lexapro for 2 years,got a job and even better when I would play music, but I've lost my spark ",0.4440041184425354
2579,"The person is experiencing anxiety and depression triggered by a foot injury, which indicates a significant impact on their mental state due to physical health issues. The mention of anxiety, depression, and the inability to walk more than a mile a day suggests a strong influence of the physical conditions on the person's mental well-being. Additionally, the fear of making the injuries worse, development of agoraphobia, and the reliance on parents for support, especially with the impending withdrawal of support, all point towards a medication-related stress and the challenges posed by the medical condition on the individual's overall mental state.", right now foot injury which is triggering anxiety and depression. I can't walk more than a mile a day. Im in a good amount of pain all day. I also hate myself a lot these day,0.7140769958496094
2580,"The person who wrote the premise is experiencing relationship-related stress due to the impact of their father's stroke on the family dynamic. The father's change in behavior, including anger, abuse, and alcohol abuse, has put a strain on the relationships within the family. The individual is concerned about their mother's and sister's mental health, with both showing signs of distress and the mother refusing to seek help. The writer feels overwhelmed by the family's situation, feeling helpless and scared about how to support their loved ones during this challenging time.","my dad had his stroke...physically he came out fine, but mentally not so much. He is angry, mentally abusive, short tempered, and has started abusing alcohol like I have never seen him do before in the almost 30 years ",0.5256850123405457
2581,"The person expresses feelings of alienation and isolation from their friends and family, as well as a reluctance to talk about their struggles due to societal expectations of masculinity. This sense of disconnect and lonely battle with their emotions indicates alienation-related stress.", my grades dropped from all A's to E-C. It has been like this for 1-2 years now and none of my friends understands how It's like,0.08857546746730804
2582,"The writer's struggles with clinical depression and the guilt and self-criticism they experience suggest a mental state of medication-related stress. The mentioned feelings of worthlessness, guilt, and disgust, as well as the overwhelming shame and disgust over wetting the bed due to alcohol consumption, align with the typical emotional and psychological challenges faced by individuals dealing with mental health issues like depression. The writer's concerns about drinking responsibly and their doubts about ever trusting themselves to drink again further indicate a focus on managing their mental health and the impact of alcohol on their condition."," also do drink with friends, feel horrible and disgusting that I let myself drink that much again that I fucking wet the bed",0.5394098162651062
2583,"The person is mentioning a new dosage of medication and seeking distractions to stay alive until it kicks in, indicating a heightened level of stress related to managing their medication and possibly dealing with the effectiveness of the treatment. This suggests a medication-related stress.", staying alive until my new dosage of medication kicks in,0.560547947883606
2584,"The person feels alienated from their friends due to feelings of inferiority, depression, unemployment, and financial struggles. They express the belief that they are 'nobody' compared to their rich, beautiful, and smart friends, leading to a sense of alienation and disconnection from the social group."," Me, I'm nobody, I'm a depressed person who is broke as a joke,Plus I'm unemployed, nothing going on in his life, ",0.32081905007362366
2585,"The mention of not wanting to wake up and feeling awful indicates a mental state that could be related to medication, potentially suggesting that the person is experiencing distress in relation to medication they are taking.","feeling like that again,hopefully i won't wake up",0.33732834458351135
2586,"The person seems to be in a generally good mental state as they are self-aware of their situation, seeking help, and actively trying to improve their life. They express a desire to change and take action, which reflects a positive mindset. Despite feeling overwhelmed and stuck at the moment, their willingness to seek advice and motivation to make a change indicates a good mental state.",just wasting time on the internet to distract myself,0.09347336739301682
2587,"The person is experiencing relationship-related stress due to confusion and uncertainty about the nature of their friendship with their best friend. They are worried about their relationship potentially becoming romantic, which is causing them distress and confusion. The fear of losing their friend over this perceived change in dynamic is adding to their current state of mental stress and uncertainty."," have a best friend who is the same sex as me,my only friend, had a thought that our relationship started to become more romantic, don't feel sexually attracted to him, I don't want to lose him",0.4242646098136902
2588,"The person's frustration and loneliness stem from feeling alienated in various areas of their life. They feel disconnected from their peers due to the age gap and lack of shared experiences, alienated from their family due to their sexuality and parental restrictions, and alienated from the LGBT community due to fear of further rejection. This sense of alienation and lack of belonging in multiple aspects of their life is a major source of distress and frustration for the individual.","feel pathetic for being unable to make friends my own age, It‚Äôs just plain creepy",0.3262307643890381
2589,"The person expresses feelings of isolation, betrayal, and loneliness, indicating a sense of alienation and disconnection from others. They feel abandoned and that their efforts to improve themselves were in vain, suggesting a deep-rooted feeling of being alone and detached from social connections.","isolated beyond recovery,destined to remain lonely",0.6077512502670288
2590,"The person is feeling alienation related stress due to lack of human interaction, lack of romantic relationship, and questioning their worth and life based on these factors. The mention of feeling like a 'piece of **** at life' indicates a deep sense of disconnection and alienation from society, which is causing distress and contributing to suicidal ideation without necessarily taking active steps towards self-harm.","constantly questioning my worth and life based on that alone, 1st time ever somebody has called the police on me reporting that I was suicidal",0.4371296465396881
2591,"The person is feeling alienated and disconnected from their friends, family, and the world in general. They express feelings of emptiness, hopelessness, and pointlessness, indicating a sense of alienation. The lack of understanding and support from friends and family is also contributing to their feeling of alienation. This sense of alienation is causing them significant distress and is a key factor in their mental state.","can't write anymore. I can't draw anymore, I've opened up to my family about this but all I got was a pat on the back and a ""you'll be okay"", feel like not even opening up to anyone anymore",0.22331517934799194
2592,"The person is experiencing alienation and isolation, as indicated by being constantly suspended from school, getting insulted on the Internet, bullying others due to insecurities, fighting with parents daily, self-harming, and having suicidal thoughts. These feelings of being disconnected from others and the surrounding world can lead to a sense of alienation and distress.","constantly getting suspended from school,insulting me on the Internet,bully people because of my own insecurities",0.5616611242294312
2593,"The person is describing symptoms of depression, anxiety, and potentially bipolar disorder, indicating a need for mental health support and medication. The mention of ADHD and the risk for developing bipolar disorder at a young age also suggests a history of mental health concerns. The reluctance to seek professional help and the feelings of being overwhelmed and unable to function point towards medication related stress.",not even a functioning human at this point,0.15695570409297943
2594,"The person is expressing feelings of alienation and detachment from others, indicating a state of alienation-related stress. They mention being alone for a long time and feeling unsure about how to interact with people beyond superficial niceties, which points towards a sense of isolation and difficulty in forming deeper connections with others.",would even begin interacting with other people beyond superficial niceties,0.28684961795806885
2595,"The person is feeling distressed about their mother's struggle to help with mental health issues, indicating relationship-related stress.",Some fuckin weed would be a good start ,0.04919079691171646
2596,"The person is experiencing relationship-related stress, particularly in relation to their father. The strong emotional bond and special friendship they share with their father is causing them immense mental anguish. The person is torn between their own suffering and the fear of causing their father even more pain, given the difficult circumstances he has been facing lately, such as losing multiple jobs and going through a failed marriage proposal. This pressure from their relationship with their father is a significant contributing factor to their current state of mind.","lost about 5 jobs over the past month, through no fault of his own, mother and the love of his life said no to his marriage proposal and left him, His parents give him 0 encouragement for anything",0.4725777506828308
2597,"The person feels alienated and different from others, expressing feelings of being abnormal and unlucky due to their sexual orientation and mental health issues. They are struggling with a sense of not fitting in and feeling disconnected from those around them, leading to feelings of alienation and possibly social isolation.",The gay one with mental issues,0.37437012791633606
2598,"The person is feeling alienated and disconnected from their teachers, principal, family, and social circle. They express feelings of inadequacy, frustration, and resentment towards their surroundings, indicating a sense of alienation and lack of belonging.","teachers can't teach for shit, the principle of my school hates me for laughing, my mom won't let me quit my piano lessons,losing motivation, gives me anxiety",0.2952268123626709
2599,"The person expresses feelings of loneliness, depression, and boredom, indicating a sense of alienation. They also mention using excessive masturbation as a way to distract themselves, which is a coping mechanism in response to these negative emotions. The recent cessation of alcohol consumption and the absence of other substances may have led to the search for alternative coping mechanisms, leading to the described behavior being seen as a crutch in response to their feelings of alienation."," super lonely, depressed, and bored I enjoy a lot of ""alone time",0.35992372035980225
2600,"The person is experiencing extreme emotional distress following a recent breakup. The intensity of their feelings of worthlessness, loneliness, and betrayal points towards relationship-related stress. The breakup has caused severe depression, self-esteem issues, and even thoughts of suicide, indicating a deep emotional impact from the end of the relationship.","since my break up a month ago, it's been very hard to feel happiness",0.46648532152175903
2601,"The person is experiencing relationship-related stress. They have gone through a difficult breakup with a toxic ex-girlfriend and are now feeling insecure and unworthy in their current relationship. The mention of feeling lost and unsure about what to do, as well as considering leaving the new girl to deal with their own problems, indicates a significant level of distress and confusion related to their romantic relationships.",my exgirlfriend's rape's story traumatized me,0.3280768394470215
2602,"The individual's mental state is primarily influenced by a lack of access to necessary medications for their depression, leading to increasing emotional distress and an inability to focus on daily activities. The desperation to find medicine to alleviate their condition is a major source of stress and seems to overshadow other stressful elements in their life such as abuse and academic pressure.","if quit college things will be worse for me at home,being abused everyday at home, the abuse and thw pressure of succeed are killing me",0.3864300847053528
2603,"The person is experiencing symptoms of alienation, feeling disconnected from their own emotions and the world around them. They describe a sense of emptiness, hollowness, and coldness towards others, indicating a profound sense of detachment. The mention of reaching for happiness but feeling the void deepen suggests a struggle with feeling isolated and disconnected from positive emotions and experiences. This sense of alienation can be distressing and may lead to feelings of numbness and longing for meaningful connections.","feel cold when I look at people, and I feel nothing towards the things that used to bring me such joy",0.4635156989097595
2604,"The person expresses feelings of insecurity, inferiority complex, comparing themselves to others, and feeling alienated from their perceived successful peers. They also mention the idea of not receiving enough blessings and feeling that things are harder for them compared to others. This suggests a state of alienation-related stress where the individual feels disconnected or different from those around them, leading to feelings of inadequacy and difficulty in achieving success compared to others.",insecurity and inferior complex when it comes to my definition of success,0.5243168473243713
2605,"The person is expressing feelings of alienation and loneliness while being surrounded by friends. Despite being with people who care for them, they are struggling to accept that care and feel disconnected, which reflects a sense of alienation from their social circle.",lonely,0.3582455515861511
2606,"The premise reflects a strong sense of relationship-related stress, evident from feelings of rejection, guilt, and worthlessness stemming from the interaction with the friend. The individual's emotions are centered around their connection with the friend, and the subsequent feelings of being ignored, undeserving, and alone indicate relationship-related distress."," filled with guilt and stuck feeling like crap, deserve to be alone",0.3344268202781677
2607,"The individual expresses feelings of longing for a consistent and caring relationship, while also hinting at a pattern of connections fading off. This suggests relationship-related stress, particularly related to feelings of uncertainty and disappointment in forming lasting connections.","everytime i feel like i had a special connection with someone, it just fades off",0.5963495969772339
2608,"The symptoms mentioned, such as shaking, high anxiety, crying, and throwing up, indicate a severe mental health episode that might require medication intervention. The mention of feeling awfully down without a specific trigger indicates a general state of distress that could be linked to medication-related issues.","Nothing brought on this panic attack,  just been awfully down.",0.4276164174079895
2609,"Feeling depressed and lonely indicates a sense of alienation or disconnection from others, leading to emotional distress and the desire for companionship.","Wanted someone to talk with, been feeling depressed and lonely ",0.5837520360946655
2610,"The mention of thinking about self-harm, the fear, worry, inability to stop thinking about it, and considering causing oneself pain suggest that the person may be experiencing mental health issues that could require medication. It's important for them to seek help and support from a mental health professional to address these thoughts and emotions.","thinking more about self harm recentlyt,scared and worried but I can't stop thinking about it",0.619086503982544
2611,"The person is experiencing stress related to their education and career choices. The mention of considering going back to school for a useful STEM degree, pursuing teaching, trade school, or the military suggests a feeling of being overwhelmed and unsure about which path to take. The frustration and self-doubt regarding failing calculus twice in the past also indicate job and career-related stress.","Do I go back to school, get an actually useful degree in STEM, even though I fucking failed calculus twice the first time around, pursue teaching at the high school level, Do I consider trade school,The military",0.7000588774681091
2612,"The person is experiencing relationship related stress due to a recent breakup and uncertainty about the future of the relationship. They are struggling with the emotions of missing their ex-partner, feeling hurt, and constantly thinking about them. The hope for a reconciliation and the pain of waiting for a potential reunion are common factors in relationship-related stress.","recently reached out and she said she wasn't ready to see me yet, still have some hope because it sounds like she could be ready to see me eventually",0.17046484351158142
2613,"The person is experiencing feelings of alienation, loneliness, and a lack of family support. They express a sense of being overwhelmed by their past experience with alopecia and fear of it recurring, which is contributing to their current state of worry and low self-esteem. The desire for family support and someone to talk to indicates a sense of isolation and alienation, which falls under the category of alienation-related stress."," my alopecia comes back , lost tonnes of my hair just before starting college and it destroyed my confidence and self esteem",0.4754224419593811
2614,Expressing a desire to end one's own life without hurting others may indicate a mental state influenced by medication-related stress. Such thoughts can be a side effect of certain medications or a sign that current medication is not effectively addressing mental health issues.,wish I could kill myself without hurting anybody.,0.4175646901130676
2615,The detailed thoughts of suicide and contemplation of taking one's own life indicates a serious mental health concern that may require medication intervention. The increased frequency and intensity of these thoughts suggest that the individual is under significant distress and may benefit from medication-related treatment and support.,"super hard for me lately, having detailed thoughts of suicide, IF people would react",0.6137961149215698
2616,"The language used in the premise suggests a feeling of alienation, where the person feels disconnected from their interests and motivation, leading to a sense of waste and disengagement.","you had that motivation, that you don't have any interests anyways,just be a waste then go right back to bed",0.3333432674407959
2617,"The person is experiencing alienation related stress. They feel disconnected and isolated, unable to fully express their emotions and vulnerabilities due to societal expectations of masculinity. They perceive a lack of support system and struggle to find someone to open up to, leading to a sense of imbalance and inner conflict. This alienation and feeling of not fitting into societal norms contribute to their feelings of depression and the difficulty in managing their emotions. The longing for a balanced state where they can express themselves without fear of judgment or rejection indicates a deep sense of alienation from their true self.",just need to talk sometimes and need a hug and don't want the entire emotional burden,0.3576200008392334
2618,"The premise reflects feelings of alienation and disconnection from others, as well as a sense of being unappreciated and misunderstood. The individual expresses a strong belief that they are fundamentally unlikeable, struggling with basic social rules and interactions despite their efforts to improve. This sense of not fitting in and feeling contaminated by social awkwardness points towards a state of alienation-related stress.","There's always that doubting and fear that I'm doing something wrong, Accidentally offending someone",0.29048317670822144
2619,"The person is experiencing a combination of anxiety and depression, and has been undergoing therapy for 5 months. Despite some improvements noticed through Cognitive Behavioral Therapy (CBT), they express difficulty in changing their behaviors and mention feeling depressed and suicidal when not actively making changes. The mention of specific medications like Zoloft, Ativan, Xanax, and Prozac, along with the desire for an 'easy fix', indicates a heightened interest or concern about medication as a potential solution. The person's fatigue from feeling consistently unwell and the questioning of the effectiveness of medication in combination with therapy suggest a significant level of distress and reliance on external interventions to alleviate their mental health struggles.","going through CBT which has lots of research support,",0.3182542324066162
2620,"The person is expressing feelings of alienation, disconnect, and a sense of not belonging or fitting in with the people around them. They feel left behind, like a phony, and a disappointment to both others and themselves. These emotions suggest a deep-seated sense of alienation and isolation from their peers and society, leading to feelings of being stuck and unable to move forward in life.","not a child anymore and my family won‚Äôt support me forever, It hurts to watch everyone who believed in me and all of the people and friends in my life move on ahead while I feel stuck",0.24269968271255493
2621,"The person's experience with antidepressants indicates medication related stress. They feel that taking antidepressants only numbs their emotions without addressing the root cause of depression, leading to a sense of numbness and loss of identity which causes distress.",antidepressants just make you numb,0.7758439779281616
2622,The person is experiencing severe emotional distress due to long-term abuse and neglect from their family members. The physical abuse and emotional manipulation described in the text indicate a pattern of bias and abuse that has significantly impacted their mental state. The individual's desperate plea for help and fear of being recognized or judged by others also suggest a high level of distress and trauma related to the abusive environment they are in.," student at an international school, Things aren't working well, they've never worked well, For years and years of my life I've lived with thoughts of falling to my death, drowning in my own blood,years of depression that was neglected",0.3335456848144531
2623,"The person expresses concerns and uncertainties about their mental health condition and the impact of medication on their mood. The mention of major depression, bipolar disorder, and other mental illnesses along with the reference to being on medication suggests a focus on medication-related stress. The person seems preoccupied with the idea of living with a genetic predisposition to depression and questions how their mind functions when they are off medication, implying medication plays a significant role in managing their mental state.","My ""happy"" emotions are mainly nostalgia, always have that ""filter",0.18063592910766602
2624,The person seems to be in a good state as they are expressing good wishes to others.,hope you are ok,0.1297813057899475
2625,Expressing a desire to never have been born suggests feelings of alienation and disconnectedness from life and the world., just wish I was never born. ,0.587922990322113
2626,"The mention of being depressed and struggling with performance anxiety suggests a mental health issue that may require medication. In this case, the individual is likely experiencing stress related to medication and its impact on their ability to perform while depressed.",just don't trust my memory with remembering lyrics and chord changes on guitar,0.00033553317189216614
2627,"The person is experiencing relationship-related stress as they are feeling depressed and terrified due to a threatening situation with their girlfriend. The fear of their girlfriend contacting their school and parents if they don't seek help is causing an overwhelming emotional response, leading to a new low in their mental state.","texted my mom, but she's in another timezone so she won't read it until later, I'll tell my dad tomorrow, I'm terrified",0.27647262811660767
2628,"The person's longing for a relationship and fear of loneliness indicate relationship-related stress and a deep emotional need for companionship and support. The mention of wanting to fill an emotional void, receiving love and attention, and feeling alone at night all point towards a struggle with the desire for meaningful relationships. The person's plea for understanding and validation highlights the importance they place on relationships in seeking comfort and emotional connection.",just want to not be alone and have to cry myself to sleep ,0.4685346782207489
2629,"The individual's feelings of worthlessness, being ostracized, and self-hatred are indications of alienation-related stress. They express a profound sense of disconnection and feeling like an outcast due to their perceived physical appearance, leading to suicidal thoughts and social withdrawal.","how hideous and cringy I am, I hate myself, There's no one I'm more disgusted at than myself,I look like a monster",0.3470821678638458
2630,"The mention of running out of a prescription and looking for a place to find it, especially online, indicates medication-related stress."," prescription ran out,Can anyone help, preferably online",0.7168842554092407
2631,"The person's mental state seems to be heavily influenced by medication-related stress. They are struggling with the effectiveness of their current medications, concerns about dependency and tolerance, and the overall impact of taking multiple pills daily. This is further supported by their detailed description of the various medications they are taking and the worries associated with their medication regimen.","dropped out of high school, managed to find an alternative way to graduate, and then pass a semester of college to drop out of the next one,struggled with finding the purpose of everything my entire life, put any effort into anything I've done",0.14377433061599731
2632,"The person is expressing feelings of alienation and detachment from society or certain individuals, indicated by their mentions of being tired of a lot of negative things but acknowledging the presence of good in the world. They emphasize taking control of their own life and not allowing others to affect their happiness or self-worth, indicating a sense of alienation from external pressures and expectations. The mention of past emotional struggles and refusal to let them define their worth also aligns with feelings of alienation from societal norms and judgments.","went through some emotional shit before, I have fucked up before, but I won't act like this crap defines me or my worth as a human,life won't last forever, why suffer and let people attack your happiness each day",0.33218154311180115
2633,The person is feeling medication related stressed because they mentioned their fear of the therapist fearing for their safety and potentially involving their parents due to concerns about self-harm. This indicates a deep sense of worry and uncertainty regarding their mental health and the possible consequences of not being completely honest about their thoughts.,"just don't know what to do, I'm a minor so I'm afraid she's going to fear for my safety and tell my parents,",0.25247204303741455
2634,"The person expresses a sense of alienation, self-destructive behavior, and a lack of purpose in life. These feelings are commonly associated with alienation-related stress, where an individual feels disconnected from themselves, others, or their sense of purpose, leading to self-destructive thoughts and actions.", don't do well with accountability for myself,0.11029673367738724
2635,"The person appears to be experiencing alienation-related stress. They express feelings of isolation, hopelessness, and worthlessness, indicating a profound sense of disconnection from society and a lack of belonging. The individual also mentions a lack of support from friends, family, doctors, and therapists, further highlighting their feelings of being alienated and abandoned. The language used to describe themselves as a 'fuck up' and 'anomaly' reflects internalized alienation and self-perception of not fitting in or being accepted by others. The overall tone of despair and readiness to die suggests a deep-seated alienation that has profoundly affected their mental well-being.","been isolated for most of my life,am doomed forever and that nobody will love me, It's too late",0.3767980635166168
2636,"The person seems to be experiencing alienation and disconnection from others, expressing feelings of not being understood or truly listened to. They have a strong sense of frustration and detachment towards people around them, which is leading to feelings of deep rage and hatred. The desire to interact with people who don't exist indicates a sense of longing for genuine connection and understanding that they are currently lacking in their relationships.","want people to help me (does that qualify as using people?) it is relief when someone knows what your talking about,really bad at explaining my feelings in the first place so it's really hard anyways",0.3227258026599884
2637,"The person is experiencing feelings of emptiness, alienation from themselves and their surroundings, loss of identity, and a sense of disconnect from their true self. These are common signs of alienation related stress, where individuals may feel detached, isolated, and disconnected from others and themselves, leading to harmful behaviors like self-harm. Seeking help from a therapist is a positive step towards addressing these feelings of alienation and finding ways to reconnect with oneself."," started self-harming about 2 weeks ago and it was such a bad mistake,need help, I don't trust my decision making whatsoever",0.2766367197036743
2638,"The person is experiencing alienation related stress as they feel lonely and isolated despite initially believing the internet friends were enough. The loss of these 'friends' has left them feeling empty and desiring to die, but they are unable to take such drastic action.","used to think that I dont need friends i have plenty on the interne, only have 2 or 3 and i am lonely and wish that i would just die ",0.4894918203353882
2639,"The person seems to be in a good state of mind despite previously experiencing depression. They have found joy in creating things and feel hopeful about bringing joy to others as well. They also express a desire to support others and emphasize that sharing is not for the purpose of profit, indicating a positive and altruistic mindset.","love to hear from anyone, for any reason",0.22009676694869995
2640,"The person's mental state seems to be strongly influenced by their medication. They express frustration with the medications not working effectively, experiencing negative side effects such as memory and verbal skills impairment, and feeling like they are not themselves. This medication-related stress is causing them to struggle with controlling their emotions and behaviors, leading to outbursts of anger and thoughts of self-harm. The person's internal conflict between their true self and their medicated state indicates a significant distress related to medication and its impact on their mental health."," first diagnosed as depression then later, bipola",0.37170255184173584
2641,The person who wrote the premise is likely under job and career-related stress. The mention of a coworker being at risk of losing their job due to a lack of certifications and the emotional response of feeling nauseous and not wanting to lose the coworker indicates a significant level of stress related to the workplace situation.,"fought for custody for his 3 kids and son,he got called into the office,oss told him that he needs to get at least one of the eight certifications by beginning of February or he will be let go,,got nauseous, I saw his look of sadness",0.37227025628089905
2642,"The person expresses feelings of alienation and disconnect throughout the post. They mention not having many friends, not liking many people, and avoiding their family. They also feel isolated due to their addiction to weed and the impact it has had on their social life and education. The difficulty in finding cool or like-minded people, the challenges in their relationship, and the struggle in pursuing their interests due to lack of connection with others all point towards feelings of alienation and isolation.","realise in my mid 20s that Im allergic to weed and it makes me have a runny nose the next day and itchy eyes and I have asthma so I breath badly when i smoke, skipped high school so much in my life and had crazy allergies,always felt sick so I kind of fucked up my education",0.3113479018211365
2643,"The person mentions feeling lonely after moving out of the home shared with their husband and kids, indicating relationship-related stress."," lonely, can chat about your shit or mine",0.32768499851226807
2644,"The writer is experiencing relationship related stress due to the breakup with his girlfriend, causing emotional turmoil and making it difficult for him to focus on his studies. The sense of loss and heartbreak is clearly impacting his mental state and ability to cope with academic responsibilities","grades were shit because I barely studied,dissapointed my dad yet again,  might loose my dorm room if this financial shit doesn't work out,  need a 3.0 ",0.286702960729599
2645,"The person expresses feelings of alienation and betrayal due to being betrayed by individuals they trusted. The sense of betrayal and isolation is evident from the premise, leading to the categorization as Alienation related stressed.","met a few people online last year, thought I could talk to about my feelings, were nice to my face about it, but they were passing around private things",0.17681720852851868
2646,"The person is dealing with intense emotions and is hesitant to seek help due to fear of being hospitalized or medicated, indicating medication-related stress.",want to tell someone exactly what I'm feeling without them telling my parents or calling a hospital,0.4103602170944214
2647,"The author's description of living with a violent and abusive drunk partner for several years, being exposed to constant physical and emotional distress, and feeling trapped in that environment indicates a significant amount of trauma and distress related to their relationships. This prolonged exposure to toxic behavior has caused the author to experience symptoms of depression, numbness, changes in behavior, and a desire to escape reality through sleep. These are common signs of relationship-related stress and trauma.","3 years and the final year I noticed a difference in myself, 3 years ago I moved in with a drunk,would do the most random crazy shit he would punch a flat screen tv countless times for no reason, beat his girlfriend and bruise her,lived with them for ",0.43927866220474243
2648,"The person mentions trying a million medications with no luck, attempted multiple therapists and ADT programs, indicating a struggle with finding the right medication or treatment for their mental health. This medication-related stress is a key indicator of the mental state being in Category 3, Medication related stressed.","too much pain, worry, and doubt in my life",0.3582684397697449
2649,"The person expresses feelings of alienation, mentioning a lack of desire to be around anyone and not having anyone else to talk to. These feelings of isolation and disconnection indicate alienation-related stress.",There just isn‚Äôt anyone else to tell it to,0.06353330612182617
2650,"The person's mention of feeling alienated, using phone as a coping mechanism, avoiding social interactions, lack of interest in previous hobbies, and neglecting personal responsibilities suggests a state of alienation related stress.",don't like interaction with others. I prefer to stay on my phone ,0.4185808300971985
2651,"The person seems to be in a good state as they are finding joy and relaxation in simple activities like taking a warm shower. Despite feeling time dragging in their mind, the overall tone of the message is positive and content.","it's only 5th of Jan, Oh boy, seemed so long inside my head",0.13033095002174377
2652,"The person is expressing feelings of isolation and alienation, mentioning that they never go out, work from home, and have nobody to talk to. This sense of being disconnected from others and living in silence for years indicates a state of alienation related stress.",never go out anymore. I work from home and I don't really have anyone to talk to at all,0.3708166182041168
2653,"The language used in the premise indicates a sense of alienation and overwhelming feelings of worthlessness, which can be signs of alienation-related stress."," worthless and nothing to anyone,going to kill myself people have ruined everything in my life for me",0.31482255458831787
2654,"The person expresses feelings of isolation, alienation, and sadness, highlighting a lack of connection with their family and a sense of being misunderstood by one of their cousins. They struggle with sharing their emotions and fears of judgment, indicating a deep sense of alienation and loneliness. The relief felt after confiding in someone and the importance of feeling understood and supported further point towards an alienation-related stress."," eating makes me forget how I feel and I feel at peace, How I'm too scared to actually do anything ",0.1784418672323227
2655,"The person expresses feelings of alienation and rejection in various aspects of their life, such as school, college, social interactions, and online communication. They consistently feel ignored, left out, and unattractive, leading to thoughts of self-harm. These experiences indicate a state of alienation-related stress.","Back in school the only time I would get attention is if someone wants me to do something, or for bullying me, In highschool and college, everyone just ignores me",0.22953076660633087
2656,"The person expresses feelings of worthlessness, self-hatred, social inadequacy, and being a burden on others, indicating relationship-related stress. The individual feels disconnected from their friends and family, with a lack of support and understanding from them. This sense of isolation and lack of validation contributes to their depressive thoughts and contemplation of suicide.","have no motivation to live. I don't see myself getting anywhere in life. I don't have any skills, talents, accomplishments",0.37440431118011475
2657,"The person is experiencing severe anxiety and distress related to a medical procedure, causing an overwhelming emotional response. The emphasis on sleeplessness, crying, anxiety, and thoughts of not wanting to live due to the pain and suffering suggests a deep sense of distress and hopelessness associated with the medical situation. The focus on the medical aspect of the problem points towards medication related stress.",what's the point in living life if everything causes you pain,0.4383559226989746
2658,"The person is describing feelings of emptiness, depression, and a sense of being lost. They also mention losing everything they care about, which may have contributed to feelings of alienation. This sense of detachment and emotional disconnection suggests a state of alienation-related stress.","My mind keeps trying to kill me while my body is trying to keep me alive, I‚Äôm starting to not feel anything at all, except being empty and depressed",0.43746042251586914
2659,The person seems to be feeling alienated and disconnected from their emotions and the world around them. They express feeling numb and overwhelmed with the challenges life has thrown at them. The sudden flash of memory and the recollection of how music used to make them feel alive indicates a sense of alienation and disconnection from their current reality. The act of playing music again and experiencing joy and emotion through it suggests a longing for connection and a way to cope with their feelings of alienation.,"sitting in my room just trying to deal with life, and all the shit that has been thrown at me in the last few years",0.2579072117805481
2660,"The person is experiencing symptoms of depression and emotional distress but is hesitant to seek help or talk about it with their family, indicating a potential barrier, like stigma or fear associated with medication. This reluctance to seek support and the mention of emotional issues suggest that medication-related stress is a contributing factor to their mental state.",mbarrassed to tell anyone and will more than likely never tell my family,0.25457489490509033
2661,"The person is experiencing relationship-related stress due to being played by a girl at work who is now with someone else they work with. The emotional distress caused by this romantic situation is evident throughout the premise, leading to feelings of betrayal, confusion, and conflict. This relationship stress is also intertwined with concerns about job security and housing stability, highlighting the significant impact the romantic situation has on various aspects of their life."," have another job. It's only part time, Just built up from homelessness after staying with a friend to a hotel.  Begged and pleaded, but she's with someone else",0.28540995717048645
2662,"The person appears to be under significant relationship-related stress, particularly with their mother. The constant labels and negative perceptions from the mother, as well as the lack of emotional connection towards family members, indicate a strained relationship. The individual's struggles with feelings of detachment, questioning their capacity to love, and difficulty empathizing with others might stem from this challenging family dynamic. Furthermore, the person's exploration of their emotions, past experiences with religion, and uncertainty about their own mental health suggest a complex interplay of emotional turmoil within their family relationships.","diagnosed me with Major Depressive Disorder,",0.2839156985282898
2663,"The person is expressing feelings of failure, loneliness, and fear of the future, indicating a sense of alienation. They mention feeling like they have lost friends who were only around for convenience, and the lack of support from their mother despite her initial willingness to help. The person also talks about being drained financially and emotionally, and feeling like they are not getting the help or opportunities they need to improve their situation. All these factors point towards a state of alienation and disconnection from meaningful support systems and opportunities.","thoughts of failure, loneliness and fear of the future. I've been here so often over the last 10 years it feels like home",0.5322335958480835
2664,"The person's feelings of emptiness, self-doubt, and questioning the purpose of life despite achieving a significant goal indicate an alienation-related stress. They struggle with finding meaning and worth in themselves, feeling disconnected from their achievements and relationships. The desire to quit to escape the overwhelming feelings suggests a deep sense of alienation and disillusionment in their current state.","had been telling myself that I would never be smart enough to get a scholarship, I would never go to university, I believed I would never succeed academically.",0.26787665486335754
2665,"The language and themes in the premise suggest feelings of alienation, loneliness, and a sense of detachment from reality. The person seems to be struggling with a sense of disconnection from others and the world around them, as well as feelings of hopelessness and despair. The repeated mentions of being alone, waiting for someone who may never come, and the tone of resignation all point towards alienation-related stress.","Nobody cares when, We have all the time in the world right",0.14195802807807922
2666,"The individual mentions suffering from depression and anxiety for about 4 years, indicating a long-term struggle with mental health. The overwhelming stress and pressure from different areas of life, such as job, relationships, and education, have exacerbated their depression and anxiety. Additionally, the mention of suicidal thoughts and history of violent behavior further underscores the severity of their mental health issues. The individual needs urgent professional help and support to cope with these challenges and prioritize their well-being.","3 months ago I was in college, one of the best in my area, I have all the education I need to work in TV and I got a job there, sounds good ,thoughts started occurring  to me, what if I get fired,What if I fail my classes, What if I loose my friends",0.2536781132221222
2667,"The person is feeling alienated and disconnected, as indicated by their irregular sleep patterns, anxiety, and desperation for social connection during late hours. The mention of depressive state and seeking validation from others online suggests a sense of alienation and isolation. This alienation may be contributing to their overall mental state and sleep troubles.","Not to mention I have exams in two weeks,Everything has literally just went downhill in the past few months, ",0.1342511922121048
2668,"The writer seems to be experiencing stress and concern related to medication, particularly the potential side effects and adverse reactions of Mirtazapine. The decision to self-wean off the medication and the subsequent experience of what could be a seizure indicate a heightened level of anxiety and worry about their health and the effects of the medication on their body. This aligns with the category of 'Medication related stressed'.",been taking Mirtazapine 15mg for a month and the last 3 days I've been taking Mirtazapine 7.5mg to start to wean myself off them,0.5884115695953369
2669,"The author is expressing a desire for companionship and emotional support, indicating that they are feeling lonely or lacking in their current romantic relationships. They mention that having someone to share time with would give them stability and someone to talk to about their feelings, suggesting relationship-related stress.","being single is the cause of my depression or dating the solution, but having someone to share time in that way would give a sense of stability to my life",0.6539511680603027
2670,"The individual's mental state is highly impacted by their troubled relationship with their father, who abandoned them at a young age and caused significant emotional distress and trauma through his actions. The lack of closure and the ongoing struggle with forgiveness and acceptance towards their father contribute to their current feelings of despair and hopelessness in life. This relationship-related stress is evident throughout the narrative, making Category 4 the most suitable classification.","older sisters begging me to eat my dinner because the sun was setting and we didn't have any power, and I had to eat so we could go to bed when darkness came. I was 3 at the time, and they were 12 and 9 years old,dad repeatedly cheated on my mom while she was deployed overseas and spent weeks at a Motel 6 across town, ",0.3420798182487488
2671,"The person shows clear signs of relationship-related stress, particularly stemming from interactions with their parents. The insensitive and dismissive behavior of the father, despite the explanation of the individual's struggles with depression after the friend's suicide, indicates a lack of understanding and empathy in the relationship. Additionally, the mother's repeated comments about 'thinking positive' reflect a lack of awareness of the complexities of mental health issues. The constant invalidation from the parents regarding the individual's depression and struggles with medication and work further highlight the relationship-related stress present in this situation.","Dealing with my friend's suicide has gotten, Really bad, To the point of not eating ",0.4528253972530365
2672,"The premise suggests a need for reassurance in the context of love and relationships, indicating relationship-related stress.","Someone will love me one day, but I just need reassurance right now",0.46047303080558777
2673,"The person's feeling of not being interested in anything and the struggle to enjoy activities they used to love suggests a sense of alienation. They feel disconnected from their previous interests and are unable to find joy in them, which can be a sign of alienation-related stress.","depression started around 3 years ago during my sophomore year in high school, and I‚Äôve tried to suppress it as much as possible, but unfortunately it still plagues me in small instances while being in my second semester of college",0.21921344101428986
2674,"The person is feeling stressed due to a tense or strained relationship with their mother, which is evident from the negative interaction described in the premise.",before she goes to bed she calls me a zombie and says I need to snap out of it before she commits me to the hospital,0.17955614626407623
2675,"The person's feelings of insecurity in relationships, fear of being abandoned, self-sabotage, and self-doubt all point towards issues related to alienation. The individual seems to struggle with feelings of inadequacy and fear that their friends will eventually leave them. This sense of alienation and fear of losing connections with others is a key indicator of the alienation-related stress."," small circle of very close friends, fortunate that my current friends are wonderful people and very supportive of me, but I still feel very insecure in my relationships ",0.4373060464859009
2676,"The person is experiencing prolonged grief and finding it difficult to move on after the loss of their dad three years ago. The constant feeling of insignificance of other aspects of life, distortion of time perception, and lack of opening up to others are all indicative of relationship-related stress, specifically grief and mourning. The person's denial of depression and not noticing a change in themselves, alongside the comments from others about their behavior, suggest a struggle with accepting and processing their emotions related to the loss.","three years ago my dad died, it hardly feels like three weeks",0.518512487411499
2677,"The language used indicates a deep sense of alienation and despair, feeling lost and unable to find happiness or solace. The idea of wanting to disappear and finding everything pointless suggest a sense of disconnection and alienation from life and one's surroundings.","this terrible feeling that aches inside my chest, have no words to describe it..but i feel miserable and lost",0.2970569133758545
2678,"The individual's feeling of extreme loneliness and seeking social interaction through an online streaming platform like Twitch suggests a sense of alienation and disconnection from people in their immediate surroundings. This desire for virtual companionship and social interaction likely stems from a lack of meaningful connections or support in real life, leading to a need for substitute interactions through online platforms.",just really need a place to hang and talk,0.1998232901096344
2679,"The person is expressing feelings of being a failure, which indicates relationship-related stress, potentially feeling like they are failing in their relationships with others.","feel like a crazy person and a failure
",0.5789745450019836
2680,"The person is expressing feelings of alienation, lack of purpose, and monotony in their daily life. They mention not having a job despite applying to many places, feeling like they are just going through the motions every day, and lacking the energy to leave the house. These are common indicators of alienation-related stress, where individuals feel disconnected from others, society, or their own sense of purpose. The sense of stagnation and lack of fulfillment described in the premise aligns with feelings of alienation.",feels like a haven't been doing enough with my life I have no job even though I've applied to a lot of places. I rarely leave the house now and I don't feel like I have the energy to leave,0.5343049764633179
2681,The person is experiencing extreme emotional distress and numbness due to the ending of their engagement. This relationship-related stress is evident from the mentioned feelings of emptiness and the desire to end it all.,"my fianc√© being distant and acting weird and just 30 minutes ago she ended our engagement, I‚Äôm so numb and just empty",0.4602598547935486
2682,"The person who wrote the premise is experiencing feelings of alienation and isolation, as indicated by their statement that they are not in a situation where they can express their feelings to people around them such as family and friends. They mention a fear of being judged or losing friendships, which suggests a sense of disconnectedness from their social support network. This feeling of being unable to share their struggles with loved ones may be contributing to their severe and unhealthily depressed state. The person seeks connection and understanding from anonymous individuals on the internet who may also be experiencing similar feelings, highlighting a sense of seeking belonging and connection with others who can relate to their emotional struggles.",would like to get some things off my chest and I‚Äôm not in a situation where I can express my feelings to people around me in my life such as my mom and dad or friends,0.3548676371574402
2683,"The person is experiencing symptoms of depression and anxiety, along with thoughts of suicide, which indicates significant mental health distress. The self-medication with various supplements and the struggle to find happiness suggest a reliance on medication as a coping mechanism. This aligns with the category of 'Medication related stressed.'","don‚Äôt know what to do, how to be happy.",0.24058881402015686
2684,"The mention of feeling like there are no more options and considering seeing another shrink, as well as the feeling of pointlessness and desire to die, suggests a deep frustration with the medication-related aspects of mental health treatment. This indicates a high level of stress related to the effectiveness of the current medication and the inability to see a positive change in the future.","just felt very pointless, I‚Äôve felt like this all my life, what‚Äôs there to change it? What‚Äôs there to look to look forward to",0.24234047532081604
2685,"The language used in the premise reveals a deep longing for love and connection, indicating relationship-related stress. The reference to feeling like a 'sad lonely person waiting for a miracle' suggests a sense of disconnection and longing for a romantic relationship similar to the one depicted in the movie. The desire for someone who loves them deeply and the feeling of not being special convey relationship-related stress and a sense of longing for emotional connection.", just kept wishing that I had someone who loved me the way they loved each other,0.38197192549705505
2686,"The person expresses feelings of alienation and disconnect from others, highlighting a sense of inadequacy and self-doubt in comparison to those around them. They mention feeling like a waste of space and struggle with lack of focus and passion in life, which leads to a persistent feeling of being down. This sense of isolation and inability to find purpose or direction in life points towards alienation-related stress.","having such a hard time dealing with lack of focus in my entire life,  makes me feel like garbage and a waste of space to grace this planet",0.5290759801864624
2687,"The person expresses feelings of isolation, disconnection, and fear of further emotional damage if they allow someone to come close. This suggests a sense of alienation and a lack of meaningful connections in their life, leading to emotional distress.","In the past two weeks, I haven't spoken to a soul, inability to have a conversation out of my system",0.28609973192214966
2688,"The premise conveys a sense of confusion and frustration regarding the inconsistency in physical sensations. This could be related to medication side effects or the struggle of managing symptoms and side effects of medication, leading to stress and discomfort.",Why can‚Äôt I just feel hungry when I‚Äôm hungry and tired when I‚Äôm tired and feel fine the rest of the time,0.2783917784690857
2689,"The person's feeling of alienation and loneliness, as expressed in the premise, indicates a sense of disconnect or isolation from others. The lack of social contacts, feelings of social awkwardness, and inability to start conversations all point towards alienation as the main mental state. The desire to have friends and talk to people without feeling awkward further supports this category.","realized that outside of family, I had no contacts to add, None, have a single friend outside of my family",0.44232451915740967
2690,"The individual in the premise is clearly struggling with medication-related stress. They have tried different medications with negative outcomes, such as experiencing horrible anxiety, gaining weight, or feeling like the medication was not helpful. This frustration and disappointment with the medication's effects are evident throughout the text, indicating a significant source of stress and dissatisfaction in their mental state.","what's the point? Living life for the sake of living just seems pointless to me,depression never really goes away it just gets easier to manage",0.29478350281715393
2691,"The person is experiencing relationship-related stress due to the sudden change in dynamics and conflict arising from the partner's recent depression diagnosis and medication. The new situation has led to a fight, unusual behavior, and sleeping apart, causing distress and uncertainty in the relationship.",some sort of drug reaction or maybe he just has built up anger over today diagnoses,0.4121643006801605
2692,"The person expresses feelings of worthlessness, inadequacy, and alienation from society. They feel like they are an inconvenience and only bring negative effects on others, which indicates a sense of alienation from others. The mention of being compared to a tumor and not having any intrinsic value further reinforces their feelings of alienation and disconnect from the world around them.","not productive, worthless, hate, bored , issues, excited, no motivation, challenge, inconvinience, catastrophe, graduate , ambition",0.45214036107063293
2693,"The person expresses feelings of alienation and detachment from both themselves and their surroundings. They mention feeling trapped in another person's skin, viewing their accomplishments as fake, and having a lack of real-life connections. These thoughts point towards a sense of isolation and disconnection from others, leading to feelings of self-hatred and a desire to be like those they see as happy and fulfilled.","feeling trapped, paranoid, barely talks to me, donít have real friends, wanna scream, online friends, fake accomplishments, miserable",0.4173889756202698
2694,"The statement indicates feelings of alienation and low self-esteem, potentially stemming from societal pressure to fit certain beauty standards or a lack of self-acceptance.",ugly,0.3392898440361023
2695,"The person's mental state appears to be heavily influenced by past relationship traumas and ongoing struggles in personal relationships. The mention of abusive experiences suffered, the impact on their ability to love and be loved, as well as the fear of giving up and potentially abandoning loved ones all point towards relationship-related stress.","abuse suffered, hard person to love, scars, cyncism, feel unlovable, genetic tendencies ",0.6079376935958862
2696,"The language and expressions used in the text indicate a sense of deep dissatisfaction, isolation, and lack of motivation. The person feels like a failure and a disappointment, which points towards feelings of alienation and disconnect. The individual's self-perception and inability to find joy in hobbies or activities further suggest a state of alienation-related stress.","wasting money, sulking, failure, disappointment, hate life",0.537339985370636
2697,"The person is under medication related stress as mentioned that they have been a medical experiment for 2 years and none of the meds have helped much. Additionally, the mention of mental illness, medical debt associated with it, and feeling like they have nothing left to live for may indicate a significant level of distress related to their medical condition and treatment.","medical debt, failing grades, drop out grad school",0.3209953308105469
2698,"The person is experiencing job-related stress due to the fear of losing their job, which has led to feelings of apathy, being written up, and reprimanded. The potential consequences of losing the job, such as losing the house and possibly the wife, are amplifying the stress and anxiety. The mention of depression impacting their life further supports the job-related stress category.","losing job, lose home",0.5027768611907959
2699,"The person expressing these thoughts seems to be experiencing feelings of alienation from their friends and society in general. They feel misunderstood and don't see a reason to live anymore, expressing a sense of disconnection and lack of hope for the future. This alienation is reflected in their questioning of why their friends try to prevent them from ending their life, as they believe that death is the only way to find happiness. The person's mindset appears to be influenced by a deep sense of loneliness and detachment, leading to thoughts of extreme despair.","life's shit, don't look forward, sad, friends",0.33734130859375
2700,"The person is expressing feelings of loneliness, self-hatred, and frustration with themselves despite being aware of their thoughts and behaviors. They mention seeking therapy and feeling like they are talking to themselves because they already know their irrational thoughts. This indicates a deep-rooted issue related to self-esteem, self-worth, and possibly past relationship experiences, leading to relationship-related stress. The individual struggles with being alone, hating themselves, and accumulating material possessions as a coping mechanism, illustrating challenges in forming meaningful connections and finding self-acceptance. The acknowledgment of being the problem and self-blame further point towards relationship-related stress.","frustrating, expectations, lonely, blame, problem, agrees, irrational, bother, alone",0.44881951808929443
2701,"The person expressed feelings of alienation and a desire to not exist to avoid causing pain or burden to their family and loved ones. They wish to disappear without leaving any trace or impact, reflecting a deep sense of disconnect or detachment from their own existence and relationships.","poor family, girlfriend, never born, want to go, commit suicide",0.37986403703689575
2702,"The statement reflects a deep sense of alienation, hopelessness, and despair, suggesting feelings of disconnection and estrangement from oneself and others, leading to thoughts of death being preferable to life.","bad things, inevitable, worst",0.33404988050460815
2703,"The person who wrote the premise is in a good mental state. They have mentioned several positive aspects in their life such as having supportive friends and roommates, low-stress classes, engaging in new hobbies, and feeling content with how their life is going. However, they are experiencing unfamiliar feelings of happiness and contentment, which they find unsettling and even guilt-inducing. These conflicting emotions and fear of losing their old identity may be causing them to question whether it is okay to feel happy after struggling with depression for so long. This internal conflict and discomfort with newfound happiness indicate that the person is currently in a state of internal turmoil and uncertainty despite the positive changes in their life.","sadness come from relationships, recent breakup, not having good friends",0.5245776176452637
2704,The mention of being prescribed medication for severe depression and anxiety indicates that the person is experiencing stress related to medication and mental health issues.,prescribed,0.476193904876709
2705,"The person expresses feelings of self-hatred and thoughts of wanting to die, indicating a sense of alienation and disconnection from themselves and possibly others. The mention of habitually saying these negative phrases and feeling the need to check if anyone heard suggests a deep sense of isolation and loneliness. The overall tone of seeking validation and connection from others in the subsequent comments also points towards alienation-related stress.","no one heard me, deep thought, out of nowhere",0.25560078024864197
2706,"The person expresses feelings of alienation from society and life, indicating a sense of isolation and disconnection. They yearn to escape from their current situation and seek solace in solitude in a remote cabin in the woods. The mention of feeling hopeless and empty-hearted suggests a deep-rooted sense of alienation and a desire to disconnect from the world around them.","fanatsy escapism, feel cuts, rope around my neck, running away, remote cabin",0.4345707893371582
2707,"The person mentions feeling depression and anxiety, as well as having suicidal ideation. This indicates a deep mental health struggle that is likely related to medication issues. The mention of waiting until turning 25 and the promise could also hint at past experiences with medication or treatment, leading to medication-related stress.","life, sucks, vent, fantasize, daydream, doubt",0.33476829528808594
2708,"The individual's feelings of hopelessness, lack of support from family, disbelief in depression, and mention of putting an end to everything suggests a deeper mental health issue. The individual may be experiencing extreme distress and considering self-harm, indicating a high level of medication-related stress.","family, big fat dumb loser, reached limit, nothing helps, tried everything",0.2004457414150238
2709,"The language used in the premise reflects feelings of alienation, isolation, and hopelessness. The individual expresses a deep sense of worthlessness and lack of connection to others, as well as a desire for escape or relief from overwhelming emotions. This emotional state is characteristic of alienation-related stress.","friendship, people leave, changing current state, emptiness",0.4435291886329651
2710,"The person seems to be expressing deep emotional pain and feelings of being unheard, unvalued, and burdened in relationships. They mention not being understood by those close to them, feeling like a burden, and experiencing a lack of support. This indicates significant distress related to relationships, which aligns with the category of Relationship related stressed.","pain, lost, patince, understand, fear, pain, tired, begging, burden, wrong, help, tired, no joy, senstive, numb, hide, scream, suffer, existance,",0.34772688150405884
2711,"The person expresses feelings of alienation, hopelessness, and worthlessness. They mention feeling like a useless waste of space, having no friends, no career, and no passion. The move to their hometown did not bring the happiness they were hoping for, and they feel disconnected from their family. Their desire to apologize to their mom in writing, along with thoughts of self-harm, indicate a deep sense of isolation and alienation from those around them. The person is experiencing significant emotional distress due to their perceived lack of belonging and purpose.","no friends, no career, no passion, no change, useless, disappointment, waste of space",0.505251407623291
2712,"The person's deep-seated insecurities, fear of losing their partner, and feelings of inadequacy suggest relationship-related stress. Growing up with parents who provided little affection and a narcissistic father may have contributed to their low self-worth and fear of abandonment. The person's intense focus on their partner's potential to find someone 'better' indicates a significant level of relationship-related stress and fear of rejection.","insecure, parent gave little affection, narcissistic father, away from parents, afraid of loosing friends, ",0.6490309834480286
2713,"The person is feeling relationship-related stress. They are reflecting on the idea that only someone who has experienced depression themselves could truly understand their struggles. However, they also express concern about being in a relationship with someone who is also depressed, fearing that it could negatively impact their own mental health and lead them back to a place they want to avoid.","understand your depression, someone else depressed",0.49701350927352905
2714,"The person is experiencing alienation-related stress. They are overwhelmed by the sense of disconnection from life and find that the suffering outweighs the joy in their existence, leading them to question the purpose of their consciousness and contemplate the idea of non-existence as a solution.","suffering than joy, experiencing physical discomfort, totality of unconciousness",0.5740440487861633
2715,"The use of alcohol to numb emotional pain, driving away support people, and feeling the need to keep them safe suggests feelings of alienation and disconnection from others.",drink,0.34377723932266235
2716,"The use of the term 'psych ward' implies the person has had some form of psychiatric treatment or experience, suggesting a medication-related stress.","psych ward, go home, regret",0.5825648307800293
2717,The person is expressing struggling with self-harm behaviors and mentioning creating an alter ego that is physically combative. This indicates a deep internal struggle and potential mental health concerns that require medication-related attention and support.,"self harming, cutting myself, break from life ",0.6138473749160767
2718,"The person seems to be in a good state as indicated by their positive and excited tone. They mention feeling free and happy, which suggests a positive mental state.","finally free, cure",0.07785970717668533
2719,"The language and feelings expressed in the premise indicate a sense of alienation and hopelessness, with the person feeling disconnected from life and others, leading to thoughts of giving up. The continuous agony and lack of purpose suggest a deep feeling of alienation and despair.","lost everything, unending agony, better off giving up, ",0.5350573658943176
2720,The person seems to be experiencing a normal level of fear stemming from the desire to ensure success. This is a common and healthy emotion when trying to achieve a goal.,make sure it work,0.016446370631456375
2721,"The person's frustration and helplessness in finding effective treatment, despite multiple attempts and referrals for medication and therapy, indicates a medication-related stress. The reliance on medication and the lack of success with it, along with the difficulty in accessing mental health services, are key indicators of the individual's struggles with the medication aspect of their mental health care.","prescribe medication, switch doctors, needs assessment, ",0.40529271960258484
2722,"The premise indicates significant emotional distress and a sense of hopelessness due to being in an abusive environment, primarily caused by the mother. The person feels trapped, invalidated, and constantly gaslighted by the mother's behavior, which is a form of emotional abuse. This has led to feelings of worthlessness, confusion, and suicidal thoughts. The mention of having suicidal thoughts and experiencing depression, while being denied validation and support by the mother, aligns with the characteristics of individuals facing bias or abuse related stress.","amazing boyfriend, mother verbally abusive, reputation ruining, checks phone, read texts ",0.3391403257846832
2723,The premise suggests feelings of alienation and a sense of disconnect between the person's different social interactions and their communication methods. The individual expresses a discrepancy between their 'normal' self when alone or with close ones and the social anxious self that emerges in social situations. This struggle to reconcile these two aspects of themselves can lead to feelings of alienation and disconnection from others.,"people comfortable around, try too hard to be funny, socially anxious",0.42992711067199707
2724,"The individual's narrative indicates a profound sense of hopelessness and desperation, fueled in large part by the struggles with mental health issues, specifically panic disorder and chronic anxiety. The person is expressing feelings of being let down by medical professionals and not receiving adequate support for their conditions, resulting in a reliance on medication for some semblance of normalcy. The mention of being on the brink of homelessness, along with a history of domestic violence, further exacerbates the mental health challenges faced by the individual. The contemplation of ending their life and the detailed plan to acquire substances to do so suggest a high level of distress and a critical need for immediate intervention and support.","panic attacks, panic disorder, life insufferable, lashing out at people, propranalol for anxiety, chronic anxiety condition",0.4896485507488251
2725,"The person expresses feelings of alienation, self-hatred, and a desire to escape their current situation by imagining being someone else with a completely different life. They feel undesirable and pathetic, unable to connect with others or feel satisfied with their appearance or life circumstances. This sense of detachment and dissatisfaction with oneself points towards alienation-related stress.","look untouchable, being undesirable, feel pathetic, got slimmer, got more muscle, haircut, ",0.31859642267227173
2726,"The person is experiencing bias or abuse related stress due to the toxic and unsupportive behavior of their family. The family's negative and hurtful comments about the person's mental health, calling them lazy and a loser, as well as the two-faced nature of their interactions, are contributing to the person's feelings of worthlessness and isolation. This hostile environment and lack of support from both family and friends are driving the person to consider self-harm as a way to escape the pain and loneliness they are feeling.","zero support, no friends, want to reach people, family yells",0.3987835943698883
2727,"The person is expressing feelings of loneliness, sadness, and alienation. They feel like there is only one way out, but they are also clear in stating that they don't want to die. This sense of being alone, misunderstood, and like there is no way out points towards alienation-related stress.","cry for help, feel lonely, sad every day",0.3987836241722107
2728,"The person's mental state seems to be deeply affected by the series of tragic losses they have experienced, including the death of their sister, their pet, the loss of their home, and their job. These events have likely led to a feeling of hopelessness, despair, and a desire to end their life. The mention of wanting to die but considering the burden it would put on their family suggests a struggle with guilt and conflicting emotions related to their loved ones.","lost sister to car accident, pet, lost home, lose job,burden on family ",0.5559778809547424
2729,"The person is experiencing relationship-related stress due to the traumatic experiences witnessed within their family as a result of their parents' divorce. The verbal abuse, threats, physical violence, and emotional turmoil have had a long-lasting impact on the person, leading to feelings of sadness and emotional instability. The mention of the mother's comment about the brother's struggles demonstrates unresolved familial issues and the lack of acknowledgment of the trauma experienced by both siblings. These complex family dynamics and unresolved emotions are indicative of relationship-related stress in the individual's life.","parents divorced, verbal abuse, younger brother drug addict, brother vulnerable ",0.6132184863090515
2730,"The premise indicates that the author is experiencing stress and sadness due to feeling neglected by their closest friends. This feeling of being uncared for by friends can lead to relationship-related stress and emotional distress, which is evident in the underlying sense of abandonment and loneliness expressed in the premise.","closest friends distant, trying to get in contact, donít care",0.476689875125885
2731,"The mention of hurting the people they love, saying things they shouldn't, and feeling like they have become something they feared of becoming indicates relationship-related stress.","monster, panicking, origionally preventing from becoming one",0.28513485193252563
2732,The mention of suicidal thoughts and extreme sadness indicates a serious mental health issue that may require medication intervention and treatment.,keep my mind occupied,0.10883691161870956
2733,"The person seems to be experiencing extreme feelings of alienation and isolation, expressing a strong desire to cease to exist and feeling like a burden to their loved ones. They feel unheard and unappreciated, believing that their existence brings more harm than good. This deep sense of disconnect and despair is indicative of alienation-related stress.","doormat for everyone, regret entire life, no one knew me, non-existence, probably kill dad, life horrible",0.3069723844528198
2734,The person is experiencing alienation related stress as they are using cutting as a coping mechanism to deal with their emotions. Feeling disconnected or isolated could have also contributed to their urge to self-harm.,free from cutting,0.45822229981422424
2735,"The person is experiencing stress and anxiety related to medication as they express hesitation towards medications and the negative perceptions associated with them. They also feel the need for help but are unsure of how to access it, which further signifies the medication-related stress.","parents don't believe, school counselor, ",0.1609111726284027
2736,"The individual seems to have faced multiple traumas and losses, such as the death of their father at a young age, their wife's battle with cancer and subsequent passing, their own battle with cancer, and the isolation resulting from having no family members around. These experiences have likely led to feelings of alienation and disconnection from the world. The individual expresses a sense of darkness, hopelessness, and contemplating suicide. The coping mechanism of immersing themselves in gaming, VR, vlogging, and interacting with online communities demonstrates a desire to escape reality and find solace in a different world where they feel more connected and where life makes more sense. The positive response and support received from others in these online communities have provided a sense of purpose and belonging, giving them a reason to keep going despite the ongoing struggles with depression and disability.","diagnosed with ADHD, bipolar type 2, higher function autistic spectrum, reactive depression, gierlfriend/ wife diagnosed with incurable cancer",0.29157453775405884
2737,The person expresses feelings of guilt and inadequacy related to their relationship with their husband. They feel like a burden and believe that their husband would be happier without them. The mention of standing in the way of their husband's chance to establish a new relationship and expressing feelings of selfishness and guilt suggest relationship-related stress.,"fighting self destructive impulses, tired of feeling guitly, never-ending nonsense, new relationship few years ago, husband, married",0.4166348874568939
2738,"The mention of planning to kill oneself on a specific date and feeling that functioning is only possible due to the anticipation of this act suggests a deep sense of hopelessness and despair, which could be associated with medication related stress. The idea that the individual's whole life is falling apart and their body feeling tired further indicates a significant mental health concern that may require medication intervention.","life starting to fall apart, body feels so tired",0.5353268384933472
2739,"The person is experiencing relationship-related stress, specifically feeling disappointment and pressure from their boyfriend due to not getting into med school. This is further exacerbated by the fear of being seen as a disappointment to their family and feeling unworthy of living if they are not perceived as smart enough by others.","not smart enough to get into grad school, donít want to live anymore, not worthy of living, disappointment",0.451341450214386
2740,"The premise reflects significant distress and turmoil related to a romantic relationship. The individual expresses feelings of overwhelming insecurity, fear, depression, guilt, and self-hatred stemming from the deteriorating relationship. The repeated mention of feeling alone, regret, and the struggle to get stronger to win their partner back indicates relationship-related stress and emotional turmoil.","relationship, drove hijm away, conversations are one sided, have not seen him since weeks",0.3176584839820862
2741,"The person is expressing feelings of worthlessness, alienation, and a lack of connection with others. They feel disconnected from happiness and love, and have an overwhelming sense of hopelessness about the future. These feelings of being unworthy and unloved by others, including family members, point towards a state of alienation-related stress.","body disgusting, not good enough for girls, shitty decision making",0.10264761745929718
2742,"The person's drastic change in mental state, including thoughts of suicide and planning for it, along with seeking information on methods like hydrogen sulfide, indicate a high level of distress. The mention of feeling exhausted and unable to talk to a specific person also suggests a deep sense of isolation and hopelessness. These symptoms are indicative of a mental health crisis that may require medication-related intervention and support.","imagine myself about to die, thinking about hanging, using hydrogen sulfide",0.5381102561950684
2743,"The person is experiencing feelings of emptiness, loneliness, and a lack of fulfillment, as well as questioning the meaning and purpose of life. These are all common symptoms of alienation related stress, where the individual feels disconnected from themselves, others, and the world around them. The person's belief that life is meaningless and the cycle of working towards material success is pointless further indicates a sense of alienation and existential despair.","trumatic incident, intention, harm, empty, avoid, apperance, socialize, meaningless, hate, slave, no difference, disappear, pointless, affected, lonely, unfulfilled, emptiness",0.3786417841911316
2744,"The mention of seeking terminal disease or sudden death due to heart problems suggests a focus on medication-related stress, as the person appears to be contemplating extreme measures related to health and well-being.","terminal disease, terminal cancer, heart problems",0.5665937662124634
2745,"The writer is experiencing relationship-related stress. The text reveals a deep emotional struggle resulting from a significant romantic relationship that ended a year ago. The writer expresses feelings of emptiness, sorrow, and a sense of loss due to the breakup with their ex-girlfriend. This breakup has had a profound impact on their mental well-being, leading to a lack of interest in activities and a sense of hopelessness. The writer's recount of the failed relationships and the difficulties faced after the breakup indicate a preoccupation with the past relationship, highlighting the current distress and emotional turmoil related to their romantic experiences.","broke up with ex girlfriend, ",0.40531232953071594
2746,The person's description of feeling a very strong urge to harm themselves and the acknowledgment that it is triggered by something in their brain indicates a mental state related to medication. The mention of a family history of drug use and potential hereditary factors further suggest a medication-related stressed state. It is important for the person to seek professional help and guidance to address these feelings and understand the potential impact of genetic and environmental factors on their mental health.,"wish made more money, ",0.08598734438419342
2747,"The person expressed strong reluctance towards taking medication for their depression, questioning the potential negative effects and not wanting to feel numb. This indicates a significant concern and stress related to medication, suggesting a category of 'Medication related stressed'.","pressure , ignore , cry , emotions , relief , fine , wrong , pretend , reflect , urge , ",0.2703798711299896
2748,"The person expresses feelings of alienation, hopelessness, and lack of belonging throughout the text. They mention feeling like life is pointless since they were a child, struggling to make friends, not being liked by others, and feeling like they will never be happy again after a breakup. These sentiments point towards a deep sense of alienation and disconnection from others, which is a common theme in alienation related stress.","problem making friends, people donít like me, broke up with me, ",0.23384883999824524
2749,"The person mentions recent medical problems and a history of feeling sad, which could indicate that they have been dealing with medication-related stress. This is further supported by their reference to not feeling suicidal for a year, which suggests they may have been on medication or undergoing treatment for mental health issues. Additionally, the person's mother's concerns about their well-being and the impact of the person's mental state on their loved ones also point towards ongoing medication-related stress.","mother, mother stands outside door",0.23545247316360474
2750,"The person is expressing fear and exhaustion related to transferring to university in the fall, indicating relationship-related stress.",transferring to university early in fall,0.4367128908634186
2751,"The person expresses feelings of disappointment, disillusionment, and alienation towards themselves, their family, and those around them. They feel disconnected from their own life and struggle to find joy or motivation. Additionally, they mention feeling misunderstood and overlooked by both their family and the people around them, indicating a sense of alienation and isolation. The individual's struggle to find happiness and their longing for a lost loved one further highlight their emotional and mental alienation, making the alienation-related stress category the most suitable classification for their mental state.","miss Da, not passionate about anything, easily lie to family, mediocre, ",0.3025844097137451
2752,"The person's feelings of betrayal, hurt, and frustration indicate relationship-related stress. The mention of feeling overlooked, left behind, and snubbed, as well as the difficulty in forming meaningful relationships romantically or otherwise, all point to a significant emotional struggle in the realm of relationships. The sense of being done with trying and the pain expressed from past experiences highlight deep emotional wounds in this area.","never have a meaningful relationship with anyone romantically, fucked to make a lasting impression, feeling betrayed, hurt by sumeone",0.5455944538116455
2753,"The mention of considering antidepressants indicates a potential need for medication, suggesting medication related stress.",antidepressants,0.6486344337463379
2754,"The person seems to be in a good mental state as they are expressing positivity, hope, and a desire to help others through their podcast.",mental health podcast,0.5301799774169922
2755,"The person mentioned that today was a good day, indicating that they are in a good mental state.",today was a good day,0.6854408979415894
2756,"The premise indicates a strong presence of bias and potential abuse towards women, with conflicting views. The intense hatred towards women, along with struggling to think of something when asked about oneself, suggests a negative and biased viewpoint. Additionally, the statement about hating romance and loving fictional girls could also stem from biased perspectives or past negative experiences.","intense hatred towards women, fictional girls, hate romance",0.8372054100036621
2757,"The writer's intense feelings of overwhelm, sadness, and inability to cope with the situation indicate a significant amount of relationship-related stress. The impending loss of a family member, the distance from family, and the emotional turmoil they are experiencing suggest that the primary source of stress is related to their family and interpersonal relationships.","catch up with deadlines, practical stuffs, study sessions, away from family, ",0.2433890402317047
2758,"The person in the premise expresses feelings of hopelessness, brokenness, and loneliness, indicating a sense of alienation and disconnection from others. They are looking for a symbol that goes beyond a basic broken heart to truly represent their inner turmoil and struggle. This suggests a state of alienation-related stress.","broken soul, hopeless, lonely",0.508493185043335
2759,The mention of suicide indicates a serious mental health concern that may require medication to address. The person seems to be in a medication-related stressed state and is seeking ways to improve their mental health.,commit suicide two weeks ago,0.4753319025039673
2760,"The person expresses feelings of being sick of life, stress, pain, and a desire for a hug to relieve the pain and provide distraction. This indicates a sense of alienation and disconnect from their surroundings.","sick of dealing with life, stress and pain, episodes and stomach pain",0.5083025693893433
2761,"The person is experiencing a chronic illness flare-up which can be a source of medication-related stress. During such times, it is common to feel unmotivated and disinterested in activities that were once enjoyable due to the physical and emotional toll of managing a chronic illness.","chronic illness flare up, hobbies seems dull",0.699701189994812
2762,"The premise suggests a feeling of alienation or disconnect, as the person is struggling to understand how someone can experience depression without enjoying heart-wrenching music. This could indicate a sense of isolation or detachment from the emotions or experiences of others.","love heart wrenching music, depressed ",0.6131677627563477
2763,"The person is experiencing severe relationship-related stress, as indicated by the turbulent relationship with their boyfriend, feeling unwanted and resented for moving in, and feeling like they have no one left. This intense emotional pain and self-hatred stem from their perceived failures in relationships and their consequent desire to end their life.","lost car, lost job, boyfriend resents, cry in class, job didn't get",0.38433241844177246
2764,"The individual is struggling with bottled up emotions, feeling overwhelmed by the increasing pressure, hesitant to open up to others due to not wanting them to worry or be concerned, and expressing concerns about how their state is affecting the people around them. These are typical signs of relationship-related stress, specifically relating to fear of burdening loved ones and concerns about the impact of their struggles on those close to them.","feelings are leaking, deal with stress, ",0.5704915523529053
2765,The mention of being mentally ill since the age of 6 and the contemplation of suicide for 7 years indicates a deep-seated mental health issue that requires urgent attention and possible medication intervention.,unsure,0.1237446591258049
2766,"The language used in the premise indicates feelings of alienation, hopelessness, and a lack of purpose or connection to a future. The person expresses a deep sense of isolation and disconnection from the expectations and experiences that others typically have in their lives such as marriage, career, and family. This sense of alienation and despair is a key characteristic of alienation-related stress.","fear of commitment, daydream about someone walking up to me, self harming, ",0.37943392992019653
2767,"The individual in the premise is experiencing profound feelings of emptiness, sadness, loneliness, and alienation from others and themselves. They express a deep sense of disconnection and struggle with expressing their emotions, leading to avoidance of others and isolation. The persistent thoughts of not wanting to wake up and considering ending it reveal a significant level of alienation-related stress, where they feel detached from the world around them and unable to find joy or meaning in life.","feel empty emotionless and sad, hate myself, getting worse, want to cry",0.5074735879898071
2768,"The mention of having really awful/vivid nightmares and their correlation to the individual's fluctuating depression suggests the possibility of medication-related stress. Dreams related to high school or college and forgetting classes could symbolize feelings of inadequacy or inability to cope, which might be exacerbated by mental health conditions. The dreams about job-related stress also indicate a strong connection to the individual's mental state.","back in high school, forgetting classes, moving away from home, job",0.41665148735046387
2769,"The person is expressing feelings of depression and distress after being dumped, indicating a relationship-related stress and emotional turmoil.",just got dumped 10 minutes ago,0.43616580963134766
2770,"The person seems to be under extreme stress due to their relationship with their mother, who is controlling and overbearing. The feeling of not being able to work, being treated unfairly compared to their sister, and facing false accusations from a former boyfriend all suggest a significant negative impact on their mental state due to relationship-related issues.","cant work, cant control my life, plotting to kill someone, mom wants to put camera in room",0.2909330725669861
2771,"The premise indicates a high level of stress related to relationships. The author's description of feeling left behind by their friends, the betrayal within the friendship group, and the potential loss of friendship and team membership all point towards a significant level of distress related to these interpersonal relationships.","2 other friends accelerated and improved sharply, possible get kicked, friendship blew up today",0.4744293689727783
2772,"The individual mentions medication overdose as a plan to end their life, indicating a medication-related stress. They express feelings of emptiness, lack of enjoyment, and hopelessness, which are often associated with severe mental health issues and potential medication-related struggles.","barely feel anything, how people fall in love, academic life is shit",0.1735214740037918
2773,"The individual mentions dealing with depression since their mid-teens, trying numerous prescriptions without any result, and feeling no change in their mental state despite various forms of therapy. The continuous presence of depression, loss of enjoyment in life, thoughts and plans for suicide, and the feeling that this may be a long-term struggle all point towards a medication-related stress. The individual's focus on the ineffectiveness of medications and therapies suggests a deep sense of hopelessness and frustration in finding a solution to their mental health issues.","good at hiding my feelings, corroded away the enjoyment, last low point",0.2594560384750366
2774,"The language used in the premise, such as 'lonely', 'meaningless', 'no one I can trust', and 'cherishing moments with friends', indicates feelings of alienation. The person seems to be struggling with a sense of disconnection from others and a lack of purpose in life, which are common signs of alienation-related stress.","pain, heavy, empty, meaningless, hardship, lonely, trust, cherish, end",0.44033628702163696
2775,"The person is experiencing alienation-related stress as evident from feelings of disconnect and lack of fulfillment in different areas of life, such as work, relationships, and personal experiences. The mention of feeling drained, seeking intensity in dangerous situations, and questioning their own existence all point towards a sense of alienation and purposelessness in life.","operation, injured with dislocated shoulder, ",0.029263295233249664
2776,"The person expresses feelings of rejection, disappointment, and hopelessness related to being rejected from their dream university and second choice. This situation has left them feeling completely crushed and questioning the efforts they have put into achieving perfection, which has led to their depression. The desire to overdose and die alone in their room indicates severe emotional distress related to relationships.","rejected from dream university, SAT practice, ",0.48646318912506104
2777,"The person's expressions of feeling like life has no meaning, struggling to connect with others, not having friends or a girlfriend, and feeling overwhelmed by negative emotions and thoughts all point towards feelings of alienation and isolation. The individual's sense of despair and the belief that things are awful and not wanting to continue suggests a deep sense of disconnectedness and loneliness.","never had a girlfriend, donít have any friends, awful",0.22463367879390717
2778,"The person who wrote the premise seems to be feeling alienation-related stress. They are expressing dissatisfaction and a sense of disconnect from their university, feeling that they are not getting their fair share and that the university prioritizes external visitors over their own students. The act of rebellion by taking extra food tickets represents a desire to reclaim control or ownership in a situation where they feel marginalized or neglected. The preoccupation with potential punishment and the need for validation indicate feelings of being ostracized or isolated from the university community.","activity in college, getting punished",0.4666332006454468
2779,"The person is experiencing relationship-related stress. The narrative describes a toxic and emotionally abusive relationship with their mother. The person feels constantly belittled, dismissed, and unsupported by their mother, which has led to feelings of worthlessness and suicidal ideation. The person also expresses guilt over not meeting expectations in other relationships, such as their group project and their boyfriend. Moreover, the person mentions feeling like a burden to their family, classmates, and boyfriend, indicating a deep sense of inadequacy and self-blame in their relationships. The intense emotional turmoil and desire to harm themselves in response to the toxic behavior from their mother further emphasize the significant impact of the relationship stress on their mental well-being.","mom, dad, boyfriend, yelling at me, my dead body, anxious, emotions, suffer",0.4751003384590149
2780,"The person's mental state is deeply affected by their close relationship with their best friend. They express feelings of overwhelming emotional turmoil, a desire to die, and engaging in self-harm. The conflict between not wanting to hurt their friend but also feeling unable to continue living suggests a significant relationship-related stress.","best friend, only reason alive",0.5271362066268921
2781,"The person is feeling isolated and disconnected from those around them, leading to feelings of envy and self-loathing. They feel stuck in a cycle of comparison and despair, unable to find a way out of this emotional struggle.",feel happy for them,0.3943573534488678
2782,"The person is expressing feelings of alienation and low self-worth based on their physical appearance and perceived inability to meet societal beauty standards. They feel disconnected from others and express a sense of unfairness in the expectations placed on women, which is leading to thoughts of self-harm.","mad at mom, marrying ugly guy",0.30103373527526855
2783,The person is displaying symptoms of alienation and possibly isolating themselves emotionally by contemplating extreme actions. The mention of feeling delayed by kind comments and the desire to return to the same situation for self-harm indicates a sense of disconnectedness and loneliness.,"nice things delayed, climbing up, jumping",0.23585450649261475
2784,The premise reflects a feeling of disillusionment and disappointment after getting hopeful. This sense of things turning out to be an illusion and not as expected indicates a state of alienation and disconnectedness from the surroundings.,illusion,0.5221303701400757
2785,"The person who wrote the premise is experiencing relationship-related stress. The primary evidence for this categorization is the deep emotional connection and reliance on one specific person for support in managing their mental health. The individual expresses genuine gratitude and happiness from this relationship, indicating its significant positive impact on their well-being. The current distress arises from a moment of conflict and regret where they feel they have hurt the person who has been extremely supportive and understanding towards them. The feeling of self-loathing and undeserving of happiness further emphasizes the relational nature of their stress and the fear of losing this important connection. The person's thoughts of self-harm and eventual detachment from the relationship highlight the intensity of their emotional turmoil within this specific relationship context.","only person helped me, she was supportive, looking forward to talking to her",0.24689911305904388
2786,"The individual's mention of having OCD, depression, paranoia, and taking antidepressants and antipsychotics indicates a significant mental health struggle that requires medication. The ongoing battle with mental illnesses and the feeling of not being able to find peace or happiness despite seeking help suggest a state of stress related to medication.","OCD starts, paranoia, antidepressant, antipsychotics, prozac",0.6891233921051025
2787,The mention of calming anxieties likely indicates the person is dealing with medication-related stress or anxiety.,calm my anxieties,0.6384819149971008
2788,The mention of constant feeling of emptiness suggests a sense of alienation and disconnection from oneself or the surroundings.,"emptiness, constant feeling",0.8362780213356018
2789,"The person is mentioning medication and therapy in relation to managing their depression. They express using food as a form of self-medication and a way to distract themselves. The change in their relationship with food, feeling unsatisfied, and losing interest in activities they once enjoyed could indicate a medication-related stress. The mention of lack of enjoyment in activities and the feeling of emptiness despite previously finding solace in food suggest a shift that could be connected to medication or therapy adjustments.","self medication, distract, no satisfaction",0.5547109842300415
2790,"The person is expressing feelings of inadequacy, self-doubt, and hopelessness, which are typical of a negative mental state. The person is struggling with self-esteem issues and may need support to overcome these negative thoughts.","not good at anything, live off my parents money, no job, donít go to school, disappointment",0.29401910305023193
2791,"The person's profound struggle with severe OCD, feeling tired and bored of living, and contemplating suicide despite knowing the impact on loved ones suggests a significant mental health issue. The mention of feeling emotionally numb and staying home from school due to mental health-related stress further indicates a medication-related struggle. The desire for a sense of purpose through marriage, having kids, and growing old highlights a potential struggle with finding fulfillment amidst the mental health challenges.","severe OCD, feel crippled, ",0.5366697311401367
2792,"The person is experiencing deep emotional pain arising from a failed relationship with their wife, who blamed them for expressing suicidal thoughts and then left them. This has led to feelings of emptiness, depression, and worthlessness. The person also mentions concerns about their children dealing with their death, indicating a strong emotional attachment to their family. The desire to frame their death in a noble light to make it easier for their family suggests a deep need for validation and acceptance. These relationship-related stressors are at the core of the person's current mental state.","opened up to wife thoughts, she left, feel incredible depression",0.5449068546295166
2793,"The person in the premise displays feelings of alienation, existential crisis, and a lack of purpose in life. The mention of being an antinatalist and a nihilist, expressing a wish to have never been born, and a desire to not live daily indicate a sense of disconnect from life and society, leading to a state of alienation and extreme unhappiness.","antinatalist, nihilist, no point of living",0.7758740186691284
2794,"The individual's feelings of losing multiple friends, feeling insignificant, and experiencing constant thoughts of self-harm indicate relationship-related stress. They express a sense of hopelessness, lack of control over their life, and difficulties in maintaining friendships and connections with others. These emotional struggles are often associated with relationship issues, leading to feelings of isolation and despair.","friends donít contact, insignificant contacting them, falling out of work schedule, ",0.3870616853237152
2795,"The person is experiencing alienation-related stress. They express feelings of emotional numbness, inability to experience emotions, and a sense of detachment from someone they once liked. The loss of interest and emotional connection towards the teacher indicates a deep sense of disconnection and isolation, which are common features of alienation-related stress.","emotional numbness killed love for her, unable to feel emotions, liked teacher, donít really care about her anymore",0.5371524095535278
2796,"The person expressing these thoughts is experiencing severe feelings of alienation and self-loathing. They mention feeling like a burden, that nobody likes them, and that their relationships are fake. Additionally, they express a strong sense of inadequacy and a belief that they are a failure. These feelings of alienation and worthlessness are indicative of alienation-related stress, which is leading to suicidal thoughts and self-destructive behaviors. It's important for this person to seek professional help and support to address these deep-rooted feelings of disconnect and self-doubt.","parents hate grades, absolute failure, suicidal thoughts surgedcrunching under pressure",0.48994725942611694
2797,"The person's description of feeling useless, worthless, and unable to face people, give interviews, or work among others, along with the constant anxiety, panic attacks, and excessive stress related to jobs, suggests a significant level of relationship-related stress. The individual seems to be struggling with self-worth issues, feelings of inadequacy, and the pressure of meeting expectations in a professional environment, leading to avoidance behaviors and a sense of worthlessness.","unemployed woman, feel like parasite, latching on mother and aunts for financial support",0.44590818881988525
2798,"The language used in the premise indicates feelings of existential crisis, questioning the meaning of life and feeling alienated from the world around them.","life is unusually and complex, everything is meaningless, born for no reason",0.452090859413147
2799,"The person is showing signs of alienation, feeling isolated, hopeless, and lacking support. They are expressing a sense of being overwhelmed and not knowing how to seek help or cope with their situation. The mention of wanting to overdose or self-harm indicates a deep sense of despair and an urgent need for intervention and support.","have nothing, can never be better or good, trying hard",0.26478955149650574
2800,"The person is experiencing relationship-related stress and heartbreak. They have invested emotionally in someone who is now no longer interested, leading to feelings of abandonment and a sense of despair about being alone in the future.","she gone, die alone and uncared for",0.3766045570373535
2801,"The person mentioned being on medication and seeing a doctor for specific mental health concerns, indicating medication-related stress.","gave up my job to go back to school full time, ",0.07633097469806671
2802,"The person seems to be self-aware and reflective about their emotions and behaviors. They acknowledge their tendencies to become overwhelmed with emotions but are also actively seeking ways to maintain a positive mindset and structure in their life. This indicates a good mental state of self-awareness, growth, and resilience.","overflood with emotions, feel more anxious, warning sign, social situations",0.4458892345428467
2803,"The mention of feeling exhausted and wanting to sleep forever, as well as being new to this level of depression, suggests a potential medication-related stress. The individual's struggle with sleep and the fear of the next day could be indicating the impact of medications or the need for medication management in dealing with depression.","worse , exhausted , loss ",0.3245302736759186
2804,The language and self-deprecating thoughts used in the premise suggest bias or abuse related stress. The individual seems to have a negative perception of themselves and might be experiencing emotional distress from self-criticism or external judgment.,donít deserve to live anymore,0.20650289952754974
2805,"The person is experiencing deep emotional distress due to a breakup and betrayal in a relationship. They express feelings of emptiness, loneliness, worthlessness, and a desire to disappear, indicating a significant level of relationship-related stress. The mention of the ex-boyfriend helping with depression and anxiety episodes also highlights a strong emotional attachment, despite the hurtful actions taken by the ex-partner.","first ever boyfriend just broke up, confronting about cheating",0.46218740940093994
2806,"The premise expresses feelings of being abandoned and unreciprocated in relationships, resulting in pain and loneliness. This suggests that the author is going through relationship-related stress.","cry yourself, wishing someone would help you through pain",0.3296855092048645
2807,"The person is experiencing feelings of alienation, disconnection, and a sense of not belonging due to being in a job that is not aligned with their educational background and interests. This mismatch has led to a state of depression and unhappiness, as well as a lack of motivation to seek new opportunities. The individual also expresses a sense of not being competent enough, further contributing to their negative mental state. The fact that they only find happiness through activities outside of work highlights the alienation they feel in their current job.","boss want to hire, decided to leave to start masters, not finding any jobpressure of no succeeding",0.30841508507728577
2808,"The person is experiencing extreme distress and mental health issues stemming from past trauma and self-harm. The mention of rape, self-harm, suicide attempts, and the need for encouragement and support from others indicates relationship-related stress.","raped, boyfriend ended up calling in the middle of everything",0.3945388197898865
2809,"The language used in the premise conveys positivity, love, and support. The person seems to be in a good mental state as they are sending good vibes, love, affirmation, and encouragement to the recipient.",sending good vibes,0.45824500918388367
2810,The mention of PTSD from 9/11 indicates that the person is dealing with a mental health condition that requires medication related support and professional help.,PTSD,0.6152002811431885
2811,"The premise describes a very intense and dark narrative about self-harm and a deep inner struggle with thoughts and emotions. This level of distress and self-harm behaviors suggest that the person might be experiencing significant mental health issues, possibly related to a chemical imbalance, which could be attributed to a medication-related stress. The mention of deep self-hatred, impulsive actions, feeling unworthy of love, and the dark voice constantly demeaning the person are indicative of an internal battle that is beyond ordinary emotional distress, pointing towards a severe mental health crisis that might need medication intervention.","lowest point, head starts ringing, hate yourself, ",0.2835935950279236
2812,"The person expresses feelings of alienation related to their sexual orientation, lack of friends, and the inability to experience typical teenage milestones due to being gay. These struggles lead to a sense of isolation, a desire for a different life, and even thoughts of wishing for others to die in order to alleviate their own pain. This deep sense of alienation and disconnection is evident throughout the writing, indicating a state of alienation related stress.","no friends, never experience feeling of having teenage romance, never get asked to prom, undateable",0.2904840111732483
2813,"The individual's premise indicates a significant level of stress and discomfort related to their relationship with their mother. The mother's behavior, such as questioning the persistence of depression, discussing personal matters in public, and exhibiting negative self-talk and potential deliberate forgetfulness, seems to contribute to the individual's emotional distress. The inconsistency between the mother's usual supportiveness and these behaviors creates confusion and anxiety for the individual, suggesting a strained relationship with their caregiver. This relationship-related stress is further highlighted by the feelings of embarrassment, anxiety, and lack of understanding regarding the mother's actions, all of which point towards a challenging dynamic that may be impacting the individual's mental well-being.","mom bug, shopping talks, she is justifying presence, feel anxiety in public",0.5598243474960327
2814,"The person is experiencing a significant amount of emotional distress stemming from various relationships in their life. They mention feeling hurt by their family, feeling abandoned by their best friend, and feeling pressure to always be there for others while not being able to express their own emotions. These relationship-related stressors are causing them to feel overwhelmed, lonely, and unable to cope, which is indicative of relationship-related stress.","family is shitty, best friend doesnít want to be friend anymore, family is wreck, ",0.4739929437637329
2815,"The person is experiencing intense feelings of loneliness, depression, and suicidal thoughts following a breakup with their ex. They mention feeling cold, alone, and more suicidal since the breakup, indicating a deep emotional impact. The individual also discusses past experiences of bullying and struggles with self-worth related to their weight, which have contributed to their depression and suicidal feelings. Their longing for comfort, reassurance, and attachment to others further highlight the relationship-related stress they are currently facing. The desire for emotional support and fear of being abandoned or hurt suggest a significant focus on their past relationship and feelings of inadequacy, leading to the categorization of relationship-related stress.","breakup with ex 2 months ago, not suicidal before relationship, bad luck in relationships",0.5037189722061157
2816,"The person expresses feelings of emptiness, apathy, and lack of excitement, which are signs of alienation-related stress. They seem to be experiencing a sense of disconnection or estrangement from life and purpose, leading to questioning the point of staying.","nothing to look forward, nothing excites, fun nomore",0.28798186779022217
2817,"The person is expressing feelings of alienation, detachment, and disillusionment with society, indicating a sense of not fitting in or being unable to live authentically due to societal rules and surveillance by the mother. The individual seems to feel disconnected and isolated, seeking solace in online communities like Reddit where they found acceptance and understanding. The mention of being caught by the mother and feeling like going back to 'hell' and 'reality' suggests a deep sense of alienation and longing for freedom and acceptance.","without rules of society, ",0.19551795721054077
2818,"The person is experiencing feelings of alienation and loneliness, as seen from the loss of connection with their friend group and feeling like they would be a burden to others. This sense of isolation is amplifying their negative emotions and contributing to a deeper sense of despair and worthlessness. The desire to quietly disappear and the belief that they never truly existed in the first place can be indicators of feeling alienated from their own identity and existence.","job hiding, boss pulled aside, when at work, end up spending hours just staring at the walls, ",0.2552996277809143
2819,"The person expresses feelings of isolation and dissatisfaction with their current situation, indicating a sense of disconnect or alienation from their surroundings. They mention a lack of joy, unsuccessful attempts at finding happiness, dislike towards school and their apprenticeship, and a bleak outlook on the future. These feelings of alienation and hopelessness are prominent in their description, leading to the categorization under Alienation related stressed.","senior in high school, life miserable, hate school, ",0.39778995513916016
2820,"The person expresses feelings of loneliness, isolation, and a lack of connection to family and friends. They also mention feeling tired of negative comments about their life and how they are not interested in existing. This sense of alienation and detachment is reflected in their desire to run away and escape from the situation to avoid further emotional distress.","parents force to work, were to have dream job, come to work most of the times late, tired of them complaining",0.2672231197357178
2821,"The mention of past suicidal thoughts and current feelings of guilt, self-blame, and worthlessness, coupled with the fear of being stuck in a cycle of suicidal ideation, suggest a mental state influenced by medication-related stress. It's possible that the individual's current emotional distress and negative thought patterns could be exacerbated or influenced by the effects of medication, leading to increased feelings of hopelessness and self-blame.","started thinking about bad/ hurtfull things, feeling good to researching ways to kill myself, want to stop feeling guilty",0.47479140758514404
2822,"The person is expressing feelings of hopelessness, helplessness, and dissatisfaction with various forms of help including medications and therapy. The mention of not finding relief from meds and therapy indicates a deep frustration and stress related to the ineffectiveness of medication, suggesting a medication related stress.","burden to everyone, coward, so much pain and tears",0.3388814330101013
2823,"The person expresses deep feelings of isolation and alienation, feeling abandoned by friends and family. They believe that nobody cares about them and that they are alone in their suffering. This sense of despair and hopelessness, combined with the belief that no one can help them, points to alienation-related stress.","friend supporting to this very moment, keep pushing and keep trying, family doesnít care, didnít eat or did anything productive",0.3013668954372406
2824,"The writer expresses feelings of alienation, disconnection, and being emotionally unavailable. They have struggled to make real connections with people, have difficulty enjoying things, and have experienced trauma. They feel like they are wasting away their young adult years and express a sense of regret and a lack of direction for the future. These feelings of being lost, disconnected, and unable to find purpose or fulfillment indicate a state of alienation-related stress.","traumatized from being sexually assaulted after graduation party, hurt so many people, emotionally unavailable",0.28602710366249084
2825,"The person seems to be experiencing extreme relationship-related stress. They express feelings of deep loneliness, inadequacy, and despair due to being single and feeling invisible to women. The profound sense of missing out on life experiences, especially in terms of relationships and family, is causing significant distress. The mention of seeing happy couples and feeling like death when doing so indicates a strong longing for companionship and connection. The individual also expresses a lack of joy in their successful career and highlights the emptiness of working long hours without anyone to share it with, emphasizing the emotional void in their life. These feelings are indicative of relationship-related stress and the intense desire for emotional fulfillment and companionship.","feel like dead and invisible to women, something unfixably wrong with me, neuroticism, introversion, possible aspergers",0.41505515575408936
2826,"The individual seems to be experiencing symptoms of cognitive impairment, such as difficulty in following conversations, memory lapses, and time distortion. These could be side effects of medication or a medical condition affecting cognitive function.","no idea what we are talking about, panic, ",0.10409416258335114
2827,"The person is expressing feelings of alienation and isolation, where they believe others are constantly judging and mocking them. They feel like they are being persecuted and talked about, which has led them to feel ground down and unable to cope. The mention of others wanting them to suffer indicates a sense of alienation and being disconnected from those around them."," constant feeling of being judged, mocked, persecuted against, glared at, being the one in others way, being talked about. ",0.6503057479858398
2828,"The individual's feelings of alienation and disconnection from friends and new school environment have led to a decline in their mental health. They are struggling to find motivation and are fearful of relapsing into self-harm, indicating a sense of isolation and alienation.","Moving away from friends and attending a new school has hit hard, lost motivation",0.523932158946991
2829,The mention of traumatic events and health issues leading to depression indicates a focus on mental health and the impact of medication in addressing the issues.,"traumatic events, health issues, impact on me, not doing well",0.5113373398780823
2830,"The premise indicates a struggle with self-motivation and low energy levels, which are common symptoms of mental illnesses that may require medication. The mention of feeling suicidal and not caring about anything, as well as constantly putting oneself down, are also indicators of a mental health condition that could be alleviated with proper medication and therapy.","diagnosed, mental illness, shit on myself, should be dead, being lazy, hate articulating",0.5111149549484253
2831,"The person expressed feelings of alienation, not feeling connected or understood by those around them. This is evident from their concerns about the authenticity of their friendships and feeling two-faced. Additionally, the mention of their parents fighting all the time and experiencing verbal abuse could contribute to their sense of alienation and disconnection from others.","parents fight all time, verbally abused, mother yells",0.4167075753211975
2832,"The person expresses feelings of alienation, hopelessness, and a desire to end their life, indicating a sense of disconnect, isolation, and lack of belonging in their surroundings. This deep emotional distress and yearning for relief is characteristic of alienation related stress.","so tired, sick of failing in life, sick of people calling crazy",0.33142775297164917
2833,"The person expresses feelings of alienation, worthlessness, self-hatred, and self-harm, indicating a sense of disconnection and isolation from themselves and their surroundings.","self hatred. emotionally filled, disgust in myself, hard time",0.6349164247512817
2834,"The prolonged period of crying, feeling sick, and wishing for a break from crying indicates a relationship-related stress, possibly due to a breakup or conflict in a close relationship.","crying, feel sick",0.514723539352417
2835,The writer appears to be experiencing relationship-related stress as they are feeling responsible for their friends' well-being and questioning their adequacy as a friend. This situation may be taking a toll on their mental state.,"stopped friends from killing themselves, doesnít even matter",0.3811659812927246
2836,"The person is expressing feelings of depression, hopelessness, suicidal thoughts, and lack of support from friends. They also mention difficulty finding motivation and completing tasks, which are common concerns related to mental health. The reference to being known only for their mental health issues suggests a sense of stigma and alienation. Overall, the emphasis on mental health struggles and the impact on daily life points towards medication-related stress.","donít think have any real friends, noticeably sadder, mental health issues, can't find motivation, doing shit, can't bring myself",0.5468337535858154
2837,"The person is feeling stressed due to relationship issues, specifically with their mother. The mother's interference with the person's workout routine, comments about eating less, and the pressure to focus on other activities instead of studying suggest that there may be tension and conflict in their relationship.",Let me try to get some healing time jesus,-0.008614236488938332
2838,"The person is feeling overwhelmed and hopeless due to health problems affecting their academic performance, indicating a sense of medication-related stress. They mention struggling with exams and receiving low grades despite studying, which may be impacted by their health issues. Additionally, the mention of not wanting to burden their mom with student loans and thoughts of ending their life suggest a underlying feeling of distress related to the medication they are taking or the treatment they are receiving.","supposed to graduate in december, exams, 23% on test, health problems, feel so stupid, student loan",0.45281028747558594
2839,"The person is expressing extreme feelings of abandonment, rejection, and worthlessness from their family, friends, and even religious beliefs. These intense relationship-related stressors have reached a point where the individual is contemplating drastic actions in a state of hopelessness and despair.","family deserted, homeless soon, dad threatened, mom left, brother hates me, friends stopped talking, worthless person, i'm a problem, can't last longer",0.4055045545101166
2840,"The author feels alienated and disconnected from their friends, as they express a desire for physical affection but find themselves holding back and feeling like they don't deserve it. This sense of alienation and longing for connection is a common source of stress in social relationships.",dream about being hugged by friends,0.38195425271987915
2841,The person seems to be experiencing relationship-related stress as indicated by their longing for a girlfriend after feeling warm and happy when interacting with a girl at Walmart. This desire for companionship and the contrast between feeling lonely at home and feeling good with someone else suggests relationship-related stress.,need a girlfriend,0.32722973823547363
2842,"The mention of medications not working and contemplating suicide suggests a medication related stress. The person seems to be struggling with the effectiveness of their current medication and feels completely overwhelmed, expressing a strong desire to end their life if the medication fails. This indicates a heightened level of distress and hopelessness related to medication therapy.","emptines, period of apathy, feeling of miserable, cannot deal with",0.431858092546463
2843,The presence of words like 'suffering' and 'do it right' suggest that the person is under stress related to relationships.,"did, do it right, suffering",0.45998984575271606
2844,"The premise indicates a high level of distress and feelings of helplessness due to experiencing death threats, job instability, vehicle theft, hacking, and censorship. The mention of retaliation and contemplating suicide suggests a sense of overwhelm and desperation. The feeling of being completely messed up by both the streets and authorities further highlights a deep sense of bias or abuse from multiple sources.","death threats, job seems fail, vehicles taken towed, phone constantly hacked, get arrested",0.5383962392807007
2845,"The text expresses deep emotional pain related to a past romantic relationship. The author is experiencing a mix of hate, love, hope, and betrayal towards the ex-partner, showcasing unresolved feelings and emotional distress. The feelings of abandonment, betrayal, and longing for reconciliation indicate that the author is currently in a relationship-related stressed mental state.","ex, abandoning me, burden, painful",0.6004295349121094
2846,"The language used in the premise suggests feelings of alienation and hopelessness. The person seems to feel overwhelmed by their struggles and is unable to see a way out, leading to thoughts of ending their life.","tried to fight, leethal, painful, end my life, crap",0.3413078188896179
2847,"The recurring vivid and disturbing hallucinations described in the premise suggest a sense of alienation from reality. The disconnect between the visions and real-life experiences may indicate feelings of detachment or isolation, which aligns with the category of alienation related stress.","hallucinations, scary, desensitized",0.6654895544052124
2848,"The language used such as feeling 'scared,' 'numb,' 'considering something stupid like this,' and expressing uncertainty about the future of the supportive 'voice' indicate a mental state of deep distress that may be related to medication. The mention of feeling 'scared that voice will go away someday' also suggests a potential reliance on medication or fear of losing mental health support.","condsidering something stupid, scared, sad, numb",0.5391583442687988
2849,"The mention of needing to find the right meds suggests that the person is dealing with medication related stress, possibly due to struggles with their mental health and feelings of being misinterpreted and selfish.","get misinterpreted, need validation, don't feel good, selfish, meds",0.5707038640975952
2850,"The person's mental state seems to be primarily driven by feelings of alienation, loneliness, and a lack of meaningful connection with others. They express a deep craving for attention, human contact, and companionship, highlighting a sense of isolation and disconnection from society. The individual mentions feeling left out when seeing others in social settings, indicating a strong sense of alienation and inability to fit in. These feelings of loneliness and isolation are contributing to their depressive thoughts, self-hatred, and contemplation of suicide. The longing for a significant other or friends to provide reassurance and support reflects a deep emotional need for connection and belonging. Overall, the pervasive theme of alienation and lack of social integration suggests that this person is experiencing alienation-related stress.","hate myself, emptiness, lonely, carve attention, hate my inability, self esteem issues, feel kinda guilty, wasting my life, ugly, no motivation",0.44722527265548706
2851,"The person who wrote the premise is experiencing extreme feelings of alienation and social rejection, which have led to feelings of worthlessness, inability to connect with others, and a strong sense of isolation. They feel like they do not belong and are constantly being excluded from social interactions, leading to a deep-rooted belief that people are just 'assholes' who do not care about them. This prolonged sense of alienation and rejection has contributed to the development of depression, social anxiety, and a feeling of being emotionally disconnected. The individual's daily routine of isolating themselves, relying on video games for escape, and the inability to express their true emotions are indicative of the detrimental impact of alienation on their mental state.","social anxiety, introverted, excluded from everything, feel absolutely worthless, everyone ignores me, rejected, grades are horrible, cannot comprehend, feel empthy, bored/emotionsless",0.4466244578361511
2852,"The person's feelings of exhaustion, hopelessness, and thoughts of self-harm indicate a mental state related to medication. It's possible that the individual may be experiencing side effects of medication or struggling to find effective treatment, leading to a sense of despair and tiredness.","kill myself tired with life, wanting to cry",0.49917659163475037
2853,"The individual feels alienated and isolated from others, expressing feelings of uselessness and worthlessness. They perceive that everyone hates them, avoids them, and rejects them, leading to a sense of being a burden. Their attempts to seek help and cope with their feelings are met with dismissive responses, worsening their alienation and despair. This deep sense of isolation and lack of support is a key indicator of alienation related stress.","everyone hates me, ignore me, feel useless, worthless, reject, have failed, burden, suspended my studies",0.4306263327598572
2854,"The mention of systemic loneliness and depression along with the struggle to find sleep indicates a feeling of alienation. The person seems isolated and disconnected, seeking ways to cope with their emotional challenges.","systemic loneliness, troubles, late sleep",0.7387627959251404
2855,"The person is going through a rough patch and mentions using drinking, smoking, and sleeping as coping mechanisms, which are common behaviors associated with relationship-related stress. The individual also expresses gratitude towards the supportive community and emphasizes the importance of small acts like cleaning and tidying up, suggesting a desire for positive change in their personal life and relationships.","absolute disaster, smoking, drinking, sleeping",0.366535484790802
2856,"The person is expressing feelings of alienation and disconnection from their environment. They mention moving to three different high schools, feeling embarrassed with their girlfriend, and not knowing what to do after high school. This sense of not belonging and struggling to find their place can lead to a feeling of alienation and being overwhelmed by life's challenges.","failing grades, disappointment, feeling embarresed, can't handle it, life is shit",0.43739038705825806
2857,"The author expresses a sense of alienation and isolation, feeling disconnected from others and perceiving themselves as having no one else to turn to. They mention reaching out to a person who showed them kindness in the past, but question whether it is appropriate to burden them with their current struggles. This feeling of being alone and not having anyone else to rely on contributes to the sense of alienation.","she saw me struggling, immediately came to comfort me, baggage on random person, ",0.3294205665588379
2858,"The individual is experiencing relationship-related stress due to arguments and hurtful comments made by their partner. The feeling of embarrassment, wishing they hadn't shared their feelings, and feeling stupid and pathetic are all common emotions in relationships that are causing distress.","We ended up arguing, being manipulative, was spoilt, extremely embarrassed, feel stupid, pathetic",0.5208123922348022
2859,"The person expresses feelings of alienation from their classmates, family, and even from themselves. They talk about being the 'strange kid' who didn't fit in, feeling like an outsider who couldn't find meaning in things, and not experiencing typical emotional reactions like sadness when faced with difficult situations such as their father's death. This sense of detachment and disconnection from others and from emotions suggests feelings of alienation, which align with the alienation related stress category.","familed my semester, everything just fail, not emotionally stable, empty feelings, can't focus",0.2920966148376465
2860,"The person is expressing deep self-hatred and a strong sense of alienation, feeling disconnected and detached from themselves and others.","hurts to exist, hate myself, digusting excuses, pathetic",0.4143049716949463
2861,"The person writing the premise is exhibiting signs of alienation related stress. They feel disconnected and isolated from both themselves and others due to their physical appearance and the perception of how others view them. The intense focus on their appearance and the negative self-talk indicate a deep sense of not belonging, of being different or separate from those around them. The feelings of inadequacy, hopelessness, and the desire for drastic measures like plastic surgery or suicide stem from this deep-seated alienation. The reference to not being seen romantically like others further emphasizes the sense of being an outsider looking in.","ugly, prorisis, baby face moderate acne, anixous, mini heart attack, get judged, would get critisied, out of pity, can't lose weight,",0.24644188582897186
2862,"The language and sentiment used in the premise suggest a feeling of alienation or disconnection from life, expressing boredom and the need to engage in risky or reckless behavior to alleviate that feeling.","make fun of it, life is boring",0.38433197140693665
2863,"The person's words suggest feelings of alienation, isolation, and a desire to withdraw from social interactions. They express a strong need to be alone and to be away from others as they are overwhelmed by the pace of life and unable to find happiness. This sense of exhaustion and wanting everything to stop for a moment indicates a deep sense of disconnection and alienation from the world around them.","can't do things, tired, sad, piece of shit, cry",0.3786550760269165
2864,"The person feels a deep sense of alienation and detachment from the world around them. They express feelings of being different, not belonging, and questioning the purpose of their existence. This sense of not fitting in, feeling unreal, and constantly doubting oneself points towards alienation-related stress.","problems in family, don't deserve, weird feelings,feel so stupid, im punishment, feel so bad",0.2453361302614212
2865,"The author's mental state has deteriorated significantly since the strain in their friendship. The loss of their best friend, who used to be their main source of support and motivation, has resulted in a decline in their academic performance and disrupted their sleep patterns. The feelings of loneliness, sadness, and thoughts of suicide suggest a deep emotional impact. The mention of the importance of having someone to talk to and enjoy their company further emphasizes the emotional distress related to the strained relationship.","lost best friend, mental state, school work, stress, loneliness, trouble, painfully",0.5650724768638611
2866,"The person is expressing concerns and fears related to medication and its potential consequences, specifically with regards to suicide. The mention of pills as a 'cry for help' suicide method and questioning the effectiveness and lethality of combining pills with alcohol reflect a stress and preoccupation with medication-related issues.","suicide methods, pills and drink some Jack Daniels",0.5377780199050903
2867,"The person seems to feel alienated and disconnected from others, as indicated by the lack of genuine compliments and the description of interactions as low-level irritated. This feeling of alienation may be contributing to their quiet demeanor.","irritated interections, quiet now",0.45117104053497314
2868,"The writer seems to be experiencing relationship-related stress due to feeling misunderstood, criticized, and neglected by their mother. The invalidation of their feelings and constant negative comparisons with others seem to be causing emotional distress and making them question their worth within the family dynamic.","mom keep bugging, compare me, sulking in bedroom",0.3514936864376068
2869,"The premise suggests a desire to self-harm or commit suicide, which falls under the category of bias or abuse related stressed. The mention of using a specific method that has a 100% fatality rate and planning to carry it out after a specific event indicates a distressed and harmful mental state that needs immediate attention and support.","beer, human suffering",0.3431554436683655
2870,"The person expresses feelings of worthlessness, loneliness, and a sense of not belonging. They also mention being called a bad guy and feeling unattractive, leading to an overall sense of alienation from society. This suggests that the mental state of the person is related to alienation and feeling disconnected from others.","was a mistake, abort me, ugly, lonely, procrastinating, i'm a fail, big mess, not worthy, tired",0.2881260812282562
2871,"The language used in the premise indicates a focus on a disease and its impact on health and sleep, which are commonly associated with medication related stress. The mention of suffering for decades, potential early death, and feeling beyond control suggest a deep concern and anxiety related to medication and health issues.","disease, bad health, insomnia, get to suffer, awful sleep, having problems, damage your mind, panful journey",0.5708085894584656
2872,"The person expresses feelings of deep despair, hopelessness, and thoughts of not wanting to exist, which indicates a sense of alienation from themselves and the world around them. The mention of the family history of mental health issues, including depression and suicide, further reinforces the sense of alienation and disconnection. The individual seems to be struggling with inner turmoil and a barrier preventing them from seeking help, highlighting a sense of isolation and inability to reach out for support. This alienation-related stress may be contributing to the person's current state of mind.","dad died, mental barrier, everyday is battle, fear myself",0.42107534408569336
2873,"The language used suggests feelings of alienation, hopelessness, and despair, indicating a deep sense of disconnection and isolation from oneself or others.","ruined, dumb",0.04691630229353905
2874,"The person is expressing feelings of overwhelming sadness, worthlessness, guilt, and a sense of being burdened by their emotions. They also mention that their friends have their own issues, which may contribute to a sense of alienation or isolation. These emotions and thoughts suggest a state of alienation-related stress, where the individual feels disconnected or estranged from others, despite objectively recognizing that their life situation is good.","worthlessness, feel guilt overwhelming sadness, want to died, this hurts, tired of seeling",0.5427302122116089
2875,"The person's description of feeling lonely, defeated, like an outsider looking in, and never really belonging indicates a sense of alienation. They mention difficulty expressing care for others, feeling like friends secretly don't like them, and doubting genuine relationships. This ongoing alienation has contributed to their depression and anxiety, making them consider drastic actions to escape their current situation. The individual's perception of not fitting into college life and adult work also aligns with feelings of alienation from societal norms.","serious problems, anxiety, suffering, feel so lonely, molested, regressing, never really belonging, overdosing",0.4191499352455139
2876,"The language used in the premise suggests a deep sense of hopelessness and despair, which are common symptoms associated with depression. The mention of taking medication (benzo) indicates a possible history of mental health struggles and the feeling of life not being worth living could be linked to the person's mental state despite being physically fine. The thoughts of ending it all and the lack of motivation for the future are indicators of a medication-related stressed mental state.","loneliness, doom to mediocrity, meaningless, wage salvery, soul sucking job, feel utter despair, no cocomplisments, protracted, incapable of caring, took a benzo",0.6335874795913696
2877,"The person is expressing feelings of alienation and loneliness, indicating a sense of disconnection from others and a lack of support or understanding. These emotions can stem from feeling unheard, unnoticed, and isolated, leading to a deep sense of loneliness and despair.","incredibly alone, screaming for help, nobody notice, nobody sees, nobody hears me",0.45869722962379456
2878,"The mention of feeling suicidal, adjusting medication with psychiatrist and reflecting on the impact the individual has on others' lives suggest that the person is going through intense emotional turmoil related to medication. The individual's thoughts about the impact of their potential suicide on others, while finding comfort in the idea of being missed, indicate a complex relationship with their mental health and medication, pointing towards category 3 - Medication related stress.","people in my life that care/depend on me, impact on someones life, ",0.3216227889060974
2879,"The person is experiencing severe depression, suicidal thoughts, and anxiety, which are all related to their recent breakup with their fiancé. This relationship-related stress has contributed to their current mental state of feeling broken and alone.","fiance just broken up with me, absolute mess, ",0.47515591979026794
2880,The mention of attempting suicide through partial suspension hanging indicates a severe mental health crisis that may require medication. The fact that the outcome was just a headache suggests a possible misjudgment of the severity of the method. This situation reflects a critical need for medication-related intervention and support.,"partial suspension hanging, headache",0.6192779541015625
2881,"The person expresses feelings of alienation, loneliness, and a sense of not fitting in anywhere, indicating a state of alienation-related stress. They mention a lack of true friends, feeling like a monster, and struggling to make connections with others, which contribute to their feelings of isolation and despair.","feel nobody cares, never had anybody, really hurt, broken person, putting me down, constantly miserable, problems, need help, fix myself, vent",0.3080257773399353
2882,"The person is experiencing relationship-related stress due to feelings of worthlessness, lack of love and care from their partner, and fear of losing contact with their son if the marriage ends.","wife hates me, have no money, gross, fat",0.29198169708251953
2883,"The person who wrote the premise seems to be experiencing feelings of alienation and loneliness. They express a strong desire for someone to notice and save them, indicating a sense of disconnection from others and a longing for care and reassurance. The themes of feeling alone, wanting a stranger's embrace, and seeking comfort from a loved one suggest a deep emotional need for connection and support to alleviate their inner turmoil.","alone, self slaugther, haunt, scare",0.4159654378890991
2884,"The person expresses feelings of alienation and detachment throughout the text. They mention how friends, family, and even support systems have distanced themselves, and how their reality started to unfold when things got real. They feel like a stranger to those who were once close to them. The sense of being abandoned and ignored contributes to a strong feeling of alienation and isolation.","not enough money, became homless, can't afford school, anxiety, hospitalization/drug, severe panic attacks, mental break, prozac",0.17651671171188354
2885,"The author expresses feelings of extreme isolation and hopelessness due to the harsh and challenging living conditions within their country. They highlight the struggles of unemployment, poverty, and the prevalence of illegal activities for survival, which contribute to a sense of disconnect and alienation from society. The mention of family being affected and considering suicide further emphasizes the deep emotional distress and disconnection experienced by the individual.","unemployed, suffering mentally",0.5137626528739929
2886,"The person's mental state seems to be heavily influenced by their battle with depression, as evidenced by their mention of being officially diagnosed in 2019 and currently being on medication & therapy. They also express feelings of self-doubt and imposter syndrome by questioning the validity of their diagnosis and feeling like they tricked everyone, including doctors, into thinking they have depression. These are common struggles for individuals dealing with mental health issues. The person's focus on their daily accomplishments, despite the challenges they face, indicates ongoing efforts towards improving their mental well-being. The consistent therapy sessions and acknowledgment of the positive impact of medication suggest a proactive approach to managing their mental health. Overall, the emphasis on medication and therapy-related aspects points towards a category of medication-related stress.","struggling, not accomplishing anything, beating myself up, being lazy",0.32631996273994446
2887,"The person expressing feeling ignored, alienated, and worthless, and having a sense of meaninglessness in everything around them indicates a strong sense of alienation. The individual's perception of being treated differently due to their mental health conditions and medications, being mocked by others, having their personal struggles disregarded, and feeling unaccepted further emphasizes the feelings of being alienated from society. This deep sense of alienation is causing emotional distress, worsening depression, increasing anxiety attacks, and impacting the person's overall well-being.","barely few friends, My crush has seen me at my desk when I'm going through a rough time but she just ignores me, autistic, ADHD, affecting me emotionally",0.27860409021377563
2888,"The person's focus on finding a girlfriend to feel complete, their dependence on the hope of a relationship for happiness, and the feelings of darkness when that hope is lost indicate relationship-related stress. The individual's pattern of being in relationships with long pauses in between and their realization of operating in a scarcity mindset further support this categorization.","feel incomplete, loneliness, alone, struggling with feeling, introverted",0.4985886216163635
2889,"The person is experiencing mental health issues like depression and anxiety for a long time and has made multiple attempts to seek help. However, they are facing obstacles in accessing the necessary treatment due to lack of insurance coverage and unsupportive parents. The feeling of being alone, afraid, and contemplating death indicates a deep sense of distress related to medication and treatment options, which falls under medication related stress.","broken relationship, I only have my parents who will not allow me treatment, difficult expressing feeling",0.4741576313972473
2890,"The use of phrases like 'psychiatric pointed out' and 'depressed I am' indicate a concern with mental health and treatment. The mention of feeling tired of fighting their mind, trying different things, and still feeling lonely and at a loss could suggest a struggle with finding the right medication or treatment for their mental health issues.","lonely, tired of fighting, at loss",0.4946398437023163
2891,"The person is experiencing relationship-related stress, as indicated by feelings of loneliness, difficulty in making friends, experiencing betrayal in relationships, and seeking validation and justice for the mistreatment from others.","don't have friends, not a girlfreind, anxious around people, awkward around people, toxic people, backfired me, blamed me, weird vibes",0.4273306131362915
2892,"The person mentions feeling suicidal and wanting to feel true happiness, which indicates a mental state related to medication and the need for effective treatment.","feeling like shit, can't handle it, drugs",0.41264110803604126
2893,"The writer is experiencing extreme grief and emotional turmoil due to the recent suicide of someone they knew and considered a special friend. This relationship-related stress has led them to consider suicide as a viable option, feeling a deep sense of loss and a desire to reunite in death with the deceased individual. The writer's thoughts and emotions are heavily influenced by the impact of this loss, and they are struggling to cope with the overwhelming feelings of grief and the perceived connection to the deceased person.","girl's suicide, carve death, pain, drunk, cried",0.5413122177124023
2894,"The person is expressing feelings of alienation, loneliness, and disconnection from others. They mention feeling alone, craving love and attention that they are not receiving, and feeling like they are not believed or supported by their parents. This sense of isolation and lack of belonging is indicative of alienation-related stress.","grades going down, failing at tests, i am failure, alone, threathening me, carve for love",0.29092663526535034
2895,"The premise reflects a feeling of uncertainty and fear in opening up and communicating in a relationship, indicating relationship-related stress.","to open up, trap",0.24204422533512115
2896,"The use of offensive language and dismissing someone's mental health struggles indicates a lack of empathy and understanding, which can be classified as bias or abuse related stressed.","mental illness, annoying",0.46485450863838196
2897,"The person's emotional state seems to be heavily influenced by their ongoing physical health struggles, such as severe stomach problems and malnourishment, despite medical specialists finding no physical health issues. The long-term frustration, hopelessness, and desperation expressed in seeking help for both physical and mental health concerns indicate a state of stress related to medication and healthcare system failures.","horrible stomach problems, feel nauseous constantly, mental health,ton of pain, gotten malnourished, sinus infections, feels shattered, frustration, vent",0.5371475219726562
2898,"The person seems to be experiencing feelings of emptiness and a desire to stop existing, which indicates a sense of alienation and disconnection from life and possibly others. The mention of wanting to erase themselves painlessly and end their existence suggests a level of distress and detachment from their current state.","feel empty, just can't anymore, erase myself painlessly, stop existing",0.6741831302642822
2899,"The language and sentiments expressed in the premise indicate a deep dissatisfaction with the current medication-based approach to mental health. The writer seems to be feeling overwhelmed by the usual advice centered around medication and resilience, and is seeking validation and understanding in a different form. The focus on the desire for someone to acknowledge the struggle and even offer an alternative perspective, such as helping to end the pain, suggests a sense of disillusionment or frustration with the medication-related treatment they are currently receiving.","want someone, encourage me, on meds, in therapy",0.5105184316635132
2900,"The person is expressing feelings of wanting to end their life, thinking about suicide every day, and feeling constant underlying pain without any clear trigger. These symptoms suggest a deep level of mental distress that may require medication or other treatment for mental health issues such as severe depression.","phyiscal underlying pain, trauma, coward",0.3073633909225464
2901,The language and content of the premise indicate a high level of distress and a history of abuse. The mention of wanting out and suicidal thoughts at a young age suggests deep emotional pain and possibly ongoing trauma. The focus on hurtful experiences and the pervasive feeling of wanting to escape are indicative of bias or abuse related stress.,"abuse, been hurt, hurt people",0.4473481774330139
2902,"The person expressed feeling uncomfortable and terrified during their psychiatrist appointment due to unprofessional behavior and treatment. The psychiatrist's actions of questioning the person's need for help, dismissing their symptoms, invading their personal space, and making them feel like they were faking their issues indicate bias or abuse related stress. This kind of experience can be traumatizing and leave the individual feeling invalidated and fearful of seeking help in the future.","mom took me to a psychatrist appointment, mom mentioned the eating disorder, asked bmi",0.36490315198898315
2903,"The person is experiencing a deep sense of guilt and responsibility for a family rift that is related to past abuse by their father. The confusion, anger, sadness, and overwhelming emotions are a result of the intense internal struggle caused by the trauma and the fear of revealing the reason behind the rift to the family. The mention of feeling like it's all their fault and the reluctance to confront the family about the abuse indicates a state of bias or abuse related stress and turmoil.","root cause, cousin died, molested me, family is angry, , feels overwhelming",0.5228668451309204
2904,"The person expresses feelings of extreme alienation, hopelessness, and disconnection from life and those around them. They struggle with finding any meaning or purpose, feel exhausted and overwhelmed, and express a desire to escape from their existence. This emotional state goes beyond typical depression and indicates a profound sense of isolation and detachment from the world, leading to thoughts of death as a way out.","life is fucked, family is fucked, poor health, poor, losing my mind, exhausted, tired of crying, whining, wheeping",0.39954647421836853
2905,"The person is feeling alienated and disconnected from their passion for painting due to self-doubt and lack of confidence in their creativity. This sense of inadequacy and frustration is causing them to question their abilities and feel like they are not good at anything, leading to emotional distress.","bad at learning, crying from frustration, never good",0.4023658037185669
2906,"The person is experiencing alienation-related stress. They express feelings of isolation, social anxiety, being bullied, having a bad father, and lacking friends or relationships. The desire to run away from home, live in isolation, and potentially become homeless in another country reflects a deep sense of alienation from society and a belief that living outside of civilization may offer a better chance for survival and well-being.","unemployed, homeless, no money, fucked up everything, social anxiety, can't fight back, dropped from uni, never had gf, social awkward, lived in isolation",0.4522469639778137
2907,"The use of expletives, feelings of alienation, and expressing anger towards others indicate a sense of alienation and frustration with the world. The language and sentiment suggest a state of alienation-related stress.","i am done, quit talking, block me",0.1654086709022522
2908,"The person expresses feelings of alienation, hopelessness, loneliness, and a lack of love. They mention experiencing pain and a desire for it to end, which indicates feelings of alienation and disconnection from others and the world around them.","no point living, lonely, helpless, unloved, pain, terrified",0.509126603603363
2909,"The person is expressing frustration and distress over a lack of adequate support and understanding regarding their mental health concerns. They feel dismissed and invalidated, which could contribute to feeling more stressed and overwhelmed, especially in dealing with mental health issues.",felt generally shit,0.25385746359825134
2910,"The individual mentions being diagnosed with mild depression and GAD (Generalized Anxiety Disorder) and is scheduled for worry reduction group therapy. Their struggles with these mental health conditions indicate medication-related stress. They have tried various techniques like monitoring sleep, using a mood diary app, and taking a break from social media, but these efforts have not yielded significant improvements. The feeling of guilt about reaching out for support and the sense of helplessness in finding effective coping strategies further suggest the heaviness of managing mental health conditions, aligning with the category of Medication related stressed.","GAD, feeling guilty, roug patch, sleeping less",0.5468764305114746
2911,The mention of attempting suicide indicates a severe mental health issue. The person is in a distressed state possibly due to medication related problems. The failure of the attempt and the intent to try again suggest a deep sense of hopelessness and lack of clarity on what steps to take next.,tried to hang,0.2731625437736511
2912,"The person expressed feelings of alienation, inadequacy, and not being understood by their parents. They feel like they do not belong, that their talents and interests are not valued, and that they are seen as a burden. The thoughts of self-harm and a desire to die indicate a deep sense of disconnection and isolation from those around them.","parents refuse therapy, they don't understand, want to die, dissapoint, i'm burden, disgust,",0.5379133820533752
2913,"The mention of pain, feeling ignored, and exhaustion suggests relationship-related stress. This could be due to feeling unappreciated, neglected, or experiencing emotional pain in a relationship.",being ignored,0.30854302644729614
2914,"The person expresses relief from external pressures such as other kids, teacher, and parents, indicating feelings of alienation and isolation. This sense of freedom allows them to engage in online communities related to depression and anxiety. However, the limited duration of this relief, lasting only an hour and a half, suggests a deep sense of alienation and the difficulty of finding true self-expression in a limited time frame.","anxiety, pressure",0.3826124668121338
2915,"The person is experiencing feelings of worthlessness, isolation, and social rejection, which are indicators of alienation related stress. They feel like they are fundamentally broken and that no one wants to be their friend, leading to a deep sense of alienation from society. The mention of feeling like they might try to kill themselves also points towards extreme emotional distress and disconnection from others.","feel worthless, no close friends, social rejections, funtionally broken",0.586229681968689
2916,"The use of 'atm' may refer to At the Moment, and 'sobbing' may indicate emotional distress, which could be related to medication or health issues.",sobbing,0.4131822884082794
2917,"The person expresses feelings of isolation and alienation, especially due to being a target for racism from a young age. This sense of being different and experiencing discrimination has likely contributed to their ongoing struggles and sense of despair. The mention of feeling like they have no future, facing financial difficulties, and the impending military service also indicate a deep sense of disconnect from society and a lack of belonging.","worked for two years for getting a university at Japan, high school and university disaster, racism, got declined",0.3593137860298157
2918,The person is feeling depressed and has had negative experiences with counselors and parents regarding mental health issues. The fear of parents' reaction and the reluctance to share personal information suggest a high level of stress related to medication and seeking help for mental health.,"parents have yelled, things wrong, never believed me, things wrong with me",0.3533056378364563
2919,"The person expresses feelings of alienation and not fitting in with society due to being 'too imaginative' and 'too kind'. They mention that everyone thinks they are a weirdo and feel like they don't belong in the world. This sense of alienation and feeling misunderstood can contribute to their mental state of stress and hopelessness, indicating a categorization of alienation related stress.","they think I am weirdo, family is in a financial crunch, perform the way I should",0.2744207978248596
2920,"The person expresses that their world has been shattered due to losing their job as a result of clients not giving business. This loss has triggered feelings of depression and anxiety, indicating that the stress is primarily related to relationships, in this case, the relationship between the company and its clients affecting the person's employment and mental well-being.","worlds been shattered, blowing this disease out of proportion",0.25329577922821045
2921,"The mention of vivid nightmares, exhaustion, and inability to write a note despite feeling the need to express something suggests a potential medication related stress, possibly due to side effects of medication causing vivid dreams and extreme tiredness.","tired, nightmares, exhausted",0.5277277231216431
2922,"The person is feeling alienated and excluded by friends and facing discrimination from family due to their sexual orientation and gender identity, leading to a sense of not wanting to live anymore.","family is homophobic, exclude me, ignore me",0.44079309701919556
2923,"The person is experiencing a deep struggle with their mental health, mentioning a history of depression, self-harm, and deteriorating mental state. They also talk about missing appointments for medication checks, indicating a distressing relationship with medication. The person expresses guilt about taking up resources and describes concerning physical symptoms such as chest pains and vision issues. These factors suggest a medication-related stress as the predominant category.","mental state deteriorating, feel guilty, can't focus, memeory is crap, chest pain, have no energy worried, worse thoughts, exhausting",0.5918068289756775
2924,The extreme thoughts of life being a hallucination and the belief that the only way to escape it is through suicide suggest feelings of alienation and disconnect from reality.,"huge hallucination, constant pain",0.45429345965385437
2925,"The person exhibits feelings of alienation, self-worth issues, guilt, and a sense of not deserving help or attention due to comparing their perceived struggles with others who they believe are in worse situations. This alienation from self and others, coupled with recurring thoughts of worthlessness and a desire to escape through extreme actions, point towards a state of alienation-related stress.","everybody hates me, ugly, useless, talentless feel guilty, feel so repetetive, wanting to die, will eventually die",0.37037187814712524
2926,"The person is expressing feelings of alienation, helplessness, and frustration towards their lack of independence and freedom, as well as their dysfunctional family dynamics. They feel trapped in their situation and resort to self-harm as a form of coping mechanism, which suggests a deep sense of disconnection and disaffection from their surroundings.","no independence, trapped, hate my family, hate it here, pain pills",0.4223087430000305
2927,"The mention of feeling overwhelmingly sad, unhappy, and having no reason to feel that way despite having a good job, beautiful wife, and a 2-year-old son points towards a deep-rooted mental health issue such as depression that might require medication. The thoughts of suicide, feeling exhausted from interacting with people, and the guilt associated with leaving behind loved ones are all indicators of medication related stress.", Again no reason to feel this way,0.3001140356063843
2928,The person's focus on thoughts of self-harm and feeling content only when thinking about suicide suggests a deep mental distress that may require medication-related intervention to address underlying mental health issues.,"kill myself, worried, hotline, talk, someone",0.3531830608844757
2929,"The mention of contemplating suicide, concerns about privacy, and fear of involving family indicate a high level of mental distress that may require medication and medical intervention.","family, effect people, ",0.3955923616886139
2930,The mentioning of depression and anxiety indicates medication related stress. These mental health conditions can significantly impact motivation and make it hard to engage in tasks such as studying for finals. It is important to seek appropriate support and treatment for managing mental health concerns during challenging times like exam periods.,"my finals this august, hard to motivate",0.4585585594177246
2931,"The language used suggests the presence of intrusive thoughts, commands, and strong urges related to self-harm. This indicates a mental state that may be influenced by medication, as these symptoms are often associated with medication-related stress. The mention of following therapist's advice also hints at ongoing mental health treatment.","worm on earth, feel so defeaed, hurting myself, vent",0.2214658558368683
2932,"The person is experiencing extreme feelings of isolation, neglect, and disconnectedness from others. They mention feeling let down by their school, disappointed by adult figures, and perceiving annoyance from friends when they reach out for help. These feelings of alienation and lack of social support are contributing to their suicidal thoughts and the belief that death would be an easier option. The overall tone of the message reflects a deep sense of loneliness and abandonment, indicating a state of alienation-related stress.","disappointed with me, no motivation, struggling, homework to catch, tough, pain",0.33595818281173706
2933,"The person is experiencing feelings of perpetual sadness, loneliness even around friends and family, and contemplating suicide. These are common indicators of alienation-related stress, where the individual feels disconnected from others and isolated despite being surrounded by people. Additionally, the mention of age (17) and equating working a lot as 'normal' suggests a feeling of separation or difference from their peers, contributing to a sense of alienation.","feel lonely, perpetually sad",0.5188352465629578
2934,"The language used in the premise suggests that the person is experiencing relationship-related stress. The references to abusive behavior, mental hurt, and wanting to be friends with people who have hurt them indicate a significant emotional struggle in relationships.","abuse me, hurt me mentally",0.4338364601135254
2935,"The mention of feeling stressed, anxious, and sad at the same time, along with the reference to self-hate and anxious thoughts, suggests that the writer may be experiencing mental health issues that could be related to medication or treatment.","stay up late, freak out, self hate, anxious thoughts, stressed, sad",0.4168381989002228
2936,"The individual in the premise mentions dealing with depression and suicidal thoughts for a long period of time, as well as being in and out of various treatments. They have also experienced significant life challenges such as losing their job, friends, being buried in medical debt, and losing their car. These factors suggest a medication-related stress, where the person's mental health struggles have possibly not been adequately addressed or managed through treatments and medications, leading to a deep sense of hopelessness and lack of self-worth.","lost my job, medical debt, lost my car, struggling, threat to myself, don't like myself, embarresed of life, piils",0.5074914693832397
2937,"The use of language such as 'people you know don't really listen to you anymore', 'you have nobody to turn to', and 'fellow invisible ones' indicate a deep sense of alienation and feeling disconnected from others, which suggests a state of alienation related stress.","people donít listen anymore, have nobody to turn to, have nobody",0.41387778520584106
2938,"The person is experiencing feelings of alienation, isolation, and a lack of connection with those around them. They express a desire for help from someone they do not know in real life, indicating a sense of disconnect and distrust towards people in their immediate environment. The fear of being judged or not understood by those they interact with on a daily basis demonstrates a deep sense of alienation and a longing for genuine, anonymous support.","anti social, mocking, scared, want help, crying",0.4303010404109955
2939,"The person's mention of ADHD, isolation, social integration issues, unhealthy coping mechanisms such as excessive masturbation and alcohol consumption, feeling of failure, suicidal thoughts, and lack of support from parents for psychotherapy all suggest a deep-rooted mental health condition that requires medication and professional intervention.","failed my exam, ADHD, social integration, parents were strick, got isolated, masturbate, aloholic drink, pain",0.5331847667694092
2940,"The person expressed feelings of alienation, frustration, and powerlessness, highlighting a deep sense of unfairness and detachment from society. They perceive their existence and circumstances as unwanted and imposed upon them without choice, leading to a strong sense of disconnection and disillusionment with the world around them.","poverty, shitty parents",0.25909674167633057
2941,"The mention of depression, feelings of sadness, anxiety, nervousness, and panic attacks suggest a medication-related stress. The comparison of depression to cancer and feeling like there is no cure further indicates a deep-seated concern or frustration with the effectiveness of medication or treatment options for the mental health issues the person is facing.","anxious, panic attack, nervous, sad, no cure",0.6461465358734131
2942,"The mention of depression and recovery implies a focus on mental health and medication-related concerns. The individual seems to be contemplating the variability in outcomes for people dealing with depression, possibly indicating a personal struggle with medication-related stress regarding mental health.","learn to live, talk",0.17314612865447998
2943,"The premise indicates a high level of stress and despair related to job searching, a common source of stress and pressure in one's career. The mention of wanting to die but not being able to end one's own life also points towards a deep mental and emotional distress often associated with job-related challenges.",job searching,0.35262101888656616
2944,"The person expresses feelings of alienation and detachment from life, mentioning pain and a desire to either be happy or dead. They feel like life has been offering them nothing but pain for the past 2 years, leading to a sense of hopelessness and frustration. The individual also questions the presence and understanding of a higher power, feeling that despite their belief in God, they are not being heard or understood, which exacerbates their feelings of isolation and disconnection.","fed up, pain",0.2956489324569702
2945,"The person expresses feelings of worthless and being a burden on their family, indicating a sense of alienation and disconnection from others. This is further emphasized by their suicidal thoughts and desire for their death to benefit their family, as they believe their existence has been a waste. The lack of life insurance intensifies these feelings, as it dashes their plan to provide some value even in death.","useless , life insurance , donate , no funeral cost , huge sum of money , waste of time",0.5062232613563538
2946,The person's focus on past mistakes and feeling of regret suggest relationship-related stress. They may be struggling with the impact of past decisions on their personal relationships and their own well-being.,"stupid deciosions, living in past, can't keep going",0.4015565514564514
2947,"The premise describes a situation of abusive behavior by the step-grandmother towards the writer and their mother. The continuous abuse and toxicity from the family member has caused significant distress to the writer, leading to feelings of wanting relief through the grandmother's passing. This abusive and toxic relationship is a key factor in the individual expressing thoughts of despair and seeking peace through the relative's death, indicative of bias or abuse-related stress.","extremely abusive, toxic, sturggled, anxiety",0.46137046813964844
2948,"This individual's prolonged battle with depression, seeking help from therapists and doctors without relief, and the mention of suicidal thoughts indicate a deep sense of hopelessness and despair. The feeling of being a burden on loved ones, particularly the guilt of hurting family and ending a relationship because of the emotional toll on the partner, reflects a significant amount of mental distress related to medication and treatment for depression.","never had relief, girlfriend, feel ungrateful, burden, exhausting",0.4506232738494873
2949,The mention of constantly thinking about suicide and the feeling that it will inevitably happen within a couple of weeks indicates a serious mental health concern that may require medication or medical intervention.,think of suicide,0.6107280254364014
2950,"The person who wrote the premise is experiencing relationship-related stress. They are struggling with the pressure and emotional burden of trying to help a friend who is dealing with depression and an eating disorder. The friend's issues are affecting the writer's mental health, causing them to feel anxious and depressed. The writer feels overwhelmed by the constant focus on the friend's problems and is also feeling guilty for needing to prioritize their own well-being. The lack of respect for personal boundaries and the feeling of being trapped in this unhealthy dynamic indicate a significant strain on the writer's relationship with their friend, leading to relationship-related stress.","friend, anxious, selfharmed",0.4189274311065674
2951,"The person's description of their childhood trauma involving abuse by both parents, the toxic environment full of fights, verbal abuse, and physical violence, along with the later revelation of being sexually assaulted by their ex-partner, all point to deep-rooted relationship-related stress. The feelings of being constantly criticized, called names, being told to leave, all contribute to a significant impact on the individual's mental well-being, leading to self-hatred, dissociation, chronic physical symptoms, and a strong desire for self-harm or suicide. The constant emotional turmoil within the family and the traumatic experiences in relationships have created a deep sense of self-loathing and hopelessness in the person, making them feel like they are unworthy of living.","ocular migranes, feel detached, chronic visual shows, horrible anxity, never been trauma, parents, hate myself, hit me, hopless, irritable",0.4240071177482605
2952,"The person's mental state seems to be primarily influenced by relationship-related stress. The individual is feeling pressured to see a therapist by their partner, indicating potential strain in their relationship. Furthermore, the uncertainty surrounding insurance coverage and the financial aspect of therapy is adding to their anxiety, which may stem from concerns about how this issue could potentially affect their relationship dynamics.","terrified, overwhelmed, therapy",0.3710331618785858
2953,"The person expresses feelings of alienation, loneliness, disappointment, and a lack of faith in everything and everyone. They mention being alone both physically and emotionally, not having friends or family, and not being able to rely on their partner for emotional support. This sense of isolation and disillusionment with life indicates a state of alienation-related stress.","im cursed, alone, abusive relationships, anxiety, addicted parents, eating disorder, disappointed",0.31942179799079895
2954,"The person expresses feelings of alienation, loneliness, and sadness due to a perceived lack of interest and understanding from those around them. They describe a sense of disconnect and feeling alone even when surrounded by people, which indicates a deep feeling of alienation. This emotional distress is related to a sense of not being understood or valued by others, leading to a feeling of being isolated and unimportant. The focus on feeling unappreciated and the struggle to find genuine connection with others aligns with alienation-related stress.","alone, no one cares, sad",0.3036177158355713
2955,"The person expresses feelings of alienation, loneliness, and a sense of not belonging due to a history of moving frequently, lack of stable friendships, bullying, depression, and suicidal thoughts. This sense of being disconnected and isolated from others indicates alienation-related stress.","bullied, been so unfair, never had friend, self harm, addiction, drug abuse, alcoholism",0.2295958697795868
2956,"The individual's mental state appears to be deeply impacted by their relationship with their girlfriend, who is struggling with alcoholism. The stress and emotional turmoil resulting from this relationship dynamic, which includes sacrificing their own well-being for their girlfriend's sake, contribute to their suicidal thoughts. The individual expresses feelings of being stuck behind, unable to move past the pain they have endured in the relationship. The mention of being abused since infancy further underscores the significant impact of past and current relationship-related stressors on their mental state.","homeless, abusive family, stressed, stuck, tired of strugglin",0.2755196690559387
2957,"The mention of being on medication and visiting a mental hospital for appointments indicates a high level of distress related to medication and mental health, suggesting a state of medication-related stress.","hard , appointments , medication , forced , normal , lfe ",0.38936033844947815
2958,"The person's writing expresses feelings of alienation and disconnection from others, feeling misunderstood and treated differently due to their Asperger misdiagnosis. They also mention difficulty in making their psychologist and even their mother understand their struggles, which contributes to a sense of isolation and alienation. The longing for genuine friendship and the feeling of being stunted compared to others further highlight their sense of alienation from societal norms and expectations.","finished half of my current career, asperger misdiagnosis, obsessed with friendship, lot of things and people in past years",0.37994712591171265
2959,"The use of the phrase 'never ending sadness' and the desire to escape the pain by falling into a forever slumber indicate feelings of alienation and disconnection from the reality or environment, leading to a state of emotional distress.","peaceful , fall , no pain , no thoughts , endless , peace , sadness",0.4460631310939789
2960,The mention of the friend's bouts of depression and dismissed work therapy sessions indicate a high level of concern and distress related to seeking help and treatment for mental health. The frustration with the ineffective therapy and the urgency to find ways to support the friend suggest a focus on medication-related stress.,lost her brother,0.13790073990821838
2961,"The mention of limited amount of suffering and happiness, along with the suggestion of suicide prevention through the abolition of suffering, indicates a feeling of alienation and existential concern towards the state of being in the world.","alive , limited , suffer , happy , dunny , help , humanity , ",0.4908106327056885
2962,The person is expressing feelings of hopelessness and contemplating self-harm. They mention having a psychiatrist appointment and facing opposition from their parents regarding seeking treatment for their diagnosed conditions (depression and OCD). This indicates that the person is under significant stress related to medication and mental health treatment.,"diagnosed depression and ocd, psychatrist appointment, ",0.6450225114822388
2963,"The mention of feeling good initially, followed by a sudden shift to thoughts of suicide and feeling unable to bear it anymore, along with feeling like suicide is a realistic temptation, suggests a medication-related stress or side effect.","can't take it, feel so awful",0.32703161239624023
2964,"The individual expresses feelings of exhaustion, pain, and stress, as well as a sense of being unable to handle the challenges of life. They mention feeling alone and unable to ask for help, suggesting a sense of alienation and isolation from others.","dealing with my father, constant exhaustion, too much, can't handle, stress, alone, pain, exists sadly",0.4829600155353546
2965,"The person expresses feelings of worthlessness, inadequacy, and being treated like a toy by others, indicating a sense of alienation and disconnection from those around them. This sense of not being valued in relationships further aligns with the theme of alienation related stress.","feel worthless, relationships are shit",0.46784812211990356
2966,"The person mentioned having depression for 8 years, indicating a long-term mental health issue that requires medication. The frustration and feeling of not being able to overcome the situation in a short period of time align with the challenges faced by individuals dealing with medication-related stress.","wasting my potential, stressing over, frustrating",0.32888859510421753
2967,"The premise indicates a deep sense of self-hatred and fear of disappointing others, particularly parents. This extreme emotional reaction based on a mistake affecting the future career and aspirations suggests relationship-related stress.","stupid mistake just ruined my future career, didnít hand in report on time",0.38314586877822876
2968,"The feeling of time passing quickly and experiencing memory issues can be signs of alienation related stress. It may indicate a sense of detachment from one's surroundings or activities, leading to a distorted perception of time and memory difficulties.",shit memory forgetting everything that happened,0.3573700785636902
2969,"The person is feeling alienated and disconnected from others, as they have mentioned resigning themselves to how other people view them. This feeling of being misunderstood and unaccepted by society can lead to alienation-related stress, causing the individual to close themselves off from people and accept their depression as a part of who they are.","unmedicated anyway, previous dark mindset, change my outlook, tried therapy and drugs",0.31257110834121704
2970,"The person feels alienated and self-conscious about their scars, leading them to cover up as a coping mechanism. However, the decision to go against this and wear short sleeves shows a sense of empowerment and defiance against societal norms, indicating a struggle with feelings of alienation.","started job, worn sweater to cover scars, ashamed of them, ",0.5392183065414429
2971,"The person's description of feeling excessively sleepy in the morning and suddenly becoming alert when considering staying home sick, along with mentioning a history of mild and recent depression, suggests a possible link to medication-related stress. The fluctuations in sleep patterns and the sense of relief or alertness upon the possibility of staying home sick may indicate a potential impact of medication or its timing on the individual's mental state and energy levels.","school days, super awake and stay up, phenomenon, linked to depression",0.5930314064025879
2972,"The person expresses feelings of alienation and disconnection from friends and family, indicating a sense of being isolated and removed from social support systems. Additionally, the individual highlights a pattern of self-destructive behavior and missed opportunities, suggesting a deep sense of disconnect from oneself and the world around them. The persistent struggles with anxiety leading to hospitalization further emphasize the overwhelming sense of alienation and lack of control. These factors align with the category of Alienation related stressed.","ruined by anxiety, self destructive cycle, seperated from family, become trapped, lost every job, shitty habits, to ashmed, can't keep up",0.5283488631248474
2973,"The person is dealing with depression without medication and finds the relaxing effect of alcohol frightening. This indicates a struggle with managing their mental state without relying on medication, leading to stress and uncertainty. The mention of abandonment issues from early age further adds to the emotional burden, reflecting a complex and deeply rooted mental health challenge related to medication dependence and emotional trauma.","early age abandoment, frightening",0.37139126658439636
2974,"The person is expressing feelings of alienation, detachment, and a sense of not belonging. They talk about feeling disconnected from their past and idealizing a carefree childhood before their life took a negative turn. This sense of alienation is evident when they mention not fitting in with their friends, feeling like a disappointment, and resorting to substance abuse to cope with their emotions and situation.","mental hospitals, failing all classes, scars, sucidial dissapointment, dad changed mom stopped caring, smoking, xanax, pills",0.27523988485336304
2975,"The mention of people overdosing indicates a concern related to medication, which falls under medication related stress category.",overdosed,0.3406880497932434
2976,"The premise indicates feelings of insecurity and inadequacy in relationships, as the person feels left behind or replaced by others. This can cause relationship-related stress, leading to feelings of being unwanted or not good enough compared to others.","leaves me beind, stops interacting, poisonous stare",0.3120308816432953
2977,"The use of profanity, intense frustration, and expressing hatred towards every person on the planet indicates a sense of alienation and disconnection from society. The person feels overwhelmed by negative experiences caused by other humans, leading to a strong feeling of disdain towards others and a desire to detach themselves from society.","stupidity, ignorance, inconsiderance, sick of hearing",0.40164121985435486
2978,"The person's mention of feeling like they are going back to a dark place, their struggles with controlling urges, and their tendency to use alcohol to numb their feelings suggest a deeper mental health issue that may require medication. The fear of falling back into depression and the desperation for positive feedback from the community indicate a level of distress that is closely related to medication and mental health management.","bad tendency, beaten into submission, afraid, alcohol, tired of feeling",0.5303013920783997
2979,"The person describes feeling constant despair and hopelessness, along with engaging in self-destructive behaviors such as drug use and neglecting their education. They mention feeling unable to find joy in life despite having supportive parents and friends. The strong desire for death and the belief that they are living solely for others, rather than themselves, indicate a deep mental health issue that may require medication and professional help.","doing drugs, eating shitty food, guilt, lose motivation",0.5544127821922302
2980,"The person's mention of struggling with depression for a long time, experiencing worsening mental health, having suicidal thoughts multiple times a day, feeling like nothing makes sense anymore, and considering self-harm could indicate a serious medication-related stress. The individual's thoughts and behaviors are related to their struggle with depression and the impact it has on their overall mental well-being, leading them to contemplate dangerous actions.","mental health, feel like nobody, self harm",0.6705389022827148
2981,"The author expresses feelings of alienation, hopelessness, and a lack of connection to life. They mention feeling directionless, motivationless, and without desires or dreams, indicating a sense of disengagement from themselves and their surroundings. The reference to hiding scars and thoughts of self-harm suggest a deep emotional pain and disconnect from others. These feelings of isolation and detachment from life point towards an alienation related stress.","failing half my classes, drop out of college, scars, nothing helps, no life direction, no ambition, no motivation, no desires",0.3939647078514099
2982,"The person is feeling alienated and unsupported by their parents, who prioritize spending on traveling over their mental health needs. They are also facing the dilemma of not being able to get a job due to college commitments, which is contributing to their sense of isolation and helplessness. Seeking help from a psychologist is a clear indication of their desire for support and guidance in navigating their current challenges.","no money, dismiss my feelings, job",0.32448044419288635
2983,The person is experiencing extreme emotional distress and attachment towards their pet who has cancer. The deep emotional bond and fear of losing their beloved pet is causing significant relationship-related stress and sadness.,"she has cancer, moved out",0.36545392870903015
2984,"The person feels alienated and disconnected from others, expressing a sense of not being understood or appreciated. The feeling of annoying someone and the desire to hide away indicate a deep sense of alienation. The phrases used by others imply a lack of empathy or understanding towards the person's feelings, further reinforcing the theme of alienation.","dad listening to his dumbass kids, sick of muself",0.1555236577987671
2985,"The person expresses feelings of alienation and frustration towards individuals who fake suicidal thoughts for attention, indicating a sense of disconnect from society and a lack of understanding or support for their genuine struggles.","serious , dumbed , attention , fake , ego",0.3752341866493225
2986,"The person has been experiencing depression for a prolonged period (5 years) and expresses feelings of hopelessness, isolation, and loss of interest in life. The mention of blocking out problems, pushing people away, and inability to open up indicates a deep-seated emotional distress that is likely beyond everyday stressors and may require medical intervention, such as medication or therapy.","lost everything, no job, no money, isolate myself, feel so embarrassed, been so happy",0.38014572858810425
2987,"The person expresses feelings of alienation, self-hatred, and hypocrisy throughout the text. They feel disconnected and isolated from their family and peers, and even question their own worthiness of sympathy. This sense of alienation and self-deprecation is a key indicator of alienation related stress.","asian family, ranted about friend, pressure, huge hyprocrite, get mad, begging for sympathy, insulted him, lazy",0.4098884165287018
2988,"The person expresses feelings of alienation, loneliness, and low self-worth. They feel like a burden to others and believe that people don't like them. The mention of using substances to feel 'normal' and questioning the point of trying indicate a sense of disconnection and alienation from their surroundings.","loosing my apartment, job is constant, hardly home, burden",0.15065786242485046
2989,"The person expresses feelings of loneliness, self-loathing, and worthlessness, indicating a sense of alienation and disconnection from others. They mention having no one to talk to, feeling awkward in social situations, and lacking friends. These emotional struggles and negative self-perception contribute to their desire to vanish from Earth and wish for non-existence. Their inability to cry or feel anything most of the time, as well as the constant feeling of dread, further highlight the deep sense of alienation and despair they are experiencing. The person's overwhelming sense of being a 'waste of space' and 'worthless piece of shit' reflects a profound alienation from oneself and the world, leading them to desire to disappear.","struggle to understand, fear failing, exams were awful, feel dumer, no friends, persoanlity is awful, too awkward, worthless, hideous and fatm can't event cry",0.4267229437828064
2990,"The person is experiencing relationship-related stress. They mention issues with colleagues at work, feeling unappreciated by their boss, and the fear of not getting into a nursing program. Additionally, they reveal family problems like their mother's health, brother's situation, and the absence of a significant other. These relationship-related stressors are prominent throughout the text, indicating a focus on interpersonal challenges and feelings of inadequacy in various aspects of life.","interrogated/yelled at, mother is dying, no significance, sick, feel like nothing, tired of it",0.39724552631378174
2991,"The person is feeling alienation related stress as they express feeling trapped by their thoughts and feelings, unable to escape from them, and having a strong desire for death as an escape from their overwhelming emotions and struggles.",end up crying,0.30299699306488037
2992,The mention of feeling hopeless and the comparison to the epicentre of a heartbreak indicates relationship-related stress. The desire to drown in music and disappear further highlights feelings of emptiness and a desire to escape.,"heartbreakm, empty, drown myself, feeling so hopless",0.6381824016571045
2993,"The premise indicates a sense of bias or abuse related stress, as the person seems to be expressing frustration and confusion towards someone who is treating them badly while maintaining a positive image. The mention of being hurtful to someone and then acting as if nothing happened suggests emotional manipulation, gaslighting, or abusive behavior, leading to feelings of distress and disbelief in the individual who wrote the premise.","treat badly, hurtful to",0.5504225492477417
2994,"The mention of needing an effective and painless method, along with the urgency indicated by 'can't last longer', suggests a sense of desperation related to medication or health issues.",can't last longer,0.5209549069404602
2995,"The person expresses feelings of alienation from their past, their present, and the world around them. They feel disconnected from their family, personal memories, and the concept of life itself, which is leading to a deep sense of sadness and hopelessness. This sense of not belonging and being unable to find joy in the present, as well as the feeling of guilt and negative view towards life, align with symptoms of alienation-related stress.","close to grandmother, mom is so much in pain, delusional thoughts, negative views, tried so hard, suffer, lot of guilt terrible",0.41354501247406006
2996,"The individual is experiencing feelings of alienation and disconnect in their relationships due to their transgender identity. They express a sense of being seen only as a fetish by others, leading to a profound sense of loneliness and despair. This feeling of not being understood or valued for who they truly are can be categorized as alienation related stress.","loneliness, hurt my ego, spiro, estrogen",0.4449198544025421
2997,The mention of feeling overwhelmed and having a mentally unstable brain that resorts to suicidal thoughts indicates a medication related stress. It's important for the person to seek professional help and potentially review their medication plan.,"mentally unstable, overwhelmed, tired",0.5414168834686279
2998,"The person expresses feelings of alienation, inadequacy, and a strong desire for recognition and validation through their writing. They mention not being athletic, their art not being good enough, and feeling like a boring and average person. The disappointment from the lack of positive feedback on their writing piece has deeply affected their self-esteem and sense of worth, reinforcing their feelings of alienation and lack of validation.","it wasn't really what we were supposed to do for the assignment, he didn't say he liked anything I did",0.18331760168075562
2999,"The person expresses feelings of not being appreciated, worthlessness, unfairness, and being mistreated at a young age in a school setting. These feelings of isolation and being undervalued suggest a sense of alienation from their peers and possibly the school environment in general.","only feel this because of my school, filled with unfairness, don't appreciate me, treated like shit, worthless",0.5873992443084717
3000,"The writer of the premise is expressing a deep sense of despair and hopelessness, indicating a state of severe mental distress. The language used suggests a feeling of being overwhelmed by emotional pain and a desire to end their suffering. The mention of hurting people who knew them also hints at a sense of guilt and concern for others, despite the writer's own inner turmoil. Overall, the content of the premise reflects a state of mental anguish rather than specific stressors related to jobs, relationships, medication, alienation, or bias/abuse.","pain, weak",0.35106006264686584
