,index,text,category,reason,orig_category,orig_reason
0,4040,Look at people on fb being succesful. I went to class with these people. Im nothing,Alienation related stressed,The feeling of inadequacy and comparing oneself to others on social media platforms can lead to a sense of alienation and low self-worth.,0.0,"look people on fb being successful, i am nothing"
1,4041,I was actually doing pretty great felt a bit like me. But I‚Äôm starting to realize that I can‚Äôt get better it‚Äôs to much I‚Äôve tried countless times and loose hope ever time it doesn‚Äôt work. I really truthfully don‚Äôt think I am able to or will try to get better anymore I think this is it I think I give up on trying the pain of failing is to much. Honestly I can‚Äôt do life I‚Äôm so tired,C1,"The person seems to be expressing feelings of hopelessness and exhaustion, indicating a state of mental distress despite a recent period of feeling 'pretty great'. This shift in emotions and thoughts may suggest a current struggle with mental well-being, even though there may have been positive moments before.",5.0,"looses hope every time, starting realize can't get better, pain of failing is too much"
2,4042,"Hey, I've struggled hard with depression and I'm currently grieving a suicide of a loved one. Not feeling too great at the moment. I'm offering a song to any of you who want one. I will write and record a song about you or about any topic you would like. It will be free and with the hopes that it makes your life a little bit better, even just for a moment. I'm a musician and I love writing songs about other people. About 4 years ago I wrote 30-40 songs for people on reddit and it went really well. I was thinking of doing it again and decided to offer it to you guys first. My songs are humorous in nature however, if you tell me anything I shouldn't say,  I'll respect that.

&amp;#x200B;

Edit: 1 minute after I posted this, someone wrote something that they deleted. It seemed like it was negative but I couldn't read it all. If this is at all offensive to anyone I will remove this post right away. That's the last thing I want to do.",C1,"The person shows empathy and compassion by offering to write and record a song for others to help make their lives a little bit better, even just for a moment. Despite struggling with depression and grieving the suicide of a loved one, they are choosing to channel their emotions into creating something positive for others. This indicates that the person is in a good mental state, focused on spreading positivity and kindness to others despite their own struggles.",5.0,"currently grieving a suicide of a loved one,not feeling too great at the moment"
3,4043,"For years ive been depressed and taking medication. The one thing keeping me going has been my familys encouragement and love. All my life i grew up to please my parents and do what they wanted. I realised later on that i couldnt keep doing that. I tried to kill myself then but was caught. Its been five years since then and my parents have been so loving. They tell me they dont care what i will be in the future as long as im happy. And that was what kept me going. 

A few days ago i found out from my brother that our dad told him that he compares us to the other kids his officemates boast about. He says he cant help it. He says he knows its wrong but that we cant blame him. He says he went wrong with us. With me. It shattered me

Now as im writing this, i have almost everythimg ready to go tomorrow. The last time i wa s going to die i was desperate and grieving. Now im angry and sad and theres nothing left. No matter what option i have left. I will fail. I will never be what my parents love and are proud of. They lied to me all these 5 years. I know they love me. But now i know they pity me and think im a defect produced by their parenting. 

If anyone i know finds this, please know its not your fault. I will never hate anyone more than myself. Im a coward. ive always known. To my brother, i want you to have everything i own. You can choose to throw it away or give it away. The plushies can go to dad, the makeup can go to mom. The clothes can be sold. The rest is yours. Im sorry i couldnt be the sister you admire

Thank you to everyone who inspired me and encouraged me to live on. Im sorry. Its not your fault. Its all mine.


edit: my parents heard me crying and talked to me. my mom says my problems are small and i should have a strong heart. My dad denied saying that stuff. i knocked myself out with sleeping pills but today i cant go anywhere without supervision so i guess im still alive. thank you everyone who replied, reading all of it made me cry a lot... none of you know me but you talk to me with kindness... its crazy... thank you for being here thank you",C4,"The person is experiencing relationship-related stress. They have deep-seated issues with their parents, feeling betrayed and unworthy of their parents' love and approval. The revelation from the brother about the father's comparison to other kids and the feeling of being a disappointment have shattered their sense of self-worth and belonging. The person's suicidal ideation seems to be triggered by the belief that they can never live up to their parents' expectations and that their parents see them as a defect. The conflicting interactions with their parents, where the mother dismisses their problems as small and the father denies hurtful statements, highlight the complex and strained relationship dynamics contributing to the person's distress.",1.0,"taking medication, realised later on that i couldn't keep doing that, trying to kill myself but caught, i'm angry and sad, i was fail, never hate anyonemore than myself"
4,4044,"My heart is screaming, my soul (and my right arm due to self harm) is bleeding and burning, I am feeling lower and lower each day that passes, I feel more and more like I will explode, several personnal reasons caused me to feel this way (sexual bias, poverty, loneliness, studies, ill relatives, I am also possibly underdiagnosed when it comes to my mental health) but I don't know how to ask for help.

I don't know what to say, and I would feel guilty saying this to the people around me because I will bother them. 

I told it to my best friend but she is suicidal and severely depressed and she started to self harm again after I told her I self harmed and I don't want to make her feel worse. I want to support her although I don't have the strength to do that. I told it to a friend and to my sister as well and although they are helping and kind, I don't want to tell them how bad I feel. I don't know how to.

I tried to see psychologist but I have to wait untill at least april. This is a free psychologist and I can't afford to see another one earlier if it means I have to pay. My credit card has been stolen anyway lol.

Anyway, my way of coping with all of this is to put myself in danger and make myself feel physically bad in the hope I will feel more valid in my suffering and that I will finally be able to ask for help and feel like I deserve it. 

Does someone else feel this way here ? 

Thank you for reading my messages, and sorry for my english.",C6,"The person expresses feelings of deep emotional distress and self-harm, indicating a state of bias or abuse related stress. The mention of sexual bias, poverty, loneliness, underdiagnosis of mental health issues, and the struggle to seek help due to feeling guilty about burdening others all point towards a scenario where the individual is facing significant bias or mistreatment that is contributing to their current mental state.",3.0,"possibly underdiagnosed when it cimes to myb mrntal health, feeling lower and lower each day"
5,4045,"I use to drink often, I stopped. I'm very intoxicated so I might be all over. Shit happens right. 

I've been depressed for so fucking long it hurts to think about. At 13, 16, 19 everyone says it'll get better. I'm 23 and nothing's gotten any better.

I had a 3 year relationship and she threw me to the curb. I had a 2 year relationship following (after a break from  the 1st, we only dated a year but were close/fuck buddies for a year leading to it) and we broke up tonight, fun fact we still live together until july. My depression doesn't stem from relationships, there's a plethora of things contributing to it. I think I'm out of my depth on this one. We were fuck buddies because I didn't want another relationship. I didn't want to give someone a chance to hurt me again. 

She was moving for school and I couldn't bare the thought of losing her so I asked her to date and we planned and did move in together.
I've punched myself in the face because it's less damaging then cutting myself. I think at this point if I self harm it'll be the end. I promised myself that long ago though I didn't follow through the last time I started cutting myself. This time I think I would, one  pump of adrenaline is all it would take then I wouldn't be hurt anymore. 

I left all my friends for her, I moved an hour away for her. I dont see a point in living, I dont see a point in eating or sleeping. 

I dont know what I'm expecting fro. This honestly, I have noone but my sister and I hate being a burden on her (though tonight she may have kept me here). I know how I'd do it, it would be a 10 minute trip to get what I need. I dont want to but I have nothing and noone. No friends, out.of my family only my nana and sister talk to me. I've texted my dad yesterday and today about a car issue and that's the most we've talked in 2 days than I can remember. Usually it's around 1 a month, sometimes more sometimes less.

I'm a burden on everyone. I think the world would be a better place. All I can think about is putting a knife against my throat and givin' er. 

Relationships didn't cause this, certainly attributed. No friends, no family, noone to hurt if I die. I dont know what I was hoping to accomplish with this post but I think its pushed me farther towards doing it.

I hope you have a good day, thanks for taking a few minutes to read my messy/suicidal thoughts.

Tldr: have a good day.",C4,"The person's mental state seems to be highly affected by past relationship experiences, including recent breakups. The individual expresses intense emotional pain from being thrown to the curb in a previous relationship and now going through a breakup with the second partner, with whom they still live. These relationship issues appear to be a significant source of stress and despair, contributing to the person's feelings of worthlessness and thoughts of self-harm and suicide. The lack of close relationships and feeling like a burden on their remaining family members further exacerbates their emotional distress. The focus on relationships as a key factor in their struggles indicates relationship-related stress as the primary category.",4.0,"3 year relationship and threw me to the curb, i didn't want another relationship, did't want to give someone a chance to hurt me again, "
6,4047,"I would like to spend 2 weeks at home, not working or leaving the house and not interacting with anyone, without the sickness.",C5,"The desire to isolate oneself from work, social interactions, and the outside world, while also mentioning not wanting to be sick, may indicate feelings of alienation or disconnection from others and society. This preference for solitude and avoidance of engagement could be a sign of alienation-related stress.",1.0," ot working or leaving the house, not interacting anyone"
7,4048,"ive been clean from heroine for 2 weeks, and even since the unbearable pain of withdrawals have passed, the mental emptiness has not, and might not for a very long time. like many of you, i still think about ending my life every day. 

2 days ago, i was out on my porch, writing a suicide note. seemingly, getting the last rays of sunshine i would ever feel. I was content with that. Then, I heard my phone ringing. Who the hell is calling me on my last day here. 

My best friends twin sister had been diagnosed with Leukemia. Think about your BEST friend, and how their pain, is often yours, as well. I mean, why wasn't I already on my way to grab my car keys and see him and his family? 

After a few grief-stricken hours spent with them, I headed back home. Then, I realized; for a whole two hours, did I really just forget about fucking killing myself?

The one thing that took me out of my thoughts of death were simply thoughts about someone else. And it helped me realize why I ended things with heroine, and not with my life. 

I'm not one to know whether it is healthy or not to love someone more than you love yourself. All I know, is that a phone call from my best friend stopped me from killing myself. The circumstances of why he called me reminded me of the importance of me still being alive. Anyone who has experienced something like this, I encourage you to not see these instances as coincidences, but as testaments to the fact that you are meant to still be alive.

I don't really know how to wrap this up. I just hope you all know how much you really matter. Because now, I remember how much I matter. I know this won't help everybody, but I hope it will help somebody. 

""killing yourself doesn't put an end to the pain, it passes it onto someone else""",C3,"The person talks about their struggles with addiction and the process of overcoming it. The mention of withdrawal symptoms, mental emptiness, and thoughts of ending their life indicate a deep emotional and mental struggle. The emphasis on the impact of a phone call from their best friend and realizing the importance of being alive suggests a significant shift in their perspective towards life. These experiences and reflections point towards a state of mental distress that could be deeply connected to their medication-related stressors.",3.0,"i have been clean from heroine for  2 weeks, since unbearable pain of withdrawals have passed, ende things with heroine"
8,4049,"I have no job, no friends and no girlfriend. All I do is play video games, hang with my dog and workout for an hour. I‚Äôm so bored with life. Worse part is I don‚Äôt wanna do anything. I don‚Äôt wanna socialize, don‚Äôt wanna go out, nothing really feels worthwhile and genuinely interesting. I‚Äôm almost 30 and life has lost all purpose. All I wait for is my next hour at the gym everyday.",Alienation related stressed,"The person in the premise feels disconnected and isolated from society, experiencing a profound sense of loneliness and lack of purpose. They express disinterest in socializing and finding value in activities, which suggests a feeling of alienation from the world around them.",5.0,"so bored with life, don't want socialize, don't wanna go out, nothing really feels worthwhile and genuinely interesting, lost all purpose"
9,4050,"I'm just going out on a limb here, but if anyone wants to talk about what they're going through or how much of a living hell depression is I'd be up for talking to you or forming some sort of support group if anyone's interested. Just post here or let me know. Remember, we're not alone. I'm a 22 year old girl and I've been dealing with this for most of my life.",C5,"The person expresses feelings of being in a living hell and mentions depression, indicating a sense of isolation and alienation. This could be triggered by the struggles and challenges faced due to mental health issues, resulting in a feeling of being alone in their experience.",0.0,
10,4052,"Hello i am a 12 year old dutch boy. I am the scilent smart kid in class that always get good grades butt also i am not the tipical nerd in class that doesnt do anything but learning no I am in 7th grade and I have a class that is called science but it what i do now is make anything over a bicicle to race with.(It is for the looks) I have a boy who also does that class and we are sort of friends. butt he makes comments like: ""Sytse (my name), You ruined everything."" I really dont like that sort of comments because i am soccially really unstable. I have been trough a lott the last couple of years because my little sister(3 years younger than me) was alway angry. That really effected me. Also other classmates will kick me and i know it is al yokes en stuff but i really dont like that and i haven't been happy for a long time. when i am home is it also always that i am really tired. The only things that give me energy are drawing alone locked up in my room and watching youtube wit h my earbuds in. it also doesnt help that my little sister is really adhd or something. i mean REALLY ADHD. it isnt normal. and i cant have any attention because she always has something my parents have to see. My parents are the best, dont get me wrong butt i really dont know what to do. also i havent shared this story to anyone ever. my parents tell me that i seem depressed. It hasnt been proved yet but i am just not happy all the time. Not in school, not at home. the only thing that gives me some sort of energy is drawing. i can do that all day long. 

well thanks for reading my story. i hope you can help me.

Ps: I am not super good at english.",C4,"The person is likely experiencing relationship related stress, particularly from the dynamics with the boy in class who makes negative comments and the challenging situation at home with a younger sister who requires a lot of attention due to possible ADHD. The feeling of being kicked by classmates and the lack of happiness in both school and home environments further indicate relational struggles that are causing distress.",2.0,"i am the scilent smart kid in class, classmates kick me, i am socially really unstable "
11,4053,I‚Äôve been told it‚Äôs normal with depression to be confused with your feelings but I don‚Äôt know what my emotion is I can‚Äôt pin point it unless I‚Äôm super depressed because then I know I‚Äôm super depressed but while I‚Äôm not I don‚Äôt know what I am or who or what I‚Äôm feeling I feel like a liar and that I‚Äôm faking everything but I know I‚Äôm not.,C3,The writer's confusion about their emotions and the difficulty in pinpointing their feelings despite having depression could indicate a struggle with medication-related stress. This could be a result of medication side effects impacting their emotional awareness and contributing to feelings of being a 'liar' or 'faker'.,0.0,
12,4054,"I don‚Äôt want to self diagnose but i feel like i might have depression. I‚Äôve had severe lack of interest in activities, emotional numbness, suicidal thoughts, and other stuff for the past 2 months or so. And during this time last year it was the same thing but it lasted nearly 6 months before i started to feel okay. But i know that depression can make you unproductive and drop your grades, but my grades in school are still really good (its still hard to concentrate in class i just understand subjects on my own) and i do daily tasks like showering and cleaning. So it doesn‚Äôt really affect me academically but socially it does. Is this still depression?",C3,"The person is showing classic symptoms of depression such as severe lack of interest in activities, emotional numbness, and suicidal thoughts. However, the person is hesitant to self-diagnose and is seeking validation for their feelings. The mention of past experiences with similar symptoms lasting a long duration also indicates a concern about mental health. Additionally, the focus on academic performance despite feeling socially affected suggests a possible internal struggle. The person's ability to maintain good grades and perform basic daily tasks may contribute to self-doubt and confusion about the validity of their feelings, which aligns with a state of medication-related stress.",5.0,"lack of interest in activities, emotional numbness, still hard to concentrate in calss"
13,4057,"today was really rough for me, as i've struggled with my gender identity for almost 2 years now. my boyfriend says that he'll love me no matter what, even if i decide i'm happier as a girl instead of a boy like i've convinced myself. we're both trans and afab, but i'm having my doubts. he told me today that he'd never leave me, but that only made my depression spiral back down. i've talked to him, and he told me all these coping mechanisms, but they never work.
my one ""coping mechanism"" is having the knowledge of the thing i want to hurt myself with is within my reach. i have a utility knife that i wanna use for my own safety in college, but for now i really wanna cut myself with it.
i'm scared to try and kms again, but when i tried to open up to my family about being trans, they tell me that i haven't given it enough thought and that i don't know what i want (i'm 17 and have known i hated being a girl since i hit puberty at 10).
i don't wanna attempt again, but i'm desperate. i wanna be okay.",C4,"The person is under relationship-related stress as they are struggling with their gender identity and feeling unsupported by their family. The conflicting emotions from their boyfriend's reassurances and their own doubts have caused their depression to spiral, and they are experiencing difficulties in coping with their emotions. This has led them to consider self-harm as a way to cope with their overwhelming feelings of desperation and the lack of understanding and support from their family regarding their gender identity.",1.0,"today is really rough for me, struggling with my gender identity for almost 2 year, tried to open upp to my family about being transgender, "
14,4058,What do you do if you aren‚Äôt suicidal but you can‚Äôt stop thinking about suicide? Like I have no intention or plan but I think about it all day every day.,C3,The constant thoughts about suicide without the intention or plan could indicate a medication related stress. It is important to seek professional help and make sure the current medication is not causing these thoughts.,0.0,
15,4059,"hey everyone. I have been struggling with pretty severe depression since I was very young. I don't really remember a time where I felt normal. Anyway, I feel like tons of bad shit happens to me. Maybe there is something wrong with me.. im not too sure. Probably at this point. I recently went through an abusive relationship and it caused me to be even more fucked up than ever. Now I am just struggling and hurting inside. I recently found someone who I think is a good person and im not sure. I just dont think that I can ever have a functional relationship because of how bad my depression is. Also, I think that people get bored of me and see me as worthless sometimes. It really just hurts because I really feel worthless. Sorry this is all just complaining. I am just so hurt right now and I feel hopeless. Like I am not going to go anywhere in life. Like I will never find someone who will love me, or even worse that I'll never love myself.",C4,"The writer's struggles with severe depression, abusive relationship experiences, feelings of worthlessness, and hopelessness all point towards relationship-related stress and emotional turmoil. These experiences have likely significantly impacted the writer's mental state, leading to a negative perception of themselves and their ability to form functional relationships.",4.0,"recently went through an abusive relationship, hurt right now and feel hopeless"
16,4060,literally though. have i done anything wrong,Alienation related stressed,"The use of the word 'literally' might indicate a feeling of being isolated or disconnected, questioning if they have done something wrong that led to this state.",0.0,
17,4061,"So when your child's suicidal, self-harming, chronically depressed, and suffering bias while you're away from the house, the obvious solution is to tell her that she's lying about everything and just needs to study harder because grades = good degree = good job = no more depresso. 

&amp;#x200B;

Wow. Genius, dad. I just need to stop FEELING and study my ass off. It makes so much sense. Why didn't I think of that?

&amp;#x200B;

And when I'm on the balcony crying and so close to jumping and you change the subject to this semester's grades again, I guess that's good too! Of course, grades are all that matter. 

&amp;#x200B;

And mom, I guess hating your child for being broken by your bias is logical too! I  mean, how dare I make you feel bad by crying and trying to hang myself after you shook me and screamed in my face and told me I was no longer in the family? That's just what a child deserves for saying she doesn't love you! You're so damn right!

&amp;#x200B;

Where the hell did you think this was gonna go?

Did you actually think your idiocy would keep me alive?

Did you think you could fuck me up and then take all the credit when I claw my way to the top despite your best efforts to kill me?

&amp;#x200B;

I often wish I could die just to show you what you've done to me.",C6,"The language and content of the premise suggest that the person is experiencing bias and abuse related stress. They mention feeling suicidal, self-harming, suffering bias, being emotionally neglected by their parents, and feeling unloved. The mentioning of being told to 'study harder' and focusing only on grades as a solution to their emotional distress indicates a lack of understanding and empathy on the part of the parents, leading to a toxic and abusive environment. The person expresses feelings of being manipulated, unvalued, and rejected by their family, which aligns with the category of bias or abuse related stressed.",4.0,"dad i just need to stop feeling, how dare i am hating your, i was no longer in family"
18,4063,"Cheers to celebrating another day packed with no activities, sleeping a lot, not wanting to do anything, not being interested in anything, and staring at the ceiling watching the paint dry.",C5,"The person seems to be experiencing feelings of alienation and disconnection, as they do not seem to find joy in any activities and lack interest in anything around them. They are stuck in a state of emptiness and isolation, leading to a sense of alienation from the world around them.",0.0,
19,4064,Tonight my mom got pissy over something incredibly petty which made me mad- my dad told me to just walk away before things get bad which I did- but of course my mom has to get the last words in and they‚Äôre always insults so I‚Äôve been in my room crying for a while because everything came back up and the years of self hatred really hit hard again,C4,"The person is experiencing relationship-related stress due to a conflict with their mother. The negativity and insults from the mother have triggered past emotions and resulted in feelings of self-hatred and sadness, leading the individual to cry in their room.",4.0,"mom got pissy over something petty which made me mad, dad told me to just walk away before things get bad, they always insults me"
20,4065,"A bit of context. I'm an American. I'm black. I'm big. I'm ugly. And I'm autistic. I work as an aircraft mechanic.

The more I go through every day, the less I see the point of continuing with this life. No one who's gotten to know me as a person wants anything to do with me. People make fun of my quirks all the time - they think they're being funny, but they're being obnoxious. Besides that, the only friends I still have are the ones in high school, who are now so far away. My father, the man who cared about me more than anyone else did, passed away a few years ago from sudden heart and kidney failure, while I was waiting on a connecting flight to visit him.

Besides that, people will only connect with me as much as they need to. I clearly have problems that I do not know how to address. No amount of therapy has fixed those issues.

People cross the street when they see me on the sidewalk. Society here in general doesn't like people like me, with so many people supporting an openly racist president as we regress. I know that I won't ever be able to rely on the cops for anything, because I'm likely to get shot before they figure out what the issue is. I've been racially profiled many times when I lived in New York City. I happened to be stopped for every ""random"" drug search whenever I took the Staten Island ferry while carrying a backpack.

That being the case, the only value of any sort I can provide to society is in the job I do. I'm also doing vocational training for a higher qualification, but every day I'm questioning more and more why I care. More money isn't going to fix me as a person.

The truth is, I'm a mistake. I learned a few years ago that I was adopted at birth. Probably before my new parents knew I would be as difficult as I was. I should've been aborted or left to die.

The prognosis for our world grows more dire every day due to global warming facilitated by old people who don't give a shit about us. There is no reason to believe things will get better - people reject science more and more, and we are going backwards.

Before long, I will have a gun. It will allow me to protect myself where I know law enforcement won't. But it'll also give me the power to choose when I want to die. That, at the very least, will give me peace of mind - knowing I have a way out whenever I need it.

I'm not some ""starving kid in Africa"" or whatever other bullshit people push to those who are discontented, but I have still been dealt a pretty shitty hand in life. I see no reason to keep bothering with it when so many things are wrong with me, and our future will only get worse.",C5,"The person who wrote the premise is experiencing alienation-related stress. They feel disconnected from society, marginalized, and like they do not belong. They express feelings of being rejected, misunderstood, and isolated due to their race, appearance, and autism. The individual describes how people make fun of their quirks, racial profiling experiences, lack of meaningful connections, and societal prejudice. These factors contribute to their sense of not fitting in and being unwanted in the world. The person also mentions a lack of hope for the future and feeling like they do not have a place in society. These feelings of alienation and disconnect are prominent in their narrative, leading to a deep sense of hopelessness and a desire to escape from a world that they perceive as unwelcoming.",1.0,"i am black, i am big, i am ugly, people make fun they are being funny but they're being obnoxious"
21,4066,"‚Äúall you do is sleep‚Äù

i am so unmotivated. i don‚Äôt know why. i really don‚Äôt know why. i feel like i can‚Äôt handle anything. im only 17. i don‚Äôt want a life anymore. 

wanna know what brought relieved me of these thoughts? dragging a knife against my both of my arms vertically. thinking about killing myself made me feel better. like i‚Äôd be happier.",C5,"The person expresses feeling unmotivated, unable to handle anything, and contemplating self-harm as a way to find relief. These thoughts suggest a deep sense of alienation and disconnection from life, making them fall into the category of Alienation related stressed.",1.0,"feel like can't handle anything in life, don't want to live anymore, thinkng about killing myself made me feel better "
22,4067,"I don‚Äôt care anymore... about this life about school tomorrow about my weight about socializing about music about art about tv shows about partying about the pretty ‚Äúaesthetics of the world around us‚Äù about coping mechanisms about anybody... about life.

I‚Äôm tired of this life I‚Äôm laying here in bed crying shutting my eyes as hard as I can hoping the darkness will erase my existence. 
Hoping it‚Äôll all go away why do I have to control my life I DONT WANT TO BE here!

I don‚Äôt care about my life anymore if I go to hell its whatever I don‚Äôt care i don‚Äôt even believe in hell I just wish to disappear into the vastness of this infinite universe",C5,"The person expresses feelings of alienation and detachment from various aspects of life, including socializing, aesthetics, and coping mechanisms. They mention a deep desire to erase their existence and disappear into the vastness of the universe, suggesting a sense of profound disconnection and alienation from the world around them.",5.0,"crying shutting my eyes as hard, hoping darkness will erase my existance, tired of thid life"
23,4068,"yeah. everything freaking sucks. I'm on spring break and can't go anywhere at all (literally locked in my house all day) because my dad has refused to fix my car and won't let me pay to get it fixed, but then also won't let me use his car because he hasn't given himself enough time to change his breaks. I'm 21 and tired of asking for a ride like I'm 15 again. I feel worthless because I suck at school (I'm in PA school and am struggling in 2 classes) and I won't get any of the scholarships I even apply to because I'm a white female whose dad and stepmother both have great jobs (though we're still not great financially because of shit my biological mother caused), and my GPA isn't good enough. and my professors won't write me a recommendation because I suck at school and iv only known them for about 5 weeks. so now idk if I can even pay for the rest of my school. I can't work during PA school because my days are 15 hours long including class and nonstop studying. I am never going to be good at anything. I have endometriosis and my surgery was supposed to be during the 3 weeks chunk I have off between spring and summer semesters but now I can't because they're booked so I have to spend 9 more months being in pain. I can't go anywhere, I'm trapped here with my own thoughts. I hate my family situation because my dad is rude and critical, my stepmom is a bitch, and my mom ruined my family. there is literally no point to living because I can't ever have anything I want nor is my life fair in the slightest. fuck it all I want to die but I don't. I just don't want to deal with anything anymore. I wish I was never born because god obviously just fucking wants to make my life so damn hard and at this point I feel as though I was set up to be depressed.

&amp;#x200B;

edit: thanks to whoever down voted this, Im glad my feelings aren't good enough either",C4,"The person expresses feeling worthless due to struggles in school and financial difficulties caused by family issues. They also mention negative relationships with their family members, such as their father, stepmother, and biological mother. There is a sense of hopelessness and despair, with thoughts of wanting to die and not wanting to deal with anything anymore. These feelings of despair and worthlessness related to family and personal relationships indicate relationship-related stress.",4.0,"dad refuse to fix my car and won't let me pay, i'm white female whose dad and stepmother both have great job, trapped with my own thoughts, hate my family beacuse my dad is rude and critical"
24,4069,"I'm at a cross roads. Yesterday, I had a mid term and showed up 50 minutes late. I had actually gotten up that morning to go and take it (my mom took the car extra early and came back late even though I told her that I needed to be at school). Unfortunately this didnt help the fact that I havent been attending school or doing the hwks and labs. My programming professor understood and gave me the slip to go back to do the labs and hwks that I missed. Though again, yesterday I was told that I'm approaching the deadline for this consideration very close and was suggested to take a medical withdrawal by my professor. This year just isnt my year. I feel withdrawn from everything and just cant bring myself to hold onto the shread of stability. Me missing my classes is also something I told my therapist and psychiatrist about. 

My professor wants to hold a meeting with me and my academic advisor to see if there is a way to avoid medical withdrawal and catch up on assignments. I appreciated the consideration until early today, when I realized that I most likely wont be attending lab today either. I cant keep doing this. This is the second time I've taken this class and its gotten admittedly worse. The first time was alright but this time...is terrible. I dont have a support group like last time and I dont have a team. My first time, I was turning in assignments but the lack on my part was not studying for the midterm but I still had a long stride of actually passing then. I feel so uncomfortable in class, I feel like a foreigner.  I get sad because it's  as if I have no idea what's going on around me and it makes me so sad. 

I have a sibling who faced this problem when she tried attending college. She got depressed, started sleeping in and never leaving for school. I dont know why we cant stay in college and actually graduate but it seems like a curse. 


If I leave school, I'm faced with having to leave my school job. If I lose my school job, I wont have any funds. My mother will be leaving me in our hometown and I wont be able to get help from her like I need . I know that if i withdraw, i wont be able to withdraw from one class, I'd have to leave all of them. I didnt have the best if luck from finding work without school ties. So, I'm scared to leave school. I'm diagnosed with depression and GAD. I'd be anxiety ridden and depressed knowing that I'll be holding my grad year back and I wont be able to conjure up funds. 

I wanted to love school. I know I can love learning but I cant seem to love that or anything else right now. I was supposed to be graduating this year but I souldnt be anyway due to needing more classes to complete. I had planned on passing this semester and taking up extra summer classes go shorten time but ...that's all gone. 

I dont know what to do. Should I schedule this meeting in hope of finding options where I dont withdraw and end up pissing away at the possible opportunities? Or just withdrawal, be possibly homeless and come back to school when I'm better? Its hard making a living without a college degree and im worried. I want to stop the self sabotage of depression  but it's as if I can't.


I don't want to leave my home. I want to stay home all the time . I told my counselor this and it's as if she doesnt really get it. She makes it seem as if it's an easy fix and then I wont do it again. I hate the therapists I've had because they are very ineffective. I had one who turned out to be a child psychiatrist and she was a thousand times better but for some reason I cant see her in our facility any longer.",C3,"The person mentions being diagnosed with depression and GAD (Generalized Anxiety Disorder), and expresses feelings of withdrawal, sadness, discomfort, and anxiety throughout the text. They also highlight a lack of effective support from therapists and a sense of hopelessness in managing their mental health issues. The mention of considering a medical withdrawal from school due to their mental health challenges points towards medication-related stress. The person's inner conflict regarding staying in school, fear of homelessness, and struggles with self-sabotage further indicate the heavy burden of mental health conditions on their decision-making process.",2.0,"feel withdrawing from everything, feel so uncomfortable in class, havent been attending school or doinh the homeworks and labs"
25,4070,"Hi, depression is something I‚Äôve been dealing with off and on for at least 15 years. I‚Äôm 33 married with two young kids, I come from a family with parents who want to be supportive but do not really understand depression and mental health problems. It‚Äôs made worse by the fact my two younger siblings are already more accomplished than I am. Anyways I‚Äôve been in therapy 3 times over the last 15 years and quite honestly it‚Äôs been a disaster each time, I‚Äôm to the point where I no longer believe in psychotherapy as a legitimate means to help myself.

This recent bout has started late October and has been moving into the severe, life affecting depression the last two months. It‚Äôs made much worse by having to look my wife and precious children in the eyes everyday knowing I‚Äôm failing them. My wonderful children 2.5 and 1 year old bring me so much joy but then so much anxiety that I am failing them, wasting my life in a malaise with no real impending problems. 

Probably the worst part is people who know me but don‚Äôt live with me would never know this, even when depressed I can fake it in social situations and I would say people think I‚Äôm funny, personable and when I‚Äôm not depressed I have a keen mind and have had some mild success in business or other endeavors. So people would be shocked to read or hear how tortured I feel mentally. 

Like an idiot I fell into old traps, trying to just ‚Äútake the edge off‚Äù with a couple drinks in the morning just to get through the tough times, Which the veteran depressed reading this will be shaking their heads knowing how much worse that makes it. Luckily I recognized it early enough and cut it out cold turkey and haven‚Äôt had a sip in 10 days or so. Right now I just need some inertia to get out the door, run my small business and provide for them. Today is the worst I‚Äôve felt in years, paralyzed by my demons, it‚Äôs absolute agony. 

Becoming a father has been the best thing that‚Äôs ever happened to me, but if I fail my children and wife I‚Äôll never ever forgive myself. I need to face things head on but it‚Äôs that fear of what damage I‚Äôve done the last few months being negligent and having to once again dig myself out of this hole. You see I know more major bouts of depression are in my future but I worry how many more recoveries I have in me, I make life so hard on myself with the inconsistencies, it‚Äôs such torture. 

Thanks for giving me a forum to say this.",C4,"The person's mental state seems to be primarily influenced by relationship related stress, particularly stemming from feelings of inadequacy compared to their accomplished siblings, the pressure of being a good parent and partner, and the fear of failing their family. The person's struggle with their self-worth in relation to their family members and the deep emotional turmoil they are experiencing related to their role as a husband and father indicate that relationship stress is a major contributing factor to their depression.",3.0,"mental health problems, "
26,4071,"Do you ever just stare up at the roof of your house/apartment and wish you lived in an old rustic cabin in the wood? Having the ability to stare up at the old logs and beams instead of the flat surfaces in modern ones.

I do. I keep dreaming about my gradfathers cottage on the lake and I smile. Then I remember how my life really is and it all comes crashing down. 

Then I wish I was there for different reasons. I look up at my flat roof and wish it was beams, not for memories but so I can tie something up and go to sleep. I just want the pain to stop.",C4,"The person's mention of their grandfather's cottage on the lake and the positive memories associated with it, followed by feelings of pain and a desire to escape their current reality, suggest relationship-related stress or longing for a sense of comfort, safety, and emotional fulfillment that they are currently missing in their life.",4.0,"dreaming about my grandfathers cottage, "
27,4072,"This job has been such a horrible thing for my anxiety and depression. It was just wayy too intense for me. So I finally quit after 5 months. 

It's bittersweet. I can't imagine not having to deal with all the shit I was dealing with. It was on my mind day and night. It's one of those jobs that really imbues with your personality and becomes part of you. I feel like every other job after this will seem like a piece of cake. I also quit to deal with my mental health. But now I'm going to have my family breathing down my neck. Half of them don't even believe in mental problems. My mom insists I have no problems and that I overthink. 

Sigh.. yep. Anyway. Woo!!",C2,"The person's statement suggests that the job had a significant negative impact on their mental health, specifically causing anxiety and depression. They mention the job being too intense for them, affecting them day and night, and becoming intertwined with their personality. Additionally, the decision to quit the job to prioritize their mental health indicates a high level of stress related to their career. The mention of having family members who do not believe in mental health problems and dismiss the person's struggles adds further weight to the job and career-related stress the individual is experiencing.",2.0,"job is such a horrible thing for my anxiety and depression, finally quit after 5 month, every other job after this will seems like piece of cake"
28,4073,"I'm a teenage boy, soon 18 years old and I am not doing well at all.

Most tragic thing that keeps bothering me on daily basis is that few months ago me and my exgirlfiend were still in a happy relationship. I saw myself sharing a future with her. I might have committed too much in the relationship, because it was something I always relied on. We had this weird phase of not talking much before breaking up. She constantly said she was busy with school work, family and hobbies. I believed her. She is a very work active person. One day, about few weeks ago she called me and said she thinks she is gay. I was heartbroken obviously. I still am. She has been seeing this girl a lot too. I cant stop thinking about the ''what ifs''.  What if she was secretly cheating on me? What if she never even loved me? What if she dated me out of pity for 2 whole years? I can barely sleep at night thinking about this.

Not only am I going through a rough heartbreak, I am also struggling with quite severe loneliness. It is hard for me to admit, because I enjoy being alone, but it does make sense that I am seriously lonely. Few months ago I stopped going to school and after consulting with teachers we decided that it is the best for me to do school work from home. I never leave the house to go see friends. Hell I don't even think they want to see me. I am pretty sure if I just ended my life not many people would even remember me. My online friends cant even play video games with me, which would mean a lot if I could for once just do something fun with other people.

I am currently seeing a therapist. She has seen me at my worst. I never told her I was suicidal, but I'm sure she might know that already. My only solutions I can think of to get out of this hell is medication and waiting for some kind of a miracle to happen. If that doesn't work I really cannot see myself making it to my 20s or 30s. It sucks because I do want to live, but living with depression, loneliness, anxiety, heartbreak and all that kind of bs doesn't sounds worth it to me. I am going to end up being even more lonely soon once I move out. In a way that is good, because once I end it all even less people will be sad over it. I wont hurt others by going away.",C5,"The person is experiencing feelings of severe loneliness, alienation, self-doubt, and worthlessness. They express a deep sense of isolation from others, including friends and family, and feel as though they are a burden to those around them. These emotions and thoughts are indicative of alienation-related stress, where the individual feels disconnected from society and struggles to find a sense of belonging and purpose in their life.",4.0,"exgirlfriend in a good relationship, i was heartbroken, she was secretly cheated on me, struggling with quite severe loneliness"
29,4074,"The fight has left me. I really don‚Äôt have the strength to keep pushing through every day. If it weren‚Äôt for my wife and parents I would have checked out long ago. I can‚Äôt do that to them. I also can‚Äôt keep on like this. The mask is starting to crack. I‚Äôve no lack for support or professional help. I take my meds. I go to therapy. I look after myself physically. I‚Äôm doing the right things, yet nearly every minute of every day I just want to die. I don‚Äôt know what to do anymore. I‚Äôm basically waiting for the clock to run out. That‚Äôs 20-30 years away. Holy hell is that thought terrifying. This feels like prison with no chance of parole.",C3,"The individual in the premise is mentioning medication, therapy, and professional help, indicating that they are actively seeking treatment for their mental health. Despite taking these steps, they express persistent thoughts of wanting to die and feeling like they are in a prison with no chance of escape. This suggests that the stress is related to medication and treatment not being fully effective in alleviating their mental health struggles.",3.0,
30,4075,"If you have something you think will help me, please say it",C1,"The person seems to be in a good mental state, open and receptive to suggestions or advice.",0.0,
31,4076,I‚Äôm so close to downing whatever the fuck these pills are I just really want someone to help me,C3,The mention of pills and the desire for help indicates a medication related stress.,0.0,
32,4077,"I‚Äôm in my last year of compulsory school. I tried to kill myself by taking an overdose of prescription pain medication. But I failed miserably. I thought that life would return to normal but everything is fucked up. 

Everyone is acting weird around me, home is uncomfortable, I‚Äôve been labelled as a ‚Äòvulnerable student‚Äô, I use to have free periods which I used to spend hanging with my friends or chilling in empty classrooms - they‚Äôve all been taken away and I‚Äôve now been timetabled in for compulsory ‚Äòsupervised studies‚Äô EVERYDAY, I‚Äôm not allowed to leave school during break or lunches because they need to make sure I‚Äôm ‚Äòsafe‚Äô. It‚Äôs so fucking embarrassing. 

My school is telling all my teachers that I‚Äôm ‚Äòvulnerable‚Äô that I shouldn‚Äôt be asked questions during lesson, and should be allowed to take ‚Äòbreaks‚Äô. My social worker came to visit today. My parents told my younger sister about my attempt without my fucking knowledge. CAMHS booked me in for an appointment despite me turning 18 in 2 months. 

Everyone just acts fucking weird around me. 

My parents who are both narcs all of a sudden want to start being caring and started telling everyone who asked the reason I attempted suicide was because I got rejected from my top university choice - it really and truly was NOT the reason I felt like I needed to die. 

I tried telling one of my friends about my attempt, and I mentioned in passing that I had my stomach pumped. She started asking me what it feels like and whether or not they replace the substance removed from your stomach like it was fucking cool or something. It was just insensitive. 

I can‚Äôt bare the awkwardness. I just feel very trapped and everything just feels so strange. I don‚Äôt know what to do and everything just feels so fucked up. I don‚Äôt want any special treatment. I just want life to return to the way it was.",C5,"The person is experiencing alienation-related stress. They feel isolated, misunderstood, and uncomfortable due to the way people are treating them differently after their suicide attempt. They mention feeling embarrassed, trapped, and wanting life to return to normalcy, indicating a sense of disconnection from their surroundings.",2.0,"not allows to leave the school during break or lunches, school is telling all my teacher that i am vulreable, got rejected from my top university choice"
33,4078,"It will get better for you, the person with more than a handful of friends worried for you and asking if you'll be okay, the person who actually has a significant other who you can always turn to, the person who has a community that accepts them and doesn't discriminate against them for their entire identity. The person who only has depression and not a literal learning disability that impacts how you interact with others, and they treat you horribly because of it. The person who's pretty or at least average looking but at least they don't have a disfigured face people avoid as soon as they see you.

If you're all of those. Or at least one. It'll always get better for you. And I am none of these!

So I don't want to hear ""life will get better"" because it fails to take account to the people who have nothing and who's been like this for years. That's me!! This is how it'll be for the rest of my life, no matter how hard I try to make it better nothing sticks. It always goes back to the status quo. Misery!

I'm so fucking done! I'm going to kill myself tonight, and there's literally nothing anyone can do that will stop me.",C5,"The person is feeling extreme alienation and hopelessness, expressing deep despair about their lack of support system, community acceptance, physical appearance, and overall life circumstances. This sense of isolation and despair is leading them to contemplate suicide as a final escape from their perceived unchanging misery.",1.0,
34,4079,I‚Äôm so fucking mad right now. The scissors use to work ok but now I can‚Äôt even see any fucking blood and i‚Äôm pushing down so fucking hard. I even tried to fucking sharpen it for like 5 minutes. I can‚Äôt relax if i dont see any blood,C6,"The use of profanity, expressions of anger, and references to harming oneself suggests a state of bias or abuse-related stress. The language and behavior indicate a concerning level of frustration and potential self-harm tendencies, which may be indicative of deeper emotional issues that need to be addressed.",0.0,
35,4080,I feel like I‚Äôm dying every single day. I just can‚Äôt stop thinking. Every single time I make a mistake I can‚Äôt forgive myself and I spend hours each night thinking about it. I barely have any reasons to live. I don‚Äôt know what to do anymore. I‚Äôm sorry if I bothered you.,C3,"The person mentions feelings of intense self-criticism, inability to stop thinking, and contemplating reasons to live, which are common indicators of mental health issues requiring medication and professional help.",0.0,
36,4081,"I don‚Äôt wanna specify my age, but I‚Äôm young. Because of this my mom thinks that I‚Äôm faking and won‚Äôt accept it.

Even when I tell my school counselor that I just don‚Äôt want to be alive anymore and they send police to my house to check up on me, my mom won‚Äôt believe me. Even when I tell her to at least get a doctor to diagnose me, she won‚Äôt, 

As previously mentioned, the place came to my house and they suggested that I might want to get a therapist. My mom said ok yeah sure whatever. A week later and I remind her. She says yeah I‚Äôm on it, another week goes by and my mom tells me that she just doesn‚Äôt want to pay for something that I‚Äôm probably faking for attention. 

All this is just making it worse.

This is kind of off tangent but I don‚Äôt want to live but I don‚Äôt want to die. 

Anyone have any coping mechanisms that a young person can get access to by themselves",C4,The person is experiencing relationship-related stress caused by their mother's lack of belief in their mental health struggles. The rejection and invalidation from their mother regarding their emotional distress is contributing to their worsening mental state. This lack of support and understanding from a close family member is likely exacerbating the individual's feelings of hopelessness and confusion about how to cope with their emotions.,4.0,"mom thinks that i am faking and won't accept it, mom won't believe me, i tell her to atleast get a doctor to diagnosed me, she won't"
37,4082,"I'm 17 years old and I feel suicidal for 5or 6 months. I think about killing my self nearly everyday but I don't have enough courage to do it. Every night before going to bed,I think to myself ""I hope I can die this night."" Is there anybody who feels the same as me?",C3,The mention of feeling suicidal and contemplating death on a regular basis for an extended period of time indicates a severe mental health issue that may require medication or therapy intervention. This extreme distress falls under the medication related stressed category.,0.0,
38,4083,I'm done rn currently I'm a mature student in university and I hate it. 23 and first year university is not fun I should've graduated already. I have no energy to study or try.,C5,"The person expresses feelings of alienation and dissatisfaction with their current situation as a mature student in university. They are feeling disconnected and isolated, lacking the motivation to study or try due to the perceived delay in their educational journey compared to their age and expectations.",2.0,"mature student in university and i hate it, no energy to study or try"
39,4084,"I can't remember a day when I have had a decent life. I can't remember I day when I haven't been biasd in one way or the other. My head feels useless, I can't think. I feel worthless, I can't get a job to make a living and not have to share a bathroom with rats covered in rat feces. I'm tired of being kicked out and biasd by the people I rent a place to stay from and to top it all off the guilt of seeing my dad pay for my living space in a shitty place because I can't get a job because every interview ends with, ""we would have hired you if you had a degree"" even though I always tell them before hand that I'm currently studying in my university and that I'm staring my 5th semester now. I only need two years for my degree and I'm willing to work long unfair hours but they still won't take me. I have been put on the back burner while my biasrs live a lavish lifestyle. All because my dad chose them over their victims. The biasr has a master's degree but won't even get a job because my dad pays for them. I can't even get a job! I'm tired and defeated. I'm just alone.",C6,"The person is feeling overwhelmed and distressed due to experiencing bias and unfair treatment in various aspects of their life, including job opportunities. The frustration of not being able to secure a job despite their willingness to work and study, and the comparison with individuals who are perceived as being privileged due to bias, indicates a strong sense of bias or abuse related stress.",2.0,"can't get a job to make a living, i am tired of being kicked out and biased by people, guillt of seeing my dad to pay for my livivng space"
40,4085,Yo I thought I had enough. I've always had a noose in the woods for me to yeet myself with. So like I walked there. Sat there for like 6 minutes. Tried it. Didnt fully commit. And like I threw up. So yeah now my shirt has throw up on it and now instead of the police cleaning it I have to ffs,C6,The language used and the content of the premise suggest that the person is experiencing a biased or abusive situation which might be impacting their mental state.,0.0,
41,4086,"I know it‚Äôs better to see an expert rather than stranger on the internet but I‚Äôve been to 2 therapist and they haven‚Äôt helped. 
I‚Äôm 23, male, fit and healthy, come from a good upper middle class family who support me well and I really have no hard struggles to deal with. Despite all this since about the age of 10 I‚Äôve wished I was never born and would rather be dead. Really the only thing keeping me from suicide is that I don‚Äôt want to put my family/ loved ones through that pain. This may be decent enough to keep me alive but still isn‚Äôt much of a viewpoint to live from, there are times I resent my family because I have to endure the pain and stress of life just because of them. 

I would just much rather be dead than go through the stress of living and working for the rest of my life, call it depression or laziness or whatever but it‚Äôs just my viewpoint in life and I can‚Äôt shake it. 
Does anyone out there have a similar mentality and have ever thought or been told anything to truly shift them out of that mindset? Therapy has never done anything to help me shift out of this and I almost feel like it‚Äôs too much of a therapist to be able to do so.",C3,"The individual's long-term struggle with suicidal ideation since the age of 10, despite coming from a supportive and privileged background, indicates a deep-seated mental health issue that may require medication intervention. The lack of improvement from therapy suggests that the root cause of their distress could be related to a chemical imbalance that therapy alone may not be able to address effectively.",5.0,"go through thr stress of living and working for the rest of my life, almost feel like its too much"
42,4087,"And again, i‚Äôm laying in bed crying. i feel like a failure. i can‚Äôt save money, i don‚Äôt have a degree in anything, i can‚Äôt drive, i don‚Äôt have my own place. i quite literally live in a basement. a shitty one at that. 
i could move with my dad but that would mean living on the same property as the man who molested me for half my life. Wasn‚Äôt my dad, but my step grandfather. 

i‚Äôm losing a will to keep going more and more. i‚Äôm tired of being belittled by so many people in my life. i just wish i got more support in real life and not just online. i mean i love the support but i just really want to be praised and told that everything is going to be better by someone in my life. i crave it but i don‚Äôt get that instead i always get knocked down",C5,"The person expresses feelings of failure, isolation, and lack of support. They mention living in a basement and facing the dilemma of moving in with a family member who might be a source of trauma. These experiences suggest a sense of alienation and disconnection from their environment and the people around them.",5.0,"laying in a bed crying, can't save money, don't have my own place, tired of being belittled by so many people in my life"
43,4088,"Just been in a really bad place mentally I‚Äôm grateful for all the little things I have in my life.
But the odds are stacked against me and I can‚Äôt even think straight or even focus in uni or even drive properly. Everyone else has a better life than me I know I should stop complaining and just try to make things better for myself but that‚Äôs so much easier being said than done. I‚Äôve tried everything but nothing has worked for me . I see the guy that my girlfriend cheated on me with he laughs right at my face just a spit on my face to show what a failure I am. 

Sorry for all the self loathing but I just have no one to talk to. Might just drive my car off the bridge tonight",C4,"The mention of relationship issues, particularly the reference to a girlfriend cheating, indicates a level of distress and anguish related to personal relationships. This individual is facing challenges with self-worth and feelings of failure due to the betrayal, which is impacting their mental state and driving them towards self-destructive thoughts. The desire to end their life by driving their car off a bridge also suggests a deep emotional turmoil and a sense of hopelessness in the realm of relationships.",4.0,"girlfriend cheated on me, have no one to talk"
44,4089,"I‚Äôm convinced that antidepressants don‚Äôt do shit. I‚Äôve been on bupropion, sertraline, risperidone and citalopram. None of them feel like they do anything. From the day I started taking them, I never felt the slightest effect. No dizziness, sleepiness, wooziness, grogginess, horniness, happiness, sadness, gassiness or any other ness. Nothing to indicate that they work. They‚Äôre placebos meant to trick people into thinking they‚Äôre working.",C3,The person's strong disbelief in the effectiveness of antidepressants and the detailed description of not feeling any effect despite trying various medications suggest a deep level of frustration and distress related to medication. This could indicate a medication-related stressed mental state.,3.0,"i have been on bupropion, sertraline, risperidone and ctalopram, no dizziness, sleepiness, wooziness, groginess, hornines, happiness, sadness, gassiness"
45,4090,"I've been in a very relaxed relationship since September but ever since january things have been ""on the wall."" During winter break, especially after the holidays, she became a lil bit distant to me. We eventually talked and she wanted to be apart for awhile due to personal issues with herself and I understood and we went from a relationship to just best friends. We have talked about her issues before so I told her I will always be there for her and she insisted she didnt want things to change or grow apart. We were in a very adult relationship so I didn't want to ruin or friendship, we eventually became close and things were all the same as they were before we broke up. Lately though she has been going through things again and I am having a hard time getting through it this time. Last time I took it very mature and was actually the only relationship I have actually not completely fallen apart after the break up. This time I'm thinking it's just me though and my own low self esteem has caused issues more than anything. I barely get a text from her and we never get to hang out and it really hurts, more than anything I have every felt before. This has resulted in me doing things I have never done before that I feel ashamed of, caused me to take up nicotine again, and major other issues resulting in my school work in college to be a burden rather than something to help me. Sorry I just needed to get some stuff off my chest and things and I hope she never sees any of this. She is an absolute gem and I want to be the one to be there for her as much as I can but I feel like she is hiding from me at times and doesnt want to even deal with me anymore. The only part that give me hope and joy is when I see her in class and we talk and joke, and then I kiss her good bye and I dont see her for another few days. It's just alot of pain to see someone I care about so much just dissapear from my life like this. Or atleast it feels that way if I'm not over thinking it. Sorry guys!",C4,"The person seems to be experiencing relationship-related stress. The description of the deteriorating relationship since January, the emotional pain caused by the distance and lack of communication from the partner, feelings of hurt and abandonment, seeking reassurance and validation from the partner, and the impact on the individual's own mental well-being such as low self-esteem, engaging in unhealthy habits like nicotine consumption, and difficulties with school work all point towards relationship issues as the primary source of stress.",4.0,"broke up, my own self esteem has caused issues more than anything, completely fallen apart after the break up, she is hiding from mr and doesn't want to deal with me"
46,4091,"I am in the worst situation I have ever been in as I am about to become homeless. I returned to the UK after living abroad 5 months ago and things seemed promising at first however things went downhill pretty quickly. Finding a job has been a nightmare - i have decent experience and have had a lot of interviews but everywhere either ghosts me or rejects me. I get rejected a lot because I ""dont show I want the job enough"" but years of BPD and depression mean I find it incredibly hard to show my emotions. One company rejected me for this reason after 4 rounds of interviews!

On top of that, I was with a gambling addict a few years ago who made my life hell and created all kinds of debt for me (signing up to websites with my details, getting loans out in my name). Completely my fault for sticking with him so long but he has left me with ¬£12,000 approx worth of debt so of course I am being chased on those debts too. I am also not entitled to any benefits. 

So finally I have ran out of money and am 2 months behind on rent, I let my rental company know today and was pretty honest about my circumstances (I said it was because of redundancy as it's less embarrassing). We agreed I will move out this week, not that I was expecting any sympathy but the lady at the rental company was a dick. So now I am homeless - I am not pregnant or super young or super old or anything like that so the chances of me getting any help are pretty much zilch. 

I am leaving behind the most amazing boyfriend that I never thought I would find and that's why there is so much guilt. I think deep down I am leaving this message in the hope one day he sees it and knows there is nothing he could have done. I have tried talking to him about this but he thinks I am just having a BPD episode and am exaggerating. There is no way he can help anyway he certainly couldn't help me financially (nor would I expect him to!) and he lives in the same house so staying with him isn't an option. 

My main wish is that him and my friends will be OK eventually and will understand that I am in a much better place!",C4,"The writer of the premise is experiencing extreme stress and distress due to various relationship-related issues. These include past trauma from a relationship with a gambling addict which resulted in significant debt, the pain of leaving behind an amazing boyfriend and feeling guilty about it, and the lack of understanding and support from the boyfriend regarding the writer's current situation. The writer's emotional struggle in relationships and the impact of these challenges on their mental state point towards relationship-related stress as the primary category.",2.0,"had lot of interviews but everywhere either ghosts me or reject me, company reject me for this reason after 4 rounds of interviews"
47,4092,After finding a SSRI medication that works for you does your anxiety and/or depression come and go and if so how regularly?,C3,The mention of finding a medication that works for anxiety and depression suggests a focus on medication-related stress. The question about the regularity of anxiety and depression symptoms post finding the right SSRI medication indicates a concern regarding the effectiveness of the medication and fluctuations in mental health conditions.,3.0,
48,4093,"A lot of which I‚Äôve noticed is those that don‚Äôt want to live anymore and those who want to live but can‚Äôt take the pain anymore. 

I know there are times a few years ago where I‚Äôm absolutely done and the pain is overwhelming. I‚Äôm currently waiting for that time when my heartbreak ebbs and I can see the light at the end of the tunnel.",C4,"The person expresses feelings of overwhelming pain and heartbreak, indicating that the mental state is related to relationship stress and turmoil.",5.0,"absolutely done and pain is overwhelming, currently waiting for that time when my heartbreak"
49,4094,I‚Äôm such a pussy. I should have broken that glass and sliced my neck open when I had the chance. Now the cops are gonna take me to Austin oaks. They are hurt me again I can‚Äôt,C6,The language used in the premise indicates bias or abuse-related stress. The self-deprecating language and extreme thoughts suggest a mindset of self-harm and possibly feeling victimized by law enforcement or others.,0.0,
50,4095,You're people through a screen I'm never going to interact with. You don't know me and I don't know you. How can any of you say you care when you don't even know my name? This world absolutely sucks. I can't even talk to anyone anymore because everyone walks around with those goddamn airpods and it makes everyone so unapproachable. Fucks sake I'm so tired of living in today's world. I have no friends I only have my two dogs. I swear the day my parents and my two dogs pass away I'm offing myself from this insufferable miserable planet.,C5,"The person expresses feelings of alienation, loneliness, and disconnection from others, highlighting the difficulty in forming meaningful connections in today's society. The mention of not being able to talk to anyone due to modern devices like airpods and the lack of friends further indicate a sense of alienation and frustration with the current social landscape.",1.0,"world absolutely sucks, can't talk to anyone anymore because everyone walks around with around with those, makes everyone so unapproachable"
51,4096,What some songs/artist that make make you feel better/happy when you feel depressed?,C5,"The premise suggests a feeling of depression and seeking ways to feel better. This indicates a sense of disconnection or alienation, which can be a source of stress and contribute to feelings of depression.",0.0,
52,4097,"Whenever I start dreaming up serious ways of killing myself I get tingly all over. Kind of like sharp, electromagnetic waves. It almost hurts. Feels really weird. Anyone else get those sensations? I think it‚Äôs my body‚Äôs way of telling me NO!",C3,The mention of serious thoughts of self-harm and the physical sensations associated with it indicate a mental state possibly influenced by medication or the need for medical intervention.,5.0,"feels really hurts, almost hurts, dreaming up serious ways of killing myself"
53,4098,"My mom had a talk with me about how if it wasnt for me she would give up. Now suicide is off the table, but what the fuck is on the table then? Living through this hell, where i cant concentrate because i have intrusive thoughts so bad, i NEED something to take my mind off of the thoughts. And my parents tell me im not allowed to tell a doctor, because the intrusive thoughts could endanger my planned out medical career. Life has become too much to bear and i cant take it. Ive become so stressed my eye has started to twitch almost every time i blink. I cant escape, and not even suicide is an answer anymore. It doesnt help that it feels like everyone god damn hates me. Any mistake i make, i always have a thought like ""wow, that person probably hates me now"" and i cant live with my own thoughts. When ever i dont have a distraction, my mind starts saying violent stuff i dint agree with, but it says it in my voice, making me think im fucking crazy. Maybe i am fucking crazy. Id prefer no one knew me, so no one would miss me once im gone. Please, someone help.",C3,"The person is experiencing severe mental distress, including intrusive thoughts and feelings of being crazy. They express a need to escape their current situation but feel trapped due to concerns about their medical career being endangered if they seek help. This indicates a high level of stress related to medication and mental health issues, leading to suicidal thoughts and feelings of alienation and self-hatred.",5.0,"i can't concentrate because i have intrusive thoughts so bad, feels like everyone god damn hates me, can't live with my own thoughts"
54,4099,"I've felt this way for a very long time. The feeling of inadequacy, the contempt of others, the anger, and the overwhelming loneliness. For such a long time, I've kept it bottled up, but now its beginning to boil over and I don't know how to handle it. This is my first time admitting to this and I think its easier to admit in anonymity than to my family. They wouldn't understand these feelings and I inevitably chase all of my friends away.  I have no hobbies or anything that I am good at so I just wallow in my sadness.  I dont want to be so absorbed in my own issues but its hard to overlook when it begins to bleed over into the things I used to care about like school. Being alive has never been a feeling that I can remember feeling happy about.I've come to live with pain and failure but I would just like the feeling to stop and feel even a modicum of  ""okay-ness."" Despite everything, I cant say I'm better off and I simply do not want to deal with any of it anymore to be honest.  I really want to get better and i hope that this is the first step to that for fear of the alternative.",C5,"The feelings of inadequacy, contempt from others, overwhelming loneliness, inability to open up to family, chasing away friends, lack of hobbies or talents leading to wallowing in sadness, feeling absorbed in own issues, and the overall sense of feeling unhappy about being alive all point towards alienation-related stress. The person seems to be experiencing a deep sense of disconnection from others, lack of belonging, and a profound sense of isolation.",5.0,"feeling of inadequacy,the contempt of others,the aner and the overwhelming loneliness, come to live with pain and failure, really want to get better"
55,4100,"There's this thing that circles around my feed every once in a while, about how Eeyore is feeling low so he stays at his house instead of going out with Pooh and Piglet, so Pooh and Piglet go to his house, where Eeyore says he's not been hanging around with them because he's sad and low and not much fun to be around. So then Pooh and Piglet sit next to Eeyore and don't say anything, they just lend him their presence, with love and without judgment. And then, although he doesn't feel better, he \*does\* feel better.

I've got people like that, people who have straight up offered just to sit with me, who don't care how low I am or how un-fun I am to be with, they just love me. But the thing is, the thought of having someone just sit with me while I am dying inside -- I mean, I seriously can't even bear it. As much as I would be willing to do that for someone else, I simply cannot accept being on the receiving end of it.

What is that? It would be such a comfort to be so wholly accepted, to be so free of expectations and disappointment and pressure; but I can't even imagine it without spinning out.

Anyway. This post brought to you by Sleeplessness. G'night.",C4,"The premise reflects a deep struggle with accepting love and support from others, especially during times when feeling low. The resistance towards receiving comfort and understanding from friends, despite acknowledging the desire for it, suggests relationship-related stress. The inner turmoil of not being able to accept the care and presence of loved ones indicates underlying issues with trust, vulnerability, and perhaps fear of burdening others with one's own emotions.",1.0,
56,4101,I don‚Äôt want to go through with any actions but I really badly just wanna... go away. I don‚Äôt wanna be here anymore. I‚Äôm so tired but there‚Äôs things in the future I‚Äôm holding on for.... but I just need someone.,C5,"The person is expressing feelings of alienation, a sense of disconnection and isolation. They mention not wanting to be present, feeling tired, and the desire to escape. These are common signs of alienation-related stress where the individual may feel disconnected from their surroundings and relationships.",5.0,"i just need someone, don't wanna be here anymore"
57,4102,emptypost,C5,"The term 'emptypost' suggests a feeling of emptiness or disconnection, which can be associated with alienation-related stress.",0.0,
58,4103,"ive been having a horribly depressed episode for the past 6 months‚Äî i am not diagnosed but ive been dealing with casual symptoms of depression for my whole life (im 18).
i finally went to my doctor in january and she gave me a referral to a psychiatrist, but wait lists here are long and its been over a month and i havent heard anything. ill probably be waiting much longer and that thought feels like torture and makes me feel worse.
im self harming, but i personally dont think its at an alarming level. there was about a month long period when i was **actively** suicidal, had a plan, a date, and the tool to do it. obviously i didnt follow through. the thought of suicide still lingers in my mind but its more low-key now...
when i was actively suicidal i was considering voluntary hospitalization. i know that route would get me treatment much quicker.
right now i feel like thats my only option with my current situation... i dont know if this is selfish, but i cant bare the thought of waiting much longer for treatment when ive been having on and off depressive episodes my whole life, and i believe im in the middle of my worst one yet right now.
but i feel like i dont deserve inpatient care since im not actively suicidal or ‚Äúat risk‚Äù of causing serious harm.
what should i do? any other ideas?",C3,"The person seems to be in a mental state of distress due to struggles with mental health issues, particularly depression, and the lack of timely access to psychiatric help. The mention of self-harm, suicidal thoughts, and considerations for voluntary hospitalization indicate a serious level of mental health vulnerability. The overwhelming emotions and the feeling of not deserving inpatient care despite the severity of their depression highlight the deep psychological distress the individual is facing, which seems to be strongly tied to medication-related stress.",0.0,
59,4104,"I'm 23 years old I don't know what to even do with my life, I just work long hours (11 to 12) for 400 a week and when I do get time off I want to stream even tho I don't have a set up at all but I get taken over by low motivation. And I don't leave my room. I don't go out to do much.",C5,"The person expresses feelings of alienation and lack of motivation, as indicated by working long hours, lacking enthusiasm for personal hobbies like streaming, and staying isolated in their room without engaging in social activities. This suggests a sense of disconnection from others and a general feeling of being detached or isolated.",5.0,"get taken over by low motivation, don't want to leave my room, don't go out to do much"
60,4105,"I‚Äôve been feeling pretty lost lately, lack of motivation, all my work gets put off until the very last minute then I cram it in.  And the mornings are the hardest part, because waking up means I have to deal with all the thoughts running through my head.  It‚Äôs come to the point where I have to physically drag myself out of bed now.  It gets harder to want to wake up every day.",C5,"The person's feelings of being lost, lack of motivation, and difficulty in coping with thoughts suggest an alienation from their surroundings or themselves. The struggle to wake up and drag themselves out of bed further indicates a sense of disconnection and detachment, possibly feeling isolated or estranged from their own life and daily routine.",5.0,"feeling lost, lack of motivation, get harder to wake up every day"
61,4106,"i dont know but im trying to live life normally and all but there's always this 'voice' or these thoughts that keeps me pushing away from the good things, i just cant accept to try my best for myself. i need to stop what i like doing, ignore persons and all just because of that 'voice' in my head that keeps pushing me down. i've really been feeling down and down and down, all i see is dark, my entire universe is black, there's no light.. every time i find a sparkle it fades away so fast. I just ask for one thing: i want to die.

im the kind of person that cant say no, and try my best to help everyone and to look nice to everyone but i feel so lost inside, i cant make choices. im just doing what that 'voice' keeps telling me but everytime i feel like im getting lower and lower. i've already planned everything for my suicide and if things wont get better, ill just do it. i have nothing to lose. 

sometimes i wish i could have a soul I can ally with to beat that voice... im just lost. i wish maybe something could help me, anyone... help me make decisions. idk i've always been so lonely, and i have big problems socializing because of this 'voice', i might have friends that love me but i feel like im just nothing, and THAT 'voice' just keeps pushing me away from them and from everyone. i try to make new friends, meet lots of people but in the end i feel bad and i end up ignoring everyone and staying hostage of that 'voice'.... i dont get it because when im with people and all i dont seem to be strange or anything i try to tell things so people notice i have problems but in the end im just closing myself with my own thoughts and cant seem to try anything to beat myself on my own game....

for those who read till the end, i hope you have a great day",C5,"The person appears to be experiencing feelings of alienation and isolation, as indicated by the 'voice' in their head that pushes them away from others and interferes with their ability to connect with people. They express a sense of loneliness and struggle in socializing due to this 'voice' which makes them feel disconnected from everyone around them. The feeling of being lost, not making choices, and wishing for help to make decisions further points towards a state of alienation and disconnection from others. The overwhelming darkness and the desire to die also suggest a significant level of emotional distress and detachment from a sense of belonging. The person's difficulty in forming meaningful connections and maintaining friendships due to this 'voice' highlights a deep sense of alienation and disconnection from the world.",5.0,"feeling down, feel so lost inside, feel like i am getting lower, always been so lonely, "
62,4107,"I have fallen down further, when I thought I couldn't.  I hate myself.  I hate that this is the only way I feel alive - by cutting myself with a dull kitchen knife.  I hate this.  I feel a kind of rush after cutting that I'm not getting from any other part of life.  I hate this.  I feel like I have the resources needed to be happy, but just don't use them.  I just don't know anything anymore.  So many questions, all unanswered.",C3,"The statement contains indications of self-harm behavior and feeling a rush after cutting, which are common signs of underlying mental health issues. This suggests that the writer may be experiencing medication-related stress and struggling with understanding their emotions and seeking help.",0.0,"hate myself, "
63,4108,everything is so painful. I hate my job with every fiber in me. I have no family. No friends. I work every single day and still don‚Äôt make enough to even get by. I have painful autoimmune disorders and multiple mental health problems. I was hit in a wreak that has made me suffer chronic headaches everyday. My roommate is making me leave a month before my lease for her own reasons. I‚Äôm so lost and helpless with no where to go. I just want out.,C4,"The individual expresses extreme dissatisfaction with their job, lack of family and friends, and the stress of having autoimmune disorders and mental health problems. Additionally, the mention of relationship issues with their roommate and feeling lost and helpless indicates relationship-related stress.",3.0,"painful autoimmune disorder and multiple health problems, everything is painful, suffer chronic headaches everyday"
64,4109,"How do i compensate for this ""cycle"" of happiness, recovery/recollection, that just slams back into depression, anxiety, suicidal thoughts. Do i just eventually give in? Do i finally fully open up to those around me? Or is this a case of just. Keep. Pushing.",C3,"The mention of depression, anxiety, and suicidal thoughts indicates a struggle with mental health. The mention of compensation for a cycle of happiness and recovery followed by depression and anxiety suggests that the person may be dealing with medication-related stress, possibly related to finding the right treatment or managing their condition effectively.",5.0,"just slam back into anxiety, suicidal thoughts, how do i compensate cycle of happiness, recovery and recollection"
65,4110,"Locked up in my room for almost 2 years. I don't want to get out of the house. I feel very ugly and I don't want to show my face. I'm afraid of tommorrow, of the future. What if my parents die? What do I do? I don't know, I feel hideously ugly. I don't want to go on like this. I want to rest. Im so tired very tired. I want to rest.",C5,"The person expressing feelings of being locked up in their room for almost 2 years, not wanting to go out, feeling ugly and afraid of the future, and having thoughts about the deaths of their parents indicates a sense of alienation and disconnection from their surroundings and relationships. These feelings of isolation and hopelessness suggest an alienation related stress.",1.0,"feel very ugly, don't want to show my face, feel hideously ugly"
66,4111,"Hi there. I have made the decision to end my life. I have written a letter to the people in my life, explaining my choice. I keep re-reading it and I just can't help but feel like maybe the letter is too much. Maybe it will only create more drama in the aftermath of my suicide. Maybe I should just go quietly and not even say anything at all? Is it more selfish to leave a note or to not? I just want to die with the least impact to anyone around me.",C3,"The person is contemplating suicide and expresses concern about the impact of their actions on others. This suggests they may be experiencing high levels of stress related to medication and treatment decisions, as well as the overall mental health challenges they are facing.",5.0,"create more drama in the aftermath of my suicide, decision to end my life, "
67,4112,"The only thing stopping me is my mom. I love her so much and I don‚Äôt want to disappoint her, especially since she literally watched her dad die from alcoholism, her siblings die without her even getting the chance to know them, my siblings weaving in and out of addiction, my own father being an alcoholic and not sobering up until after I left for college...I was the golden child of the family, the one that supposedly did everything right. I was raped multiple times and became an alcoholic, so I‚Äôm far from perfect and definitely don‚Äôt feel like I deserve to be alive. I can‚Äôt find a job. My marriage is falling apart. I feel so alone. But I feel like I deserve it; but my family doesn‚Äôt deserve this if I decide to go through with it.",C4,"The person is expressing deep distress related to their family history, personal experiences of trauma, feelings of unworthiness, and the fear of disappointing their mom. The mention of dysfunctional family dynamics, addiction, past trauma, and struggles in marriage indicate a high level of emotional strain and relationship-related stress.",3.0,"raped multiple times and become alcoholic, my marriage is falling apart, feel like i deserve it but not my family"
68,4113,"I've already made my decision, but i need to know. How can i go about telling my best friend that I love her, just to make sure I've done everything i feel necessary? She's been the best thing to ever happen to me, and i want her to know that.",C4,"The premise indicates a sense of anxiety and uncertainty regarding a romantic confession to a close friend, which suggests the individual is experiencing relationship-related stress.",4.0,"how can i go yto tell my best friend that i love her, want her to know that"
69,4114,"For quite a long time now, I've been restless, not enjoying life at all(anhedonia), and lacking any sort of motivation to do anything at all. For a while I thought I was lazy, but I'm quite a rational person, and even when I've made full sense of why I should get up and do a thing, I recede into doing nothing again. I just don't seem to care enough about anything, nothing seems to be worth my effort. I have no passions or liking to things, I just sit there on my computer all day/TV. 

Most days I see no reason to get up or do anything healthy/productive. It's quite a nihilistic out view I have. I must say, I'm quite optimistic. As contradictory as that sounds I always look on the bright side of things, as it always bodes a better result.

Am I extremely lazy or depressed? I sure feel down most of the time, when I'm with friends it's okay, but it's not like any of my laughs or smiles are genuine however; I feel emotionless most of the time. This has been going on for at least a year or two and I really need to get work done and get on with my life so I don't fall behind. Any help would be appreciated :)",C3,"The person appears to be experiencing symptoms of anhedonia, lack of motivation, lack of interest in activities, and feeling emotionless, all of which are common signs of depression. The mention of feeling down most of the time, struggling to find joy even when with friends, and having a nihilistic outlook on life further points towards a state of depression. It's crucial for the person to seek professional help and support to properly address these mental health issues.",5.0,"i've been restless,not enjoying lifeat all, lacking sort of motivation to do anything, feel down all time, have no passion or liking to anything"
70,4115,"So I just recently joined Reddit and therefore, I've never done this before but I'm lost and I honestly need to share some of these thoughts I'm having and this group is the only place I feel like I can do that. 

I don't really know where to begin but suicide is something I have been thinking about constantly. I don't want to wake up, I don't want to be anywhere or with anyone, and I don't even want to sleep anymore and that's the only thing that would numb my depression (because I wasn't awake to feel it). I feel so incredibly lost and I can't help but to want so badly to end it all. I keep wishing something would push me over the edge enough to give me the strength to finally kill myself. Everything's just so dark and honestly I could go on forever but my brother-in-law just walked in and I have to pretend like I'm okay again so I guess I'll stop there. 

I'd just really like to hear the thoughts others have, if this resonates with them, and maybe some suggestions on how to finally let go and give myself that peace in ending everything.",C5,"The person expresses feelings of extreme alienation, hopelessness, and a desire to end their life. They mention feeling lost, not wanting to be around anyone or do anything, and having thoughts of suicide constantly. The individual also mentions pretending to be okay when around others, highlighting a sense of disconnection and isolation from their surroundings.",5.0,"feel so incredibly lost, can't help but to want so badly to end up, "
71,4116,"Debt is high.  Work sucks.  I feel alone in the world.  I have thought about suicide almost every day of my life for thirty years.  But I never can find the courage to actually do it.  

And here I am circling the drain again.  I just feel like all of the stress and all of the unhappiness and depression will be gone if I just .... cease.  

I spent this afternoon researching methods.  I even did a performative thing with a belt around my neck.  Turns tour it slips out of the doorjamb.  

I know how to tie a noose and a couple kinds of slipknot.  But there is no good place for me here to tie off the other end of the rope.  

I don't know what I want.  Do I want someone to stop me?  Do I want someone to give me the psychological push I need to kill myself?  

I don't know.  

I am so unhappy.  

I don't want to deal with any of this anymore.  

I don't know if",C3,"The person's thoughts about suicide, research on methods, and performing a dangerous action with a belt suggest a deep and prolonged struggle with depression. The persistent feelings of unhappiness and the detailed knowledge of tying nooses and slipknots further point towards a mental state where medication-related stress is dominating the person's thoughts.",5.0,"feel alone in the world, thought about suicide every day, never find the courage to actually do it, feel like all stress and all the happiness, so unhappy, don't want to deal wiyth any of this anymore"
72,4117,I‚Äôm sitting in the parking lot of my therapist‚Äôs office before my appointment. This is my last attempt at getting help before I decide to end things if I‚Äôm allowed to go home. I feel remorse that I will be leaving the people I love behind but that‚Äôs not enough for me want to be alive anymore. I‚Äôm sorry to my beloved. I‚Äôve tried so hard.,C3,The mention of being at the therapist's office and contemplating ending things suggest a serious mental health concern that may be related to medication. The individual's feeling of remorse and having tried hard also indicates a struggle with medication-related stress.,5.0,"feel remore, i tried so hard"
73,4118,I just feel so alone. nobody needs me anymore. I feel like I should just end it all,C5,"The person expresses feelings of alienation and a sense of being unneeded, which can lead to feelings of loneliness and thoughts of self-harm. These feelings of isolation and worthlessness indicate alienation-related stress.",5.0,"feel alone, nobody needa me anymore, feel like i should just end it all"
74,4119,"I‚Äôm 27 years old and I have been struggling with depression for years. Couple days ago, I have finally decided that I‚Äôm going to end this miserable life for good. I have already planned my way out properly - on 17th March, using 20 grams of Potassium Cyanide mixed with water, I need of course to find a place as far away from the crowd (i.e forest or something) then I‚Äôm just going to lay down there and finally be at peace. I‚Äôm hoping it wouldn‚Äôt be so painful. I have done research that correct dose of this poison will give you a clean death in a matter of seconds. 

Funny thing is, I don‚Äôt actually want to die. I love life. The smell of rain, the beauty of music, the taste of sugar, life is such a wonderful thing. But I just can‚Äôt take it anymore. My life is extremely difficult. I am just totally giving up. It‚Äôs just too much for me to stay alive. Thought I share my story here for those of you who are still fighting. I hope you guys aren‚Äôt as weak as I am and I hope someday you will find the light and get out of this darkness. Thank you.",C3,The individual's mention of struggling with depression for years and detailed planning of ending their life with a specific method (Potassium Cyanide) indicates a state of mental distress related to medication. The individual's conflicting feelings of not actually wanting to die but feeling unable to continue living due to extreme difficulties point towards a deep internal struggle with mental health that has led to this extreme decision.,5.0,"life is extremely difficult, i am just totally giving up, i am weak, "
75,4120,"Me: \*exists\*

Depression: Hey, be sad rn.

Me: Nah, I'm good.

Depression: Well too bad, cuz you are now.

Me: Ah shit, you're right.",C3,"The premise describes a situation where the person is experiencing an internal struggle with feelings of depression, indicating a mental health issue related to medication. The conversation portrays a sense of helplessness and inevitability in succumbing to the depressive state, which suggests a persistent medication-related stress affecting the individual.",0.0,
76,4121,I‚Äôm actually at the salon getting my hair cut and colored! Haven‚Äôt been in around 12 years so this took courage to leave my house and go somewhere to make myself feel better!,C1,The person seems to be in a good state as they are taking care of themselves by going to the salon and trying something they haven't done in a long time. This action indicates a positive mindset and a desire to feel better about themselves.,0.0,"around 12 years took courage to leave my house, go somewhere to make myself feel better"
77,4122,"I am desperate for advice on how to explain to my 11 year old son what depression is. I actually have bipolar disorder but don't even know where I'd start with that one. My son gets very angry with me. He thinks I choose to be/feel this way and says ""just stop being sad be happy how easy is that?!"" I know I cannot be upset with him for not understanding, but I'm also extremely frustrated about it. He says it's embarrassing to have a mom with depression. That just hurts me even more. 

He went from having a happy, energetic, spunky, fun, thrill seeking, supportive mom to one who lays in bed all the time, is constantly fatigued, has migraines constantly, no patience, never wants to do anything, cries a lot, etc. I feel like he's grieving me. I grieve myself, so I can understand. But he cannot. He thinks I'm just being selfish, lazy, mean, etc. 

I looked on Google for some ideas but didn't find anything that I felt like going with. I've tried many times to explain it from my perspective, but he just cannot comprehend what I'm saying. I'm lost, and it's making me feel even worse. Please, if anyone has anything helpful I'd greatly appreciate it!!!",C3,"The person expressing the premise is in a medication-related stressed state as they are struggling to explain their bipolar disorder and depression to their 11-year-old son. The frustration and desperation to find a way to communicate effectively, as well as the feeling of being misunderstood, indicate a significant impact on their mental health due to the challenges associated with managing their medication and mental health condition while trying to maintain a relationship with their son.",4.0,"my son get very angry with me, i am also extremely frustrated about it, he sya it's embarrassing to have a mom with depression, feel like he grieving me, he thinks i am just being selfish, lazy"
78,4123,"And so, I have 5 years, 30 minutes till I kill myself.
I don't like celebrating my birthday anymorex, not since I was 19. But I'm living with my parents and they insist on taking me for lunch tomorrow, with my grandma.
I dont wanna go to school either. We'll be buying cake for me and another girl whose birthday was earlier this week but it makes me extremely anxious just to have ppl know it is my birthday because I just don't enjoy living anymore, I have no friends in this city, I isolate myself  more and more everyday, and I feel that makes me look pathetic and sad before everyone's eyes.

Only good thing, found put my mom bought some bluetooth earphones as my gift.

I'm so fucking tired.",C5,"The individual feels alienated, isolated, and disconnected from others, leading to a strong sense of sadness and hopelessness. They express a lack of enjoyment in living, feeling anxious about sharing personal information with others, and describe themselves as looking 'pathetic and sad'. These feelings of isolation and disconnection contribute to their mental state of alienation-related stress.",5.0,"don't like celebrating my birthday, dont want ton go school either, me extremely anxious just to have people know my  birthday, just don't enjoy living anymore"
79,4124,"Pressured to succeed with school, jobs, life. 

Gets treated awfully at the same time.

No one to talk to.

My will to live is fading.

These days I've thought about what day I should kill myself on. 

Maybe on my birthday, may 21

I'm too weak to carry on 

I see no other option",C4,"The person is feeling pressured to succeed in school and life, potentially facing bullying or mistreatment from others, feeling completely alone with no one to talk to, and mentioning thoughts of suicide. This indicates a high level of stress and emotional distress stemming from relationship issues.",5.0,"my will to live is fading, no one to talk to, too weak to carry on"
80,4125,"I got the news that one of my mates I went to school with when I was studying abroad recently passed and I can't quite process it. I can't say I was close to him but it's just I've never had a friend die. I am close with someone who was close to him and she seems devastated. It feels weird, feels weird to say he has passed. I'm confused and shocked. Idk",C4,"The person is experiencing shock, confusion, and difficulty processing the news of their former schoolmate's passing. They mention feeling a sense of weirdness and the impact on their friend who was close to the deceased, indicating relationship-related stress.",4.0,"friend die, i am confused and shocked, feel weird to say he has passed"
81,4126,"I just watched her walk to her car and leave, while I stood there an anxious mess, trying to force myself to go over to her and talk to her, say I thought she was really cute, and ask her out for coffee. Instead I just didn‚Äôt say anything, like the fucking idiot that I am. This was the last day of classes before spring break and I was telling myself the whole week to ask her out before break, but now I can‚Äôt. I have no plans for spring break other than working at my new job so I‚Äôm just gonna keep thinking about her and how stupid I was to not ask her out. I‚Äôm such a fucking moron",C4,The person is experiencing relationship-related stress as they are feeling anxious and regretful about not approaching someone they are attracted to and missed an opportunity to ask them out for coffee. This situation is causing them to feel like a 'fucking moron' and they are likely experiencing a sense of disappointment and self-criticism in the context of their romantic interests.,4.0,"trying to force myself to go over to her, i stood there an anxious mess, i just didn't say anything"
82,4127,"I dont know whether to feel like a strong person for not letting my mental health drive me to alcohol,drugs,self harm or suicide or that my problems are so insignificant that's I dont need those kinds of escape from life. This isn't me taking a shot at anyone who has reverted to those please dont take it that way. 

I'm so mentally and emotionally confused about my own depression",C5,The person expresses feelings of alienation and confusion regarding their own mental health and emotional state. They are torn between feeling strong for not resorting to harmful coping mechanisms and feeling that their problems are insignificant. This sense of confusion and internal conflict points towards alienation-related stress.,3.0,"Ii am so mentally and emotionally confused, don't need those kind of escape from life, "
83,4128,"...but never actually have enough energy or courage to do it.
At least not yet.",C1,"The person seems to be in a good mental state but is feeling a lack of energy and courage to take action in the present moment. This suggests they acknowledge the potential for growth or change in the future, demonstrating a positive outlook despite their current hesitation.",0.0,
84,4129,"I took an IQ test on queendom and got a score of 112. That puts me at or near one standard deviation below the engineering fields. The science fields are probably close to that as well. I feel like this is a result of my genetics, my economic background, and my lack of learning things throughout life. This IQ would qualify me to go into Accounting, IT, or the trades but I don't want to be sitting at a desk all day or getting dirty. I want an occupation that allows me to have a mixture of being outdoors and being at a desk or lab.",C5,"The person is experiencing alienation-related stress, feeling disconnected from their current situation and expressing a desire for a career that provides a mix of environments to combat this feeling.",2.0,"lack of learning things throughout life, below th engineering field, science field are probably close"
85,4130,"So I‚Äòm a bit excited about writing a post about it. I‚Äòm struggling from severe depression since I‚Äòm 11. I‚Äòm also not the one who‚Äòs crying over things happened in the past. It‚Äôs about my condition I‚Äòve been living with the last years and want some advices about how to finally be able to handle it.

Everyday I wake up with great dissatisfaction. Always in a bad mood. No motivation at all. Always tired and sleepy and feeling totally lost. I‚Äòve lost interest in nearly everything - drawing, music, singing... Not knowing what to do, I fear the future ahead of me. I was once totally into Design... thought this is what I‚Äòm going to do. However, I‚Äòve also lost the interest in it. It was a gradual change and I can‚Äôt even explain why it happened since I was always passionate about it. 

Now I‚Äòm sitting there - day by day - everything is annoying, not interesting anymore, not worth it and stressful to me. I feel like I fell into an Abyss with my head full of negative thoughts. I don‚Äôt know who I am neither am I satisfied with how the situation isn‚Äôt changing. I tried meditation once. It was a good experience. But I‚Äòm not even in the mood to continue what might help me out of this situation. The only thing I‚Äôm currently doing is just playing games the whole day so I won‚Äôt be confronted with all those bad thoughts flooding my mind.

Don‚Äôt get me wrong. I‚Äôm really grateful for what I have. Being able to sleep on a bed, having enough food and embracing the small things in live. I don‚Äôt like it fancy. I just want to find happiness and being able to laugh again. 

Does someone experienced the same? What did you do to get out of it?",C3,"The person is describing symptoms of severe depression, such as constant dissatisfaction, lack of motivation, loss of interest in previously enjoyed activities, negative thoughts, and a feeling of being lost. These are all indicative of a mental health condition that requires medical intervention. The mention of trying meditation once but not being able to continue due to lack of mood suggests that the person may be struggling with finding effective ways to cope with their condition. Additionally, the reliance on playing games all day to avoid negative thoughts is a sign of avoidance behavior, which is common in individuals dealing with mental health issues like depression. Seeking advice on how to handle the situation and expressing a desire to find happiness again are also common concerns for someone experiencing medication-related stress.",5.0,"fear of future ahead of me, no motivation at all, wake up with great satisfaction, always tired and feeling totally lost, "
86,4131,Just sick of having to wake up everyday and live a life I don't want to live. Im no where close to where I want to be in life and i have no idea how to get there. And that would have been alright if I could at least be myself with people I like. But i cant even be myself because my body dosnt belong to me it belongs to everyone else except me. I just want to dye my hair pierce and tattoo my body but I cant do that because im a piece of shit that cant do anything right. Im a grown ass adult whole still can't fucking drive or have a job or even firends I can talk to. I have no one I can talk to I couldn't even text the sucide hotline or contact a school counselor because my anxiety make me want to peel my skin off when I try. I feel trap in a never ending cycle and sometimes it feel like death is the only solution but I'm too scare to do it. And people keep saying it going to get better but its not always the case. And i dont think thats the case for me. At best things would just be alright but it will never be great.,C5,"The person expresses feelings of alienation, not feeling like they belong to themselves or to others around them. They mention a deep sense of disconnect from their own desires and identity, as well as feeling unable to connect with anyone else due to anxiety and self-perceived inadequacies. This profound sense of isolation and inability to find fulfillment points to alienation-related stress.",1.0,"want to peel my skin off, feel a trap in never ending cycle, can't have job an friends, I just want to dye my hair pierce and tattoo my body but I cant do that because im a piece of shit, "
87,4132,"You guys ever been tossed aside like last month‚Äôs trash? Not a great feeling, especially when you already feel fucking worthless. My particular instance of this is made even worse by the fact that this situation arose from a douchebag throwing tons of money at the target of my affection. 

I don‚Äôt know where the money comes from, but it‚Äôs in large enough quantities that I have a suspicion the douchebag in question has some rich parents and hasn‚Äôt earned any of this affluence himself. It‚Äôs a real piss-off. 

I suppose what I should take away from this situation is that the girl in question is a money-grubbing whore. When I did have some disposable cash she was really sweet and affectionate. Not anymore since this fuckface entered the scenario. I‚Äôm really fucking fed up with this. 

I guess I need to just move on and write this girl off as what she‚Äôs presented herself to be now, an entitled, money-obsessed bitch. 

Any insight would be helpful.",C4,"The person's mental state is primarily focused on feeling rejected and hurt in a romantic relationship. They express frustration and anger towards the individual who they believe has come between them and their affection. This relationship-related stress is evident from their use of strong language and negative descriptions of the girl in question. The person is feeling disrespected, worthless, and fed up due to this situation, indicating a significant impact on their emotional well-being.",5.0,"feel worthless, need to just move on, ia m really fed upp with this"
88,4133,I kind of don't know what to do now,Alienation related stressed,"The feeling of not knowing what to do can be a sign of alienation, as the person may feel disconnected or isolated from their surroundings, lacking a sense of direction or purpose.",0.0,don't know what to do now
89,4134,"I was called and told over the phone by my employer that ‚Äúwe have to to cut ties‚Äù because of some comments, assuming bad jokes out of recall, I wasn‚Äôt aware they upset my co-workers. My first reaction led me to punch my fist into a wall in a public area and now my mind is swirling with thoughts of candid anger. This was my first firing and I‚Äôm not processing it well. My first thought is why bother apply for other jobs when I have the reason on my conscience? Second, if I do try again, then I better embrace the bias hateful questioning about my termination. Third if I tell anyone, then I will lose everyone close to me. Fourth, if I tell my parents, I will be a shame and burden to have committed such an act. Finally, looking back, I‚Äôm tempted to end my life rather than deal with future repercussions about my termination. If you‚Äôve been fired for first time, how did you process it?",C6,"The person's mental state seems to be heavily influenced by bias and abuse, as evident from feeling shame, burden, fear of hateful questioning, and temptation to end their life due to the termination. The mention of potential biased questioning about the termination and fear of losing everyone close indicates a deep sense of isolation and distress related to how others might perceive them due to this incident. This level of extreme response and contemplation of self-harm suggests a significant impact of bias and abuse on the person's mental well-being.",2.0,"this was my first firing and i am not processing it well, embrace the bias hateful questioning about my termination, i will shame and burden ti hane commiteted such a act"
90,4135,I've been depressed and I seem to be getting increasingly depressed each day. I want to die so this can stop but I don't want to die because I know that it hurts and would cause my family pain (specifically my sister because I was the one who was able to talk her out mid-attempt and my father because when he was around my age he lost a close cousin to suicide). I want to know if there's any other ways of solving this because I'm aware of how final suicide is but I know if I try talking to someone about this in real life I will just say things to be considered fine so I don't have to cost my parents money for therapy. I've recently started keeping a journal of my thoughts which has helped a little but I have no clue what else I would be able to do.,C3,"The person's description of feeling increasingly depressed each day and expressing suicidal thoughts indicates a severe mental health concern that may require medication. The hesitation to seek therapy due to financial concerns and the use of a journal as a coping mechanism suggest that the individual is facing significant challenges accessing appropriate mental health support, potentially leading to heightened stress and feelings of hopelessness.",4.0,
91,4136,"hi i'm very distressed right know. Recently met this guy who said he wants to murder someone before he ends his life, doesn't respond to my chat messages anymore. Idk what to do, I feel guilty af if hes serious about it.",C4,The person is in a relationship-related stress as they are distressed and feeling guilty about someone who expressed dangerous intentions and is now ignoring them. This situation can be emotionally overwhelming and cause significant relationship-related stress.,4.0,
92,4137,I'm in HS and only see them at the beginning of the day with no way to give it later and no way to escape school partway through but I wanna give it to 2 people and 2 teachers....,C5,"The person seems to feel alienated or isolated in their high school environment, as they express a desire to give something to two people and two teachers but feel constrained by the limited interaction opportunities and lack of flexibility in their schedule.",0.0,
93,4139,Is there a free texting service where I can chat with someone in the US without actually having to talk?,C5,"The premise suggests a feeling of alienation or discomfort with verbal communication, indicating a desire for connection or interaction through text rather than speech.",0.0,
94,4140,"I'm trying my best to take care of my mother, who suffers from mental health issues and looks like dementia (unconfirmed), who has uncontrollable rage at times towards everyone. My husband cannot understand this. I myself am bipolar. He's filing for a divorce. I don't have a job or any means to support myself. I don't want to deal with anything anymore. It's been 40 years of screaming, shouting, fighting, drama, right from childhood. I have no siblings. I can't do this anymore. My heart feels like it's just going to stop beating. I think if I didn't feel guilty about leaving my mother and my very old grandmother without support, I would have killed myself already. I'm so exhausted.",C4,The person is experiencing extreme stress and despair in their relationship with their husband due to the lack of understanding and support regarding the challenges they face with caregiving for their mother and dealing with their own mental health issues. The mention of divorce and the emotional toll of the long history of conflict and drama in their family relationship indicates a relationship-related stress.,4.0,"trying best ton take care my mother who suffer from mental health issues, my husband can't understand this, he is filing a divorce, i myself am bipolar, have non siblings"
95,4141,"The title basically says it all. I'm 22, got into school about a year and a half ago and this semester isn't going well. I have a 3.33GPA at the moment but I can tell it's going to drop to a point where I'm not going to be able to recover. I have to work as well and the hours are killing me sometimes working until 1 in the morning. I'm tired all the time and dont even really know what I'm doing half the time. I know if I fail this semester or end up dropping out for a second time I'll lose it anyway. I dont want to be a worthless piece of shit anymore but I cant seem to grasp anything. I don't even know what to do anymore or how muc hbk longer itll take for me to do it but I know it's coming. I just need to vent beforehand because I know its coming",C2,"The individual is facing stress due to the heavy workload from school and work, which is impacting their performance and causing fatigue. The mention of working late hours until 1 in the morning indicates the pressure and demands of managing both education and employment. This situation is a common source of stress in the context of jobs and careers, leading to feelings of being overwhelmed and potentially having a fear of academic failure or dropping out. The sense of not grasping anything and feeling tired all the time also aligns with the struggles faced by individuals under significant academic and work-related pressure.",2.0,"this semester isn't going well have 3.33gpa, i am tired all the time, don't want to be a worthless piece of shit"
96,4142,"I'm new to this sub and while I was scrolling and reading a bunch of posts here I realized most of the people who want to end themselves, have at least one area in their lives that isn't shitty. Maybe they have a partner who love them, a job they find meaning in, or a couple of friends they love to be with.
But my case is closed to say the least, I'm 23 Y/ M I didn't finish college, I have no career, I'm unemployable and flat broke, I have zero friends, never been in a relationship and still holding on the V card, basically I'm one of those people who has no life, your average loser worthless piece of crap, consuming food and resources just to stay alive.
Add to that my severe anxiety and crippling depression, recently I started to experience physical pain cause of all the emotions trapped in my body.
I spent the last 4 years in this state, I tried I really did tried to find a reason to keep on living but I can't see that things will unfold for me.
My body hurt while I'm writing this post, I don't Even know what I want from you guys, maybe I'm already gone and can't be saved.
(Sorry for my English)",C5,"The person expresses feelings of alienation and worthlessness, highlighting a sense of disconnection and isolation from the world around them. They mention not having friends, never being in a relationship, and feeling like a loser. This lack of belonging and connection to others can lead to profound emotional pain and hopelessness, which is evident in their description of severe anxiety, depression, and physical symptoms resulting from emotional distress. The overwhelming sense of alienation and worthlessness is a prominent theme throughout the narrative, indicating a deep-seated feeling of being disconnected from society, purpose, and self-worth.",2.0,"i have no career,  i am unemployable and flat broke, i am one of those people who has no life"
97,4143,"I'm in a pretty bad place right now, and suicidal again after months of feeling ""better"".
Yesterday was one of my lowest this year. I was going to take pills and alcohol, as much as I could handle. The bottle was in my hands, when I heard my dog about to vomit.
I got up to clean it and she was stumbling around, and then passed out. I got so desperate, took her on my arms and walked 15min to the closest clinic.
I didn't even remember my plans till I got home with her at night.

She had a bunch of exams made, and is on meds and relatively better. I keep thinking that if I had took the pills I would've been at least incredibly high, and wouldn't be able to help her.
I think it's the universe's way of telling me to hang on a bit more.",C3,"The person's mention of feeling suicidal again, being in a bad place, planning to take pills and alcohol, and considering the consequences of their actions suggest a medication related stress. The fact that the individual's mood improved due to their dog's sudden health issue and the realization that they wouldn't have been able to help their dog if they had taken pills further supports this categorization.",3.0,"i was going to take pills and alcohol, "
98,4144,"Something is seriously wrong with me. I don't open up, I don't reach out to most people, I feel like I want to recoil or die when I'm close to people I drift away with.

It really hurts.",C5,"The language used in the premise suggests feelings of alienation and a strong sense of disconnection from others, leading to emotional pain.",1.0,
99,4145,"Just made this pros and cons list. Honestly, I'm leaning towards ""should"". I can't do this anymore.

SHOULD because...

* Ugly
* Fat
* Poor spending habits
* Pothead
* Alcoholic
* Not fun to be around
* End the suffering
* No self worth
* Always miserable
* Dumb
* No idea how to pull myself out of this

SHOULD NOT because‚Ä¶

* Family and friends will miss me
* A lot I haven‚Äôt done",C5,The person is feeling alienated and disconnected from their own self and the people around them. The negative self-talk and the desire to end suffering suggest a deep sense of isolation and disconnection from life and loved ones.,1.0,* Ugly * Fat * Poor spending habits * Pothead * Alcoholic * Not fun to be around * End the suffering * No self worth * Always miserable * Dumb
100,4146,"Fuck you brain fuck you. 

I've tried my whole life to be healthy. I succeeded for a little while. I was a healthsy weight and ate healthy (didn't really exercise) for about 3 years. Then I went crashing back down to how I used to be. I'm currently almost 220 pounds at 5 foot 10. Chronic heavy drinker,  binge eater, lack of exercise. I'm so depressed I usually can't get out of bed. I don't want to go ANYWHERE unless I've had a few drinks because then I become a little more bubbly... sigh",C3,"The use of explicit language towards the brain, chronic heavy drinking, binge eating, and lack of motivation are key indicators of medication-related stress. The individual's struggle with maintaining a healthy lifestyle, weight fluctuations, and dependence on alcohol to cope with depression suggest underlying issues that may require medication intervention.",3.0,"chronic drinker,binge eater,lack of exercise, i've tried my whole life to be healthy, don't want to go anywhere unless i've had a few drinks"
101,4147,"What kind of feedback (or perhaps lack of) are best when someone is self deprecating? To disagree, to give alternatives, to change subjects?
I don't hope to invalidate a feeling or pretend like it isn't significant or impactful.

I recognize this ought to vary with each person and each scenario, though I wonder about responses that have made things better, easier, made you feel understood, or responses that were absolutely unhelpful.

Many times, it feels proper to simply be there with/for the person when this is happening, but when it is time to say something it is challenging to gauge what is best to say.",C1,"The person seems to be in a good state of mind as they are reflecting on how to best support someone who is self-deprecating. Despite seeking information on how to respond effectively, they demonstrate empathy and concern for the well-being of others, indicating a positive mindset.",5.0,"don't hope to invalidate a feeling or pretend like it isn't significant or impactful, absolutely unhelpful"
102,4148,"I tried to hang myself yesterday and the hook pulled out of the ceiling. Motherfucker, man, can my weight not fuck up everything for me for one second.",C5,"The individual is expressing feelings of alienation and worthlessness, as well as frustration with their own physical body causing them further issues. These feelings could indicate a sense of disconnection from oneself or others, leading to stress and difficulty coping with life's challenges.",0.0,
103,4149,"I have found that one of the main issues keeping me from being productive and moving forward is my inability to believe in myself. That is, I‚Äôm too worried about what others perceive me to be, and never being able to relax and exist in the moment. I‚Äôve had therapy and medication for depression but none of it helps. If I can‚Äôt be better or get better, what‚Äôs the point? Why shouldn‚Äôt I just kill myself? I don‚Äôt want to keep trying. Life is boring. All my wildest dreams always lead to me ending up alone in some way or another. All so I can die without hurting anyone. I‚Äôve been going over the attempts at suicide I‚Äôve made in the past, and wonder if I just can‚Äôt follow through on anything. All the self harm and pushing people away are just half measures to the real solution. I‚Äôm lost and alone, 5 dollars to whoever wants a free pass to kill me.",C3,"The person's mention of having therapy and medication for depression, feeling that none of it helps, and contemplating suicide suggest a state of mental distress related to medication. The individual's despair about not being able to get better, lack of belief in oneself, and feeling of being lost and alone point towards a deep struggle with mental health despite seeking professional help.",5.0,"life is boring, all my wildest dreams always lead to me ending uo alone, i am lost and alone, i can die without hurting anyone, "
104,4150,"Okay, let me tell you something. This is not out of the blue or anything. This is from my experience as well others.
When someone attempts suicide or seems to show suicidal traits, you are not supposed to hit them with aggressive sentences like ""Are you crazy? What the fuck is wrong with you?"" and insensitive sentences like ""Maybe, try this, it will help you die easily"" or ""Suicide is for the cowards"".
For a moment, take a step back and stand in their shoes. Try to understand, why they took such a big step. Ask questions like ""Are you feeling fine?"" ""Are you okay?"" ""Do you wanna talk about it?"" and ""I'm always here"".
That's the sign of an emotionally mature person who knows what to say when.
Do not also try to justify their actions by comparing your pain to theirs. Their journey, their struggles, their hurt are absolutely different from yours. Their tolerance level is different. You're not doing any good by constantly showering comparisons in disguise of advices.
Be considerate, be kind and approach such people gently. So many of you have to learn this that it deeply saddens me.",C6,"The content of the premise indicates a high level of emotional distress and frustration with the lack of empathy and understanding from others. The author specifically addresses the need for sensitivity and kindness when dealing with individuals contemplating suicide, highlighting the harmful impact of aggressive, insensitive, and judgmental behavior. This suggests that the person writing the premise is experiencing significant emotional strain related to bias, abuse, and the lack of compassion in interpersonal interactions.",0.0,
105,4151,"I'm 24  and still have terrible acne. I used to not hate the way i looked up until high school, but then I got hit with the acne. Huge cystic acne that left scars all over my face and is super painful. I used to look at myself in high school the mirror and say "" I hate myself and want to die"" as a mantra. I was holding onto the hope that it was just a teenage phase, and that I would get on with my life after. Now its been years and years and I still get new zits and cysts every day. It's painful, and they pop and bleed everywhere. I've tried all of the acne treatments except accutaine which my doctor recommended against for reasons in my medical history. To offset the acne I grew my hair long and made it my main feature to distract from the disgusting acne. It became such a large part of my personality that all my friends at the time called me goldilocks. 

Then recently ago I started balding really quickly. My hairline is going way back, and I'm starting to lose hair on my crown. Looking at old pictures of my dad it's all gonna be gone in a few years. I can't stand to look at myself in the mirror. My face is red and pocked and covered in acne and the one and only thing that I liked about my appearance is slowly falling away. I'm some sort of freakish middle age man/ greasy teen hybrid. I used to have moderate luck is the relationship department back when I had my hair, but noone will even look at me now. My hair was the only thing I was ever complimented on. Now I'm treated like some monster that noone wants in their pictures or their life. 

I've been trying to not off myself for a while now. My family would be devastated and that's the only thing that is keeping me from doing it. My brother is getting his firearms licence and wanted me to come with him, but I had to refuse, because I know if I had a weapon it would just be a matter of time. What can be done to make the pain stop. To stop caring about how awful I look and how much I hate myself because of it.",C4,"The person's mental state seems to be heavily influenced by their appearance, specifically their severe acne and rapid balding. The distress caused by their physical appearance has led to self-hatred and feelings of being undesirable. This has impacted their relationships, self-esteem, and overall well-being. The focus on their appearance and the negative reactions from others have contributed to relationship-related stress.",3.0,"have terrible acne, huge aystic acne that left scares all over my face and is super painful, "
106,4153,"Any kind soul want to give a depressed person karma.


Edit: Thanks everyone and especially from this sub. I hope we all overcome depression some day and take it easy everyone.",C1,"The person is expressing gratitude towards others and conveying hope for overcoming depression, indicating a good mental state.",0.0,
107,4155,"My close friend told me, get help. Get help. Get help. And how I could be bringing others down by even venting, so I stopped. But the last thing I want to do is talk to a stranger about my feelings or not wanting to go on, feeling hopeless, and just fed up. Because I refuse to take medication or be ‚Äúcommitted‚Äù and the only other person who understands is my friend, who is also suicidal. 

People who don‚Äôt suffer from depression, extreme loss in life, or daily struggles don‚Äôt understand that we don‚Äôt exactly want to die, but these feelings have to.

Is it just me? Am I the only one who gets annoyed at it?",C5,"The writer expresses feelings of alienation and frustration in the premise, indicating a sense of being misunderstood and isolated. They mention not wanting to talk to a stranger about their feelings, unwillingness to take medication, and feeling that only their friend who is also suicidal understands them. This sense of disconnection and lack of support from others is a key indicator of alienation-related stress.",5.0,"felling hope less, just fed up, "
108,4156,It used to be something I did once every couple weeks at a party when I was a teen. Now it makes me happy. I love waking up still hungover with brain fog. It gives me this fuzzy feeling I used to feel with my SO. I know it‚Äôs terrible for me. I still work out but that only gives me an hour high. I‚Äôve realized if I‚Äôm sober my thoughts consume me and when I‚Äôm drunk everything‚Äôs ok. My family and friends wonder how I do it but I guess I like the depressing hungover feeling.,C3,"The person's reliance on alcohol and preference for being drunk to escape their thoughts, coupled with the mention of a lack of happiness when sober, indicates a potential medication-related stress. The individual seems to use alcohol to cope with emotional issues, suggesting a deeper mental health concern that may require medication or therapy.",3.0,"when i am drunk everything is OK, love walk up still hungover with brain fog, "
109,4157,"Over the course of my life, I have attempted suicide four times. Each time, I was hospitalized, and each time I've tried again. The last times, it failed because someone found and stopped me. My ex boyfriend commit suicide last year. I have difficulty making plans due to a mild obsessive compulsive disorder, and just finding time. 
I have a heart condition that has been steadily worsening after a miscarriage, and due to it, I can't hold down a regular job and have since resorted to online work that pays like shit. I'm homeless. I have only two people in any sort of position to provide support, emotionally. And even though it's looking like the most difficult parts of life are ending and getting better for me, I don't honestly believe a life with all these new restrictions is worth it. 
My family is going on vacation soon. I wasn't invited. That week, I can complete the steps the way I planned, if I want to. Now the question is if I even have the physical strength for one last shot at it. 
Who knows? 
It might fail again. But I have no doubt I'll keep trying. It's the only thing I haven't given up on.
Meditation and such seems to point me in this direction. Tarot readings, horoscopes, all of it seems to be dropping hints that this is it. The main difference between all the times before, is that this time, I have nothing left to be afraid of. 

We can't forgive ourselves for all the things we did not become.",C4,"The premise indicates a deep sense of hopelessness, loss, and trauma, especially highlighted by the mentions of attempted suicides, hospitalization, and the suicide of an ex-boyfriend. The individual also refers to past miscarriage and a heart condition, which can contribute to emotional distress. Feelings of rejection and loneliness are evident through being homeless and not being invited on a family vacation. The lack of social support and the contemplation of suicide despite past failures suggest a significant burden in interpersonal relationships and emotional well-being.",3.0,"have a heart condition that has been steadily worseening after  a miscarriage, difficulty making plans due to a mild obsessive compulsive disorder"
110,4158,"I made a rope noose, I wrote an email to my parents about how much I love them and how I didn't want to do it but I just can't go on, and scheduled it to be sent in twelve hours. I just cannot go on please someone help me. I have been trying to find a way out but dying seems to be the only option. I'm not successful in anything, classes, money, friends, love, life in general. I am thinking of all possible futures that I can go from this point, starting by being this unsuccessful, and none of the scenarios make me happy. I just cannot live one of those miserable lives. I don't know what to do, my parents love me so much it will destroy them. I wish I could just suck it up for them and keep going but everything hurts so fucking much, I don't think I can do this any longer. I don't even know what I'm expecting out of this, there's not a single thing that can help me now. I thought of every possible thing, there's not a single way out. Please what the fuck do I do now?",C5,"The content of the premise indicates feelings of extreme alienation and hopelessness, as the person expresses being unsuccessful in various aspects of their life and feeling like there is no way out. The mention of not finding joy in any possible future scenarios, the inability to see a way forward, and the perception that nothing can help, are all characteristic of alienation-related stress.",5.0,"i am not successful in anything, classes, money, friends, love, life in general, non of the scenarios makes me happy, "
111,4159,Now at lunch the only person that didn't have an activity planned with the school(just like me) left class leaving me alone again :) :). I love being worthless XD XD XD,Alienation related stressed,"The person feels alienated and lonely due to not having an activity planned with the school, leading to a sense of worthlessness and expressing it through humor with smiley faces and 'XD'. This indicates a state of alienation related stress.",5.0,"love being worthless, left class leaving me alone again"
112,4160,"I've always struggled with depression, but I am at the lowest I've felt in a long time, I've pushed most of my friends and boyfriend away, family hardly talks to me. On top of it, my biggest stressor, I am drowning in debt, I am unable to find better employment, I live in a rural part of California without transportation, housing is scarce and expensive. My rent was just raised and I don't know how I am going to afford it.. I don't have family to turn to financially. My parents are well into their 70s, enjoying the end of their lives, and my brother is a drug dealer. On top of that my brother lives 5 hours away and my parents two states.. I survived a car accident in December of 2018. It left me carless and in a mountain of debt, on top of my other debts. The debt, the fact I can't seem to save or get ahead, I have no one to turn to, I am not really conventionally attractive either.. I just feel lost, depressed, numb, want the stress to go away, even for a moment. I miss my best friend (passed away just a few months ago, not sure if it was intentional or not but it was definitely an overdose, I was mad at him at the time and pushed him away and encouraged his binging.) The only thing still keeping me here is that I would feel guilty if my dog was left alone for days before my body could be found, and I don't want her to end up in the wrong hands.",C4,"The person is experiencing extreme stress and sadness due to a combination of factors related to their relationships - they have pushed away friends, family, and their boyfriend, are struggling with the loss of a best friend, and have complicated family dynamics with their brother being a drug dealer and their parents living far away. This deep sense of isolation and strained relationships is a major source of distress for the individual.",2.0,"unable to find better employement, just feel lost,numb, "
113,4161,"I am going to be a free man only for few weeks , so I wanted to kill my self within this time,  I don't own gun and neither I can buy one , and other ways just seem not to give guarantee of death .
Can't do better in life, can't die, how frustrating is all this.",C6,The language used in the premise suggests extreme despair and hopelessness. The mention of wanting to end one's life and feeling frustrated with a lack of options indicates a state of bias or abuse-related stress.,0.0,"kill myself within this time, can,t get better in life, how frustrating ia all this"
114,4162,"I say I feel tired. He says ""You're always tired.""

I say that I don't deserve to be here. My friends try to convince me that I do, say that I'm too hard on myself. 

I'm starting to repeat myself though. I tell my counselor about my suicidal thoughts, but I can't explain why they're here or what they're like. 

I just feel like I want to be in bed all the time. I wish I could bury myself in blankets and curl up into a ball. But even that's not small enough to describe how small I want to be. Unnoticed.  

Maybe that's enough of a description.",C3,"The person mentioning suicidal thoughts, unclear reasons for those thoughts, and wanting to be unnoticed could indicate medication related stress, potentially due to the side effects of certain medications causing negative thoughts and feelings.",5.0,"feel like i want to be in bed all the time, i am too hard on myself"
115,4163,"So i was at a party and got drunk, not i cant walk drunk, but drunk enough to make my metabolism fast enough to get rid of all the meds in my blood i guess. I just finished high school and at this party were all my classmates and the people i once called friends. 
I thought i could go there and talk to them and try to befriend them again. I miss them so much. Ive always been very shy and i thought i would drink because that makes me all bubbly and stuff, but this time it just did not work, i went right past the bubbly and the very drunk and a mess straight to i feel like i wanna die. This had never happened to me before.
So there i was, kinda off my meds and feeling depressed and there was a pool so in a place no one would notice too fast i started getting in slowly. Then i just jumped. I tried to do it but my body wouldnt all i wanted to do was sink to the bottom and numb everything out and then justgo i guess? But my body wouldnt, i couldnt physically do it.
My parents came and 4 people tried to help. Only one of which i would have expected and its not like i didnt like them i just didnt think they liked me, definatly not enough to help and im sure they will dissapear now, except for the one, but he cant take care of me like i need it. I need someone to be there all the time and i guess thats not fair.
I guess thats not fair, because thats how i lost my friends. They didnt understand i needed someone to be there and i tried to open up but i also need checkups, because i will convince myself im just bothering. 
I wanted one of my friends to help me the most, the one id known the longest, the one i had always been able to come back to, but i didnt get that she just didnt have the time or the will to help me like i needed anymore.
Now i dont wanna take the meds because i truly thought i was better. Turns out i was just drugged all the time and it feels so fake now. I thought i was happy and out of it and that soon enough my doctor would take me off them slowly. That i was starting to understand how not to be depressed, but now i think the only way to do that is to feel it and fight it, not take drugs and make it ""disappear"". Ive always been able to fight, its harder, yes, but i think i can make it.",C3,"The person is experiencing medication-related stress. They mention being off their meds and feeling depressed, wanting to numb everything out, and questioning the efficacy of their medication. They express a desire to fight their depression without relying on drugs, indicating a concern about the impact of medication on their mental state.",3.0,
116,4164,"a while ago i realised i might have muscular dystrophy, which means i am going to have a slow and depressing death. not too long from now i wont be able to walk, i'm going to loose my favoured hand. 

because of this i fell off on my school work last semester and failed more than half of my modules which means my sponsor cutting me off, but i cant afford to pay on my own.

i haven't told my single mother yet and this is stressing me out and now am seriously considering suicide",C3,"The mention of a potential medical condition like muscular dystrophy, the fear of losing physical abilities, and the overwhelming feeling of impending death suggests significant distress related to medication and health issues.",3.0,"i realised i mught have muscular dystrophy which means have a slow and depressing death, i wont br able to walk, "
117,4165,"Go out, too out of your mind with sleep deprivation to be coherent, sit around at home feeling like shit in all respects, have both of your parents dismiss that anything's wrong while pouring gas on the fire by being passive aggressive every time they interact with you, and when it seems like things might change, whether it's your own efforts or the environment just shifting, it all circles back to being the same again.

The ride never ends.",C4,"The premise describes a situation where the person is feeling overwhelmed and neglected in their relationships, particularly with their parents. The passive-aggressive behavior from the parents and the feeling of things never changing despite efforts or external factors indicate a deep sense of relationship-related stress.",5.0,"sit around at home feeling like shit, being passive aggressive every time they intract with you"
118,4166,I think every night I wish I wouldn‚Äôt wake up. I thought the divorce would help the feelings. I thought therapy would help. I thought pills would help. But everyday is sad and all consuming. I can‚Äôt think about anything other than my situation or killing myself often at the same time. I‚Äôm so tired of the next day coming. Finding myself praying to find the courage to do it vs the courage to not do it. Today isn‚Äôt the day for me but it feels inevitable.,C4,"The person is experiencing intense feelings of sadness and hopelessness, despite attempting to cope with the situation through divorce, therapy, and medication. The mention of divorce suggests that relationship issues are a significant source of stress for the individual, leading to thoughts of suicide as a way to escape the overwhelming emotions. The person feels consumed by their situation and mentions praying for the courage to end their life, indicating a deep sense of emotional distress related to relationships.",4.0,"i thought the divorce would help the feeling, every day is sad and all consuming"
119,4167,I just had this thought and want to hear your opinion.,C5,"The person seems to be feeling a sense of alienation or disconnection, as they are seeking an external opinion on a thought they just had. This might indicate a lack of connection or understanding in their current social or personal environment.",0.0,
120,4169,"Well, my title says it all. If I had a choice, I would sleep and hang out all day by myself. I have a cousin in town who wanted to meet me at a local art expo and I made up an excuse as to why I cannot meet him for lunch. I can tell he was disappointed and I feel lousy about it. 

My mom passed away 6 months ago (cancer), my dad lives in a memory care facility (dementia), I got divorced in September and I am estranged from my crazy brother (for good reason). 

Anyway, I‚Äôm just...not in the mood to make small talk, talk about my deceased mother and walk around an art show. 

I feel like a terrible person for not being able to meet these social obligations. Am I terrible? Anyone else feel similarly? Help, please.",C5,"The person expresses a strong inclination towards being alone and avoiding social interactions, indicating feelings of alienation. The individual's description of wanting to sleep and hang out alone, making excuses to avoid socializing with their cousin, and feeling overwhelmed by social obligations despite acknowledging feelings of guilt all point towards a sense of alienation and disconnection from others. The complex family dynamics and recent personal losses may have contributed to these feelings of isolation and detachment from social interactions.",4.0,"mom passed away 6 months ago, dad lives in a memory care facility, i got divorced in september"
121,4170,"I have been dating my bf for about 4 months so the relationship is fairly new. Yesterday we were supposed to hangout but he stood me up and texted at 11pm saying he overslept. He told me that we needed to talk about something tomorrow and when I asked if he could give me a topic just so I am not so worried he said it was about his depression. 

We have never discussed depression before however my ex also struggled with depression and suicidal thoughts throughout our 3yr relationship. I always did my best to be loving and supportive to my ex but I also felt like I didn‚Äôt know the best things to say. I have also gone through my own low points but always when I was single and extremely alone without friends or supportive family. 

People with depression: is there anything your significant others have said that made you feel like they understood you and had your back? Anything you wish they had said to you?",C4,The writer seems to be experiencing relationship-related stress due to their boyfriend's behavior and the topic of discussion being their boyfriend's depression. The mention of past experiences with a partner who struggled with depression also indicates a source of stress and concern related to relationships.,4.0,"i was eextremely alone without friends or supportive family, i always did my best to be loving and supportive to  my ex"
122,4171,"Home life is really bad at the moment, both parents are alcoholics and recently their drinking had been getting a lot worse. It's cause both sides of my family to argue due to my parents lack of care over my younger sister. I want to move out but I do not have the money, I don't really have anywhere to go, I want to call social services on my parents (again) but I can't as I'll be kicked out and have my belongings potentially trashed. My parents have never been there for me, I didn't have the best childhood, which has caused me to have an unfortunate array of mental disorders and depression. But now I'm starting to think I'll win the lottery of 1 million and everything will be okay, I keep thinking I'm going to win money and then I can move out and give me and my sister a better life for both of us. It's getting to the point that I'm daydreaming constantly of winning a large sum of money, and that I can get my own place and my sister will be okay. Ive started to genuinely think I'm a millionare. I'm that depressed I'm having unrealistic dreams and thoughts of the future so I don't think of what's happening at home and I don't know what to do. I don't get a lot of money to my self, I cannot get a job due to health/mental health reasons, even though I'd like to work. Everything is getting worse again and it feels like my brain is struggling on ways to cope with it.",C4,The author is under extreme stress caused by the toxic home environment due to alcoholic parents and neglect towards their sibling. The inability to leave the situation is leading to feelings of helplessness and contemplating extreme measures like calling social services despite fearing the consequences. The lack of family support and troubled childhood have exacerbated their mental disorders and depression. The unrealistic daydreams of winning the lottery and becoming a millionaire indicate a coping mechanism to escape the harsh reality at home and find hope for a better future for themselves and their sister.,4.0,"both parents are alcoholic and recentll their drinking had been getting a lot worse, my parents never been there for me"
123,4172,"Fuck I really hate myself, I get upset over the tiniest stupidest things",C4,"The language used and the self-criticism suggest that the person is likely experiencing relationship-related stress, which may be affecting their self-esteem and causing them to feel upset over minor issues.",1.0,"i get upset over the tiniest stupidest things, hate myself"
124,4173,"No this isn't a motivation post. No I am not magically ""cured"" of my depression and anxiety but at least for today....I am ok. I know this may last a day...or a week. Maybe a month or two if I am lucky. At least for today I can get up and open the curtains in my house and get shit done that I need to. Clean up the mess that has been piling up because I have been too exhausted to take care of. The dishes are finally done. I have clean clothes again and the follow up emails I have been meaning to send have been taken care of. These aren't big tasks. Things that people do every day but for me is like rolling boulders up mountains most days. At least for today they are done, I have accomplished something and I am ok.",C3,"The person mentions struggling with depression and anxiety, and expresses relief in being able to accomplish small tasks like doing the dishes, cleaning up, and sending follow-up emails. This indicates that the person may be relying on medication to manage their mental health, hence falling under medication related stressed category.",0.0,"have been too exhausted to take care, "
125,4174,Hello I'm 12 and I see no reason to live. I would  never want to give up on my parents. I just see no point of waiting 6 more years. I see my childhood as nothing please help me,C5,The individual is expressing feelings of alienation and disconnection from their childhood and is questioning the purpose of waiting for 6 more years. These feelings of hopelessness and lack of purpose indicate a sense of alienation from their own life and experiences.,4.0,"never want to give up on my parents, just see no point of waiting 6 more year, see my childhood please help me"
126,4175,"Feeling this way isn't a bad thing. Something that is said to much in our society is that feeling suicidal if a bad thing. The whole ""don't do it,"" line is just a rewording of our society sentiment towards suicide. You should just know that feeling suicidal, even to the point of writing notes and making plans isn't a bad thing. There is no shame in falling when you've been beaten. Feeling suicidal is a perfectly natural response to bias, depression, psychosis, or any other horrible thing; you can't go near a fire without getting hot. There is nothing wrong with you for feeling suicidal, for feeling like you hate yourself. Maybe the reason you hate yourself is because you've never been loved, so you see no proof that you are worthy of any. Maybe it's because you have been biasdv so thoroughly you've been programmed to hate yourself. No matter the cause, I cannot stress this enough, it is not a bad thing. The bad thing is whatever caused you to feel this way",C6,"The person's mental state seems to be focused on bias and abuse related stress. They mention feeling suicidal as a response to bias, indicating they may have experienced discrimination or mistreatment that has led to self-hatred. Their language suggests a deep sense of hopelessness and internalized negativity, possibly stemming from past traumatic experiences related to bias or abuse.",1.0,"there is nothing wrong with you for feeling suicidal, no shame in failing suicidal"
127,4176,I have struggled with depression since I was \~13.  I (with encouragement from my wife) finally want to see someone about it.  Should I go to my general doctor first and get a referral or just try to find a therapist?  I am in the US and my insurance does not require a referral.,C3,The person's struggle with depression for a long period indicates a mental state of distress that is likely medication-related. Seeking help and considering whether to go to a general doctor first for medication or directly find a therapist suggests a focus on medication as a means to address the depression.,0.0,
128,4177,"When I was 15-16 years old, I posted here in my darkest moments. I couldn't see any reason to keep living. I thought I was nothing special and the next 8 years seemed like an endless slog. You can look through my post history if you want. 

Since then, I graduated college and graduate school. I have traveled the world. I swam with bioluminescent algae in Indonesia. I've hiked among alpacas in Peru. I learned to speak Spanish fluently and connected with people around the world and in my own country, who speak Spanish too. I've published my writing i  multiple publications. I have fallen in love and had my heart broken several times. I realized I'm gay, came out, and I'm with the most amazing woman. I have a career that I love where I help people every day. I can honestly say that depression may be a lifelong struggle for me, but it is possible to recover and develop tools to cope with it. Every day is a manageable challenge now. Every day I am grateful to just be alive. I am SO GLAD that I didn't kill myself 8 years ago. I never would have known how beautiful my life could become.

Before you think about killing yourself, remember that you don't know how beautiful your life could become. How could you? You have no way of knowing until you get there. But you need to be alive.",C5,"The person's mental state seems to have been characterized by feelings of alienation and hopelessness in their darkest moments at the age of 15-16, where they expressed not seeing any reason to keep living and feeling like they were nothing special. The sense of endless slog and mentioning of having their heart broken several times further suggests a state of alienation and emotional distress. The turnaround in their life from experiencing such dark moments to finding beauty and purpose in living indicates a transformation from a state of alienation to a sense of connection, gratitude, and appreciation for life.",1.0,"i have fallen  in love and had heart broken several times, "
129,4178,"Sometimes life can be too much. We can often feel like sharing how depressed we are is being burdensome to those we love but all of the people who care about you, would much rather hear about how unwell you've been feeling instead of seeing you crack or break down or have to go to your funeral. It may not be comfortable but we have to be bold in our sharing with our friends because at the end of the day our people are all we have. Please, if you need to talk, dont keep it in. Find someone to talk to.",C5,"The person's statement reflects a sense of alienation and feeling overwhelmed by life. They mention feeling like sharing their struggles is burdensome to loved ones, indicating a sense of isolation and disconnection. The emphasis on the importance of sharing with friends and not keeping emotions in suggests a deep feeling of alienation and need for connection.",5.0,
130,4179,"Had a birthday, I am 22 now. I still live with my parents. Got kicked out of my state university and am at community college now for the second year. Take maybe 1-2 classes a semester (anymore and I‚Äôll be overwhelmed). Work about 10 hours per week at a data entry job my parents work at. Still come home and put off doing any homework or studying so I can play video games. Skip class a lot. Watch the same few shows over and over. Don‚Äôt have a concrete idea for my future or what I‚Äôm going to do with it. 

Still laugh at humor I found funny when I was in my teens. Lie to all my old friends (haven‚Äôt made a single new one in college, all friends are from high school or before) about how my life is going. Don‚Äôt exercise often (genetics allow me to still be skinny, expect for my face which accumulates fat beneath my chin. Not a good look.) Self conscious about how skinny I am and never wear short sleeves in the summer. Social anxiety about my appearance.

What is wrong with me?? Why can‚Äôt I move on from certain parts of my life and grow up and be more responsible and mature? What could this possibly be??",C5,"The person exhibits signs of alienation, feeling disconnected from their surroundings and peers, relying on familiar routines and habits from their past. They struggle with self-image, social anxiety, and lack of motivation to progress in life. This sense of detachment and inability to progress or change may be causing distress and feeling stuck in the current state of their life.",2.0,"got kicked out my stste university, still come home and put off doing any homework or studying so i can paly video game"
131,4182,"So I've been scrolling down this page for a while now and I'm amazed by how much people feel the same way as I have for a while now. It doesn't make me feel any better but actually more determined to take my life knowing people live the rest of their life like this. 

I'm 16 years old I left school at 15 quit college at 16 and have no qualifications to rely on. I'm extremely socially awkward and possibly have deppresion I don't know. See the thing is I also have a extreme fear of doctors and just having people examine me in general and this has been taking more of an effect on me than normal.

Around December last year I took acid for the first time. I don't remember a lot about that night as I entered an incredibly deep bad trip after my friend was kicked out of the house leaving me alone  on my first time. As I said I can't remember a lot about that night but  2 main factors stuck with me 1. My balls felt HEAVY real heavy 2. I thought I killed myself on multiple occasions that night. I kept seeing images of a weapon infront of me each time different each time more deadly. Everyone time believing they were real I tried to use them to end my life. And it felt like I would wake up everytime alive and I would cry. 

Reading back on this probably should have mentioned before I was already suicidal as shit before taking oh well.

Anyway couple months progress I'm doing ok and I'm lying in bed smoking a joint when that sane feeling of heaviness occurred in my balls not as strong this time but still there. After a couple weeks of consistent around night time feelings of heaviness occurred I decided to Google (yeah ik) my issue.

To my absolute fucking horror I discovered I have something called a vardicole or something like that I don't want to go back and check as I'm extremely 0aranoid of reading something I don't want to.

Now before anything gets typed I want to say that it is 100 percent that condition (whatever the name may be) as the symptoms aren't exactly common among other conditions. 

As I said in extremely scared of hospitals and getting examined so something around that area has an extreme effect on me even thinking about getting it checked.

I've been doing good for a while now but I can't get the thoughts out of my head and I can feel myself spiralling until those final moments where I can find eternal peace. 

So this is what I ask of you reading this if you would help me. I'm terrified of searching what will happen to me if I don't get surgery but I also kind of want to know so I'm basing this heavily on trust if you were to do a tiny bit of research on the condition and only leave a positive comment ABSOLUTELY NOTHING NEGATIVE ABOUT CONDITION PLEASE. Like if it will damage me do not tell me even if it can kill please don't tell me. But if you find anything that will be reassuring please let me know. Because I'm not getting surgery so please please don't tell me anything bad about it I am genuinely terrified to post this in case people just say shit anyway 

Also to find condition type into Google wierd feeling in testicle or something like that I'm not sure I'm sorry I know it's is a lot but if you could take time out of your night to help me it would mean more than you know.",C5,"The person demonstrates feelings of alienation and loneliness, expressing a deep sense of despair about life and lack of connection with others. They are isolated in their struggles and fear seeking help, even from medical professionals. The mention of feeling the same way as others but not feeling better indicates a sense of hopelessness and alienation. The person's reluctance to seek medical help due to fear and anxiety further highlights their feelings of being alone in their situation. Overall, the alienation-related stress seems to be a significant factor in this person's mental state.",3.0,
132,4183,"I posted it here and people didn't believe me back then, I cared about it before but I don't care anymore.

I'm serving in the military and I feel shit about it.
I feel broken inside, I changed in a very bad way.

I started having brake-downs and even wetting the bed.

I feel embarrassed, ashamed, and the worse part is that I still have 2 years left (I served 1 year so far).

I haven't told anyone about wetting the bed as I'm not 4 years old. And frankly speaking I just don't want to think about it.

I'm thinking about just ending it sometimes... But I don't want to cause my family and friends any unnecessary sorrow.

I hate it. I hate myself. I hate my life.

If you read so far, thank you.",C4,"The person is experiencing deep emotional distress and self-hatred, which are commonly associated with relationship-related stress. The feelings of embarrassment, shame, and the desire to shield loved ones from sorrow indicate that the source of the stress might be related to personal relationships or dynamics within the military environment. Additionally, the reluctance to share certain personal struggles like bed-wetting suggests a fear of judgment or negative impact on relationships.",1.0,"i feel ashamed, embarrassed and the worse part is that i still have 2 year left, started having brake-downs and even wetting the bed, hate my self"
133,4184,"I‚Äôve been struggling with depression, S H since before my teen years and just started to barely get hold of myself. 

Like just today morning my brain was like, ‚ÄúLIFE IS MEANINGLESS! I WANT TO DIE! LET‚ÄôS DO IT AGAIN! WRIST THEN FOREARM BECAUSE WE‚ÄôRE DOOMED!!!!!‚Äù

And I was like, ‚ÄúBAD BRAIN!!!!!‚Äù 

Then I realise: Even if the situations triggering you are no longer present, even if everything is running smooth by others standards, your brain still relies on its default thought pattern. The only thing one could do is to bypass these thought patterns until it becomes the default. 

Therapy finally made sense.",C3,"The person mentions struggling with depression and suicidal thoughts, indicating a mental health issue that requires medication and therapy. The reference to the brain's default thought patterns and the need to bypass them suggests a deep-rooted issue that may benefit from medication-related intervention and therapy.",5.0,"life is meaningless, want ton die"
134,4185,"Hello I am certain that I have been suffering from anxiety and depression for a number of years. As a result I completely withdrawn myself from society but the end of last year it was time for me to get a job, try and put myself back out there and hopefully make myself live bit more comfortably, and maybe give myself a chance of recovering life in my late 20s. I also believe I have dypraxia as I have difficulty talking to people in certain situations but I have complete fluency in others.

However, having got this job I'm experiencing a number of things of which I have experienced in every role since I have been working and that is people are quick to jump to conclusions, and this isn't me being paranoid. This is an accumulation of experiences that are similar for me and I know what will happen in a few months I'll be the most hated person at that job and everyday I go, they will most likely give me hell.

Can I say I have a mental health condition to my employer if I haven't been diagnosed? I don't really want them to personally attack me every time I enter a new workplace because I would like a chance of living too. Why are people so quick to assess one another then give them hell because one person front talk properly? 

I really needed a job which is why I never said anything about a mental health condition as I believe this would have almost certainly affected my chances. 

What should I do? Because if I don't do anything then I know what will happen during this adventure of employment, I will have to leave because of comments and accusations that aren't true. Something doesn't seem right there. Also, I know there is something wrong because hardly want to talk to anyone nowadays. I have no friends out of choice as an example. I dreamt of working very insular jobs growing up. Well may as well kill myself because no one can help they can give me placebos but they won't give me the one thing which will cure depression and other mental illnesses in an instant but they can't give me the job I wanted to do with my life so tell me what is the point? Thank you for reading and your time because it really wasn't worth it",C5,"The person appears to be experiencing feelings of alienation, isolation, and a sense of not fitting in with society due to their struggles with anxiety, depression, and potentially other undiagnosed mental health conditions. They feel misunderstood and judged by others in various job roles, which has led them to withdraw from society and not have any friends. The person's concerns about being quickly assessed and unfairly treated in the workplace further indicates a sense of alienation and disconnect from those around them. These feelings of alienation and lack of belonging seem to be a significant source of distress for the individual.",3.0,
135,4186,"I‚Äôve changed so much since I‚Äôve gotten depression, I stop caring about school my relationships with my friend, I stopped caring what peaple think about me (witch can cause me to an asshole) before depression I thought I wouldn‚Äôt even touch alcohol and now I‚Äôm starving to do shrooms (don‚Äôt drink that much) I used to get decent grade and try now I‚Äôm just passing bc my teacher are rounding up my makes to 50, I‚Äôve recently stopped cutting but only bc I have nothing to do it with and my gf doesn‚Äôt want me to. I just wanted to get this off my chest",C3,"The mention of drastic changes in behavior and attitudes as a result of depression, along with the struggle to cope with school, relationships, and substance use, suggests a high level of distress stemming from medication-related issues.",3.0," I stop caring about school my relationships with my friend, I stopped caring what peaple think about me,  I wouldn't even touch alcohol and now I'm starving to do shrooms "
136,4187,"I'm a 53 year old man and my life has sucked on so many levels. I've been married and divorced 3 times and several LTRs over the years, including the one I'm in now (over a year and we live together). I've got 5 kids, one just turned 13 last week. She wants nothing to do with me, nor does 2 of her half-sisters, who aren't even nearby (I called DFCS after we split because there were (literally hundreds) of roaches in the apartment in which we lived and she would so nothing about, among other things (like the time her autistic son found her loaded, insecure handgun), but those details are just stuff since I'm now a pariah. 100% would call again. So anyway, no contact with the youngest 3.

But what I'm really struggling with is, ""Why not?""

I know all of the typical reasons involving everyone else, that they'll be hurt, it will affect them horribly, etc. But what about me? Why not? My girlfriend really doesn't like me tbh. (she said I'm the rudest person she's ever met and I believe she means it, even though I've never been told that I was a rude person in 50 years.

But for me, aside from how it affects others, why the hell not? I have no religious faith, because I just don't. If you take away how it affects others, I just don't see a reason to keep living anymore. My job sucks, my girlfriend doesn't even really like me apparently, and I see my parents once a year for 2 days or so and my only brother I haven't seen in 7 tmyears even though we get along.

My hearing sucks, I'm constantly having to ask people to repeat themselves and that frustrates all involved. And even when I don't, I have really loud tinnitus. Neuropathy, ADHD, constant joint pain (not debilitating but always there), frequent memory loss (my gf had to show me pictures of our 3rd date at a steak place because I didn't remember it all and that's not uncommon).

So, why? My current relationship is probably ending soon anyway. For me, what's the point? I don't want to hear about how it affects others because that just adds more guilt to what's already been a pretty shitty life and kinda makes me want to stop that guilt too because I wouldn't have to feel it. I know it's selfish and suicide is indeed probably the most selfish thing I can do. I get that.

But why oh why should *I* want to keep on living when my whole adult life has been a cycle of misery and promises to be more of the same.

I know I shouldn't, right? In my head. But my heart just wants it all to be just over.

Help?",C4,"The person's mental state seems to be heavily impacted by relationship-related stress. The individual has expressed feelings of loneliness, rejection, and conflict in their past relationships, both with partners and with their children. They also mention that their current relationship is on the brink of ending. This intense emotional turmoil and the struggle to find meaning in their relationships indicate a significant level of distress in the realm of relationships.",4.0,"i ahve been married and divorced 3 times and several LTR's over the year, my girlfriend really doesn't like me, she said i am the rudest person she's ever met "
137,4188,I assume that death by virus or something else would be less than suicidal.,C3,"The mention of death and comparing it to suicide implies a heightened level of concern related to mortality, which could be linked to anxiety or mental distress needing medication for relief.",3.0,"death by virus, something else would be less than suicidal"
138,4189,Had a good run can't take it anymore can't figure out a reason not to end it,C1,"The person seems to be expressing feelings of being overwhelmed and lacking motivation, which may indicate being in a distressed mental state. However, the mention of having had a good run implies that there were positive experiences before the current struggle, suggesting an overall good mental state.",0.0,
139,4190,"Goodbye

I wish things could have gone differently, I hate every second of life. I hate every thought that I have, every breathe that I take and every piece of my life. I don‚Äôt want to suffer for the rest of my life, but I also don‚Äôt want others to suffer for my ‚Äúselfish‚Äù choice. I hated growing up, biasd, everyday insults 

for something that I didnt do. I hated going home and then going back to school feeling different and separated from everyone else. I rushed life, I didnt do anything important growing up, I had amazing friends that I love and who also are the reason that I‚Äôm still here. I was always told that I didnt know 

anything, and maybe I don‚Äôt, maybe this is a foolish choice, maybe theres a hell. I feel like my life is just going into a dead end. I hate college I dont even know what I want to do with my life, I feel like im wasting my time, but at the same time I feel like Im learning more about my self but why the fuck is it 

so hard? I have a chance to go the campus therapist, but for some reason i keep hesitating to call, its like I need someone to push me, but theres not going to be anyone, its just me alone in my dorm room. I just dont want to live anymore. I feel like Im worthless, I have zero value, I need someone. I feel almost like i‚Äôm only living for others..",C5,"The person's feelings of hatred, suffering, feeling different, separated, rushing through life, feeling worthless, and living for others indicate a sense of alienation and disconnection from oneself and those around them. The mention of biases, insults, and feeling like not knowing anything further suggest a deep-seated sense of alienation and exclusion, leading to significant emotional distress and a desire to escape from the current state of being.",1.0,"i hate growing up,biased,every day insults, hate every second of life, i ahte going  home and then going back to school is different"
140,4191,"I've actually had my suicide note writen out ages ago, now i'm thinking of getting something that'll help me to do it when i'm ready, i won't specify what exactly, i honestly don't feel like things are worth it right now nor do i feel like i'll actually be understood with what i think about the future and my life, i just want to opt out and not continue existing anymore, what's the point of life if we're all going to die one day anyway.",C3,"The person's suicidal thoughts and feelings of hopelessness suggest a mental state related to medication stress, indicating a need for immediate professional intervention and support.",0.0,
141,4192,"I just don‚Äôt have feelings of happiness or feel good anymore. Everyday just feels like a cloudy dream over and over again. 

I used to have such a zest for life and over the last 3-4 years it has completely disappeared. 

I can‚Äôt go on living and feeling like this on a daily basis.",C5,"The person is feeling alienated and disconnected from their emotions and the joy they used to experience in life. They describe feeling as if in a cloudy dream, indicating a sense of disconnection from reality and emotions. This prolonged feeling of emptiness and lack of happiness suggests an alienation-related stress.",5.0,"just feels like a cloudy dream over and over again, don't have feelings of happiness or good anymore"
142,4193,I feel like since she left there is no good reason for me to live. I have loving friends and family and a pretty good life but it‚Äôs like that stuff doesnt matter when all I want is for her to love me but she doesn‚Äôt she left me for him and I‚Äôll never understand why.,C4,"The premise reflects relationship-related stress, where the person is struggling with feelings of abandonment, rejection, and heartbreak after someone they loved left them for someone else. This has caused them to question their self-worth and purpose in life, despite having supportive friends and family around them.",4.0,"i want is to love me bbut she doesn't, she left me for him, i have loveing friends and family and a pretty good life but it's like that stuff doesn't matter, "
143,4194,"I feel like people don't understand the fact that being suicidal is not all about ""wanting to die"". I don't want to die, I just want the pain I'm causing to myself and those around me by being a burden to end and dying seems like the most relevant solution as most of the other stuff I have tried has failed. I think that's why I oversleep a lot, that way I'm not really living, its like temporary death, death without commitment. I don't even know what I'm talking about I guess I just want the pain to end.",C5,"The person expresses feelings of alienation, believing that others do not understand their struggles and the complexity of their suicidal thoughts. They also mention feeling like a burden to themselves and those around them, seeking relief from pain through an escape from living, which can be indicative of an alienation-related stress.",5.0,"i just want the pain to end, i am not really living, it's like a temporary death, i oversleep a lot"
144,4195,"I don't know what I want to do in the future because I just don't want to experience anything of it. It has always been like that.

I feel like as if we live in a big factory. We are used until we break. We are numbers and treated as if we are worth nothing. It makes me sick. I want to escape it but there is literally no safe place on this planet.

I don't have any plans because I don't want to be a part of this cruel machine any longer. 

Do you have difficulties making future plans because you don't really see a future for yourself? Can you relate in some way? What is your reason?",C5,"The person is expressing feelings of alienation and hopelessness towards society and the future, mentioning a lack of desire to be part of a system they perceive as dehumanizing and inescapable. The mention of feeling like a number in a big factory and the desire to escape but not finding a safe place indicates a sense of alienation and disillusionment with the world. This existential crisis and perception of being unable to see a positive future for oneself align with the category of Alienation related stressed.",5.0,"don't know what i want to do inn the future, i just don't want to experince anything of it, make me sick"
145,4196,"Well, I‚Äôve been thinking about posting on here and you know what? Today I‚Äôm just going to do it. I‚Äôve been feeling abnormally sad for almost five years now. I‚Äôve never gone to get clinically diagnosed with depression so I won‚Äôt say I have it-but after having some dark thoughts these past three years...I won‚Äôt deny it if that ends up being the case.
   I have always had a small group of friends, and that circle is down to three. Out of those three friends, I have had one since 1st grade. After a mess up on my part (that happened almost three years ago), we haven‚Äôt been as close as we once were. We don‚Äôt share emotional things anymore. But we do laugh and joke a lot. That‚Äôs mainly what our friendship is now. We only talk when we see one another, and if we contact each other over text-she usually finds a way to cut the conversation short. I know I‚Äôm loosing her. It hurts but I know she will find someone better than me to be by her side....
   I have a second friend, she‚Äôs been my friend since 6th grade. I don‚Äôt feel like I‚Äôm loosing her as much as the others-but life issues are getting in the way of me seeing her so we haven‚Äôt been able to talk much-if at all...
  And my last-perhaps my closest friend now, just admitted today that he doesn‚Äôt believe in the whole ‚Äòfriendship‚Äô ordeal. He said that he believes none of his friends actually like him-and he said that right to my face today. He‚Äôs detached from people, and when he thinks people don‚Äôt care about him...he doesn‚Äôt care about them. On top of that he‚Äôs been really distant lately, and we don‚Äôt have the deep conversations like we did in the past. When we talk it‚Äôs about nothing in particular and it hurts the most seeing him go because he‚Äôs always been there for me during my super low times. In response to what he said, I promised him that I would never stop trying to show him that I cared for him, but he brushed me off and said have fun trying.
   I feel like I‚Äôm loosing my friends slowly. I don‚Äôt talk to anyone anymore. I feel alone. I hate going out into public because that reminds me of how people have friends...when mine are slowly fading. I don‚Äôt know what to do anymore. They are the reason I‚Äôve been pushing through-and the reason I have pushed through in these past five years. I don‚Äôt know what to do.
   I can‚Äôt talk to them because they aren‚Äôt very emotional, and the one that is (the one that I haven‚Äôt been able to see due to life issues) doesn‚Äôt deserve this type of weight on her shoulders. I guess this is just more of a vent to get this off my shoulders. I could go on and on about so many different things but...this is the one that has been killing me as of lately. 
   Thank you so much for taking the time out of your day to read this. And...I know I sound hypocritical but...please never give in. Please. You matter.",C4,"The person is experiencing relationship-related stress. They are feeling sad, lonely, and abandoned by their friends. The gradual loss of connection with their long-term friends, the lack of emotional support, and the feeling of being alone are all indicative of relationship-related stress. The person's emotional pain and distress stem from the diminishing bond with their friends, which has been a significant source of support for them over the years.",1.0,"i have been feel abnormally sad for almost 5 years, doesn't share emotional things anymore, feeling lie lossing my friends slowly, feel alone, hate going out into public "
146,4197,"Everything i did to get out of depression and being suicidal backfired.... here's everything i tried.

1: i have tried being useful,i got a job, as a car mechanic, just to help people, but i somehow broke my arm... i quit that job... and didn't get accepted to any other jobs

2: i tried to find love, it was not really succesful.... i do get contacted by people, but its never to hear how im doing, or anything alse, i always get contacted by people when they need help, making me feel used... that stopped though, all becouse of: 

3:i tried making myself happy by making others happy,and it worked! For two weeks. becouse surprise! I got used again, i talked to people that i tought of as my friends, but it all backfired, fell in on itsef, and made me look like an asshoe who tries to make everyone fight. They all left me, used and alone... i'll be staying for a week, after that, goodbye...",C4,"The person's attempts to find love and build relationships have consistently backfired, causing feelings of being used, alone, and ultimately leading to suicidal thoughts. This relationship-related stress and repeated disappointments in interpersonal connections can be identified as the main cause of their current mental state.",2.0,"i quit my job and didn't get accepted any other jobs, i always contracted by people when they need help and make me feel used"
147,4198,"I tried yesterday, I take almost 30 pills of sertralina, waking UP make me feel like trash, im done, I cut myself again trying to stop my head from runing but I can't, I Will try again tomorrow, this time ist gonna work, I hace 12 Years with this and its enought, love you all",C3,"The mention of taking 30 pills of sertraline, feeling like trash, and cutting oneself indicates a state of extreme distress likely related to medication. The mention of trying again tomorrow and stating that this time it will work also highlights the ongoing struggle with mental health related to medication.",3.0,
148,4199,"It just feels like life is a stack of endless bias and trauma from being born. I would prefer not to spend my life friendless, alone, and bullied or biasd for what seems like just being alive. And I‚Äôm sick of explaining what‚Äôs going on. No one is helpful and ppl think their lives and perspectives and view points are the only ones that seem to exists. Life is truly miserable I can‚Äôt even get out of bed anymore. I use to want to fight to be a musician. For what? To continue being biasd and mistreated? Fucking hell where does this shit end.


I guess the real question is how do people find ways to live for something they don‚Äôt mind being biasd for. Something that is more gratifying than actually suffering. For me it is making music and sharing it. That‚Äôs all. If I don‚Äôt blossom as an artists I can‚Äôt see any other way to make the pain worth fighting on for. I really need to focus on my music even if It kills me trying to reach my goals. What else is there for me to be alive for. I hate being biasd and hate most things in life. Having a mediocre job isn‚Äôt worth being mistreated for. I have to die trying to do something from my wildest dreams or I will pull my plug. I‚Äôm just talking about myself. If you find joy in something I don‚Äôt then that is great. Whatever keeps ppl alive.   (Talking to myself trying to convince the shadow in my mind to not give in)",C5,"The person expresses feelings of alienation, loneliness, and being bullied or biased. They feel that life is filled with bias and trauma just from being alive, which indicates a sense of disconnection and alienation from society. The person also mentions feeling friendless and alone, highlighting a deep sense of isolation and lack of belonging. These feelings of alienation and despair are consistent with the type of stress associated with alienation related issues.",1.0,"just feel like life is stuck of endless bias and trauma from being born, spend my life freindless,alone and billied or biasd, no one is helpful and people think their lives and prespecctive and view points are the only ones that seems to exits"
149,4200,"Every day is the same. Wake up, go to college, do useless work, come home. Sometimes I have fun, but its only temporary.",C5,"The person feels alienated and disconnected from their daily routine, indicating a sense of monotony and lack of fulfillment in their activities.",0.0,"wake up,go to school,do useless work,comehome, have fun but its only temporary, every day is the same"
150,4201,The only reason I‚Äôm alive is for the fact I don‚Äôt want the people who care for me to feel the pain and suffering that I go through everyday if I was to commit suicide üò≠ I don‚Äôt want to live anymore...,C4,"The mention of suicide and feelings of not wanting to live anymore indicate a deep emotional distress related to relationships, possibly feeling burdened by the impact it would have on loved ones.",0.0,"don't want to live anymore, feel the pain and suffering that i go through everyday"
151,4203,"I keep waking up with an immediate dread having to be here. Nothing brings me joy anymore and the things that seem promising quickly turn into bitter disappointment. I dont want to go through the motions anymore. My life isnt objectively bad, but subjectively Im miserable and severely depressed. Ive never really planned on life past 30 and I dont want to grow old. I dont fit it anywhere and I‚Äôm constantly ignored by the few that catch my interest. My life is gray and I cant imagine a future where I‚Äôm truly happy, everything is so fake.",C5,"The person's feelings of alienation, being constantly ignored, feeling like they don't fit in, and perceiving everything as fake suggest they may be experiencing alienation related stress.",5.0,"nothing brings me joy anymore, things that seem promising quickly turn into bitter disappointments, everything is so fake"
152,4204,"I used to have such a passive stance... I had this ""I don't care"" attitude obviously I was sad but I was kinda calm... Now after doing some stuff for myself got a little back to my feet I still feel sad but what changed is when something bad that I don't deserve happens I get so mad, when someone wrongs me I want to punch the shit out of him, when someone gets something that I deserve I get so frustrated to the point of crying in front of everyone... I AM A MAN FFS. To sum up the problem is that when I had given up on life everything seemed so ok and calm and now that I am putting effort into making my life better I cannot fucking control my emotions... I am like a fucking volcano, crying at ""random"" times, yelling out of nowhere, punching walls etc. Has anyone been through a similar situation?",C4,"The person's change in emotional response to feeling wronged, frustrated, and not in control, as well as the mention of crying in front of everyone, indicates a significant level of distress in relationships. The extreme reactions such as wanting to punch someone and feeling the urge to cry in public suggest a deep emotional turmoil specifically related to interactions with others.",5.0,"i cannot fucking control my emotions, get so frustrated to the point of crying in front of everyone"
153,4205,"Hello everyone, just to preface my doctor has diagnosed me with depression, anxiety, and ocd.  Recently I have been filled with self hatred. I am 5‚Äô7‚Äù and weigh 140 pounds. I am convinced I am fat even though this is a very average body weight. When I look in the mirror I think how ugly I am. People tell me I am attractive but I do not believe them. I feel like my life is a failure. I graduate college with a degree in fine arts and history with honors...this is not good enough. I feel as if I am very ignorant and perceived as such. I‚Äôm have traveled abroad three different times...yet when others tell me about their travels I feel inadequate. When ever I go out into public I think everyone hates me and is talking about me. I also constantly google mental illness and symptoms because I am convinced something is majorly wrong with me...even though three doctors have told me I am ‚Äúnormal‚Äù. I take multiple mental health quizzes everyday to see if I have lost my mind. I am constantly asking my coworkers at work what they think about me. I am an artist and believe every work I produce is garbage. Even with people validating me I usually don‚Äôt believe them. Any advice?",C3,"The person is experiencing a multitude of mental health issues including depression, anxiety, and OCD as diagnosed by a doctor. This indicates a high level of distress and struggle with mental health conditions. The self-hatred, body image issues, feelings of inadequacy, perceived ignorance, and constant search for validation and reassurance through mental health quizzes and coworkers point towards the stress and anxiety related to medication and mental health issues.",1.0,"i have been filled with self hatred, i am fat and though this is a very average body weight, feel like life is failure, i think everyonr hate me and is talking about me"
154,4206,"It has been almost six months since I started thinking of dying. With all the issues I'm dealing with, it seems to be the best option. I am now very confident and thinking of doing it the next Sunday. However, I'm still kinda confused. If you think that I should not do this, please let me know. At least someone may give me hope.",C3,"The mention of thinking of dying for almost six months and considering it as the best option indicates a serious mental health issue that may require medication. The person seems to be searching for hope and is seeking validation on their decision, which is common in medication-related stress.",5.0,"i started thinking of dying, "
155,4207,"I brought this up since it happens around thirty seconds ago

I‚Äôll be sitting in school and all of my depressed thoughts just break the dam they are so inconvenient considering they become all i think about how I‚Äôm trash and everyone sees me like that this is fucking brutal I have dealt with this shit for 3 years now I‚Äôve had enough I wish I could get help but I have a very weird head problem we‚Äôre I‚Äôm embarrassed to get help no matter how many times I‚Äôm told getting help is ok I just can‚Äôt see a way out",C3,The mention of having a 'weird head problem' and feeling embarrassed to seek help despite knowing it's okay indicates a struggle with mental health and medication-related stress. The reference to 'depressed thoughts' and feeling like trash also aligns with this category.,1.0,
156,4208,"I don't think I enjoy life.

I enjoy the moments most, where I either distract or numb myself from most of what's happening around me, like when I play videogames, stay up late, wake up late, over and undereat or get myself drunk. 

I've felt like this for so long, I just don't want to suffer.

I want to redo and right all the things that I wronged
All the people I've hurt, all the relationships that I broke. 

I know I don't get a second chance at all that and neither can I fix what's wrong with me, why I can't feel happy, joyful and innocent.

Germany just allowed doctor assisted suicide and I want to reach out to end it.

But I know that I will break my parents hearts by doing so, I know how sad and devastated they'd be

I just can't do anything to stop it. 

Just let the sadness end please",C5,"The person expresses feelings of emptiness, disconnection, and a desire to escape from their current state through distractions. They mention the inability to feel happy, joyful, and innocent, indicating a sense of alienation from positive emotions and experiences. The contemplation of doctor-assisted suicide as a means to end their suffering and the awareness of the impact on their parents also point towards feelings of alienation from life and a desire for the sadness to end.",1.0,"don't think i enjoy life, i want to redu and right all the things that i wronged all the peeple i've hurt, all the relationship that i broke, can't feel happy, joyful and innocent, i will break my parents hearts"
157,4209,i just want to disappear painlessly,C5,The mention of wanting to disappear painlessly suggests a feeling of alienation or disconnection from the current situation or surroundings.,0.0,
158,4210,"Like the title says, I often times feel like I'm just a side character in the lives of those around me (19 M in college). It sucks. I was diagnosed with MDD about 2 months ago after struggling to convince myself I needed help for about 2 years, and it just kind of feels like despite trying to be more present in the lives of those around me I end up hurt and ignored no matter what I try. For example, I have tried to get into the habit of asking my roommates what they've been up to recently, how their day is going, if they want to get food, etc., and it just kinda feels like they don't have the time or motivation to reciprocate. When I try and share something from my life, I just feel like they shrug me off or ignore me completely. Every day feels like I am growing apart from those around me and needless to say it's not fun. I am introverted by nature, so socializing can often be exhausting, so I guess it's just even more insulting when those around me blow me off despite the colossal effort it can take to even say hello.",C5,"The individual is expressing feelings of alienation and disconnect from those around them. They feel like a side character in the lives of others, indicating a sense of isolation and not being fully integrated into their social circle. Despite making efforts to engage with their roommates and be present in their lives, they perceive that their attempts are often met with indifference or disregard, leading to a growing sense of being ignored and growing apart from others. This sense of alienation and lack of meaningful connection is causing distress for the individual, contributing to their overall negative mental state.",5.0,"i end up hurt and ignored no matter what i try, just feel like they shrug me off or ignore me completely, "
159,4212,"So I‚Äôve struggled with depression on and off my whole life. I graduated recently and was lucky enough to land a pretty decent job. However, since I‚Äôve moved and started the job I‚Äôve relapsed heavy. I know it‚Äôs common for people to be lonely when making a big move and being in a new environment. I tried to end it all when I was in hs and told myself I would never go back to that place. I decided to get help a few months ago when those thoughts came back and I‚Äôm glad I did. I won‚Äôt bore you with all the details but work was the reason for a lot of my issues so i decided to be proactive and change it. Well today i just got an offer at a company that I‚Äôve wanted to work at since I started college! And best of all it‚Äôs back in the same town as all my friends who graduated with me. I know I will be happy there, more so than this place. And I‚Äôll be surrounded by people who made me enjoy my life for those short 4 years. I‚Äôm hoping this was the change that I was looking for. I made every excuse as to why nothing would get better and to just live it out. I start next month!

Btw I signed up for BetterHelp for my therapy. It‚Äôs not for everyone but I‚Äôm very shy and have had bad experiences with psychiatrist and counselors. It was just more excuses I made to not get help.",C1,"The person's mental state seems to be improving as they have taken proactive steps to seek help for their depression, such as getting therapy through BetterHelp. They have also shown a positive outlook and hope for the future with the new job offer and being back in a familiar environment with supportive friends. The person appears to be in a good state overall, looking forward to positive changes in their life.",2.0,
160,4213,"So, I'm new to Reddit and mostly for the sole purpose of being a bit social and talk about my depression and anxiety issues.. Though I aspire to be an artist, that's what my username is all about, and express myself that way because I haven't been able to express myself in a very long time.. 

Today is my easy-going day.. so I smoked some ganja, eating some chocolate and trying to get myself out there, even if that is online and far away from living, breathing human beings! :3 (my boyfriend does the shopping, I just hide from the world). 

&amp;#x200B;

Anyhow, not sure what else to say.. I mean.. it says 'behave like you would in real life' so I guess I'm going to go back to hiding now :3",C5,"The person shows signs of alienation by mentioning their struggles with expressing themselves, preferring online interaction over face-to-face contact, and relying on substances like ganja to cope with their feelings of depression and anxiety. They also mention hiding from the world, which further indicates a sense of withdrawal and disconnection from others.",3.0,"i smoked ganja, anxiety issues, "
161,4214,"Just wondering if anyone is having the same problem as I. I am struggling for about 3 years now and I am not getting better anytime soon. Im getting sick of the job that I am doing, although I am good at it but it doesn't mean that it is what I want to do for the rest of my working life. The problem is I cant seem to stay at this type of job for more than a year. Ive been with 4 companies already within that span of 3 years. Plus I am losing my will to even work because Im about to lose my son, my partner and I had this stupid fight and decided to cut my ties between them. I am so lost right now and I cant sleep most of the time. I dont know what to do. Problems keep on adding and adding up. I need some advices to keep me sane. Or I might end up dead one day.",C4,"The person is expressing significant distress related to their relationship with their partner, mentioning a fight that led to potential separation and the fear of losing their son due to this. This relationship-related stress seems to be a primary driver behind their emotional turmoil, leading to feelings of being lost, unable to sleep, and a fear of their situation escalating to a dangerous level. The person's focus on their strained personal relationships indicates that relationship stress is a key factor affecting their mental state.",2.0,"i am getting sick of the job that i am doing , th problem is that i cant seem to stay at this type of job more than a year"
162,4215,"I feel like everyone says ‚Äújust wait it gets better.‚Äù I‚Äôve been waiting for 11 years. Good things have happened to me in that time, but it‚Äôs still not better.",C5,"The person is expressing feelings of alienation and detachment, as they feel disconnected from the common advice given by others. Despite some good things happening, they still feel that their situation has not improved over an extended period of time, highlighting a sense of isolation and disconnection from the notion that things will eventually get better.",0.0,
163,4216,"I suffer from extreme lonliness and endure depression from it.  

I once tried to get professional photos done and the photographer was very rude and not understanding why it was so hard to just smile or look more optimistic.  

Sounds weird but is there such a thing as photographers who understand those who are depressed and are willing to be more understanding and insightful for the depressed?",C5,"The person expressing extreme loneliness and enduring depression indicates feelings of alienation. The negative experience with the unsympathetic photographer further intensifies the sense of being disconnected and misunderstood. Seeking understanding and insight from professionals, even in unconventional settings, highlights the deep-seated alienation and desire for connection.",5.0,"i suffer from extreme loneliness and endure depression from it, "
164,4217,"I‚Äôve been diagnosed with depression by two different doctors, but they would do their consults so quickly I think they could be wrong.
I don‚Äôt feel like hurting myself, I don‚Äôt feel like killing myself (even though I think about how I would do it), I just can‚Äôt do things.
Looking of how it is for other people I wonder if I haven‚Äôt been misdiagnosed, and be just lazy.",C3,The person is experiencing medication related stress as they doubt the accuracy of their depression diagnosis and treatment by two different doctors. This uncertainty about the diagnosis and the lack of improvement in their condition may have led to feelings of questioning their own mental state and worrying about being misdiagnosed as lazy instead of truly depressed.,3.0,
165,4218,"she told me she doesn‚Äôt have the energy to deal with me anymore. i‚Äôm such a shitty daughter and if she‚Äôs had enough. idek what else to say, i just really don‚Äôt see a point anymore.",C4,The person appears to be experiencing relationship-related stress due to feeling inadequate as a daughter and sensing detachment from their mother. The mention of not seeing a point anymore could indicate a deep emotional distress tied to the strained relationship.,0.0,
166,4219,"I went out casually with someone who died from suicide weeks after he found out I was seeing other people before I even called things off with him. Back then i didnt think it would be wrong because I thought i made it really clear that while I liked him, we weren't exclusive.

Sometimes the self blame and guilt get so immense and overwhelming and I want to go, too. Sometimes I'm terrified that if it was really my fault, it would come bite me in the ass one day. That thought intensifies the urges to tap out, because I think it would take the blame with me.

It also scares me whenever I remember that analogy about glasses being full, and what if this is how my glass spills over? How do I empty my glass?

Is it my fault? Will I ever feel like it wasn't? Is it okay to feel like it wasn't?",C4,"The intense self-blame, guilt, and fear of being responsible for someone's suicide, as well as the overwhelming emotions and desire to escape, indicate a significant amount of stress related to the past relationship and the tragic event. This falls under the category of relationship related stress.",4.0,"i though i made it really clear that while i liked him, self blame and guilt get so immense and overwhelming"
167,4220,"Sry for my English,Hello Reddit, I‚Äôm only have 24 hours to live,cuz after that I‚Äôm gonna kill my self, beginning from the start, My Names is Andrey.I was born in little Siberian town Uzhur, I‚Äôm live like a anyone else, but one day, my friend told me about csgolounge(website where u can bet on teams csgo), it was 2013, and I start betting, for 19 from 1$ I had 2000$ for 13 y.o kid it was a lot especially in Russia, I spent all this money for my new pc around ~1000 $ and 1k$ to help my parents, it was hard time for us, this money rly help us,for next 5 year, I continued betting,some times win, sometimes lost, but don‚Äôt be rly in, but all changed in September 2019, my dad got ischemic stroke(now he is fine),I forget about everything (study, girl and friends) I just sit at home and play video games and betting, it was good per month I can make like a 3000$ from 50$ it was so fucking good, but all changes in December, I lost like a 5000$ and was so tilted and takes debt(2000$) I think I can increase like 3x or even 4, but I‚Äôm lost everything, i don‚Äôt ask for the help, i just beg don‚Äôt start betting cuz it‚Äôs only one way road in the end that u just end like me.Ty for Everything and bye",C5,"The person expresses a sense of alienation and disconnection from their surroundings and experiences. They mention feeling consumed by online betting and neglecting important aspects of their life such as studying, relationships, and friendships. This behavior led to financial troubles, isolation, and ultimately contemplating ending their life. The individual seems to feel detached and overwhelmed by their circumstances, indicating a state of alienation-related stress.",2.0,"i forget about everything study, girls and friends, i just sit home paly video games and betting"
168,4221,"Perhaps I‚Äôm just playing the victim, but life has been pretty shitty lately and I‚Äôm spinning circles in my head. Am I the problem? Are all of the situations I find myself in, woven by me? Am I the diabolical monster weaving this fucking hell I‚Äôm stuck in? I‚Äôm so fucking tired of my brain coming to the conclusion that I am the victim. I‚Äôm tired. Some how it‚Äôs your fault that I‚Äôm codependent. It‚Äôs your fault that my choice in men has always been the worst. I mean, it has to be your fault that I married at 19, to the only person stupid enough to say yes. It has to be your fault that I‚Äôm four years into a relationship I feel has no escape. I‚Äôm drowning and I have the weight of an entire second person tugging at my feet. I fucking blinked and here I am. Years older but my brain feels like it hasn‚Äôt evolved in the slightest. Still easily disturbed and hurt. Still putting all my trust into one person just to be let down. Just to come to the harsh realization that they are human too, they make mistakes too. I know, I know‚Ä¶ Everyone fucks up, but why does it feel like the world is ending when the people that mean the most to me fall short of my unrealistic expectations? Why do I feel ridiculously deceived? Surely I am their whole entire life, surely their world revolves around me. Why do I get stuck with these insecure, unsure thoughts rolling and crashing in my head. Surely it‚Äôs your fault, of course. I mean you were supposed to be the only man that never left. You were supposed to be the one that held me when I was let down. You were supposed to show me that I deserve more than what my taste lusts for. I‚Äôm sorry you never had that either. I‚Äôm sorry no one ever showed you right from wrong and I‚Äôm sorry no one held you when your heart was broken. 

I just don‚Äôt know what to do now. I keep trying to stay in a rational state of mind and stray away from the path that was paved for me. It just so hard when I keep playing the victim.",C4,"The person is expressing deep relationship-related stress and feelings of being a victim within their relationships. They mention feelings of codependency, regret over past choices in partners, and a sense of being let down by those close to them. The individual also reflects on unrealistic expectations and the impact of disappointments in relationships. These emotions and thoughts suggest a significant level of relationship-related stress and turmoil.",4.0,
169,4222,"Aight, so I‚Äôm 15 and I completely fucked everything up and need help and don‚Äôt know what to do. I spend all my time in my room, the only time I leave is to go to go to school or smoke weed/take acid and md. I‚Äôm scared to talk to anyone, when someone I‚Äôm friends with talks with one of there I just leave cause I‚Äôm 2 nervous to talk. My best friends have given up on me, they tell me fuck off cause they don‚Äôt want to be around me. My parents have given up, I told them I wanted to go to therapy when I was 13 and they told me it was a waste of time. I don‚Äôt feel emotions, I haven‚Äôt felt happy/sad in about a year. I‚Äôm not scared of death anymore, I can‚Äôt sleep and I don‚Äôt know what 2 do. Every decision I make makes it all worst. What can I do to make it better cause currently all I can think is suicide.",C5,"The person is experiencing feelings of alienation, isolation, and disconnection from others. They feel abandoned by their friends and family, unable to express emotions, and have lost interest in life. The mention of suicidal thoughts and lack of fear towards death indicate a deep sense of hopelessness and despair. The use of substances like weed, acid, and md may be an attempt to cope with their emotional pain and numb their feelings. It is crucial for this person to seek professional help and support to address their mental health issues and find healthy coping mechanisms to improve their well-being.",3.0,"i leave is to go to school or smoke weed/take acid and md, i can't sleep and don't know what to do"
170,4223,"It's nothing but suicidal thoughts anymore. I could use a rope, or pills, and I know where my mom's gun is. I just can't take this anymore. It's been 13 years, and I was hoping it'd be done or better by now, but it's just getting worse. Not an hour goes by I don't think of it. I'm missing work because I just can't be bothered, I don't have health insurance so I've been off medications for about 2 years, I just can't handle this anymore. It sucks and I don't want it to continue. Weed helped for a while, but then it stopped helping. I just can't handle this anymore",C3,"The mention of suicidal thoughts, lack of access to medication due to absence of health insurance, and previous use of weed as a coping mechanism indicate a mental state heavily influenced by medication related stress.",3.0,"weed helped, can't handle this anymore"
171,4224,"I had sent him a picture of my cat sitting on a windowsill by an open window. I was thinking about how I wish I wasn‚Äôt depressed and how I wanted to just kill myself, and he sent me a message that said ‚ÄúNo don‚Äôt jump‚Äù but referring to the cat picture.",C3,The mention of depression and thoughts of wanting to kill oneself indicate a mental state related to medication and potential suicidal ideation. The person may be experiencing significant emotional distress and may need immediate professional help and support.,0.0,
172,4225,"I'm currently on Zoloft and Lamictal for anxiety. Few months ago I stated having panic attacks, but they resolved with zoloft. Yesterday something very freighting happened to me. As I was talking to my daughter's teacher I felt I was slowly disconnecting from the surroundings. I was forgetting where I was, who I was talking to. This horror lasted 2 hours. After I finally took Klonopin the symptoms stopped.  I'm relatively a healthy person. I will be seeing a neurologist to make sure that there is no other underling condition. Did this ever happened to you?",C3,"The use of Zoloft and Lamictal for anxiety indicates that the person is under medication-related stress. The mention of experiencing panic attacks and the need to take Klonopin further suggests that the individual is struggling with managing their anxiety condition. The feeling of disconnecting from surroundings and forgetting details during a conversation could be attributed to side effects or fluctuations in medication effectiveness, which are common concerns for individuals managing mental health conditions with medication.",3.0,"i stated having panic attacks, i am relatively healthy person"
173,4226,"It's nearly midnight where I am. I'm sitting in my bed, unable to sleep, and hitting a burnt vape. I have no job, no money, no passion or motivation, no coping mechanisms, and generally no happiness. I feel absolutely lost. I just wish I had some sort of purpose, but I just don't. I do nothing almost everyday, but have too much anxiety to do much else. I don't understand how people can get out of bed everyday and just do SOMETHING. I don't have motivation to really LIVE, but I continue existing for a reason I don't even know. All of my friends are depressed and feel generally lost too. But they have jobs and get shit done. And I just don't. I feel like a ship just dead at sea. I don't want to die, but just want to escape.",Alienation related stressed,"The person is expressing feelings of being lost, lacking purpose, motivation, happiness, and coping mechanisms. They feel disconnected from society and unable to find a sense of belonging or direction in life. The mention of not understanding how others can carry on with daily activities and feeling like a 'ship dead at sea' reflects a sense of alienation and disconnection from the world around them. The person's description of their friends being depressed but still able to function in their jobs further emphasizes the alienation they feel from being unable to achieve similar activities or responsibilities.",5.0,"sitting in my bed, unable to sleep and hitting a burnt vape, feeling absolutely lost, have no job,no mtivation,no passion,no money,no coping mechanisms and generally no happiness"
174,4228,"I was bullied for most of my school life. It started to get better at around 11th grade. Before that I have never really experianced girls that were nice to me. But for as long as I can think I have been dreaming about the soft touch of a woman. Not sexually but just being hugged. Or snuggling. Now at the end of 10th grade I started self-improving like theres no tomorrow. And it went uphill for me real quick. I started to work out daily, started fighting sports, joined the volunteer firefighters, volunteer wildlandfirefighters and recently sent out my application for the german red cross. It all went well exept one thing. I still wanted a girl to like me. Now more than ever before after I finished firefighting training and had my first ""psychologically demanding"" firecalls. Sometimes I just come home and wish that a girl would just come out of nowhere and hug me. I am still a kissless virgin even though from the outside I may even be desireable. At least thats what some people tell me. But because most of my life there weren't really any girls that were nice to me, I interpret every single nice thing from a girl as some kind of flirt. Then I get feelings for almost every single girl there was. They could be as bitchy as anything but as long as they're a woman, I would develop feelings for her and make advances. Openly flirting with almost every girl I knew. I was sort of known as the needy guy. Some people told me and I slowly realised that I had no chance with girls if I act like this. Then one of my ""favorite crushes"" (there are a lot of them) had a long talk to me. I told her how I felt about my needyness and my past. She told me I dont have any chance with her (she told me before) but that if I stopped thinking about girls all the time then maybe someone would actually turn up. That was the first time I really talked to someone about my problem and it was devastating. I couldn't stop thinking about women. For years when I'm home alone I'd pretend that there was a girl in my bed. Asking how ""her"" day was, making out with the pillow and everything. Sometimes at dinner I would put two plates on the table and just talk with ""her"" about ""her"" day. I didn't know how to help myself and because of all my volunteering work and sports I don't have time for a therapist. So then I had the idea of punishing myself if I'd think about women. And with no other ideas I started doing that. Every day I'd take my leather belt, take off my top and start belting away at my back. I'd take my phone and turn on porn and start belting myself so I would stop getting an erection when something sexual happens. At school and volunteering work I'd pinch my trizeps real hard whenever I'd think about women or would look at a girls butt or breasts. Now everytime I see a girl I'd just catch a glimpse of her and quickly look away. In the beginning it helped. I stopped thinking about girls. But after some time I was on edge all the time. Hurting myself at the slightest thought of someone. I'd look at women at firecalls or when I otherwise needed to. But otherwise I'd look away. And now it just hurts. My confidence has plumeted. I'm looking at the ground the whole time. I have spots on my back and arms. I am feeling like shit all day. Tired and with no motivation for anything anymore. I just dont know what to do anymore.",C5,"The person who wrote this premise seems to be experiencing feelings of alienation and loneliness. They have had a difficult time connecting with others, especially girls, throughout their school life. The lack of positive interactions with girls seems to have led to a strong desire for physical affection and emotional connection. This longing for intimacy has caused them to misinterpret innocent gestures of kindness from girls as romantic interest, leading to a cycle of unfulfilled desires and disappointment. They have also struggled with self-esteem and sought validation from others, particularly from women. The attempt to cope with these overwhelming emotions by punishing themselves shows a deep sense of self-blame and desperation. The person's awareness of their actions and the negative impact on their mental state reflects a sense of distress and confusion. Overall, the themes of isolation, longing for connection, and self-harm suggest that the person is under significant stress due to feelings of alienation.",4.0,"i slowly realized that i had no chance with girl, i couldn't stop thinking about women, thomking about the soft touch of a women, "
175,4229,"I‚Äôm only 14, but I‚Äôve been through 3 abusive parents, my mother is slowly going insane because she won‚Äôt accept that my sisters and I are growing up, so we have no freedoms whatsoever, I‚Äôm suffering from severe anxiety and depression, and I‚Äôm rapidly losing my vision, and the only reason I haven‚Äôt killed myself is my friends from band, but I don‚Äôt hang out with them because I feel like I‚Äôm a burden on everyone around me, I feel like people think I‚Äôm annoying, and I don‚Äôt want to subject them to that, so I kind of avoid people when I can. Idk what to do.",C5,"The person in the premise is experiencing extreme feelings of isolation, alienation, and loneliness. They feel like they are a burden on others and avoid people because they believe others find them annoying. This sense of alienation and disconnection from others is a key indicator of alienation-related stress.",4.0,"i have been abusive parents, my mother is slowly going insane because she won't accepts that my sister and i are growing up, i feel like people thinks i am annoying"
176,4230,"By nature of my mental health conditions, I'm someone who doesnt really have any aspirations in life and even if I did I wouldnt have the energy or stability to achieve it, as has proven to be the case in the past. I wouldnt say im depressed but more just apathetic and accepting of the thought that nothing will change, that this is as good as it gets. I've experienced all that I've wanted to experience so what more is there to do except wait to die? 

Im not interested in marriage, children or any type of career. I just spend all day sleeping, eating and watching TV which is getting boring after doing it for several years. It wouldnt be so bad if I could enjoy some of my solitary hobbies that I used to enjoy but now I just pick something up and then lose interest within a few minutes. It just feels like I'm delaying the inevitable at this point as I dont know how many more years I can put up with doing the same old crap until something other than myself kills me.

I feel guilty for thinking it but I just wish that my 2 family members that I'm close to would die just so that I can't feel guilty in my last moments about leaving them with grief. Then again, I know it'd be a relief for them in a way knowing that I wont be hopelessly trying to survive without them in this life. It's becoming easier to see the potential positives to me killing myself compared to the negatives. 

What's worse is that I'm transgender and have completed my transition (F&gt;M) but rather than it being a lease of life, its become more like a 'phew, at least now I can die in peace' type of situation. So theres a peaceful element involved now which makes it all the more tempting.

Im just progressively finding it harder to see a point in living and it doesn't seem like anything is able to change it at this point",C3,"The statement reflects deep apathy, lack of interest in life, and a sense of inevitability about the future, which are common symptoms of medication-related stress. The individual mentions the completion of their transition as a relief rather than a positive change, which could be indicative of the medications not having the desired impact on their mental state. The contemplation of suicide and the shift towards seeing it as a potentially positive choice further emphasize the significant mental distress experienced, suggesting that the individual's current medications may not be adequately addressing their underlying issues.",1.0,"i just spend all day sleeping,eating and watching tv, feel guilty for thinking it about 2 family members that i am close to would die, what worse is i am transgender"
177,4231,"I wanted to kill myself a couple days ago. My family was supposed to leave the house for a few hours, which would give me time to do it. They didn't leave and I'm so angry. It's not fair on them. They couldn't know. But I'm still so angry. I'm not supposed to be alive right now and yet, here I am. And it's all because they decided not to go. If I had chosen not to, been moments away and stopped because I'm a coward, that would have been fine. But no. I don't even get to blame myself for it. I just wanted it to be over but now I have to keep going for longer. I hate myself for hating them over this.",C1,"The person expresses feelings of anger, guilt, and self-hatred, which are signs of internal turmoil and distress. Despite the mentioned suicidal ideation, the fact that they are self-aware of these negative emotions and express a sense of conflict and self-loathing suggests that the person is in a very difficult mental state, rather than being primarily influenced by external factors. Therefore, the categorization leans more towards a general good state of mind with intense emotional struggles.",4.0,"my family suppose to leave the house for a few hourse, they didn't leave and i a so angry, it's not fair on them"
178,4232,"I feel like my life is spiraling out of control and I have no idea why and I hate it so much. Nothing ever seems to go right for me and I‚Äôm stuck in this stupid rut and I‚Äôm so fucking tired of it. My life is one long loop and I feel like there‚Äôs no purpose to any of it and I honestly just want it to be over because I have no idea what to do. I don‚Äôt have the energy to do anything I love anymore and nothing makes me happy because even if it‚Äôs going well I know that it‚Äôs just on the surface and deep down I still wish I was dead. I worthless, like I just take up space and I don‚Äôt deserve to get help. My little sister started going to therapy last year after my parents found out she was harming herself but I can‚Äôt even count the amount of times I‚Äôve sat on the floor sobbing to my mom about how I can‚Äôt take being alive anymore and no one has done anything to try to help me. I‚Äôm begging for someone to help because I feel like no one cares. 

The worst part is being tired. I‚Äôm so fucking sick of being exhausted no matter what I do. I‚Äôm always in a fog no matter how much sleep I get and I can‚Äôt focus or think. My head always hurts. I feel like my body is shutting down. I don‚Äôt have an appetite and I lost about 20 lbs since the summer. I gained some back and started hating the way I look so that‚Äôs going for me too now. Now I don‚Äôt eat because 1. it makes me feel sick 2. I hate the way I look 3. I know it‚Äôll hurt me. I‚Äôm fucking sick of all of it. 

For my entire life, I‚Äôm supposed to have been perfect. I can‚Äôt admit any of this to anyone because I‚Äôm so scared of being pitied or being vulnerable. My grades are slipping and I don‚Äôt know how to deal with it because my entire life is being a perfect student who‚Äôs going to get into a perfect college and if I can‚Äôt do that I‚Äôm fucking worthless and I should just be dead. On top of all that I think I might be a lesbian, and that is one of the things I hate most about myself, more than my body or personality or grades or anything else. 

I think about killing myself every single day but I‚Äôm too scared to do it. I have a plan and I have a suicide note written down just in case so it‚Äôs ready if I decide to ever do it. I don‚Äôt even want to die. I just want all of this garbage to be over. I‚Äôm 17 and I feel like I‚Äôm not going to make it another year if things keep going the way they are and I‚Äôm honestly scared. I just wish I was never born so that I wouldn‚Äôt even have to go through killing myself and that way no one would be hurt if I was dead. If I die I don‚Äôt have to apply to college or come out or worry about failing any more or eat or hate the way I look or hurt myself or anything because it would all just be over and I wouldn‚Äôt have to deal with any of this shit.  I‚Äôm so fucking tired of all of it. I can‚Äôt even think of a legit reason why I feel this way and that‚Äôs what I hate most of all. Everything is going wrong and there‚Äôs no tangible reason why and that makes me want to panic. I‚Äôm so frustrated and I have no outlet for any of it and I don‚Äôt even feel like a human any more. My whole life is barely keeping my head above water in school, coming home and chugging green tea so I don‚Äôt eat, and wanting to kill myself when something small goes wrong. I just want it to be over. 

tldr I wish I was dead and I don‚Äôt know why",C5,"The person expresses feelings of worthlessness, hopelessness, and alienation, indicating a state of alienation-related stress. They feel like their life is spiraling out of control, nothing seems to go right, they have no purpose, and they feel disconnected from others when expressing their struggles. The person also mentions feeling exhausted, not having an appetite, losing weight, and experiencing physical symptoms like headaches, all of which are common signs of alienation-related stress.",5.0,"i am worthless, my body is shutting down, i hate the way i look, like i just take up space and don't deserve to get help, feel like no one cares, i have no idea what to do,  i hate most about yself,more than body or personality or grades or anything else"
179,4233,"This feeling comes and goes and I usually keep it suppressed by submerging myself in mundane stuff. I am 34 years old and I have been dealing with these episodes of worthlessness since probably middle school. I grew up in a small rural town in Puerto Rico. I can‚Äôt say we all know each other, but everyone knows everyone else‚Äôs business. 

I  grew up in a  strict pentecostal family with many rules forced into my siblings and I. We used to go to church usually 7 days a week and on Sundays twice (Bible school in the morning and afternoon/evening service).  Secular music was prohibited and any tv material that was deemed ‚Äúdemonic‚Äù by the pastor. 

Of course, living in a pentecostal family made a huge impact on who I was from elementary school all the way until I decided to part ways with the faith later on in my 20s. I was so insecure about myself and tried super hard to fit in with the other kids. It was a challenge because I never felt understood by the others, mainly because I had nothing to relate with them. I was not allowed to listen to secular music or even go to the movies because of rules my mom enforced on all of us. 

That insecurity grew even stronger when entered high school, which of course was the worse years of my teenage years. There were so many things happening in my life at that moment that I thought in some weird way it was all normal. 

During the last years of elementary school my dad decided to distance himself from church. He became an alcoholic shortly after and everything went downhill from there. He multiple affairs that my mom was ware of and that didn‚Äôt turned out well for me. My mom became aggressive and depressed. I used to get hit for no reason that I can remember to this day.

I think she felt trapped because divorcing my father was not an option due to her fanaticism. My mom used to break stuff every day, scream and yell, stayed inside her room all day and praying for the most part. One positive thing I can say about her is that we were never hungry and somehow she always found ways to provide us with clothes and food. 

My dad disappeared for many months one time and I thought he gave up on us but specially on me. I felt so betrayed by him. My mom was also non-present in my life or school. My grades dropped drastically and I was bullied a lot at school for being alone the majority of the time. 

There is so much to say about everything that happened but, I thought I was over that and everything that happened. Today I am angry at my parents because how irresponsible they were with their kids. I compare myself to every one else around me and I feel like I should‚Äôve had a better upbringing. I know it‚Äôs up to me know and they are no longer responsible but it still hurts me so much. 

I deal with my insecurities every day and that is something I‚Äôm never gonna be able to change. I compare myself a lot with everyone.  I tend to feel like a way lesser version of whoever I am comparing myself to. I‚Äôm going to therapy and that helps to a degree. I just wish I could find people or at least someone that can relate to this. 

If you read this far thanks and I apologize for the typos or grammar errors. I‚Äôll do my best to fix them later.",C5,"The person seems to be experiencing feelings of alienation and inadequacy stemming from their upbringing in a strict Pentecostal family in a small rural town. The individual describes feeling like they don't fit in with others, had strict rules imposed on them which isolated them from secular activities, and experienced significant turmoil within their family, including a father who became an alcoholic and had multiple affairs, and a mother who became aggressive and depressed. These experiences have led to deep-seated insecurities, a sense of betrayal, and ongoing feelings of comparing themselves negatively to others, indicating a strong sense of alienation and emotional distress in navigating their past and current circumstances.",4.0,"grew up in strict pentecostal family with many rules forced into my siblings and i,i was not allowed to listen secular music or even go to the movies because of rules my mom enforced on all of us, My dad disappeared for many months one time and I thought he gave up on us but specially on me"
180,4234,This depression isn‚Äôt the temporary kind. I can‚Äôt just ‚Äúwait it out.‚Äù I‚Äôll spend the rest of my life with this depression. I can‚Äôt survive that. I won‚Äôt survive. Guys help.,C3,The individual's expression of a lifetime struggle with depression and the feeling of not being able to survive indicates a deep distress related to medication and the long-term management of mental health.,0.0,
181,4235,"I desperately hope that life beyond this world is more exciting. Life on earth has always seemed hollow and artificial to me in some ways, like it‚Äôs a shadow or diet version of the real thing. We just fill our time with materials and ideas, all the while never really knowing what it‚Äôs all about. We can only get so close to people and it‚Äôs hard to truly know someone. I just want excitement and unpredictability like a video game. I also am very enthralled with simulation theory, being that life often doesn‚Äôt feel real to me. I really hope there‚Äôs more out there than this.",C5,"The person's narrative suggests feelings of alienation and disconnect from the world around them. They express a dissatisfaction with the way life is experienced on Earth, feeling like it is hollow and artificial. The desire for something beyond this world, excitement, unpredictability, and their fascination with simulation theory all point towards a sense of alienation and seeking something more meaningful or authentic.",5.0,"life on earth has always seemed holow and artificial to me in some way, i just want excitement and unpredictability like a video game"
182,4236,"My ""family"" destroyed my life


I'll never see the girl I like because of them and refuse to do anything about it.

Keep blaming me for everything.


I'm done",C4,"The person is expressing feelings of anger and frustration towards their family for negatively impacting their romantic relationship, indicating relationship-related stress.",4.0,"my family destroyed my life, keep blaming me for everything, "
183,4237,"When you can have anything you want, but you can‚Äôt feel happiness, then it‚Äôs like you have nothing at all.",Alienation related stressed,"The premise reflects feelings of alienation and disconnection from one's own emotions and experiences, which can lead to a sense of lack of fulfillment and emptiness despite having everything one desires.",5.0,"can't feel happiness, "
184,4239,"Since I started college, my life has gone downhill because of my health. I‚Äôm only 21, but I have multiple illnesses that will only make life miserable for me. On top of depression and anxiety, I also have chronic fatigue syndrome, chronic pelvic pain syndrome, migraines, and porn-induced erectile dysfunction. I hate my life and just want to die.",C3,"The person is expressing feelings of deep despair and hopelessness due to the burden of multiple health issues, including mental health conditions such as depression and anxiety, as well as physical ailments. The mention of chronic fatigue syndrome, chronic pelvic pain syndrome, migraines, and a sensitive issue like porn-induced erectile dysfunction, indicate a significant level of distress related to medications and health challenges.",3.0,"i have multiple illnesses, my life has gone downhill because of my health, I also have chronic fatigue syndrome, chronic pelvic pain syndrome, migraines, and porn-induced erectile dysfunction"
185,4240,"I'm writing this because I've just once again thought about killing myself but this isn‚Äôt even within the first 100 times I have thought of suicide from a young age I‚Äôd say roughly around age 11-12 I first thought of just ending it I even remember how I sat at a window ledge looked down and just bathed in the moment before climbing back down with tears coming down my face because I wasn‚Äôt strong enough to. 

Wow‚Ä¶ well I bet that sounded crazy I wasn‚Äôt strong enough to kill myself a direct contradiction of what strength is but a las I and any other who has felt how I feel will relate. 

So about me, of course you must be wondering how did he get this fucked up what has happened. Well im going to let you all know just in case once day I do get my strength. I am one of 10 children slotting in at number 7, I have been emotionally and physically biasd by those who were supposed to nourish me. Here‚Äôs whats different though so not only did they make my life hell they controlled my life where I was and what I was doing to the extent that I couldn‚Äôt even make my own decisions on the little things and still cant. 

Thing‚Äôs I have been beaten for just so you get the vibe

¬∑  As a child I would pee in my sleep so I would be woken up by a belt hitting my body

¬∑  As all kids do I would fall asleep on the sofa watching tv, so I would be woken up with a belt hitting my body

¬∑  I once told my dad there was no point in doing something AGAIN because nothing was good enough for him‚Ä¶ to which I was beaten with a metal pole until I could no longer use my arms to defend my self and just took blows to the head dripping blood all over the house.

**To summarise I have been fucked up.**

But im trying to figure out how and when this all started at what point did I become the person I am now (Afraid ,insecure ,manipulative and untrustworthy). I give myself these attributes because that‚Äôs all I really am. I am afraid of the world horrified possibly I have ran out of classes (IN FUCKING UNI) because I felt as if everyone was looking on me I have this crippling feeling that everyone is always looking at me. Insecure lol I don‚Äôt even know what to say I have deleted everything on my social media‚Äôs multiple times purely because the anxiety of someone giving a fuck enough to look at them and then the possibility of them finding my pictures funny gives me so much anxiety that I‚Äôd prefer them not be there. Am I manipulative yes, but I don‚Äôt understand how one can not be manipulative. I like to have things my way of course we all do but I know how to get it done I know how to get responses out of people or to get people to do what I want because I had to learn to. I'm one of fucking 10 children and I showed up in the middle and this wasn‚Äôt no brady bunch happy family shit this was controlling, abusive and manipulative and I guess that‚Äôs what I became, you are a product of your environment after all. I don‚Äôt really know the purpose or direction of this as I have just stopped crying again (its 2:13pm) and decided fuck it imma do this so if I do kms at least maybe one mf‚Äôer can know what I been trying to say.

So guys I think im going crazy this is a new development if you don‚Äôt mind me starting here, I sit in my room and talk to myself inside my head for hours a day full on conversations (guess this is what happens when you don‚Äôt get to train social skills). Sometime‚Äôs I cry sometimes I get so angry I don‚Äôt even know what to do and sometimes admittedly I feel straight up heart broken as if I have been done a disservice by the world and unfairly I was born into one family instead of another. I fantasize too much and I kind of sorta relate to people from Netflix series. Like Joe the stalker I get it bro you just want to feel a solid love that aint going no where and youll do anything to keep that but in turn you require a few things loyalty being one of them. Fortunately I can say I don‚Äôt relate to him with his killing (that would just be another burden in my head to drive me crazier) instead when my heart is broken people just kick the pieces to side and move on. 

Fuuuuuuck im really not good at structuring things I write.

Ok I think the logical thing to do is start with little stories from childhood and work my way to present day. 

I was born in 1998 in Africa and moved to the United Kingdom at a young age not sure how young because I don‚Äôt remember. My dad had been previously married and had 5 children from his first wife and at this time only 3 from my mum me and my 2 brothers one a year older one a year younger. It‚Äôs said that when I was born they thought I was a fucked up baby, I was going to be disabled or something of the sorts (not in a doctor said it way, but like I was born and they looked at me and said na this aint it way and little would you know my little brother was born just under 10 months later) Fantastic way to start life. So we all lived in one house when we first got to the UK (very vague memory of this shit by the way combination of what I've been told as fact and what I know to be true) So as a kid I have been described as a quiet and timid kid so quiet infact that my older brother and sister (age 12-14) (from a different mother) would pinch me or hit me to make me cry because when I would cry it was funny that I would make no noise.  I was also a huge fan of lion king asking them to watch it multiple times a day with me, everyday. We then moved a couple times memory all blurry and we arrived at the next destination that I remember. We lived in a flat in a small town in England for a couple years, my memories of this place are my   constantly injuring himself severly by playing out, dbz, Toonami, vegeta and ps2. I was a normal kid but I would get fucked up by my dad. (btw im around 4-6 years old) I still remember the time I was called downstairs just to be beaten I think for drawing a rude picture that was discovered after I had just been beaten. Boom boom not too much going on just the entrance to a life of suffering but not too much tbh.  


We then moved to a council house elsewhere just kids and mum because dad had decided its stressful to live with people so he‚Äôd rather pay 1k+ rent elsewhere for his own place then help his family. These years weren‚Äôt too bad though if anything they were my favourite because he wasn‚Äôt around it was just us 3 years in that place from year 2- year 5. He would still drive down though on occasion just to hit us and then return to his home on the flip side of the uk. This was fantastic for my personal growth of course as I learnt that being a father means coming over shouting and arguing with your wife, beating your children and then cutting. And by beating I mean sure we were between ages 7/8-10 but he would hit us with all he had leave belt marks for days all over my body. To the extent the neighbour‚Äôs would hear us screaming and would then mock us the next day as we walked to school. He then thought that we were becoming bad children (at the time me and all my siblings were top in our classes thanks to our mum keeping us up to study with her , as well as this at this age we started being forced to go to mosque mon- fri (5-7) and then over the weekends we would go to Arabic school and if we were at home we would play outside in the park so I don‚Äôt know how bad we could of really been but who knows.(she was in college so while she did her homework she helped us with ours)). Actually with that being said I would steal from my mum not a lot and not everyday but a pound or 2 here and there just because everyone else in school could afford to buy things like sweets and toys and I would never be able to join in because I had none. I would come home from school and mums not in so id have to sit outside the house for a couple hours people would walk by but I had no friends house to go to like my brothers so I would just sit at the door and wait. My life has been hell maybe its easy from an outside view to say naa aint that bad but try live it everyday you come home aint no body even in, by the time everyone does get in its all at once no time for you and mum to talk no dad asking how was school bruh go to  sleep. To summarize though I was studying everyday 7 days a week and still being beaten along with my brothers but I had a newly born sister and it was time for the move to the big city so fuck it maybe its about to get better.Bruh I forgot and now remembered this nigga would look all 3 of us in the garage for whole days just because and the punishment for leaving would be you get beat and thrown back in there. Think about the mentally how much that would fuck you up you aint even fucking 10 yet.

When we first got to this new city we were quick to discover its rough out there day one we were robbed. They were no more parks we could just go to play at so now I became and indoors kid. To go along with that now my dad didn‚Äôt live too far away he was only in the neighbouring town so instead of monthly ‚Äúvisits‚Äù it was now weekly. Fair enough to say within a year I had put on I don‚Äôt know 10 maybe 15kg I was fat af going into year 7 but in year 6 I was a very thin framed kid. I was depressed and I'm not sure if I knew it but my life consisted of go to school and be bullied to come home and be beaten not knowing where my safe place was I chose solitude I learnt out of sight out of mind (didn‚Äôt even work all the time but nigga I tried) My mum became pregnant again‚Ä¶ (this was not necessary but I've grown to love the child) so now they are soon to be 5 kids and none of which already receive and adequate amount of love. Just to further paint the character of my father he beat my younger sister who was at the time maybe 3/4 because she took and hid his phone (later revealed he left it in his jacket pocket) NO APOLOGY HAS EVER BEEN GIVEN EVER IN HISTORY FOR A MISTAKEN BEATING. We spent little time in that house but what do ire member being dragged from under a bed to be beaten and being beaten nearly every morning without fail for 1/2  years for bed wetting (punches were not pulled).   


We moved again after same sort of thing really he‚Äôd show up for a few days fuck up everyones mood and cut no one wanted him around but no body would say because everyone was afraid of getting beat again. This is the house I lived in when I decided ahh man maybe this life thing isn‚Äôt for me went and sat at the window ledge in my room 3rd floor looking down and wished I could just let go. We would be locked in the attic this time the door is genuinely locked we couldn‚Äôt get out if we wanted room was what 3x4 meters storage room basically and 3 of us had been locked in there for the whole day. Living in such circumstances created bitch nigga behaviour amongst us as brothers because the beatings were bad you did not want to be beaten it would fuck your whole shit up. So niggas started snitching bruh my own brother came in my room while I was learning to beat my meat took my phone took pictures of what I was watching and then showed everyone while I was sat in the living room‚Ä¶ I was then promptly beaten. This the environment I grew up in even in your own fucking room you couldn‚Äôt do shit you couldn‚Äôt trust nobody and you were very likely going to be fucked up for anything you did. This could include but was not limited to holding your brothers hand while fighting‚Ä¶ (that‚Äôs gay apparently so you would be beaten). Defending yourself to your parents (Its rude to speak back so I was beaten), Not speaking (its rude to not speak when spoken to so I was beaten). Finishing the milk bruh imagine your 12 year old hungry self wanted some cereal finished it and then gone beaten for it that was my fucking life. Id go to school this fat unloved ugly kid, (I think this is a good time to point out I went to a bad school in a white neighbour hood and as we all know aint nothing scarier than poor white people jk‚Ä¶) but those guys were harsh to me day one of highschool I had a fight why because I was being racially biasd, I was constantly racially biasd I was not even accepted by my own race because I wasn‚Äôt black enough (I am quarter white 3 quated black so skin color dark brown meant I was a paki, I was an Indian I was a terrorist osama bin laden was my uncle so on and so forth) aint no body ever gave a shit about me not a single teacher not no body. And this is where things get fucked up for me this when I started doing dumb shit I started being a prick to my friends not fully understanding what was even going on but just thinking out of I gotta cover my back I gotta make sure I aint no punk but in reality it made me into a punk. But ill get to that later. I still remember everything nice people have ever said to me that I felt was said genuinely though, once the most popular kid in school told me to not let anyone pick on me and just tell them im not Asian although I had tried both I felt his sincerity and very much appreciated it and still think about it to this day. 

I wanna fast forward now to year 11 when shit really hits the fan, I moved to a school which was mixed gender (years 7-10 I was in a boy school) and the introduction of women had definitely caught my eyes (hadn‚Äôt seen them in many years since everyday was school mosque home runescape repeat maaaaaaaaaan FUCK THAT SHIT that‚Äôs the worst childhood and to make it better slide a couple hundred beatings in over those 3 years and now you might be beginning to get a grasp on who I am as a person. Of course they are little moments when things workout but not really. To summarise I was in love or atleast I felt like I was I did horribly on my exams which at the time I accreted to me just focusing my time on her and not myself and that started the downwards spiral. My little brother told my parents I wasn‚Äôt fasting at prom (I have not ever fasted a day since, pretty sure I gave up on religion a long time ago but that‚Äôs its own thing) and I was beaten then locked in the house so I could not attend my final meeting for NCS (I had saved up my 5 a week for 10 weeks to pay the 50 to go and now I just couldn‚Äôt imagine that feeling I was going to finally be away from this whole home all summer and now I couldn‚Äôt why because my dad who had now moved in full time had decided to spite me).  


The summer of finishing high school of enjoyment had arrived my plans to be with my friends had been put to a halt. My plans of going to a top 3 college in the city had been put to a halt. My summer was instead me just sitting in my room everyday the whole summer alone not talking to anyone for multiple days at a time. This is when my solitude became serious I became an awkward nervous rek after this I couldn‚Äôt even talk to people properly without overthinking everything id say if summer was 10 days long I was beaten on 6/7 days as well so yh torture house and to make it better I had no friends because we moved so fucking much I didn‚Äôt know a single person and couldn‚Äôt get to know them because we lived in a jewish neighbour hood and if you‚Äôve ever lived in one as the only black muslim family you aint going to have no friend. But yh returned to college and it was ok except for everyday I would come home and be locked out of my house everyday without fail my dad would sit in the kitchen looking out the window and laugh at me having nowhere else to go so I would sit in the gardens storage cupboard nothing much at all probably just a big wardrobe but It was dry. I would then go to college and repeat this process day by day mentally exhausting my self little by little more once again through in beatings on.4 out of every 10 days and you have the image of what my first year of college was like. My parents decided as a family we should read the quran together (muslim people book not all of it like a page each a day) so I read my page and left and while I was goning upstairs I heard him talking about me so I decided ah im probably going to be beaten let me stay here and wait so I did and soon enough I heard him say ‚Äúwhy did he read that page, he read that a few days ago hes looking for the easy ones‚Äù so my mum said ‚Äúill call him back down and he can read again‚Äù, I was called ‚Äú‚Ä¶.. come downstairs and read again‚Äù and I replied ‚ÄúWhats the point nothing I do is good enough for him anyway‚Äù to which he responded by walking into the kitchen getting a metal pole and coming to hit me with it. The best bit for him it was a detached house so no one could even hear my screams. At first I tried to block with my left arm and then I just couldn‚Äôt hold it up anymore so I switched to the right and the same happened so then I was just lying there being beaten by my dad with a metal pole bleeding all over the floor from my head and when he thought he was done he left. This day is the day I lost my shit as soon as I could stand I went and grabbed a knife but was stopped by my mother (I always found it funny how she would always come to stop me but never him). I then called the police when they arrived they was so much blood on the ground floor corridor that she threw shoes over to hide it because it could not be cleaned while he sat there on the sofa smug knowing he had gotten away with it my mum had hidden me from the police and that was that another great day in the life. 

I had become sick of it and told my mum I do not care what she thinks I am tired and I am leaving I will go to foster care if I must but I am not dealing with this shit anymore (I don‚Äôt know if its important but I was also 17 without a phone or laptop or any communication with the outside world, if I was in my room all day I was playing badminton against the wall staring at the ceiling or creating fantasies in my mind to rescue me from where I was currently) I told her ill get a job (just received ni number) ill figure it out for myself and what did she do?

She said nothing for maybe a month and then we were moving house so she came in one morning and just told me we are moving pack up so I did thinking we are moving away from that cunt and she had chosen me her son over her manipulative controlling abusive husband‚Ä¶ Instead she had rented another place and just dropped me off there would come round maybe every month or 2 for an hour or so and that was my life. Now I was completely secluded and this was the first time I actually tried to kill myself I had a panic attack the anxiety just got to me I took all my sleeping pills at once and boom I woke up the next day‚Ä¶ they were all fucking natural herbal things and they couldn‚Äôt do shit. Bummer I know. She still doesn‚Äôt know about this I continued thinking about killing my self shit I never stopped from that first time till now but It was just thoughts and ideas I had finally tried to and failed. Instead I started smoking weed which would help sometimes but other times like I learnt the hardway it would make me think about my life and whats actually happened and compare it to my peers around me and I would breakdown crying. My life has no direction, I have no family around me (which is ironic in a family of 13(3 parents 10 kids))because we had all been tormented soo much we didn‚Äôt know to look out for eachother we had to look out for our selves first. This is why im selfish I cant afford to not be because if im not my own number 1 In terms of in a greedy way like If I don‚Äôt look out for ME first no one else will. My mum then told me she didn‚Äôt want to continue paying for where I lived and I had to find somewhere else (now that I was 18/19) which is a real bitch because if I had just done what I wanted to years back and left this family of suffering I would have been alright but instead now im going to college everyday thinking about where tf am I going to live. So I dropped out of college to work, I ended up returning to college having to restart living in a city different to the one I studied in working night shifts to then go straight in to class but I figured it out. Got to uni and guess what I don‚Äôt know what the fuck is going on. 

Everyone is social and I don‚Äôt know how to socialise sometimes I feel as though I stand out so badly that im just not supposed to be there im surrounded by people who life has blessed people who have seen the world people whos parents love them soo much that they even come to watch them train at uni. In my whole fucking life there has never been a single thing I've done which I can say I looked into the crowd and had a single person there to support me. Instead I have been told to dream is free, I've been told your not going to make anything with your life and you are going to be a failure. Honestly I have accepted these as truths now. I don‚Äôt even feel like myself anymore I feel stupid as if i took a couple too many hits to the head information doesn‚Äôt sink in properly anymore. I'm embarraced in class because everyone else knows what they are doing to some level I have no fucking idea everyone else goes home for Christmas or there family comes to visit. LOOOL my family don‚Äôt give a single fuck. I AM ALONE IN THIS WORLD TIRED DEPRESSED AND READY TO GO. I accepted death a little while back, one night I was lying in bed crying and realised I don‚Äôt have to deal with this anymore I really don‚Äôt I have accepted I will kill myself and I am just waiting for the day in which I get my final little nudge to step of the ledge.

I just want to be at peace.

I also had a girlfriend for a while she cheated on me so I stopped valuing her as a person and just kept her for the other stuff. She even got pregnant and aborted it. I'm 20.

&amp;#x200B;

Question‚Ä¶ am I crazy for feeling like this? And if you were in my shoes do you think you would feel the same or different.",C6,"The author's mental state demonstrates severe trauma resulting from long-term emotional and physical abuse within their family. The continuous exposure to controlling, abusive, and manipulative behavior by their parents has deeply impacted their sense of self-worth, security, and trust. This has led to feelings of alienation, fear, insecurity, and a distorted view of relationships. The author's mention of feeling untrustworthy, manipulative, and creating fantasies to escape their reality further indicates the psychological toll of the abusive environment. Additionally, the author's admission of suicidal thoughts, attempts, and a sense of hopelessness reflect the psychological distress and emotional pain they are experiencing. The history of family abuse, isolation, and lack of support have contributed to the author's current mental state, fitting the category of Bias or abuse related stressed.",1.0,"i wasn't stronge enough to, "
186,4241,"Hi there to all witches who take their craft seriously and really work, I am very deperate and on the brink of killing myself, there is so much to life; this I know. Unfortunately for me every door, every option, every opertunity has been closed off for me since I was born. 
Before I say what I came here to ask here's alittle backstory...

Backstory - throughout my mom's pregnancy the doctors were absolutely sure I was to be born a healthy baby girl, but somewhere along the line something unexpected happened and I came out not only a boy (according to what I've been told and what's written on my birth certificate) I was also unfortunate enough to be born with cleft lip, cleft palette, asthma, droopy eyes(don't know if that's the clinical term, but basically up until I was 8 or 10 [can't remember] I was unable to open my eyes all the way), and various other problems. I have always felt like I should not have been born a boy let alone live past 3 weeks (another failed diagnosis, lucky me right?). 

My childhood consisted of doing stuff to get attention but really all I wanted was to be liked a very hard thing to do when you are basically physically retarded and cannot talk like everyone else and constantly being reminded how you are such a failer that you couldn't even be born right. Since my conciousness first made its way into this world I have found myself thinking as a girl, along with thinking how much better litterally my life would have been if I managed to get it right. My dad was never in the picture so growing up without a father has been difficult on its own, but of course I was informed my dad had the chance to come to America when I was born because of my condition, but he declined to start a new family and I'm sure he had other reasons. My mom always worked all the time so it was pretty much me and my older brother for some time. An older brother that constantly made fun of me along with my mom for how I talked and how I acted. My brother constantly calling me gay, faggot, bitch, you name it he's done it. I'm sure he was unaware of how I felt inside but it traumatized me so much I am afraid of being myself. My body is not shaped how normal guy's are either so I have no idea how to take that problem. At school o was labeled the retarded kid no one liked.

Once I turned 11 my mom met a man, let's call him D. D was/is military and I later found out they got married quick (span of a few months) to finance my surgeries because I came from a background of poverty being single parent with 2 kids (later 3). I was always treated like a pet and always had the harshest and most frequent punishments. I was always forced to do everything for everybody else. My brother had to go do something like talk to a neighbor to get the bike fixed, I had to do it, stuff like that. To this day I get asked by family to buy their plane tickets or order them stuff cause they ""don't know how"". I have always been used all my life. I am nothing but a tool. As I patiently waited for the surgeries that I was supposed to get (atleast just the one to fix my nose and make me look somewhat normal) when I was 12, then delayed to 16, then 18, and finally at 19. I received the first surgery and all they did was make my life a living hell. 

Medical history - The doctor messed up my nose and now theres a glasses size gap on the bridge of my nose, for the tip of it they put cartalage from my side [which they lied to me and took it out of under my right chest] is fat which I didn't even care about having in the first place I just wanted my nose to be straight and deal with the rest later. I was put in a maxillary distractor (fancy name for cage on my head). To move my upper jaw forward so that they can reconstruct the palate (roof of my mouth) and straighten jaw or whatever they were doing I have no clue and it seemed unnessesary to me. It did however improve my speech just a tiny bit. I had to wear this crap o. My head for 4 months. Later I then made my own appointments 2 years later (22) and got a surgery for bonegraft. I am still missing the tooth implant which I cannot afford nor will I ever be able to, and I have to have another surgery on my nose again. I have always suffered from depression because of this but not only because of my unfortunate medical circumstances. (Also I have been getting pains around my abdominal area so either I've got something going on down there that shouldn't be or when I was born the doctors decided it be best to stick a penis on me and call me a boy).

As for the other reasons why I'm highly depressed and on the verge of collapsing. I was forced by my stepdad to go into debt. I wanted to go to college but I wanted to do it like everyone else, a real place surrounded by real people so I can maybe make atleast one friend and not be a total failer. Of course my luck hits home again and he forced me to go to an online college with the promiss of letting me use the money the army provides to him for school use. I agree and then he turns and days ""yea no... Do it yourself"". Landing me 16k debt that I can't pay, 3k I was forced to pay (just to get my diploma) and 3k my mom was forced to pay for me to be able to enroll in classes. Before this though I was planning to join the military to get a one up on life, but apparently not God's plan. Since when I brought up the idea he straight refused. I was not allowed to work or go out, I did not have an allowance or any type of money except money I got for my birthday ($20 every year, ages 18-19-20) and it didn't help that I had no friends up until senior year in highschool (that summer is the only happy memories I have after leaving my home town. He was very controlling that's why I feel I can't do anything without the constant reminder of all the trauma I've faced.

I did however keep the promis I made to myself about joining the military. Unfortunately though I was not let in. After two years of waiting and providing all of the medical paperwork I was finally sent to MEPS for the Marines, finally a chance for me to straighten out my life and man up and get all these rediculous thoughts and feelings out my head. NOPE! Once I get there I take the ASVAP and score on the higher side (I know right smarts actually came in handy I might look like a retard but my mental capacity is on the higher side) scored 80. Go through medical everything good up until the physical, the doctor asks me if I always been tall and skinny (I have a very feminine body besides the lack of breasts and having a penis) I say yes, normal ok cool then I go to the eye exam and they tell me I have astigmatism in my left eye (this I knew it happened when I was about 5 or so, started hallucinating and seeing giant spiders with extream detail) I went to see if I can get this fixed they said and I quote ""the damage to your eye is so savire that we do not have the equipment required to even make a dent of progress, the best solution I can offer is to use the effected eye and hope it gets better over time, sorry but there is nothing we can do for you at this time."" - Lasik doctor. So dream job at Marines = no go. The MEPS people tell me to try the army cause they accept pretty much anyone. I do and same thing they say I can't join because of my stupid eye, gee thanks God. 

At this point I start thinking maybe it's not meant to be and give up. 

My job history is halarious, atleast to me. Almost even didn't get hired. First job at age 20, McDonald's. Mom gets a house with my brother who got to live my fantasy of being in the military and travel the world, who then decides to mock me and make my life even worse by deciding he needs a surgery on his penis (he thought it was so curved he can't have sex yet he never tried, now he's depressed and thinks he can never have it and the doctor messed up, doctor also gave him circomsition) this happened during my attempt at joining the Marines. Throughout the course of 6 months he would constantly scream at the top of his lungs and say how God hates him, this is punishment, lash out at me for no reason, and make me feel not only unsafe but want to take my own life even more just to get out of that situation. Once we move into the new house this continues along with me every day for months on end calming him down explaining and telling him to be patient cause it's not gunna heal right away and healing of the body depends on the mind state anyways. Because of the move I am forced to quit my job that I actually enjoyed, to transfer to another McDonald's on the side of town we moved to (two towns down) I work there for 6 months before quitting because of how unfairly I was being treated, everything was my fault, I never did anything right, I was lazy, the works (even though I did mainly everybody's job in the kitchen, everyday I washed the grill swept mopped multiple times a day, I would be on grill then on the table making the burgers, I'd go and get the 50 pound boxes from the freezer. You name it I did it.) I eventually quit after 6 months bought a one way ticket to California and said my goodbyes to my brother who called my mom crying saying I left and he tried to stop me... I was sick of his shit. I had shit I was dealing with all my life and now I have to deal with you and your problem too, (excuse the langauge but) fuck outta here with that shit. 
I have so little control over my own life that I only spent 2 days in California before my mom told the entire family where I was and got my aunt (grandma's sister so technically grandma, who's also a nun) to somehow convince me to go to New York and stay with my uncle. I can't believe I actually fell for their stupid guilt trip but somehow after only 5 days I was off to NYC. I told myself it's probably best since there are lots of opportunities for me to be a musican. Wrong. I was basically plummited into the same exact situation with different people. Greedy money hungry aunt, no jobs, no money, an uncle who works at night sleeps durring the day, wierd daughter that turned into her mother. I had to get outta there it got to the point where she was looking through my stuff while I wasn't there to find proof I could pay her $700 to stay in the shitty, stinky room they kept rabbits in. With a door that locks from the outside and a broken window, very small room at that. After two months of looking for jobs while making music simaltaniously I am being called a liar I good for nothing a lazy bum you name it that's what she labeled me. I manage to get a job at McDonald's again but in NY. I manage to set up the bonegraft appointment and lay on an air mattress for two weeks feeling useless and being called useless. I go back to work and then move into my grandpa's room he was renting. Lucky for me he was on vacation for the next two months. Durring this time when my granpa came back j felt obligated and wanted to help with his bills ultimately giving him what little I had. 4 months pass and after much consideration and mom/brother begging for me to come back I oblige. 
I then get a job at another McDonald's in the next town over oppisate direction with the help of my old boss. I work there for 6 months before quitting because of the same drama the first time and hearing people continuously talking shit about me making me feel terrible about myself even more and with the emense parinoia I was experiencing due to smoking too much (the parinoia was about how I hid the fact I'm not normal and that I wish to be a girl and intricate details of my life).

If you think that's it well your wrong... My aunt comes to the USA on a visa and is put in a shit situation feeling unsafe, according to her. My mom is the only one in the USA she knows, mom folds and buys her a plane ticket to stay here for the time being, money my mom didn't have, which is fine desperate times desperate measures and such. She stays here for an entire month and quickly realises there is nothing here, everything is far and you have to drive everywhere. The time that she was here I could have used to work on my music the 3 hours I was left alone in the house, but no. 
Everything that she bought or well made me buy she complains and says it's for someone else, complains she didn't buy anything for herself and how she had to use my mom's clothes cause instead of buy things for herself she bought for everyone else supposedly. She then says how she needs a phone and makes me go find one for her. After I go through the trouble of finding and iPhone 7 plus for a crazy deal ($150) which they usually go for 300-350 I go and I borrow money to go get her the phone. She then says oh... I wanted a more modern one....like yours.... I'm like ugh ok I reset mine give her it and she then says she will give me the 150 (my phone was iPhone X pristine condition). Months pass I still don't have a job (stopped looking to focus on getting my licence), everybody keeps making excuses not to teach me, and the piece of crap car that my brother was going to pass down to me needs a new battery so I can't use it, and he also decided to retract the offer before I got the chance to use it and is selling it because he doesn't want to pay for it. He is not rich but wealthy $40k in the bank meanwhile I'm 30k in debt 12 of which collectors are being sent now. 

Debt - borrowed money I didn't have to help pay bills to not be called worthless and useless. Borrowed too much then took 5k out and ran away to California

That brings me to the present day, some details have been left out as to not make this extreamly long.
(Side note: I have always liked girls but it's more like an admiration/envy type of thing, always wishing I was one cause I always felt just wrong in my own body)

Ok TL;DR shit life should have been born a girl, instead I came out with so many problems and mental issues along with the traumatizing circumstances I was put in and the problems still continue.",C5,"The person who wrote this premise is experiencing extreme alienation-related stress. They have highlighted feelings of not belonging, being misunderstood, and continuous rejection throughout their life. From struggling with their gender identity to feeling like an outcast in their family, school, and work environments, the individual portrays a deep sense of isolation and detachment from the world around them. These feelings of alienation have contributed significantly to their mental state, leading to a profound sense of desperation and hopelessness.",4.0,"my dad was never in the picture so growing without a father has  been difficult on its own , my mom always worked all the tie so it was pretty much me and older brother for some time, my brother constantly calling me gay"
187,4242,"I‚Äôve been seeing a now total of 4 therapists, but I feel like none of them are helping with my depression. 
Actually, what‚Äôs been working out for me is to generally try to have a healthy mindset about life and not fall into the trap of negative thoughts.
I feel like all my progress has been made without professional help, as I bounce back from my lows from the reassuring support I get from my friends and family. 
Is it normal to find medication or therapy not effective or necessary at all in fighting my depression?",C3,"The individual expressed feeling that none of the therapists are helping with their depression, and found progress by maintaining a healthy mindset and receiving support from friends and family. This could indicate frustration with medication and therapy, suggesting a focus on medication-related stress.",0.0,
188,4243,"It's been anout 5 days since this sadness hit me, and all I've wanted to do is sleep. I don't even know what's causing it. I woke up fine (5 days ago) then at some point during the day it hit me. I can't even begin to think of any reason for it, it makes me feel selfish...my life is actually going pretty well right now :/",C1,"The person is experiencing sadness and lack of motivation, but acknowledges that their life is going well. This contradiction suggests that they are in a good state mentally, as they are trying to understand and overcome their feelings of sadness despite not being able to pinpoint a specific reason.",5.0,"sadness hit me, don't know what's causing me, makes me feek selfish"
189,4244,"Granted I'm known by many acquaintances but have zero friends. I am often repeating myself because so called friends don't listen or dont hear me or frankly, don't give a shit. I've been suffering from bipolar disorder, manic depression, for upwards of 18 years. I told myseld if I could just make it past 27 yrs things would get better. I've been hospitalized, most recently in September 2019, the staff basically said they don't treat us but just monitor us until we are stable on meds and fit to leave. I have no family, raised in the foster care system and I'm completely alone. I don't see the point in living anymore if I'm constantly in mental agony or being ignored or used on every level. I've taken care of people I thought were friends because I have so much love to give but misguided as usual I end up used and thrown out like a tissue or ignored blatantly. I can't keep a job so my stability is often rocked by my own uncontrollable emotions and outbursts and I can't cope anymore. I'm losing hope and honestly just would like someone to acknowledge that I am alive and a sensitive but real person. Even then I don't know how to curb the feelings and thoughts of suicide. My closest friends growing up have all passed, either by suicide or excessive drug use I'm honestly debating the same path because without them I'm more alone than ever. 
Idk if reddit is the place for this but at the very least I'm getting this out and have one outlet to speak on my real feelings. I've sought therapy and a psych for meds but it seems like they never want to hear the bad or try to ""silver lining"" my struggles by saying I'm so strong....I'm tired, no exhausted, from being so strong. When am I allowed to be vulnerable and get real help? Not just a Rx bandaid that doesn't work.",C5,"The person expresses feelings of being completely alone, not being listened to, and feeling used and ignored by others. They also mention having no family and feeling like they are constantly in mental agony. These feelings of alienation and isolation indicate a deep sense of disconnection from others and society, which aligns with the category of alienation-related stress.",1.0,"suffering fron bipolar disorder, manic depression, i have no family, raised in the foster care system, i am completely alone"
190,4245,I'm just so fucking tired right now and Saturday sounds right.,C5,The use of strong language and expressing exhaustion suggests a feeling of alienation or detachment from the current situation or environment.,0.0,
191,4246,"Everyone ends up hating me eventually. 
My psychologist of almost ten years blew up at me and kicked me out of my last session. 
I‚Äôm doubting every interaction I have with every person I meet.
I‚Äôm doubting every interaction I have with every single one of my friends.
I can‚Äôt get my substance bias issues under control. 
I‚Äôm my own worst enemy.
I was accused of being a bully and was subsequently bullied by the workplace bullying system. I uprooted my life to change for the better and as part of the domino of doing so my dog was killed. 
I would give anything to be a different person right now. To not have to be my awful, repulsive, contemptible self.",C5,"The person expresses feelings of alienation and self-hatred, doubting every interaction with others, struggling with substance abuse issues, and feeling like their own worst enemy. The sense of not fitting in, the self-rejection, and the desire to be a different person all point towards alienation-related stress.",1.0,"everyone ends up hating me eventually, i am doubting every interaction, i am my own worst enemy, i was accused of being a bully"
192,4247,"I feel so low, I feel like I am never good enough and hopeless at everything. I am self medicating with wine as well so it‚Äôs a bloody merry go round. I feel I am constantly saying I am fine, nothings wrong and wear my happy smiley mask to hide how I really am. I have been on the tablets and have had therapy in the past but it hasn‚Äôt worked. I have a wonderful man healthy kids all grown up but I can‚Äôt seem to be happy.",C3,"The person mentions self-medicating with wine, being on tablets, and having therapy in the past, indicating a focus on medication to cope with their mental state. This suggests that the individual is experiencing stress related to medication and seeking relief through self-medication and professional help, which has not been effective so far.",5.0,"feel so low, i am never good enough and hopeless at everything, i can't seem to be happy"
193,4248,It wss a fun ride while it lasted.,C4,"The phrase 'while it lasted' often indicates a sense of loss or nostalgia, suggesting that the person may be feeling relationship-related stress due to the end of a fun experience.",0.0,
194,4249,"I'm 28m, I moved back in with my parents when my house was sold out from under me.  I've been slowly deteriorating.  I've considered suicide since I was in middleschool.  And attempted sometimes halfheartedly, a handful of times.

&amp;#x200B;

I feel empty.  Like I don't belong.  I have been single for the last 6 years.  Not counting short relationships.  I haven't gone to college.  I have no desire to continue living.

&amp;#x200B;

When I was younger suicide was a strong but fleeting feeling.  It would hit me like a train but if I held on for long enough it would disappear like a light being switched off.  As I grow older it seems that those feelings that before were quick, are no constant.  Suicide is almost always on my mind.  And my determination to succeed seems to have strengthened.  


I have very little to complain about in life.  I have a job, I'm saving money.  I have some fantastic friends, and I live in a beautiful part of the world.  


I am alone though.  Every attempt I've made at having a relationship with a woman has failed.  Not always because of me.  But the feeling of being empty and alone is unbearable.  Partnership is hardwired into our dna and I seem to have been born into the perfect brain for avoiding it.

&amp;#x200B;

I just don't know what to do.  I want to end it.  I'm worried what it might do to my parents.  They are already on the  edge of a divorce that I believe has been coming since I was very young.  They have already shown themselves to be fairly incapable when it comes to helping me with my mental issues.  They knew I had ADD as a child but did nothing about it.  Hoping it would go away.  They've taken me to therapy for my depression, but I find it difficult to be honest about my feelings when I'm face to face with someone.  Because the few times I have been, it has lead to a response consisting of distance, and 5, not compassion or empathy.  And even more often the simple words ""suck it up"".

&amp;#x200B;

I'm fairly sure I'll die by suicide.  Likely within the next few years.  My only goal is to try and patch up my relationships with family and loved ones so that  I can send myself off with the least amount of guilt possible.  I don't want to tear peoples lives apart.  I just wish I had never been born.  I don't feel lovable.  I don't feel as if I can really trust anyone.

&amp;#x200B;

I know I should fight it.  But after 28 years.  I don't know if I have the strength.  I just want to stop feeling alone, and empty.",C5,"The person expresses a deep sense of alienation, loneliness, and feeling of not belonging. They mention feeling empty and unable to form meaningful relationships, highlighting a difficulty in connecting with others. This sense of disconnectedness and lack of belonging can contribute to a constant feeling of loneliness and emptiness. The individual also mentions a long-standing desire to end their life, further indicating a profound sense of alienation and hopelessness. The focus on feeling unlovable and unable to trust anyone suggests a deep-rooted alienation from others and society.",5.0,"i feel empty, i have no desire to continue living, the feeling of being empty and alone is unbearable"
195,4250,"I don't know if anyone will even read this, but I need to vent somewhere. For some background, I am now living back in my home state, in an unhappy situation, because I wanted to come back and finish up school and so that I could be around my family.

Originally, I moved away for a few years. I was unhappy before I left my home, and I found real happiness out west in Colorado for a time. I began traveling around, working seasonal jobs at ski resorts and in national parks, and I really enjoyed it for awhile. I just wanted to keep traveling, but then the realities of life set in.

I didn't have a degree, I wasn't in any sort of high-paying jobs, and I was struggling to make it paycheck to paycheck. Despite all of this, I was still relatively happy. Eventually though, I realized that I missed my family and my old friends terribly, and decided to move back so that I could be around them and get an education.

Fast forward to now. I'm 26 years old, living at my dad's house, working in an unfulfilling job that pays terribly, while I wait for my first semester of school to start. I feel like an absolute failure because I won't even have a degree until I'm 30. I won't start my career until almost a decade after everyone else did. I miss what I was doing and the places I traveled through so terribly much. I feel like I'm missing a part of myself by being back here and I left it out west.

I have considered moving back, but I have no idea how I would afford it, and I don't see any career opportunities for me outside of dead-end, low paying jobs out there. Also, if I don't do school now, then I don't think I ever will. If I moved back out, I would just go back to seeing my family once a year for two or three days, and I love them so much. That was the hardest part of being out there, and I want to be able to see them regularly. I'm extremely close to my parents, and I don't want to miss a moment with them, because I realize that they will be gone some day. Every moment with them is precious.

But, I feel like I'm slowly dying here. I am turned into a depressed, cynical person who cannot see the good in life anymore. Everything is negative, and the people around me in this state are so ignorant and offensive. I don't belong here, and I don't know what to do. Grappling with this indecision has been so unbelievably hard on me.

If I stay, then I will just become more and more unhappy. If I leave, then I will never be able to see my parents, and I will be unhappy again because of that. I can't take it anymore. Looking ahead, my life seems like it is going to be one endless stream of depression and I honestly just want it to end.

Please, help me. I don't know what to do anymore and it feels like I'm going insane just battling with my own thoughts all day",C5,"The person is experiencing alienation related stress. They feel disconnected from their old life and the happiness they once found, as well as feeling out of place and like they don't belong in their current situation. There is a sense of longing for the past experiences and a fear of missing out on precious moments with loved ones in the future. This internal conflict and sense of not fitting in is causing distress and a feeling of slowly dying inside, leading to a negative outlook on life and a struggle with their own thoughts.",2.0,"working in an unfulfilling job that pay terribly, i feel like an absolute failure because i won't enven have a degree until i am 30 i don't see any career opportunities"
196,4252,"I just can‚Äôt stop thinking about it, it‚Äôs constant, it‚Äôs all i think about. Before i sleep, when i wake up, and whenever my minds not totally occupied. Sometimes i contemplate suicide: the action then followed by thoughts of an afterlife, if there‚Äôs even one. I can never stop obsessing over it and normally i‚Äôm the one giving advice such as life and so forth, but recently i‚Äôve been actually contemplating ‚Äúwhat happens when we‚Äôre all dead?‚Äù and that just keeps me up and thinking every moment. This is made worse by people telling me ‚Äúdon‚Äôt worry it‚Äôll all be okay‚Äù or ‚Äújust live life to the fullest‚Äù something cheesy and dumb. Quite honestly, if life is as pointless as i think and as it seems, aren‚Äôt we just better off dead? To live is to suffer, pain after pain, at what gain? The humiliation and satisfaction of nothing short of a horrible life. The experiences all meaning nothing once we‚Äôre gone, and yet we‚Äôre all still here? Why? Just why? If there was any way out i think sometimes cutting it short would be the only. I just can‚Äôt see wading thru this torture we call life as an option.",C3,"The mention of constantly thinking about suicide, contemplating the afterlife, and feeling overwhelmed by existential questions indicates a medication-related stress. These thoughts and feelings may be a result of a mental health condition that requires medical attention and treatment.",5.0,"thehuilation and satisfaction of nothing short of horrible life, life is as pointless as i think"
197,4253,"I realized recently that I might have bipolar disorder based on a couple of friends I know who have it and also the symptom checklists that I have looked at. I have been diagnosed with general anxiety as depression but lately it‚Äôs felt more than that, particularly in the swings between extreme optimism and sociability, and pessimism‚Äôs day depression. 

Anyways I was looking online and found an online counseling website. One of the boxes you have to fill out is info that the counselor will look over in order to have a better understanding upfront. As I was filling it out I poured my heart into it and explained my feelings better than I ever had to anyone before, even myself. I was feeling like there was hope in figuring out what the fucks going on in my head. Then I hit the ‚Äúnext page‚Äù button and it brought me to the payment section.

Never did the website mention that it was a paid thing up until this page. I understand that it‚Äôs a business and the counselors have to get paid somehow in order to not do a completely shit job, but the fact that they didn‚Äôt mention that until you‚Äôve already broken yourself down and opened up really pissed me off. It felt like they were saying, ‚Äúokay what‚Äôs going on, what‚Äôs wrong? Oh no that‚Äôs unfortunate, now before I give you any help for all of the super personal stuff you just opened up to me about, I‚Äôm gonna need your credit card info. Oh you can‚Äôt afford it, well fuck off then.‚Äù 

It‚Äôs 3:23 am where I live and I feel completely stuck. I am a college student working two jobs just trying to make ends meet while also juggling the exhausting unpredictable bullshit in my head everyday, and the fact that I have to pay for help with something I didn‚Äôt ask for and wouldn‚Äôt wish on my worst enemy kind of astounds me at the moment. I don‚Äôt know where I‚Äôd be if I had visited the site without the semi level head that I have right now and had been hit with that price tag for my well being. 

I don‚Äôt want to get too political on this sub but honestly fuck capitalism right now 

End of vent gonna delete this tomorrow when the other side of my personality gets mad for posting this 

Hope you all have a good and safe night",C3,"The person shows signs of medication related stress as they are expressing frustration with the financial aspect of accessing mental health support. The mention of being diagnosed with general anxiety and depression, as well as their concern about having bipolar disorder, indicates a struggle with mental health issues. The unexpected cost barrier to accessing online counseling services has triggered feelings of being stuck and overwhelmed, especially considering their current financial situation as a college student working two jobs. The anger towards capitalism further reflects a sense of helplessness in navigating the healthcare system to obtain proper treatment for their mental health concerns.",3.0,"i realized recently that i might have bipolar disorder , i have diagnosed with general anxiety, i completely feel stuck"
198,4254,"I dont know if this is the right sub, I just need a place to vent right now.

So, I dont know where to start. I have been depressed for over 6 years now, but always managed to see the good things in life. But for the last 2 months it got worse. I randomly have the urge to just cry all day long. I've just been holding it back, which probably isn't such a good idea. Also, I still live with my mom, and every time I get home, she just yells at me. In the last 3 weeks I got really tired. As soon as I get home I just lay down in bed and try to relax, and even my vision is getting darker I think. I dont know what's going on with me and i dont think I can keep going much longer.",C3,"The person is experiencing symptoms of depression for an extended period of time and is now feeling overwhelmed and hopeless, indicating that their mental state is related to medication. Additionally, the mention of physical symptoms like tiredness and vision changes could also be indicative of a medication-related issue.",5.0,"i randomly have the urge to just cry all day long, still live with mom and every time i aget home she just yells at me"
199,4255,"I feel the depression crawling back right how. I could feel my heart getting heavier by the day. I‚Äôm feelin stressed, tired, sick, and sleepy all at the same time. I‚Äôm having more bad days then good and it doesn‚Äôt feel fun to wake up. I‚Äôm not looking forward to the day like I did a while ago. Need ideas, inspiration, advice, anything to help me get out of this funk. 
Stopped seeing my therapist last month due to money/funding. I‚Äôve been going on and off for 5 years, the past 2 years have been consecutive. Is it normal to feel like this after you stop therapy?",C3,"The individual mentions feeling depression returning, getting physically heavier, feeling stressed, tired, sick, and sleepy all at once. These symptoms could be indicators that the person is experiencing a relapse of their depression. Additionally, the person expresses a lack of motivation, enjoyment, and anticipatory pleasure, which are common in individuals struggling with mental health issues. The mention of stopping therapy due to financial reasons further suggests a medication-related stress category, as the lack of regular therapy sessions may have contributed to the worsening of their mental state.",5.0,"i am feeling stressed,tired,sick and sleepy all the same time, need ideas, inspiration,advice anything to help me get out of this funk, i am having more bad days then good"
200,4256,"I wish I could've done something with myself like become stronger and stop myself becoming a problem. I wish I could've done alot of stuff but now im here contemplating if I should end it all so I have nothing to lose now then later, and I know my family would be sad but they already talk about me behind my back about how much of a pain i am, and there is no way I am going to let them know about how I feel on the inside right now. Im at my breaking point and all I wish for is to be left alone to perish, I know it's selfish but I never asked to be here in the first place.",C5,"The person expressed feelings of alienation, loneliness, worthlessness, and a desire to be left alone to perish. They feel like they have become a problem and believe that their family talks about them behind their back, further amplifying their sense of alienation. These thoughts and emotions indicate a state of alienation-related stress.",5.0,"i know my family would be sad but htey already talk about me behind my back , i am at my breaking point, i wish for is to be left alone to perish"
201,4257,"You‚Äôve probably haven‚Äôt heard from me since I made that concerning post awhile ago, then me deleting it. Welp I‚Äôm alive still, but I was very close to ending it today. My head was spiraling more than I‚Äôve ever felt, and light started to blur and noise was distorted. Keep in mind, I wasn‚Äôt dying or gaining out of consciousness, I was just walking around my school and I heard the noise of a helicopter, while the sunset was gleaming in my eye. I was just trying to find that damn helicopter since that noise was just consuming me, and my whole world was vanishing, and I lost my meaning completely. I just wanted to end it. I didn‚Äôt know how, but I knew I wouldn‚Äôt be alive tomorrow. My mind was gone.

I then sat down and cried. Through the hole of the tables outside, I saw a pair of converse. While crying and trying to hide my tears from the cheer team that just got back from practice, I saw friend‚Äôs converse who had just came back from 711. They were surprised to see me there, and gave me the rest of their iced coffee. They didn‚Äôt know I was crying since I played it off that I was sleeping. We spent another 30 minutes eating brownies and talking about our day.

I don‚Äôt think I‚Äôve ever appreciated a person so much in my life. I never knew that the person who saved me would be the one I would least expect. 

I owe them my life.",C4,"The text indicates a deep emotional turmoil and thoughts of ending one's life. The feelings of despair, loss of meaning, and the desire to end it all suggest relationship-related stress. The turning point in the narrative, where a friend unexpectedly shows care and support, highlights the importance of human connection in times of crisis. This indicates that the person was in a state of relationship-related stress and found solace and hope through a meaningful interaction with a friend.",5.0,
202,4258,"It‚Äôs your average story everyone‚Äôs heard: no friends, broken family, bullied throughout elementary and high school, rough breakup, only escapes through drugs and self harm. I just can‚Äôt take it anymore i feel so worthless, I‚Äôm turning 18 this year and i think i can no longer go on like this i‚Äôve wanted to die since i was 11. why is life so painful every day is a constantly struggle for me and i can‚Äôt even find motivation to keep going on. I cant even picture myself as an adult, i see nothing. These are all just words i cant even put together properly without autocorrect cause i‚Äôm crying too much, i just want to feel okay. How does being loved feel like? I‚Äôve only felt it once with someone who changed their mind and started caring about somebody else in that particular way and broke off all contact with me. I‚Äôm so tired of people giving me ‚Äútough love‚Äù and saying my decisions are selfish, i know i am, it‚Äôs just making it worst. I just want it all to stop, but it never did. ‚ÄúIt gets better‚Äù is burned into my mind but when does it? I‚Äôve been trying so hard to continue on and make improvements but it always ends back at square one. I‚Äôve never been this insistent on dying in my life, there are only liars and shitty people on this earth. Nobody seems to care or listen unless there‚Äôs something in for them",C5,"The person's emotional state seems to be characterized by feelings of alienation and disconnection from others. They express a lack of social support, a sense of worthlessness, and a longing for love and understanding. The individual's narrative reflects a deep feeling of isolation and a belief that the world is filled with deceitful and uncaring individuals. This sense of alienation and hopelessness is the predominant theme in their description.",4.0,"no friends,no family, bullied thoughout elementary and high school, can't find motivation to keep going on, "
203,4259,"I hate my life so much I question why I‚Äôm even here sometimes , like what‚Äôs the mandatory policy to life? which way should you go? well when ur born everyone tells you the ideal path in life. Go to school, Get a job, Settle down, Start a Family and so on ... well I‚Äôm a fucking piece of shit and already started fucking up my whole life and I wanna take it back I mean for god sake I don‚Äôt even have someone I can express this crisis too I gotta go on the Internet and spill my heart out to feel content with how I‚Äôm feeling and I‚Äôm feeling fucking overwhelmed. like no one cares right? no dude, no one fucking cares and that‚Äôs when I go back to my first statement why am I here anyways? to do drugs, to have an abusive ‚Äúboyfriend‚Äù that can give less of a fuck when u wake up in the middle of the night crying because you‚Äôre overthinking everything you scared yourself wide awake? Because no one should even care in the first place, but what‚Äôs a life that‚Äôs so empty no one can even comfort you? but again that‚Äôs life no ones suppose to actually give a fuck about you all you got is yourself and when you realize that it gets even more lonely. I‚Äôm to the point where I‚Äôm scared of life and don‚Äôt wanna live it but scared of what happens when it ends anyways. What if I die without really living out my full potential because I already lived it out ? was my purpose so little I didn‚Äôt even get to realize it before I died? I don‚Äôt know I just know life isn‚Äôt easy but no one said it was, it just looked that way when things were easier, when people still cared and the world seemed so curious there were a million possibilities life could take you but now you just worry away because all the people the cared are gone and now all the curiosity went away because you‚Äôve seen all the ugly in the world and nothing looks beautiful anymore. maybe I‚Äôm just depressed and can‚Äôt ever really be happy ? I haven‚Äôt felt genuine happiness without drugs in such a long time maybe I‚Äôm defective. I don‚Äôt even think anyone cares enough to even read this much but if you did and you‚Äôre reading this thank you for hearing me out this actually helped a bit.",C5,"The person seems to be experiencing deep feelings of alienation and loneliness, expressing a sense of disconnect from others and a lack of support or understanding in their life. They feel like no one cares about them, leading to feelings of overwhelming despair and questioning the purpose of their existence. The mention of not having someone to express their crisis to and resorting to the Internet for solace highlights their sense of isolation. This sense of alienation is further emphasized by the belief that life is empty and no one is supposed to give a care about them, ultimately leading to fear and apprehension towards both living and dying. The person also reflects on the loss of curiosity and beauty in the world, indicating a sense of disillusionment and detachment from the world around them.",5.0,"no one even care, feeling overwhelmed, have a abusive boyfriend, scared of life"
204,4260,"I'm rewatching Bojack Horseman on Netflix for the umpteenth time because that's the only thing I do that I enjoy anymore. 

I've recently noticed that in the show Secretariat is right, that you should never stop ruining, never look back, all that you have is what's ahead. That's what I've been doing and it seems to be working as long as I don't stop. 

My last relationship almost killed me, my ex was abusive. Before her I survived since shit, sexual assaults and the like. I've done terrible things too, things for survival, some things simply because I was a bastard.

Now i keep myself busy. I work 50+ hrs and volunteer  for the entire weekend. I have pets that need constant attention, and I'm constantly moving. When I'm not running around I always have a drink in hand. It works. The only time I look back is when I'm falling asleep,  that's the worst. That's when I can't escape it. Thankfully sleep cones soon. But I need to keep moving. If I stop I'll be consumed. Im terrified of that. I can't handle that. I can't relive it, I just can't. 

I don't know what to do anymore. I come from a long line of alcoholics and I'm fast on my way to join them. I'm so tired but I can't risk showing down. I just wish it would end but I'm too scared to do anything about it. I'm ruining as fast and as hard as I can but I'm slowing down and it's catching up. I thought it would get easier but it isn't.",C5,"The person expresses feelings of alienation, disconnection, and a sense of being consumed by past traumas. They seem to be struggling with feelings of being overwhelmed and unable to escape their past experiences, which is leading them to constantly keep busy and avoid facing their inner turmoil. The mention of seeking solace in distractions like TV shows, alcohol, and constant activity, as well as the fear of slowing down and being consumed by their past, all point towards a state of alienation-related stress.",1.0,"my last relationship almost killed me, my ex is abusive, i survived since shit, sexual assaults, i come from long line of alcoholics "
205,4261,"I‚Äôve been *somewhat* suicidal myself. More so in the ‚ÄúIm in so much pain I want to stop existing‚Äù than having a plan to end it all kind of way. 

I love someone dearly who has attempted suicide more than once and been hospitalized after their attempts. They also struggle with addiction.

I‚Äôve also lost someone I love to suicide. 

They‚Äôve called me, more than once, often drunk or high, sometimes not, telling me goodbye, this was the end, and this was their plan (I don‚Äôt know if specific phrases are allowed, so to generalize, the gist is I have all I need to kill myself readily accessible/I am in the location where I‚Äôm going to kill my self and when we hang up I‚Äôm going to do it) 

Sometimes, I‚Äôm close enough that I can physically go to be with them. Sometimes I‚Äôm not. 

Every time, I feel like their life is in my hands. That‚Äôs not a responsibility I feel like I can handle. If something were to happen to them, I‚Äôd feel entirely responsible. 

I feel like I‚Äôve read so much that suggestions to seek professional help aren‚Äôt helpful and the last thing to do is call the police or emergency services... but I am so scared. I love my friend and I want them to know it. I want them to know how truly I support them and don‚Äôt blame them for what they‚Äôre feeling or think they‚Äôre doing anything wrong. Because I truly don‚Äôt.

But I can‚Äôt handle feeling like their life is in my hands. I can‚Äôt handle feeling like if I say the wrong thing or don‚Äôt say the RIGHT thing and they die, it‚Äôs on me because I‚Äôm the one they chose to come to for help. I feel like I can‚Äôt be the help in these situations, but I don‚Äôt want to turn them away when they clearly need someone. 

It would be different if it wasn‚Äôt an active plan. I‚Äôm comfortable with I want to die sentiments. I‚Äôm comfortable with listening to someone talk about their deep pain and hatred towards themselves or ambivalence towards life. But the goodbye. The plan. The ‚ÄúI‚Äôm dead after we hang up‚Äù .... I don‚Äôt know what I‚Äôm supposed to do. I feel like I HAVE to take that seriously, because if I don‚Äôt, and they die... I have no words for what would come next.

Anyway. Any advice about any of this is appreciated.",C4,"The person who wrote the premise is under Relationship related stress. They are dealing with the emotional burden of having loved ones who have attempted suicide, struggled with addiction, and passed away due to suicide. They feel a deep sense of responsibility for the well-being of their friend who repeatedly expresses suicidal thoughts with an active plan. The fear of saying the wrong thing and feeling the weight of potentially being the reason for their friend's death is causing immense emotional distress. This level of emotional involvement and feelings of inadequacy in being able to help their friend indicate a high level of Relationship related stress.",3.0,"struggle with addiction, also lost someone, "
206,4262,There‚Äôs literally no point in life. We live and we die. And life has been hell to me so far so why should I even bother finishing. I am almost at the point where I‚Äôm about to say fuck it and quit.,C5,"The statement indicates feelings of alienation and hopelessness, suggesting a sense of disconnect and lack of purpose in life. The person seems to be struggling with the meaninglessness of life and questioning the value of continuing to live.",5.0,"no point in life, life has been hell to me so far"
207,4263,I am depressed and wanna die my own family puts me down! I am trying to grow my youtube channel and nothing works! What to do? I am losing interest in all my favourite things I just wanna die!,C4,"The person is expressing deep sadness and hopelessness, mentioning that their own family puts them down. They also feel demotivated regarding their YouTube channel, indicating relationship-related stress. The person's desire to die and loss of interest in favorite things further support the categorization under relationship-related stress.",5.0,"my own family put me down, trying to grow my youtube channel and nothing works"
208,4264,"So first of all, I don't know if this is a rule or not, but I've never been to a doctor's and actually got confirmed to have depression, I have anxiety issues and likely agoraphobia, I haven't left the house for 4 years, even then it only lasted a month, since before that I hadn't left the house in 5 years. Even before that, I didn't receive a high school education as I spent it all, you guessed it, in my house.

There was a small portion in my life where I actually had friends, 10 years ago, I was active, ""fun"", enjoying my life fairly well but occasionally I was still in the dumps. Most of my friends seemed to be the same way so we talked about it a lot. Of course my friend at the time tried to encourage me, tell me it gets better and kept an eye on me to make sure I was coming out of my shell so to say.

So of course I fucked that up, I made a small mistake, said sorry, they forgave me and I punished myself by not allowing myself to see my friends. Still haven't seen them to this day, besides one, my so. Somehow, they have infinite patience and can put up with all my shit.

I punished myself a lot, I'd cut myself, I'd punch and slam myself, destroy my own possessions. My so tried their best and it sort of fizzled out. These days I don't get the will to do so anymore.

Ever since then, nothing, for a whole 10 years, most of it I didn't even spend time with my mother and younger sister. Maybe I was still punishing myself. I had few hobbies or even things to do, though I didn't fully enjoy any of it, I was starting to feel pretty emotionless.
Towards the end I actually started reconnecting with my mother and finally learning stuff and just starting to connect with my sister.

It was going fairly well for me, I was starting to look at the bright side, I still never left my house but it was starting to feel comfortable instead of a prison.

But then my sister did something unspeakable, something I don't think I could ever forgive, but my mother did, instantly. I was hurt, angry and it pulled me straight back. Ever since I've been weird around my sister, finding it almost impossible to connect and angry at my mother.

So now, I just feel numb, I really don't know what to do, I've been trying to forgive and forget but it's impossible. I've been trying to go outside but I almost have panic attacks just thinking about it sometimes. I'm back to the prison with nothing to do but wait.

Tl:Dr After many years, things started to look good until family trouble, now it's worse than ever.",C3,"The writer depicts a long history of mental health struggles including anxiety, likely agoraphobia, self-harm, and emotional numbness. Despite never being formally diagnosed with depression, the symptoms described suggest significant mental health issues. The worsening of the situation due to family trouble and the difficulty in forgiving and forgetting indicate that the writer is under significant mental stress, possibly related to medication and mental health management.",4.0,
209,4265,I‚Äôve been suicidal for such a long time now. I see my therapist and psychiatrist weekly. I was in the hospital for 4 days a couple weeks ago. I‚Äôm on a shit ton of meds. I don‚Äôt see any other way out. I don‚Äôt think it‚Äôll happen this week but I can‚Äôt promise next week. I have no passion for anything in my life nor do I have fun anymore. And I‚Äôm so good at hiding it all. It‚Äôs not that I don‚Äôt have friends or family that don‚Äôt care. I have both. But I just don‚Äôt see any other way out because nothing on this earth matters.,C3,"The person's mention of seeing a therapist and psychiatrist weekly, being on multiple medications, and recent hospitalization indicate a focus on mental health and medication-related stress. Their feelings of hopelessness and lack of passion further underscore the severity of their mental health struggles, which are likely contributing to their suicidal thoughts.",5.0,"don't have friends or family, i have no passion for anything"
210,4266,"Well, good evening ladies and gentlemen. 

Tonight i'm going to kill myself. There is no 
hope or desire to continue breathing. Loneliness does not want or plan to get away from me and I have already tried everything to escape but i will always be alone. I do not seek attention, advice, or a savior. All I want is to say goodbye, at least, to strangers who, in the same way if they knew me, would reject me. I am an extremely disposable being.

I feel very calm and I would like to hope with the idea that, when I die, I will be much calmer, but I cannot. I really don't want to die, but my life has no solution. Nobody can help me.

So, goodbye.",C5,"The person expresses feelings of extreme loneliness, alienation, and hopelessness, indicating a mental state of alienation-related stress. They feel rejected by others, consider themselves disposable, and see no hope for improvement in their life.",5.0,"there is no hope or desire to continue breathing, i do not seek attention,advice or a savior, nobody can help me"
211,4267,"I'm just 18 but I'm terrorised when I think of death...
Are you like this too?",C5,The fear of death at a young age may indicate a sense of alienation from one's own mortality or a fear of the unknown beyond life. This feeling of terror could stem from a feeling of disconnection or not being able to fully comprehend the concept of death at such a young age.,0.0,
212,4268,"I have so much on my plate right now and I feel like I can‚Äôt be happy. I‚Äôm fat, I‚Äôm manipulative, I‚Äôm not that good of a person and I‚Äôm alone. I seriously can‚Äôt decide if I should keep going. I don‚Äôt know if I can handle the difficulties in the path of improvement. It would be so much easier just to end it, I‚Äôve never been good with decisions.",Alienation related stressed,"The person expresses feelings of being alone, questioning their self-worth, and contemplating ending things, which indicates a sense of alienation and detachment from others. The mention of feeling fat, manipulative, and not a good person further adds to the theme of alienation and self-doubt.",1.0,"i am not a good person and i am alone, i am manipulative"
213,4269,"Hey. After much meditation, I decided to create this post, both as therapy for myself and to open up a forum of conversation. I am writing this right before I go to work, so I will probably edit it later. So here it goes. I apologize in advance for my rambling. 

I am currently 20 years old and a sophomore  in college. A few minutes ago I typed in ‚ÄúI‚Äôm eventually going to kill myself‚Äù into google trying to find some forum post to read. Lo and behold an r/suicidewatch post came up from 3 years ago, which led to me creating my reddit account to make this post.

Throughout my life so far, I have struggled from a crippling loneliness. I was mostly a loner in middle school and high school, one of those arrogant assholes who only care about grades, etc. Inside, however, I had a crippling insecurity about my body image. I have a distinct memory from when I was perhaps 10-11 of staring into the mirror and looking at my face, critiquing every last bit. To those I know, this would not make much sense as I have always been told that I am very attractive. I have never seen it, however. My phone, to this day, is filled with photos that I have taken of myself. 

Deep down, I think that my depression is mostly of a natural physiological basis. Up until I was 18 I had never even held a girl‚Äôs hand and up to now I have only kissed one (a very pretty Italian girl who left the country soon after). I have spent most of the last 2 years listening to sad songs, driving aimlessly, chain smoking, and watching movies like Her and Manchester by the Sea. Luckily enough, I do have a best friend that I met in HS who struggles with depression as well. He however, has no problem picking up girls do to his charisma that he has developed over the years as a coping mechanism. Together, we mostly drink, smoke weed, and watch ‚Äúfilms.‚Äù I always make it a point to get drunk or high enough that my entire life, past and future, flashes before me in a sort of slideshow. 

As I write this, I have been using steroids on and off for 2.5 years. I first started after losing 25 pounds (mostly by starving myself) and then developing an ok physique. I thought that nothing else would make me attractive so I made the decision to buy Testosterone Enanthate off the darknet when I was 17. I didn‚Äôt give a shit if I died because, in my mind, there was no other way to find a girl to fill the void inside of me. Now, I am very muscular (5‚Äô10‚Äô‚Äô, 190, around 10% bf), yet my void is not filled and I don‚Äôt think it ever will be. 
I am on a solid trajectory right now and will inherit a large sum from my grandfather when I turn 25. This adds no meaning to my life, however. I see myself as a sort of Holden Caulfield or Amory Blaine (from this side of paradise). All I want to do is help people and be loved, but I have a crippling fear that I will only feel loved vicariously, by watching movies and reading books. I can‚Äôt shake the feeling that I won‚Äôt make it past 40 before I eventually kill myself. My father is currently slowly dying of alcoholism from his depression at 50 just as his father did.

Every time I think of this I am taken back to a memory from when I was a senior in HS. I had been talking to a girl for a month or two and my best friend had hid the fact that he was having sex with her. I had never felt so inadequate in my life. I drove home crying and tied my belt around the doorknob and leaned forward. Thankfully I didn‚Äôt follow through with it. This inadequacy still consumes me. I just want hope that someday these feelings will subside.",C5,"The person exhibits feelings of loneliness and alienation throughout the post. They express a deep sense of inadequacy, insecurity, and a fear of never finding true love or fulfillment. This alienation is further highlighted by their reliance on external substances like alcohol, drugs, and steroids, as well as seeking solace in movies and books. The individual's thoughts of eventually killing themselves and comparing themselves to fictional characters like Holden Caulfield indicate a profound sense of disconnect and estrangement from the world around them.",1.0,"i am struggling from a crippling loneliness, i had a crippling insecurity about my body image"
214,4270,"I'm suicidal because, of, 


I failed graduating many times, school. 

How my dad treats me, bullying me. 

How I make myself feel awful by judging myself all the time, me. 

I'm unmotivated in school, I dread school, I hate school.

I'm a highly sensitive person, hsp. I'm a procrastinator. 

Suicide has become a normal thing for me. Even in better days, I think about suicide, ways to die. 

I just wanna give up on life, on school and die. 

.

I probably have more reasons but this is it",C5,"The person seems to be experiencing alienation related stress, as indicated by feelings of being highly sensitive, unmotivated, hating school, and wanting to give up on life. They mention feeling judged by themselves all the time, which could contribute to a sense of isolation and alienation. Additionally, the thoughts of suicide being a normal thing for them, even in better days, suggests a deep sense of disconnection and emotional distress.",2.0,"failed graduating many times, my dad bulling me, i am unmotivated in school, i hate school, i just waana give up on life on school and die"
215,4271,"I've been feeling really depressed and lonely lately from my job, I'm a full time late night janitor for a courthouse just 10 miles away from my hometown. Working there has been pretty easy, but I wound up feeling super lonely a lot considering I don't really get to talk to my friends or hang out with them much.

So just today I came home late as usual, and I have a little interaction with my mom after she made a joke to me that I took pretty personal and felts like was more of an insult rather than a sense of humor. I told her that I didn't really want to joke around like that, but she refused to listen and told me to just go away then. Despite attempting to change the topic and explain why I haven't been feeling so high, all she kept doing was telling what a great mom she is for raising me and my brother while struggling to make ends meet and keep the house. What an ungrateful little bastard I am for not appreciating her hard work and sacrifices. 

At that moment I was legitimately about to begin to cry. But rather instead of pausing and trying to reverse the damages, all my mom did was host a little parental style of the oppression Olympics and proclaim her amount of tears and cries over the course of three weeks. I got out just before my first tear would legitimately run down my cheek. 

And even before I went to bed, she goes on about how her life is more worse than ours than ours, then escalates into a more ""This is why you'd make a terrible mistake getting behind the wheel"" considering I had practice driving this morning. Unaware that she had just lite the fuse to trigger the firework, but she didn't seem to care. 

Thanks for reading, I hope you feel better soon and find the key to unlocking your next set of happiness. Along with having a parent who doesn't make your suffering all about them and why you shouldn't be depressed.",C4,"The premise indicates a sense of loneliness, feeling unappreciated, and having difficulty communicating with a close family member, which are common themes in relationship-related stress. The interaction with the mother, where the individual's feelings were dismissed and undermined, led to further emotional distress. This kind of strained relationship dynamic and lack of emotional support from a family member can contribute to feelings of depression and isolation.",2.0,
216,4272,But I could have. FUCK GO BACK hahaha,C6,The use of strong language and an abrupt shift in tone may indicate bias or abuse related stress. The expression of frustration and the sudden change in mood could suggest an underlying feeling of disturbance or agitation.,0.0,
217,4273,"So many people have experienced it, and so many more *don't even realize* that they have. We were too young to remember, or we think that one thing that happened doesn't count, or we are in denial that that's what it truly was. But our body remembers. Our bodies and our souls, they carry the heaviness of the pain that we can never seem to put down. I believe that most of the times people want to end their lives, even if they are doing it slowly through addictions or passive behaviors, it's for this reason. 

Whether we were manipulated, tricked, forced, brutalized, lied to, used and discarded... all of these actions cut deep, to the very core of our being, and it feels like there's no way to ever move past them. When there's nothing else to distract us, the weight is unbearable.",C5,"The premise suggests a deep sense of alienation and disconnection from oneself and others. The mention of carrying the heaviness of pain, feeling cut deep to the core of being, and the unbearable weight points towards an alienation related stress.",0.0,
218,4274,"I don't have the strength or really the means to do it right. I just want instant death when I least expect it. I don't feel like I'm supposed to be alive, every day is completely miserable. Most days have always been at the very least not good. The months are just passing by now, I haven't had a real friend in years. My girlfriend lives hundreds of miles away and it feels like she doesn't care anymore about me because of how I am. I don't even blame her. I'm ready to die, it's just so hard to do so. Every day I look at suicide methods and and it's the same fucking articles and posts. It's almost funny. I stopped taking my useless antidepressants because I was tired of being asexual, now I have these brain zaps and it's so weak. I just laugh or cry for no reason at times. All there is in this house is yelling. A simple chore feels sisyphean, why bother? I'm 18 now but I don't feel like I have had any kind of childhood or teenagehood. Where did it go? I'm supposed to be happy about college or something. that's what they tell me. i'm tired of typing, fuck this",C4,"The person expresses feelings of loneliness, lack of connection with their girlfriend, and a sense of not being cared for. This relationship-related stress appears to be a significant factor contributing to their mental state.",5.0,"i stopped taking my useless antidepressants because i was tired of being asexual, my girlfriend lives hundered miles away and it feels like she doesn't care anymore about me"
219,4275,"I have no one to listen to my problems so I thought I would write them down. Then I decided to post it on here. 

Just moved to a new city and started at a new school. I don't miss anything from my old hometown, I'm actually quite happy to be somewhere else. Moving has been tough though. I had to give up my cat and say goodbye to my friends.

I have kind of 'joined' a group of friends at school. They're all pretty nice. The dynamic of the group is a little weird though. Its like 50% introverts who don't talk much, myself included, and 50% strongly opinionated extroverts. They mostly seem like a nice group of people though. In regard to making friends, things have gone pretty well. Trying to form deep relationships with people is a hard and long process though. It's hard not to get impatient and blame myself though. I feel like I'm being ungrateful because even though I think I've been lucky in finding a group of friends, which is exactly what I want, I still feel so shit.

I've never been diagnosed but I think I could have depression and/or anxiety. I would love to get some medication if it would ease the pain, but I don't want to tell my parents how I feel.

Over the past few years I've thought of suicide probably at least once a month, usually weekly or daily though, and planned it two or three times in my life. I've been thinking about it a lot recently. I've been researching pills I can get at a chemist that I could overdose on and I've found a suicide bridge that's very close to my house. I've been told that I should live for all the good moments in life, but the effort it takes to reach those moments doesn't seem worth it sometimes.

I'm starting to find it hard to trust myself. I'm like a different person from day to day, or even hour to hour. During the brief moments when I feel happy about something I worry about my emotions causing me to do something I regret. When I'm sad or empty it's all I can think about.

There's this girl who's not in my new social circle but who has been really nice to me. She seems like a really nice person. We don't see each other much but she always makes an effort to greet me. I'm unsure whether her intentions are romantic or platonic and it's making me dizzy. I really want us to become better friends or maybe more, but I am not great at social interaction and always make myself feel shit about every little mistake I make. I feel kind of like It'll never happen, yet I spent the whole afternoon texting her. I feel like I'm going insane.

The people I admire most are the ones that seem like the nicest people you could ever know and make you feel happy just being present or after a short conversation and you're always left wanting more from them. I aspire to be like this and make other people happy. I need to remember to smile more though.

Usually I have a high libido but the past two weeks my drive has literally been non-existent. A month ago my shit suddenly became sloppy even though my diet is quite healthy and hasn't changed much, I think it is anxiety causing me to be extremely tense all the time. I just started waking up at 4am every morning out of nowhere and I can't stop. I don't know what the fuck is happening to me.

I feel so lonely. I just want someone to talk to and listen to. Getting to that point with someone new takes time and I'm getting kind of impatient.

I don't know what to do to make myself happy. If things worked out with this girl I think I would be happier, yet the thought of her losing interest in me makes me feel awful.

Wow, this ended up really long.",C4,"The person is experiencing relationship-related stress. They express feelings of loneliness, difficulty in forming deep relationships, uncertainty about a potential romantic relationship, and admiration for people who make others happy. The mention of a girl who has been nice to them and the desire for things to work out with her shows a strong focus on relationships and the impact it has on their emotional well-being.",5.0,"have no one to listen to my problems, i feel like i am being ungrateful, feel so shit"
220,4276,"Throwaway account. Not like it matters. Today I wrote suicide notes to my mom and boyfriend. I feel so guilty but things have really taken a bad turn and I can't do it anymore. I miss how things were. I told my boyfriend I'd stay alive until my birthday, which is in 18 days, and if nothing has improved despite my efforts by then, then I'm going to do it. But if I'm being honest, I don't know if I can stick around that long. It keeps getting worse. I hate feeling this way.",C4,"The mention of writing suicide notes to the mother and boyfriend, feeling guilty, experiencing a decline in the relationship, and expressing a yearning for how things were all point towards relationship-related stress and struggles.",5.0,"i feel songuilty but things have really taken a bad turn, can't do it anymore, it keep gettiing worse, i hate feeling this way"
221,4277,"It seems like all I do is cry. I needed my cello bow re-haired so my professor sent me to an unfamiliar building and gave me instructions to drop it off at some lady‚Äôs office. I was already having a bad day because I couldn‚Äôt get myself out of bed to go to my first class. Then she tells me that she can‚Äôt accept the bow because I need to visit the website first, set up an account,  etc. At that point I start crying. It ended up working out in the end but I wish that every little thing didn‚Äôt have to make me sad.",C5,"The person in the premise is feeling alienated and overwhelmed by the series of unfamiliar events and tasks. The struggle with the unfamiliar building, instructions, and technical requirements for the cello bow are causing distress and making them feel disconnected or isolated from their environment. This sense of alienation is further compounded by the feeling of being overwhelmed and unable to handle everyday tasks, leading to emotional breakdowns.",5.0,"i coouldn't get my self out of tghe bed to go to my first class, i wish that every little thing didn't have to make me sad"
222,4278,"We have been together for almost four years and I had never been happier in my life than I have been since I met him.  He has helped and encouraged me to improve and grow so much.  He has never insulted me, never yelled at me, and while we've had disagreements we've never *fought*.  There has always been so much love here.

I want to spend the rest of my life with him.  I thought he wanted the same.  He says that he does.

However, he also says that he can't be satisfied sexually with just me.  He wants an open relationship so he can fool around with cis men.  I'm transgender, and it's killing me that he wants the one body part that I don't have more than he wants to be happy with me.

He doesn't believe our relationship is sustainable, and he can't promise he won't one day be tempted to cheat, if he doesn't ""have this outlet.""  He won't marry me unless I can agree to the open relationship.  I'm a deeply monogamous person and just can't do it.  I can't.

I never believed that anyone could love me; I have multiple sclerosis and am trans, along with a ton of other issues.  He has made me so happy, and I felt so loved and secure, just to learn that he isn't satisfied with me and never will be.  As I always feared, I'm just not good enough.

We're in couples counseling, he wants to make things work somehow, but I can't see any possible solution even though I want nothing more than him.  I hate my body more than ever before.  I hate myself.

I've struggled with depression and suicidal thoughts for the past 20 years.  I believe this was my last chance, and it is failing horribly, and I just don't have it in me to keep trying.",C4,"The person is experiencing intense relationship-related stress and distress due to their partner's desire for an open relationship, specifically to be with other individuals who are cis men, which conflicts with the person's deep need for monogamy. This incongruence in needs and values within the relationship has led to feelings of rejection, inadequacy, and self-hatred, exacerbating existing mental health issues like depression and suicidal thoughts. The situation has put immense pressure on the person's emotional well-being and self-worth, highlighting the significant relationship-related stress they are undergoing.",4.0,"he says that he can't be satisfied sexually with just me, he wants an open relationship, i am transgender and it's killing me, he doesn'y believe our relationship is  sustainable, he won't marry me unless"
223,4279,"First of all, sorry... I‚Äôm Brazilian and my english is broken.

I'm 26 years old, I think I'm beautiful and I look younger, but I've been in severe depression for over ten years because of family losses and my borderline disorder, and I think I was born mentally ill. I was hospitalized in 2016 and 2017 and under psychiatric treatment, but I think that I have no cure. 

I stopped going to university, I stopped working, everything goes wrong, but last year I thought everything was going to change. I met someone and helped him, gave him house, food, love and my family accepted him, but he made it worse, made me go through hell, left me at the rock bottom, and then this year he left, he left me!! Now he is living a happy life and I that helped him.. well I‚Äôm living in chaos. 

THAT'S NOT FAIR!  WHY EVERYTHING GOES WRONG IN MY LIFE?

 I love my family, my 25 cats and I still love him. But I can't go on anymore. I feel exhausted and too old.",C4,"The person is experiencing relationship-related stress. The long history of family losses, borderline disorder, stressful past relationships, and feelings of betrayal and abandonment all point towards deep emotional turmoil regarding relationships. The mention of feeling exhausted, helpless, and overwhelmed further indicates a significant impact of past and recent relationship experiences on the individual's mental state.",3.0,"family losses and my borderline disorder, i was born mentally ill, i think that i have no cure"
224,4280,Right now I'm feeling very alone I live in a city and don't know very many people because with depression and anxiety that I haven't treated for 7 years keeps me from wanting to meet new people because out in the real world it's scary. Always afraid that I will mess up what I say and that people will think I'm stupid. The people I do know half turned out to be horrible people that have now resorted to trying to tear me down daily. I love my daughter and my boyfriend but sometimes you want to talk to someone else. I don't know how else to explain it I just feel really trapped. End sad rant.,C5,"The person expresses feelings of loneliness, alienation, fear of judgment, and being trapped in their situation. They mention the presence of depression and anxiety that they have not treated for a long time, which has likely contributed to their sense of isolation and disconnection from others. Additionally, they describe a lack of positive social connections in their life and encounters with individuals who are trying to tear them down, further contributing to their feelings of alienation. This overall sense of being trapped and experiencing negative interactions with others aligns with the category of alienation-related stress.",5.0,"feeling very alone, just reallu feel trapped, people thinks i am stupid"
225,4281,"40 years old today. Lived a bad life. Was a bad person.
I'm sorry.",C6,"The sentiment expressed in the premise indicates self-reflection, guilt, and remorse regarding past actions and behavior, suggesting a sense of bias or internal abuse related stress.",0.0,
226,4282,"I feel like this time I won‚Äôt stop myself from going through with it. I can‚Äôt bear this pain any longer. These knots in my heart, and these twists in my stomach. Constantly feeling gutted by the very act of existence. Life is pain. It‚Äôs not worth it and I know I‚Äôm worthless. I‚Äôm a fuck up going nowhere. I don‚Äôt want to breathe I don‚Äôt want to think I don‚Äôt want to feel anymore. I don‚Äôt want to be me. I hate myself. I loathe myself. I am a piece of shit. I am human scum and I am tired of taking up space. Fuck my life fuck this world fuck me. God hates me. The universe loves to watch me suffer. I‚Äôm down in a hole and I don‚Äôt think that I can be saved.",C5,"The person expresses feelings of worthlessness, self-hatred, and alienation from themselves and the world. They feel overwhelmed by existential pain and express a desire to escape their own existence, indicating a sense of alienation and disconnect from life.",5.0,"life is pain, i know i am worthless, don't want to feel anymore, i hate myself"
227,4283,"I can't TALK about what I'm feeling, and this is so f-cking annoying, it's like I'm illiterate or something, because everytime I start writing on r/offmychest or whatever stupid community/website it feels like I'm so f-cking stupid and can't be helped, like I'm hopeless or something. Am I cursed or what?

It's too much that I want to talk but I have no one to talk to",C5,"The language used suggests feelings of alienation and disconnection from others, and the sentiment of having no one to talk to indicates a sense of loneliness and isolation. The individual expresses frustration about not being able to communicate their feelings effectively, which may stem from a feeling of being misunderstood or unheard by others, contributing to their overall sense of hopelessness.",5.0,"fell like i am so stupid and can't be helped, i am hopeless or something, i have no one to talk to"
228,4284,"I‚Äôm 16 I‚Äôve been severely suicidal since I was 10. When I was around 11 I slit my wrists and my parents walked in when I was bleeding out. They said they were ‚Äòbusy‚Äô working and gave me antiseptic cream and bandaids instead of taking me to the hospital my dad walked in later that night and cried over me and basically called me selfish. No one ever talked about it again and I never received help. I‚Äôm now in 11th grade and school has never been worse I‚Äôve already had 2 pretty serious breakdowns and I‚Äôm  only 6 weeks in. Through extensive online research I found some ‚Äòpainless‚Äô suicide methods and purchased the drugs and blades necessary to pull it off. I almost did it the other night but I want to finalise some things first. My mum is gone so just now I went to my dad for a final plea for help and when I told him he said ‚Äúit‚Äôs all in your head‚Äù ‚Äú the 
only thing you have is self pity‚Äù etc. I just know I‚Äôm going to end it all pretty soon, I‚Äôm not sure when but almost definitely soon. Thx for reading if you made it this far :) appreciate it",C4,"The person is experiencing severe emotional distress due to the lack of support and understanding from their parents, particularly their father. The dismissive and hurtful response from the father after a serious suicide attempt as well as the ongoing emotional neglect and invalidation by the parents have contributed to relationship-related stress. This has led the individual to feel isolated, unheard, and unsupported, exacerbating their suicidal ideation and mental health struggles.",1.0,"school has never been worse, i have already had 2 serious breakdowns, i found some painless suicidal methods"
229,4285,"It's not that I hate working but... no, it is precisely that I hate working. I just can't come to terms with the thought that I'm going to waste a huge part of my life doing things I don't like to do. 
For what? I don't see the point on working hard and achieving all these career goals if the only time I'm going to have to myself would be after I retire ‚Äî IF I'm ever going to retire and not just drop dead in my 50/60s. 
I'm 27 and I have no idea how to live this life, my supposedly only chance at sentience. I'm depressed due to a lot of things: physical health problems, not being able to find a job that I'm going to at least tolerate, feeling generally lost in life.
I hated all the jobs I've been at, ALL OF THEM. It majorly contributed to my suicidal tendencies and I quit my last job with this awful premonition that if I'm not going to quit asap, I'm going to kill myself. 
My family doesn't understand because 'Everybody's gotta work for a living' (the usual), they kind of resent me now for being like this. I'd gladly drink all the Kool-Aid of this world and be a relatively happy working drone at this point in my life, but my mind just isnt wired that way.
I'm tired of constantly feeling depressed, guilty, angry at this world and myself. I feel absolutely alone, even thought I know that I'm not alone in this type of thinking.
Right now I just feel empty, like there's no way out of this, lile I have nothing to live for.
Sorry for this rant. I know I'm just writing it for attention, or maybe for some sort of connection to another human being.",C2,"The person's mental state appears to be heavily influenced by job and career-related stress. They express a deep dissatisfaction with their current and past jobs, feeling lost in life, and experiencing suicidal tendencies due to their work situation. The negative impact of work on their mental health is evident throughout the premise, indicating a significant level of stress and unhappiness directly related to their career experiences.",5.0,"i hate working, having a physical health problems, not being able to find job, feeling generally lost my life, i quit my last job with awful premonition"
230,4286,"I can‚Äôt believe I‚Äôm writing this. I‚Äôve fought so hard for so long. I don‚Äôt want to die. I don‚Äôt. But I can‚Äôt live like this anymore. I can‚Äôt do it. The pain is so intense. I have nothing. There‚Äôs no hope left, there‚Äôs nothing more for me to try. I‚Äôve been fighting depression for nearly a decade. So many different therapists, coping mechanisms, meds of different kinds and different doses. And here I am. 8 years later and in more pain than ever. I wanted to get better so bad. But it‚Äôs not possible. It‚Äôs just not possible. There‚Äôs nothing anymore. I dropped out of school. I have no job. No friends. I‚Äôm quickly running out of money. I‚Äôm so scared to attempt but I just don‚Äôt know what else to do. It hurts so bad.",C3,"The person is expressing intense feelings of hopelessness, intense pain, and mentions trying different therapists, coping mechanisms, and medications without success. These are common indicators of medication-related stress in dealing with depression for nearly a decade.",2.0,"i dropped out school, i have no job and no friends, i have nothing, i just quickly running out of money"
231,4287,Everyone's a backstabbing sack of shit,C5,The language used in the premise indicates a feeling of alienation and distrust towards others.,0.0,
232,4288,"""I love you"", so please don't kill yourself because I will feel soooo  guilty 

""You mean everything to me"", til I realize that I'm talking to YOU after all and I get bored. Can't you be a different kind of person?

""You have so much to offer"", I mean, you MIGHT, but I really don't expect much to come from your existence but PLEASE DON'T MAKE ME FEEL BAD BY KILLING YOURSELF :(

Everyone is lying to me continuously anytime I'm spoken to. I know my place and where I stand and I hate it, so I want to be done here.",C5,"The person who wrote the premise is expressing feelings of alienation, loneliness, and disillusionment. They feel disconnected, unappreciated, and misunderstood by others, which is likely contributing to their sense of hopelessness and desire to end things.",0.0,
233,4289,"28F. My husband wanted to move from West coast to the East coast. Here we are 5 months later. I hate my job and most coworkers. I met a coworker I loved but she ended up leaving and now I have nothing to look forward to at work. I eat in my car I'd rather eat by myself than with gossiping, whining women.

My husband has always been a people person so hes made friends pretty quick. There's days were hes out and I'm sitting home alone.   

So alone. I cry in secret. I keep things to myself idk where I've gotten the idea that I need to be strong and crying is weakness.

I tried talking to my husband last  night and I was having a hard time talking. He ended up leaving and just sleeping in the livingroom which didnt help this situation. 

I miss my mom
I miss my sister
I really fuckin miss my friends. God do I miss thier hugs so damn much
I miss my job it was an amazing job with great pay and my coworkers were my friends 
I miss our little home
I miss my car Lucy
I miss the weather

I just want a hug",C4,"The person is stressed about their relationships, specifically with their husband and coworkers. They feel isolated and disconnected, missing their family, friends, and previous social connections. The longing for hugs and the difficulty in communicating with their husband indicate emotional distress within the relationship. This feeling of loneliness and longing for emotional support points towards relationship-related stress.",4.0,"my husband wanted to move from west coast to east coast, i hate my job and most coworkers, my husband made friends quickly and there's days he's out and i am sitting home alone, so alone, i cry in secret, i miss mom, sisiter, friends and their hugs"
234,4290,"I changed my diet and it helped me within a day or two! I ate out a lot. Burgers, wings, a lot of salty flavorful food and all that flavor has additives and msg n it fucks w ur brain chemistry I never ate my greens growing up after 2 days or eating salad and fruits and healthy fats and adding 2 tblspn of olive oil to the mixed helped me tremendously.. mood felt so much better!!! I used to be angry all the time also. Gluck

It‚Äôs crazy I just drink 2 shakes a day made in a blender I just throw a bunch of salad and other greens along w a cut up whole apple ,orange, some carrots, broccoli, peanut butter, apple cider vinegar, hamulayian Salt and a tablespoon of olive oil. Twice a day

I have two college midterms coming up this week and I‚Äôm not even stress for some reason 
Hope this helpsüôèüôèüôè",C1,"The person seems to be in a good mental state as they are excited about the positive impact of changing their diet on their mood. They are also sharing their experience and expressing hope that it might help others. Additionally, they mention that they are not stressed about college midterms, indicating a positive emotional state.",1.0,"i changed my diet, i ate out a lot, i used to angry all the time also, it's crazy i just drinks 2 shakes a day"
235,4291,It's all I've ever wanted but it just keeps eating away at me and won't change. I just don't want to be alone anymore.,C4,"The person is expressing emotional distress related to not wanting to be alone anymore, indicating relationship-related stress.",5.0,i just don't want to be alone anymore
236,4292,"Over the last few years, I've gone through various cycles of depression, anxiety &amp; panic attacks. I've fallen into the trap of everything's fine again i'm alright, only to be hit by a oncoming train of depression 6 months later. I spend a lot of time in my room alone &amp; I rarely leave the house much and when I do leave I feel massively anxious &amp; I feel much worse when dealing with people. I get hit sporadicly with depression &amp; insomnia, which makes everything so much worse. Insomnia has a truely wonderful talent of nuking everything.

I feel like I have no future and certainly no future or a life where i'm happy or even content. I've spoken to friends and loved ones about jobs and I always get the wishy-washy response of ""you'll be fine"" or ""everything will work out fine"". I want to have purpose in life but I just feel so incredibly hollow &amp; low all the time &amp; all my interests and hobbies just fade away. I'm absolutely terrified of applying for jobs (i've had a few interviews that completely nuked my mental health for more than a year) in fear that it's going to destroy my mental health again (had very bad experiences in my last job) and it doesn't help when friends/family tell me I need to apply or jobs or that i'm lazy. I really don't know what it is i'm suppose to do? or what it is that people think I should be doing? 

My biggest concern is that I just feel like if this is something I have to cope with for the rest of my life, I just don't think I'm going to be able to cope and I really worry where that will lead and what bearing it'll have on the important decisions in life. I'm really struggling to help myself and get help. Even writing this post has been hard (this is my fifth attempt) &amp; composing my thoughts has been really difficult. 

Has anyone had similar problems? or been in a similar situation and overcome it? I really don't want this but I feel like i'm stuck with it unable to do anything about it. I feel trapped, with nowhere to go.",C3,"The person appears to be experiencing cycles of depression, anxiety, panic attacks, insomnia, and feelings of low self-worth. The mention of falling into the trap of feeling 'alright' only to be hit by depression later suggests a continuous struggle with mental health. The individual's reluctance to seek help, fear of job applications due to past negative experiences, and feeling trapped with nowhere to go indicates a significant level of distress related to medication and seeking mental health support.",2.0,"i am terrible to applying for jobs, had a very bad experience in myb last job, i need to apply for jobs, composing my thoughts has been really difficult"
237,4293,"I say sorry way too much. I get things said to me like ""why are you apologizing"" or ""you didn't do anything"". I'm a pretty shitty person in general (or I felt like I am) so I just feel guilty for everything. Some else is sad? Fuck that's my fault ain't it?",Alienation related stressed,"The person's constant need to apologize and feeling guilty for everything, along with a belief that they are a 'shitty person', indicates a deep sense of alienation and disconnection from others. They seem to struggle with feeling responsible for the emotions and actions of those around them, which can be a sign of alienation and a lack of self-worth.",1.0,"i just feel guilty for evrything, i am pretty shitty person in general"
238,4294,"no one wants me to be here anyways and all i do is mess everything up because i‚Äôm retarded and i want to die anyways so fuck it ig. idk there was really no point in making this post but it‚Äôs w.e, no one‚Äôs going to read it anyways so it doesn‚Äôt matter ig",Alienation related stressed,"The language used in the premise suggests feelings of being unwanted, unfit to be in a certain place, and a sense of worthlessness. The person feels disconnected and isolated from others, believing that nobody cares or understands them, leading to a state of alienation.",0.0,"no one wants me to be here anyways, idk there was really no point in making this post"
239,4295,"Ive been depressed for a couple of years now, ive been suicidal too for the past 3 years. One of the main reasons is my family. I‚Äôm an outsider to them, i chose that i don‚Äôt want to be religious or what they wanted me to be. They tried to mould me into the model son, i hate it. Ive spoke on to a lot of people online, who‚Äôve become my close friends, but in the beginning of this year, i lost my closest friend, of 3 years. He was an inspiration to me, and now that he‚Äôs gone i feel alone. I have friends still but they slowly drift further each coming day.

Recently, i was telling dark jokes as a coping mechanism, it helps relieve stress when i make jokes about stuff. I slipped up and made a joke that offended a girl in my class, she went to the head of student affairs in my school and complained about me, despite having apologised at least 5 times. Parents got involved too, and news spreads like wildfire. I don‚Äôt feel like going to school tomorrow, because the last thing i want is this stress from my peers.

Its not my peers that are the problem though, it‚Äôs my family. They‚Äôre religious and believe you should never joke about the stuff i do. (I still joke about the things i do because my mental state has deteriorated). I have depression, insomnia and ptsd. My family doesn‚Äôt know. In about an hour i have to either confess everything that‚Äôs wrong, which‚Äôll probably give me shit to deal with x20 worse, or i can kill myself today. Im heavily weighing the options. I don‚Äôt want to live, to suffer, anymore. I‚Äôve attempted in the past and i pussied out in the last moments. But this time, if i have to, i will. I can‚Äôt live like this anymore. I‚Äôd probably get disowned if i called the child support hotline, and i go to a private school on an academic scholarship, so i‚Äôll have to move schools, which‚Äôd mean i‚Äôd lose my closest friends in real life.

Im pretty much failing every class, flunking every class, i don‚Äôt do work anymore, im constantly in pain. My head thumps everyday with migraines and i cant focus, i can only stay sane from my dogs and music. Im in love with videogames, but my pc died last september so i havent been able to play and it made me really sad. 

I just want some incentive to live, to keep going, but i cant see anything but my future going dim. I‚Äôm in school typing this out. Im hoping by some insane luck that i can make it through this. I promised myself that depending how my year started out, i‚Äôd contemplate suicide. I decided that i would do it in feb but didnt, so i want to do it today. Idk how i‚Äôll make it through this. Please, someone, help me.",C5,"The person is experiencing alienation related stress. They feel like an outsider to their family due to differences in beliefs and values, leading to a sense of isolation. The loss of close friends, both online and offline, has intensified their feelings of loneliness. The individual's coping mechanism of making dark jokes has caused conflict with peers, further isolating them. The fear of being disowned and having to change schools also contributes to their sense of alienation and hopelessness. These feelings of being disconnected from their family, peers, and support systems are evident throughout the narrative.",4.0,"i lost my clisest friend , he was inspiration to me, i feel alone, i have to move the school because which means i lose my closest friends in real life"
240,4296,i was in a relationship where my gf had severe anxiety and depression. i tried to help her but she had to go to the hospital because of it. once she came back i went into a depression. i think i might‚Äôve picked it up off of her but i don‚Äôt know. she didn‚Äôt tell me she was stressed or how she was feeling and she broke up with me while i had no idea what the fuck was going on. she had feelings for someone else for the last week we were together. she doesn‚Äôt want to talk to me right now and says she wants a break from me when she claims that i was hardly the cause for her stress. if i‚Äôm hardly the cause then why am i the only thing being shut out of her life? i still want to try to repair my relationship with her but i don‚Äôt know what to do at this point. reddit please give me advice. i‚Äôm not doing well mentally or physically right now and i need it.,C4,"The person writing the premise is experiencing significant distress and confusion resulting from a turbulent and distressing relationship experience. The mention of relationship issues, lack of communication, feelings of being shut out, and confusion about the partner's actions all point towards relationship-related stress.",4.0,"i was in a relationship where my gf had severe anxiety, i tried to help her but she had to go to the hospital, she broke up with me, she didn't want to talk te me right now"
241,4297,"I'm going through... well alot. Over the past few months. I dont even know where to begin. I've spoken with the suicide hotline previously (great resource, do not EVER hesitate to phone them if you even think for a second it would help), but this feels different. I havent seen my kids in months, I'm introverted as fuck so I've never made any real friends, but I just need to finally chat with someone. What can I do?",Alienation related stressed,"The person expresses feelings of isolation and loneliness, mentioning that they have not seen their kids in months and have never made any real friends due to being introverted. This sense of disconnection and lack of social support can lead to alienation-related stress.",0.0,
242,4298,"There's so much fucking pressure on me and I hate it, I don't want to be seen as ""the smart kid""because I'm not, college is kicking my ass. I just got lucky and cheated through highschool. I don't want all of this pressure,  it is killing me",C5,"The person is feeling alienated and pressured by the expectations placed on them in college, especially the pressure of being seen as something they believe they are not. They express a sense of disconnection and feeling overwhelmed by the external demands and expectations.",2.0,"don't want to be seen as smart kid because i am mnot,college kicked me out, cheated through high school, don.t want all of this pressure it is killing me"
243,4299,"I can't bear to fucking do it. But there's no choice. She has a carcinoma, and the vet told us that chemotherapy is also an option, but there is no certainty that she will be cured, so this is our only option. 

I've never felt so empty and overwhelmed with anxiety at the same time. I can't even bring myself to see her. It breaks me inside. 

I just want her to have peace, but I don't want to let her go. It's horrible to see how a such a being with a noble heart has to endure this shit. I'm gonna miss my big girl so much. 

Any support is appreciated.",C3,"The person is expressing feelings of overwhelming anxiety and emptiness while dealing with a difficult decision involving a loved one (their pet) who has carcinoma and the option of chemotherapy. This situation is likely causing emotional distress and uncertainty regarding the outcome, which aligns with the mental state related to medication-related stress.",3.0,"she has a carcinnoma, i've never felt so empty and overwhelmed with anxiety, it breaks me inside, i just want her to have peace, don't want to let her go"
244,4300,"I know everything is good on my life..

Nothing's going wrong

But I'm suffering",C5,"The person seems to be experiencing alienation-related stress. Despite everything seeming good in their life, they feel disconnected or isolated, leading to feelings of suffering.",0.0,
245,4301,"Just curious, I'm not talking about over the counter ones..",C3,The mention of 'not talking about over the counter ones' suggests a possible concern or stress related to medication that is not easily accessible or might require a prescription.,0.0,
246,4302,I‚Äôm depressed and I don‚Äôt want to live anymore I always feel ignored I told my ‚Äúcrush‚Äù that I liked her and I got rejected and now the person I hate likes her I already made a plan to kill myself and I‚Äôm going to do it next week my family is sick in the head and there never close to me the all spread through out Canada I‚Äôm pretty sure I have a mental illness and it seems like my friend group is getting smaller and smaller by the hour I have nothing to live for and I life seems to get crazier and crazier by the day everyone around me seems so happy and it‚Äôs seems like I‚Äôm the only one suffering I need help major help if I go to counseling they will only tell me lies that I‚Äôm good enough even though that I‚Äôm nothing no one will miss me and this is my final call for help,C5,"The person expresses feelings of being ignored, rejected, and alienated by others. They feel isolated, disconnected, and alone in their suffering, which indicates a sense of alienation and social exclusion. The mention of feeling like the only one suffering among happy people around them further emphasizes the theme of alienation. This individual may benefit from support and interventions that address their feelings of being left out or disconnected from others.",4.0,"i got rejected by my crush, i have a mental illness and it seems like my friends group is getting smaller and smaller"
247,4303,Mom kicked me out:) can‚Äôt wait for this to be the final straw to kill myself I wish I was never 302 so I could get a gun :/ I‚Äôll have to sleep in the car a few nights till I get my hands on one.,C4,"The person is experiencing relationship-related stress, as indicated by being kicked out by their mom. The mention of the final straw and thoughts of suicide suggest a deeply distressed state due to strained relationships.",4.0,"mom kicked me out, "
248,4304,"Me and my husband are separating and I‚Äôm fighting these thoughts

I want to die
I am going to study abroad
I have Prozac if I take them all maybe?
I have work tomorrow so maybe not
I have electrolyte tablets maybe that will do something
I don‚Äôt want to fail my classes
I should study
But I physically feel drained from hurt and crying
I want to end everything

I‚Äôm literally laying in bed with zero motivation to even sit up knowing I need to do work, and instead am googling pills I have to see if they will do anything
Will I take everything I have? Probably not. Do I want to? Yes. But also no. And everything hurts. It‚Äôs been a long time since I‚Äôve felt this way and I don‚Äôt like it.",C4,"The person is going through a separation with their husband, expressing thoughts of wanting to die, feeling drained from hurt and crying, and experiencing a lack of motivation. These are all indicative of relationship-related stress and emotional turmoil.",4.0,"me and my husband are separating, i am fighting these thoughts, i physically feel drained from hurt and crying"
249,4306,"Seems like when anyone else in my life is feeling down, I drop everything to help. But when I'm feeling down, I get ignored. Maybe I'm overreacting, but sometimes I just want to feel loved even when I'm depressed.",C4,"The person's mental state seems to be primarily influenced by feeling neglected and unloved in their relationships. The sense of being ignored when feeling down is causing stress and emotional distress, indicating relationship-related stress.",5.0,"i feeling doown, i get ignored, i just want to feel loved"
250,4307,I can‚Äôt complain because its not justified. I hate myself and this because it isn‚Äôt justified. It‚Äôs just the way I feel about half of the week. I need distractions but sometimes they don‚Äôt even work. My friends are beginning to call me snowflake now because I‚Äôve been taking stuff that i didn‚Äôt used to take seriously seriously. And I‚Äôve seen how they complain about other people so I can‚Äôt complain or talk to them. I know it sounds pathetic but reddit has been the only way I can talk about it because I can‚Äôt talk about it with anyone else. I‚Äôm a fucking pathetic piece of shit for this because I‚Äôm becoming a burden to everyone around me.,C5,"The language used and the feelings of alienation expressed in the text suggest that the person is experiencing alienation-related stress. They feel like they can't share their emotions or complaints with their friends, feeling isolated and judged. Turning to Reddit for support indicates a lack of connection in real-life relationships, further emphasizing the sense of alienation.",5.0,"i hate myself beacuse it isn't npt justified, i need distraction, i am becming a burden to everyone around me"
251,4309,Immediately being overwhelmed with all of the thoughts that I was able to escape in sleep. Just a wave of feeling like complete and utter garbage overtaking my mind as soon as I‚Äôm able to open my eyes. Remembering the things the things that‚Äôve ruined my life up until this point.,C3,"The individual is experiencing overwhelming negative thoughts right upon waking up, which could be a side effect of medication or a sign of stress related to medication usage.",5.0,"being over whwlmed with all the  thoughts that i was able to escape in slep, i have ruined my life up until this point"
252,4310,"Commute, work, commute, sleep. That‚Äôs pretty much my life right now. I feel tired every day can‚Äôt get anything done in my personal life. I can‚Äôt even game or watch anime anymore I‚Äôm so damn tired. Couple that with very intense loneliness that I‚Äôve felt my whole life (22M never had a girlfriend) and you have me. I‚Äôve found that throughout my life people just lose interest in me and always end up leaving. It‚Äôs always just a matter of time.. I mean it‚Äôs understandable as all I do is sleep and work I guess. Honestly I can‚Äôt take it anymore I just want something to change, whatever the hell it may be. I want to feel connected with someone... I want all these things that I can‚Äôt have because I just can‚Äôt bring myself to get them",C5,"The person expresses intense loneliness and a sense of disconnection from others, indicating feelings of alienation. The constant cycle of commuting, working, and sleeping with no time for personal life activities like gaming or watching anime further contributes to the feeling of being trapped in a repetitive and unfulfilling routine. The mention of never having had a girlfriend at age 22 and feeling like people always lose interest in them adds to the sense of isolation and alienation. The desire for a change and longing to feel connected with someone highlights the deep emotional distress related to alienation.",5.0,"i feel tired every day, can't get anything done in my personal life"
253,4311,"I probably won‚Äôt, but tonight I just gotta tell myself that. At least until sunrise",C5,The use of phrases like 'I just gotta tell myself that' and the mention of sunrise suggest feelings of alienation or disconnection from oneself or others.,0.0,
254,4312,"I don't know where to start. Everything I do with my child is wrong. My first mistake was having her at 17. She's 2 now and she can't stand being around me. Every time I try to give her attention, she tells me to go away and runs to grandma. She won't even let me be the one to put  her to sleep at night. I do everything I can to try to keep her happy but it's not good enough. She'd rather be at daycare than at home with me; she cries every day when I pick her up. As soon as we get home, she goes straight to grandma and ignores me for the rest of the day. I get angry sometimes and my first reaction is to yell at her when she's having a bad day and I feel like a total piece of garbage afterward. Am I really a worse parent than my abusive mother?",C4,"The person is experiencing relationship-related stress, specifically in the context of their relationship with their child. They express feelings of inadequacy, worry, and guilt regarding their parenting abilities and the dynamics between them and their child. This is evidenced by their doubts about their parenting skills, their child's behavior towards them, and their comparison to their own mother. These feelings suggest a significant level of distress and concern about the relationship with their child.",4.0,"every thing do with my child is wrong, every time i try to gine her attention, she tell me to go away and runs to grandma"
255,4314,"Im 14 my names josh, i‚Äôve started to give up on everything. Life isn‚Äôt getting better, i have tons of family issues, school for me is a struggle. I cut 5-6 times a day. Their not deep but they still shouldn‚Äôt be there. Someone please help me.",C4,"The person is expressing feelings of giving up on everything, facing family issues, struggling in school, and engaging in self-harm. These issues are often indicative of relationship related stress, which may be contributing to the person's emotional distress and self-harming behavior.",4.0,"i have tons of family issues, school for me is struggle, "
256,4315,"I've been intensely suicidal since I was about 7. There are so many things that make me this way, and I'm seriously going to snap soon. I can't take it anymore; my dad screaming and threatening to whoop my ass all the time, and my mom smothering me to the point that I don't think she'll ever see me as something other than her sweet little baby. I was almost self harm free for a month, but of course I fucked that up and cut again. I hate myself so fucking much, and I hate myself more for even trying to get help and support from anyone. People have told me to my face to kill myself, yet I don't blame them at all. I'm just a fucking selfish asshole even though I don't even think of myself as human. Every single minor inconvenience makes me want to slit my wrists, which of course, only makes me feel absolutely fucking terrible because there are so many people that have it worse off than me. My dad threatened to beat the shit out of me again, though he didn't do it, and I think that's what's really pushing me over the edge. He's a tall, very muscular guy at 6'4, so it isn't like I could defend myself anyways. I want to kill myself so bad, just to end the world's suffering. I'm such a fucking burden, and it's like everything that comes out of my mouth is just more reason to rid them of my existence. My mom is insanely over protective, always insisting on ""tucking me in"" and kissing me and laying with me. And while that is a lot nicer than being literally beat by your mother, she FORCES me to kiss her. Once, I refused, and she pinned me by my wrists to my bed. I put on such a thick facade that sometimes I don't even know who I am. Nothing I do is actually myself, I'm just pretending for everyone else's sake. People are actually stupid enough to care about me to an extent. Sometimes, I wish it weren't like that, and that they wouldn't be affected by my death. The person that they think they know and love doesn't exist, and nobody knew me before I was how I am. It's not like that matters now; I was just a kid. I'm such a fucking idiot. I hate myself. I'm sorry that this isn't too long, and I'm sorry that it's jumbled around, I've been crying for about three hours and I'm at my wits' end. I love my girlfriend more than I've ever loved anything, and I'd hate to leave her alone when I'm dead, so this post was just to maybe help me get everything out of my head and be a fucking sensible person. There's so much more to say, but right now I really can't think of anything.
I'm sorry if this worries anyone.",C4,"The author's writings indicate a deep sense of despair and hopelessness related to their family dynamics, specifically with their parents. The descriptions of feeling smothered by their mother and subjected to verbal abuse and threats of physical violence by their father suggest a high level of distress in their relationships. This constant environment of stress and pressure within the family unit is a significant factor contributing to their suicidal thoughts and self-harming behaviors.",4.0,"my dad is screaming and threatening to whoop my ass all the time, my mom smothering me to the point, "
257,4316,"In 2014, I first entered university and encountered a lot of changes: new people, new environment, new classes, and so on.

At the time, I had a lot of acne, which prevented me from meeting people. Furthermore, I had an identity crisis and started asking fundamental questions of life such as: ""who am I? why am I here? where do I go?"", and constantly thought about life and death. I wanted to harm myself and other people because I was in such a lonely, miserable spot when everyone else looked so happy. This lasted a few months. 

In between, I picked up lifting weights, practiced meditation, and my acne cleared up. 

Fast forward 5 years, I am completely happy. I have good friends, a good relationship with my family, and I have a stable career. Since my environment improved, my negative thoughts subsided. But I know that depressions don't go away with time, and that's what I'm worried about. 

So was I suffering from clinical depression in 2014? Or was it just circumstantial thing?",C3,"The initial experience of facing an identity crisis, asking existential questions, and feeling the urge to harm oneself and others indicates a deep level of emotional distress that goes beyond circumstantial issues. These symptoms, along with the mention of loneliness and a miserable mental state, suggest a possibility of clinical depression during that period. Moreover, the individual's concern about depression not going away with time, despite the improvement in external factors, indicates an ongoing worry about their mental health. The use of lifting weights and practicing meditation are positive coping mechanisms, but the persistence of these negative thoughts warrants consideration of clinical depression, especially given the severity of the symptoms described in 2014.",4.0,"i had lot of acne which prevented me frommeeting people, i wanted to harm myself"
258,4317,"I‚Äôm so over it. I‚Äôm so over everything. I‚Äôve been getting worse in my isolation, but it yields better results for the world and myself for me to be alone.

Maybe i‚Äôll go insane, but what does it matter. 

My boyfriend does not love me, none of them ever have.

My best friend does not like me that much.

I have so much wrong with me physically and mentally, if society wasnt so accomodating to idiots like myself i‚Äôd be dead. I should be dead.

My boss thinks i‚Äôm racist because i‚Äôm terrible at communicating something. 

Once i loose that job, i‚Äôll have to deal with my dad, who is bad enough as it is to deal with when i do have a job.

Loud noises make me panic, i dont trust anyone, i like to deprive myself of sleep.. if i was anywhere else i‚Äôd be dying slowly. Or maybe someone would of come along and put me out of my misery. 

But i dont feel complete without the misery, i dont like to inflict it on others unlike people i know, i just dont feel like myself unless i‚Äôm depressed and suffering. I feel greedy if i‚Äôm not unhappy.

I listen to everyone, but no one listens to me. When they do, i over do it because i guess i‚Äôm just selfish and thats all they see of me. So when i ever open up again, they roll their eyes and leave.

God my head hurts. 

The virus just needs to wipe me out.",C5,"The person expresses feelings of isolation, alienation, and a lack of connection with others. They believe that they are not loved by their boyfriend, not liked by their best friend, and that they don't trust anyone. They also mention feeling incomplete without misery and suffering, which could indicate a deep sense of alienation. Additionally, the person mentions that they feel that society accommodates them because they consider themselves an 'idiot', highlighting feelings of disconnect and alienation from societal norms. Lastly, the person expresses a desire for the virus to 'wipe them out', which suggests an extreme level of alienation and hopelessness.",1.0,"i have been getting worse in my isolation, myselfb for me to be alone, my boyfriend does not love me, loud noises make me panic, "
259,4319,"I hate myself so much and everyone hates me too even my own boyfriend. He doesn‚Äôt say it but I could tell he thinks I‚Äôm terrible and miserable and that he‚Äôs better than me. Why is it so hard to take care of myself? I just want to be dead already so I don‚Äôt have to do eat, exercise, shower... why are these things so god damn hard for me and so easy for everyone else? I‚Äôm such a fucking burden and everyone knows I‚Äôm a stupid piece of shit. Why won‚Äôt god just let me die",Alienation related stressed,"The language used in the premise reflects feelings of extreme self-hatred, low self-worth, and a sense of being disliked and alienated by others, including the individual's own boyfriend. This sense of alienation and worthlessness is further highlighted by the perception that taking care of oneself and performing daily tasks is significantly harder for the person compared to others. The individual expresses a strong desire for death as a means to escape from these overwhelming negative emotions and perceived burdensomeness, which are indicative of alienation-related stress.",5.0,"i hate myself, everyone hate me too enev my own boyfriend, i am stupid piece of shit, "
260,4320,"Even when I‚Äôm around people I‚Äôm lonely. I feel crazy. I can‚Äôt stop looking back at my awful life, I must have such poor judgment",C5,"The person feels lonely and alienated even when surrounded by people, indicating a sense of disconnection and isolation from others. This feeling of craziness and constantly reflecting on their negative past and poor judgment points towards alienation-related stress.",5.0,"i am lonely, l am crazy, i can't stop looking back atv my awful life"
261,4321,"Objectively, I say I'm pro-choice, but I just can't be with him. I want him and need him here. 

I'm already suicidal myself outside of this situation. I'm being selfish, but I don't know how I'll survive this. I can't see a future without him, and I know there will be a hole in my heart for the rest of my life that I'm not ready for.  

He's in a bad situation and I can't fix any of it. He's says he's ready to go. I know my feelings just put more stress on him, so I try to avoid talking about them as much as I'd like to. We're long distance so I can't even touch him. He's been pushing me away for awhile now and it hurts so much. 

I'm also struggling morally with allowing him to go through with it. 

I won't have anyone to lean on because you can't talk to people about allowing someone to suicide. I think my one friend who knows about the situation will think I'm a bad person for not getting the authorities involved. 

Please help. I'm bursting at the seams. I'm not functioning.",C4,"The person is experiencing intense relationship-related stress. They are deeply attached and dependent on their partner, feeling suicidal and unable to imagine a future without them. The partner being in a bad situation and expressing readiness to leave adds to their distress. The moral struggle of allowing the partner to go through with their decision also contributes to their psychological burden. The fear of judgment from their friend and the inability to seek support due to the sensitive nature of the situation further illustrate the overwhelming relationship-related stress the person is facing.",4.0,"i can't see future wiithout him, he's in a bad situation, my feeling just put more stress on him, i try to avoid talking abput them, we're long distance so i can;t even touch him"
262,4322,"My head feels crazy like super foggy and slowed down but also spinning at 100mph because im thinking about so much and stressed but also feel nothing and low and its very confusing so im trying to list 
Why am i feeling low starting from immediate problems to longer lasting /more distant problems:


-struggling to write essay

-4 separate deadlines looming, haven't even started reading for 3 of them

-everyone is better than me

-i do not feel like i deserve to be at the uni i am at because i do not feel clever enough or that i fit in and feel like no one cares about me

-my classmate/friend is 700x better than me at everything... She is genuinely good at everything and she loves to ""unknowingly"" rub it in my face and make dehumanising comments if i ever even allude to struggling with anything by the slightest amount... Like if i ever even start to ask her for help or talk about how i dont understand a lecture before i even get a sentence out she cuts me off with ""what? Noooooooo dont be so sILLY, thats obvious!"" or goes on about how easy she finds it or how ""i dont need to go to revision because i know everything and [talking about exam we did earlier in the term which she hasn't looked at her grades for yet] i would know if i got anything wrong and i know i didnt because i know what i was doing"" blah blah blah ok I get it u know everything and are god sent

-If i even suggest i might not be all that ok upstairs she tells me im fine and that i dont need to worry and literally just shuts me down and then  immediately complains when i dont talk to her when we walk to lectures together

-my friend is fucking the most self absorbed person you know and she doesnt even realise and to make it worse we are from polar opposite social classes (i.e she is rich, privately educated, lived extremely sheltered and ungrateful life where ahe gets whatever she wants whenever) so she always makes comments about things like if i mention student debt she LITERALLY went ""well your parents pay for university so dont worry""... And i had to go ""no they cannot afford to do that"" and then proceed to tell her, yes, i have had a job since i was 14 and no it wasnt because i wanted experience it was so i could afford the luxury of university and then explain what a bursary was and she kept making ignorant remarks like ""wha- why would you need that"" ""it doesn't cost thAT much"" and just... She is quite dehumanising and makes me feel like utter worthless shit. Its annoying because she doesnt realise how lucky she is and how lucky she is to of had to many opportunities handed to her and all the connections she has to good companies and high paying jobs just because of who her parents are... Like... All im saying is i wish she would stop being so blind to the world and actually learn that there are other people that exist that haven't lived the same life as her and i wish she would be respectful to people and not so fucking oblivious to the world!

-i miss home

-i am burnt out and need a break but i do not and will not ever get one because as soon as term is over, i need to revise. Then term starts and i learn. Then term ends and i revise and study and work and revise. No break ever.

-anxiety through the roof about everything

-i miss home

-other stuff like memories about things i forgot ever happened but i cant remember all the details or i remember everything over and over again and im not sure why they make me feel so horrible or nervous because theyre not necessarily bad events im just thinking about memories or events from when I was younger or not even from that long ago but i wish i wouldnt remember anything because it seems to be bothering me

-comparing myself to my sister, my sister being better than me, im expected to do really really well at uni ""for your sister"" (according to my mother since my sister is taking a year out of uni)... So MY degree isnt about me anymore its about doing it for my fucking sister who has basically stolen everything from me and now since she i taking a year out all the attention is on her, which is fine but now eveyone assumes she is the only one allowed to suffer and i am doing fantastic because i haven't dropped out or taken a year out or anything so apparently that means im fucking fantastic and going to get a 1st in my exams (""for"" my sister... Because i dont matter)... And i also cant go to my parents, not that i ever would have before, because all attention is on my sister and i am not allowed to let them down i have to do well for my sister

-genral annoyed about everything

-nothing is fair but im not allowed to say that because ""LiFeS nOt fAiR"" so i just have ro suck it up and pretend that im fantastic and love that everything is against me",C2,"The person is under immense stress due to various academic pressures and deadlines, such as struggling to write essays, multiple looming deadlines, feeling inadequate compared to others, and the pressure to perform well at university. These academic stressors are causing feelings of confusion, worthlessness, anxiety, and burnout. The constant need to study and revise without a break further contributes to the high levels of stress and anxiety. The individual's mental state is predominantly influenced by the overwhelming academic workload and the pressure to excel in their studies.",2.0,"my classmates/friends is 700x better than me, struggling to write essay, my friend is most self absorbed person, she doesn't even realise and to make it worse , me feeling like worthless shit"
263,4323,"I (20 m) may or may not have depression and if I do it‚Äôs very mild, however that being said I feel this pain because I messed up the future I had with the girl I seriously would‚Äôve hand crafted. I was madly in love with her but long distance made it not work in the end, I don‚Äôt have a problem moving on, but what‚Äôs hurts more than the break up did is finding out within a couple of months she‚Äôs met another guy, flew to him, and is planning on moving in with him. This could‚Äôve so easily been me and her it‚Äôs painful. When we were together in person I can easily say that was the happiest 2 weeks of my life. Now I get it most people will think ‚Äújust find someone else‚Äù but like some others I assume I am extremely picky. And then people will be like ‚Äújust don‚Äôt be as picky‚Äù and my response is I will never be as happy with someone if I settle for less. 

I‚Äôve never been this unhappy with living, what are good tips for turning this around and being happy again? There‚Äôs really only one thing I‚Äôm looking for in my life right now and that‚Äôs someone to connect to.",C4,"The person is experiencing relationship related stress due to the pain and sadness caused by a breakup and seeing their ex move on quickly to a new relationship, which is making them feel like they lost a future they had envisioned with that person. They express difficulty in moving on and feeling extremely unhappy with living, highlighting the significant impact of this relationship on their mental state.",4.0,"i had with the girl i seriously wouldn't hand crafted, i was madly in love with her but lond distance made it not work in the end"
264,4324,"i hate you so fucking much, you‚Äôre so useless to everyone why do you actually waste space on this earth thinking you could be happy, you‚Äôre such a joke. you make me laugh you piece of fucking dog shit. you will never be happy and i hope you end up dead somewhere where nobody will find you and forget about you.... you have no friends because you‚Äôre worthless. you contribute nothing to everyone, i‚Äôve never seen one person be so fucking ugly on the inside.. slit your wrists and bleed out stupid fucking cunt, how could you ruin MY happiness like that? who the fuck are you? oh right you‚Äôre nothing more than a worthless nobody that‚Äôll drift out of everybody‚Äôs life like the useless pile of shit you are. blow your head off already, stop trying to live like someone‚Äôs going to stop you lmfao... you‚Äôre so disgusting you disgust me. fuck off you piss me off so much, I HATE YOU YOU FUCKING UGLY PIECE OF SHIT DIE WHAT THE FUCK IS WRONG WITH YOU ALL YOU DO IS MESS UP YOU FUCKING STUPID PIECE OF SHIT YOU HAVE A GUN JUST FUCKING END IT YOU GARBAGE LMAO NOBODY GIVES TWO SHITS... i think you‚Äôve managed to create a life that is not worth living anymore. i think having my brains shot out across the church parking lot where she used to ‚Äúmake up‚Äù with you is my plan. i feel so betrayed by everyone, but especially myself. how could i ruin this how could i ruin this i hate you so fucking much i hate the voices i keep hearing i HATE YOU this side of you this person i hate, and it‚Äôs YOU... you are i what i fucking despise you‚Äôre so fucking weird and unlovable no wonder she discarded you like trash BECAUSE THATS WHAT YOU ARE. you have no friends LMFAO you absolute fucking failure you‚Äôre actually a joke it makes me laugh. you type out paragraphs to yourself about how much of a piece of shit you are just to try to get it out of your head.. guess what i‚Äôm not leaving. until you fucking pull the trigger you worthless piece of garbage who actually thought your only friend would be yourself in the end lmao. that you‚Äôd be gone and NOBODY WOULD EVEN THINK ABOUT YOU. BECAUSE N O B O D Y CARES. I fucking hate you. go to hell. i‚Äôm such a freak,  i‚Äôll never have any friends because you stop talking to them because you take for granted what you have you idiot. the fuck is wrong with you ? you need medication you god damn freak... how could anyone care about such a piece of garbage. they don‚Äôt, idiot. that‚Äôs why they don‚Äôt. they all hate you just like the rest of your head, your consciousness is so fucking alone and it‚Äôs going to be forever alone in this shit life unless you end it. i can‚Äôt BELIEVE you actually thought you were getting healthier LMAO SURPRISE she gave you a little reminder of why you‚Äôre a useless waste of fucking space. you. don‚Äôt. belong. here. waste.",C6,"The premise shows clear signs of bias and abuse in the language used towards the person. The writer is expressing extreme hatred, wishing harm and even death upon the individual. The language is aggressive, demeaning, and dehumanizing, indicating a high level of emotional distress and a lack of empathy. This level of intense verbal abuse and encouragement of self-harm suggests a deep-seated resentment and potentially a history of abusive behavior towards the individual.",5.0,
265,4325,"Is it just the depression ? I just feel like like there‚Äôs isn‚Äôt enough good in my life to warrant living . Not to worry suicide is essentially outside my moral code .

I just wonder if other people feel like this ? 

Personally I have some happy moments but it‚Äôs so far outweighed by all the stress and shit I have to deal with that I kinda just wish I didn‚Äôt exist anymore",C3,"The mention of depression and feeling that there isn't enough good in life to warrant living, along with suicidal thoughts, indicates serious mental distress potentially requiring medication intervention.",0.0,
266,4327,"Everyone is constantly interrupting me and talking over me. Whenever I try talking about my problems no one seems to care and just counteracts it by saying how they have it harder. I mean, I guess they do but I wish I could just talk to someone at school without them saying how they have like so much more work and they got two hours of sleep last night. That‚Äôs why I hate being nice and supportive sometimes. I listen to other people, I help other people and I feel like it almost never gets returned. I‚Äôm there for other people but it feels like no one is there for me. 
And it‚Äôs not only at school. At home, I‚Äôm the youngest and it feels like they just ignore what I say, and don‚Äôt listen to anything I have to say. They are so proud of my sister, and I am too, but they don‚Äôt care as much about my accomplishments and awards. Maybe it‚Äôs because they aren‚Äôt as impressive as hers?",C5,"The person expresses feelings of being constantly interrupted, not cared for, and ignored in both school and at home. This sense of being unheard and undervalued suggests a feeling of alienation, where there is a disconnect and lack of belonging in both social and familial environments.",1.0,"no one seems to care, feels like no one there for me, at home i am youngest and it feels like they just ignore me, "
267,4329,"so much is going on, I have the worst coping mechanisms, I‚Äôm contemplating so much things and I just ...can‚Äôt",C3,"The individual is expressing difficulty in coping with various things and contemplating a lot, indicating a struggle with mental health or medication-related issues.",0.0,
268,4330,"I just got back from a week long stay on the big island of Hawaii. I had some of the coolest experiences from seeing a shark while snorkeling, to being right next to feeding manta rays. It was an amazing trip and I loved it so much. 

But the problem I have is that whenever I have gone on vacations, even when I was young, I would cry and be horribly depressed for the next few days to a week or two. I hate going on vacations because I know that I‚Äôm going to feel like shit after. Nothing feels right when I come home and I just want to be spending ‚Äúone more day‚Äù out away from real life. I hate it because I know that I will have to go back to work and that I won‚Äôt get another vacation like this for a very long time. I hate that I can‚Äôt explain how I‚Äôm feeling to my wife because she‚Äôs lucky enough not to have to experience depression except from a third person perspective. 

I so badly want to still be out on Hawaii, or anywhere I‚Äôve gone on vacation to, because out there, I don‚Äôt have to care about work; I don‚Äôt have to care about school, bills, or family drama. I can just be. I don‚Äôt want to have to go back to work and school on Monday, but I know I have to or else things will be worse in the long run. I hate that I‚Äôm feeling like I shouldn‚Äôt have gone to Hawaii in the first place. 

I loved spending all that time with my wife and enjoying that week together. I loved seeing things that I never have before and being somewhere that I haven‚Äôt been. I loved having that time to do whatever I wanted and not feeling badly that I didn‚Äôt do anything I didn‚Äôt want to. I loved the anticipation and excitement leading up to the day we left. 

I think that‚Äôs from where a lot of my depression stems: building up the anticipation, then it‚Äôs here and it‚Äôs so great, but then it‚Äôs gone sooner than it arrived, and you go back to anticipating nothing. 

I feel like life is mostly boring, dull, and no one really wants to admit that, so when you get a few days to enjoy yourself, after, it feels like the nothingness deepens and you sink further into it. 

I don‚Äôt know if this made any sense or if anyone is going to read this, but I really just want to stop crying and go to bed.",C5,The person appears to be experiencing alienation related stress. They feel disconnected from the routine of daily life and the pressures that come with it. The contrast between the freedom and joy experienced during the vacation and the return to mundane responsibilities intensifies their feelings of emptiness and disconnection. This sense of alienation is evident in their longing to escape reality and reluctance to return to work and daily commitments.,5.0,"i hate going on vaccations, because i know after that i am going to feel like shit, nothing feel right when i come home, i hate that i can't explain to my wife how i am feeling"
269,4331,"Give me one good reason I should not kill myself right now. The whole world is going to shit and no one can change that. The only people that could help refuse to. The world will never be a good place, it will always be on the brink. Everyone always says to just look on the bright side, but what is the point? For every good thing you could say, I could name off 3 bad things. Why shouldn‚Äôt I just end it right now and save myself the trouble. Everyone dies eventually, there is no point in being afraid of the inevitable. I house I can‚Äôt afford will be underwater anyways, if were not all dead by the time I need one. Everyone always says that I shouldn‚Äôt kill myself because people would be sad. Welp, I‚Äôm not a good person. I‚Äôm selfish, rude, hopeless, and just annoying in general. As is everyone. To me there is no point in prolonging the inevitable. So please if you have a good actual answer that is not just ‚Äúsome people would be inconvenienced‚Äù than please tell me.",C5,"The language used in the premise indicates a feeling of alienation and hopelessness. The person expresses a sense of disconnect from the world and others, and they feel like there is no point in continuing to live. The mention of being selfish, rude, hopeless, and annoying suggests a deep sense of alienation and self-criticism. This is a sign of alienation related stress.",5.0,"i am selfish, rude, hopeless and just annoying in general, there is no point in being afraid of the inevitaable"
270,4332,"It‚Äôs like the title says. I disappoint everyone, myself included. I can‚Äôt go to school because of my mental health and my parents are pissed, as well as my teachers. I fail all of my classes and have no extracurriculars. I‚Äôm untalented and do nothing but stay at home all day. 
I‚Äôm going to end up dead or in prison, whichever comes first. Why shouldn‚Äôt I do the world a favor?",C4,"The person expresses feeling like a disappointment to everyone, including themselves, and mentions their parents and teachers being upset with them. This indicates relationship-related stress and feelings of inadequacy or failure in their interactions with others.",3.0,"i can't go to school because of my mental health and my parents are pissed as well as my teachers, i fail all of my classes and have no extracurriculars"
271,4333,"What‚Äôs it like when you come out of a depressive episode? I know it‚Äôs not sudden for most.

I just want to know because although I haven‚Äôt been depressed my whole life, I have been in a very deep depressive episode the past year and a half and my memory is appalling. I‚Äôve genuinely totally forgotten most of my life, especially how I felt during previous periods of time. (This memory loss is related to dissociation and prolonged trauma as well as low serotonin)

My friend said that she‚Äôs come out of her depression and that she feels different. She feels ambitious and the dog has gone. Things feel less difficult. It‚Äôs given me so much hope and I want to hear your success stories.

Because I know that it‚Äôs common to feel like it‚Äôll never end. But I need to know it will. I‚Äôm already so much better thanks to antidepressants but I still struggle a lot.",C3,"The person is mentioning memory loss related to dissociation and prolonged trauma, as well as low serotonin levels. This suggests a focus on medication and its effects on their mental state. Additionally, they mention being on antidepressants and experiencing improvement but still struggling, indicating a reliance on medication for managing their mental health.",3.0,"i have been in a very beep depressive episode the past year,  a half and my memory is appalling, "
272,4334,"This is my first ever post on reddit. A friend of mine said I should post here and I‚Äôve been finding every excuse not to but I am afraid that I have nothing left so why not? Here goes....I‚Äôve literally given everything I have to my marriage and I‚Äôm not getting anything in return. We have 4 amazing children together  and they are everything to me but often times I feel like it‚Äôs only a matter of time before they realize I‚Äôm not worth their time and they too move on from me. I found out my wife was cheating on me and for some reason I still wanted to work things out with her. Well fast forward 4 months later and things are happening with another guy. Every confrontation about it is basically flipped and I‚Äôm made to feel like this is all my fault. I‚Äôve never cheated on her and I‚Äôve never thought about it a single time. I‚Äôm feeling so low that I don‚Äôt want to be here anymore. I feel like a stranger in my own home. People tell me to think of my children but what good is that when you truly believe they will be better off without you? I‚Äôm not worth trying to make a marriage work so why would I be worth it to them? They didn‚Äôt even choose me. I attempted suicide before, just before Christmas. My sister-in-law found me and called 911 and I ended up in a hospital for a week. I promised I would never let that happen again but I just can‚Äôt help the thoughts coming back. I don‚Äôt see a way out and I have nothing left to give.",C4,"The writer expresses feelings of betrayal, worthlessness, and alienation in their marriage, indicating relationship-related stress. This is evident from the issues of infidelity, lack of reciprocation, and feelings of being a stranger in their own home. The writer's suicidal thoughts and past suicide attempt further highlight the extreme emotional distress caused by the troubled relationship with their spouse. Overall, the focus on marital problems and the impact on their self-worth suggest that the writer is experiencing significant relationship-related stress.",4.0,"i found out my wife was cheated on me, "
273,4335,"i wouldn‚Äôt look at them.

my mom was so excited to show me.

and i couldnt look at them.

because i hate the way i look so fucking much.

i think that was the worst thing ive ever done.

it was so mean to crush her spirit like that.

im so so sorry.

she said i looked so handsome and kept trying to show me and i just refused and refused and refused.

what the fuck is wrong with me.

i dont think i deserve to live with bullshit like that",C5,"The language used in the premise suggests a deep sense of self-hatred and alienation. The person feels disconnected from their own self-image and struggles with accepting compliments or positive feedback from others, resulting in a feeling of not deserving to live. This indicates an existential crisis and a strong sense of alienation.",4.0,"my mom was  so excited to show me, couldnt look at them, beacuse i ahte the way i look so much, she said i looked so handsome and kept trying to show me and i just refused "
274,4336,"Because I am so tired of this shit. I've tried to sit them down and explains syuff to them. It didn't work. Never works. 

They don't outright say that they're punishing me because I'm depressed, but the things I do or don't do because I'm depressed get punished. I have bad grades, I'm failing in almost everything. I'm trying but with depression is really hard. You know what I get for trying? My phone and videogames taken away. I can't fall asleep at night because of anxiety. You know what I get for having nightly panic attacks? Yelled at for ""staying up all night."" You know what I get for having trouble keeping my room clean? Grounded. 

Tommorow I'm losing my phone because my grades are bad. Ignore the fact that I'm trying, yeah let's only care about a damn letter of the alphabet because THAT makes more sense than a flippin living person! t(-_-  )t

I don't even like my phone that much. I'm not one of those people who are super addicted or nothing. But my phone is a coping mechanism. Without being able to vent or watch some relaxing video to calm me down I'm probably just gonna end up cutting myself.

What should I do? Or should I just suck it up and deal with their butts for the next few years? Which, I don't know if I could survive the latter.",C4,"The person's mental state is indicative of significant stress and frustration related to their familial relationships. They express feelings of being punished and unsupported, especially in the context of their struggles with depression, anxiety, and academic performance. The individual feels misunderstood and mistreated by their family, which is leading to emotional distress and thoughts of self-harm. The focus on losing their coping mechanism, the phone, exacerbates their already challenging situation, showcasing a strained relationship dynamic.",5.0,"i am so tired of this shit, i have bad grades, i am failing in almost everything, i can't fall asleep at night because of anxiety"
275,4338,"I will try to fix everything. Your words save me a life. You are best community ever. I will ask help to my Wife‚Äôs husband. He is pretty good and rich man. Reddit I love u &lt;3. I was too scared to ask help but u help me to realize life doesn‚Äôt end, when u lost money‚Äôs.And i wanna give advice for everyone who lost any hope for some reason(lost girlfriend,money, who scared to tell relatives about orientation or tired to live or something else) when I‚Äôm step on edge of roof.  I Understand life doesn‚Äôt end when u lose something important to u, life end when u decide to give up. So pls never give up. U must live whatever it takes. Any complexity is just a step that you must overcom, if you can get it alone just ask for help and in the whole world will be one person who can help u to resolve it. Good luck buddies",C1,"The person expresses gratitude towards the community, demonstrates resilience, and offers advice to others, indicating a positive mental state.",4.0,"i will ask to help to my wife's husband, i was too scared to ask help but u help me to realize life doesn't end,when u lost money"
276,4339,"I've been like that, having suicidal thoughts, since i was 13. I have exams in about 2 months, which right now is the main couse of my stress. My parents are also about to divorce in propably a year (knowing how long this sort of stuff takes). I live with my mom, who is alwayes really stressed about and in a hurry. Recently i have also been having a heart ache, which the doctor said is caused by stress and uneasiness. 
My mom knows there's something wrong with me and suggested a therapist to help me deal with my stress, but i dont think she really understands why im acting this way.
My original plan was to give myself a week and then kill myself if nothing changes. Well it's already wednesday. I still fell the same as before, but maybe i should tell somebody?
I don't really have any friends i could trust so i'm thinking of telling my mum. She already has a lot of problems though. I've already tried telling her once (i just said that i'm depressed, not that i want to commit suicide), when i was 14 and she just said that everybody feels like that sometimes and forgot about it the next day.
How can i tell her so that she understands?",C5,"The person is experiencing multiple stressors in different areas of their life, such as academic pressure from upcoming exams, parental divorce, strained relationship with their mother, physical health issues caused by stress, and feelings of isolation due to lack of trusted friends. This sense of alienation and overwhelming burden of stressors may be contributing to their suicidal thoughts. The person's struggle to communicate their feelings to their mother and seek understanding further underscores the alienation and lack of support they are facing. Addressing these feelings of alienation and seeking appropriate support are crucial in this situation.",4.0,"my parents about to divorce in propably a year, i live with mo , who is always really stressed about and in a hurry, my mom kows there is  somethong wrong with me"
277,4340,"I can't function like a normal human being. I try, I fcking try but things just get worse and idk if this a signal but I believe the world wants me dead.
My anxiety makes impossible going to university; i can't make presentations or anything that involves people.
Panic just drowns me and tears start to appear.
It's pathetic
I'm pathetic; walking with my head down, ashamed of whatever i have.
I'm so ashamed of myself, I feel guilty for existing.
Things don't get better
Thats a fcking lie
Suicidal thoughts come and go
If i had a knife rn maybe 
Just maybe... 
I just want this to be over.",C5,"The language and emotions expressed in the premise suggest feelings of alienation, shame, guilt, and a desire for escape. The individual expresses a deep sense of not being able to function like a 'normal human being' and feeling disconnected from the world, which points towards alienation-related stress.",5.0,"can't fucyioon like a normal human being, things just get worse, my anxiety makes impossible going to university, I'm so ashamed of myself, I feel guilty for existing."
278,4341,"Hahahaüò¢ So sad that even when I'm not suicidal I know that it's a must to for me to die because I don't see myself getting back up.

Wow my life is over at just 22.I wish a disease snatches me away before I do something that I might regret",C3,"The language used in the premise indicates a deep sense of hopelessness and a desire for an end to suffering, which are common signs of mental distress linked to medication or mental health issues.",5.0,"i don't see myself getting back up, my life is over, disease snatched me away before i do something that i might regret"
279,4342,"I use to be more suicidal then i am now, i just feel alone.. i have no one to talk to, my mother is too busy with my sisters bull crap. and I just wish i had someone to talk to..

anyone else ever just feel alone, and thats your emotional side talking but your logical you knows that things can get better and so you cant kill yourself but you kinda just wish you'd get in a car crash or something",Alienation related stressed,"The person expresses feelings of loneliness and a lack of emotional support, indicating a sense of isolation. They are longing for someone to talk to and are struggling with suicidal thoughts as a result of feeling alone and unconnected. These feelings of alienation and solitude are influencing their mental state.",5.0,"i just feel alone, i have no one to talk to, my mother is too busy with my sister bull crap, "
280,4343,Is it painful,C3,"Asking about pain can be related to medication or health concerns, suggesting a potential state of medication related stress.",0.0,
281,4344,"21 and can't do a goddamn thing in this world, not to mention I'm like a fucking toddler. I spent an hour or more trying to cook chicken only to have it burn. How did I react? I threw a fucking tantrum. Hit my head multiple times, cried, shouted. What a fucking adult I am. Had an art project I was going to finish for another subreddit, but nope. I'm such a useless artist, everything I draw is complete garbage, anyways. I have no other skills in this world. High school dropout, McDonalds employee, virgin, friendless, stupid. Hope hell isn't real because that's where I'll be going. Fuck whatever put me on this earth. I didn't want any of this shit. I wish I was never born.",C5,"The person is expressing feelings of alienation by describing themselves as incapable, useless, friendless, and stating that everything they do is 'complete garbage'. These thoughts indicate a sense of disconnection from the world and inability to find purpose or belonging in their current situation.",5.0,"can't do gaddamn things in the world, hit my head multiple times, cried,shouted, i am such a useless artist"
282,4345,"I just made a journal entry and I thought I could share it to see if it helps anyone going through grief stages. 

There‚Äôs something that happens to a person when a piece of your soul passes away. You realize that you‚Äôre in denial all this time. That something you never thought you would want becomes something you realized you pushed away into the ignorant side of your mind so you wouldn‚Äôt think about it. So yes, a part of my soul is gone. And I‚Äôve been trying to numb that pain that is beyond any kind of description. I feel like I had something precious that was ripped out of my hands and lit on fire to burn. Something that was alive and part of me burned and I could feel that slow, painful burn. Like watching someone you love get tortured by some unknown entity. This results in the stages of grief.... there‚Äôs denial. Which I already had since I was a child. I grew up in ignorant bliss. Not wanting to acknowledge what I knew was true. 
The there was anger. This nasty creature that you create to get back at whatever hurt you. And it will literally drive you mad. Crazy, trying to show others how much someone hurt you. Trying to find something called ‚Äúclosure‚Äù ( which by the way is the only fairytale or myth that you will ever hear. Closure is the only thing in the world that is impossible). Now you‚Äôre stuck in this miserable monster. You wonder how you‚Äôll escape alive and some never do. I‚Äôm sorry for the ones who were the center of my anger and unclearity. You did not deserve what I gave you from my period of grief.
Then you bargain. For the sake of whatever sanity you may have left. You bargain for hope, freedom, and whatever else that you have. It‚Äôs not a lot. But regardless you bargain just the same. You try to find people who will help and love you unconditionally. Then you realize that they can‚Äôt enable the grief anymore than you can. You‚Äôre left alone again. Wondering who the hell you have become because it just isn‚Äôt you anymore. You‚Äôve become this sad and hopeless mess of a person. The people you love love you so much they can‚Äôt take your struggling any more that you can. That‚Äôs when your soul dies a little more.
Then there is depression. That‚Äôs there through y‚Äôall of the stages. That feeling of NO motivation. No life. It‚Äôs an empty void but filled with all the feeling mentioned prior. Depression makes you remember your not the only one. You are made of many sad and hurting people who just want some sort of clarity. They just question every day ‚Äú why? What can I do? Why am I feeling these things.‚Äù This makes you wonder if your feelings are even ok to feel. 
Supposedly, there is acceptance.... I have not gotten there yet. Most with depression haven‚Äôt. Good luck to all of us. This is that bridge that we have not crossed and some (myself) are very afraid to cross it. It means that we will be ok. And sometimes that‚Äôs really scary because we don‚Äôt always know how to feel ok anymore. We have the beautiful loved ones that have been there no matter what. They want our success and happiness. A deep part of our soul wants that too.... the part that is still alive. We forget that part don‚Äôt we? My beautiful friends. There is a soul in our bodies. One that has not been ripped away. One that cannot be taken from an ugly thing such as grief. Every day that we are here. Together. Let‚Äôs reach out to the part of our soul that has survived. And let us remember that we are more than our grief and suffering.

Just expressing feelings and open to input.",C5,"The person's writing reflects feelings of alienation and disconnection from themselves and others as they navigate through the stages of grief. They express a sense of losing a part of themselves, feeling numbness and pain beyond description, and struggling with different emotions like denial, anger, bargaining, and depression. The mention of feeling like a sad and hopeless mess, questioning their feelings, and being afraid of acceptance indicates a deep sense of alienation from their true self. The person also talks about feeling alone despite having loved ones around, highlighting a sense of isolation and disconnection. Overall, the focus on inner turmoil, confusion, and a search for clarity amidst grief points towards an alienation-related stress.",5.0,"i have been trying  to numb that pain, i feel like i have something precious that was ripped out of my hands, i feel that slow and painful burn, try to find a people who will help and love  unconditionally"
283,4346,"I feel like there are only three things that you absolutely cannot be, dumb, ugly, and useless. I've gotten through life fairly well being able to somewhat accept the dumb and ugly part, I tried to blame it on other factors for a while but they're just an integral part of who I am. What I can't get passed is being useless and having no skill whatsoever. I fall into all three categories and wish that I had just given up on life sooner.",C5,"The writer expresses feelings of alienation by perceiving themselves as dumb, ugly, and useless, and feeling unable to change these aspects about themselves. This sense of not fitting in or belonging may contribute to their desire to give up on life.",1.0,"I feel like there are only three things that you absolutely cannot be, dumb, ugly, and useless, can't get passed is being useless and having no skill"
284,4348,"I don‚Äôt understand, I can‚Äôt make friends, I get I am really shy. But even when I try to be social I get shut out. Nobody I used to talk to wants to talk to me anymore. I have never felt this alone and struggling more and more everyday to keep going. I left a domestic violent relationship and they‚Äôre days that haunt me of what happened and it shuts me down even more. I sit alone in my car at lunch because no one wants to be around me. I hate myself. Is there something wrong with me? Am I a bad person? Sometimes I wonder why keep up fighting when no one gives a fuck about you. You‚Äôre destined to be nothing and no one. I have a cell phone and social media but why? No one msgs me, texts me, or calls me. No one would know if I was gone because no one gives a shit about me.",C5,"The person is feeling deep loneliness, alienation, and a sense of being disconnected from others. They express feelings of being shut out and struggling to make social connections, leading to a profound sense of isolation and worthlessness. The mention of past domestic violence experiences further emphasizes the feeling of being detached and alone. The individual's thoughts of insignificance and invisibility suggest a level of alienation from the world around them, leading to a deeply distressed mental state characterized by alienation related stress.",1.0,"i can't make friends, i am shy, i have never felt this alone and struggling more and more everyday to keep going"
285,4349,"For context, I‚Äôm 19, in my first year of college, and for one month - since I failed one of my exams - I lost everything I thought I had. All my friends, my crush, and for a week now, my Dad, who just wants to be upset at me forever for not helping him to the end with carrying some construction material.

For one month, I‚Äôve entered a downward spiral, amplified by events such as the rejection mentioned earlier, or not being able to give the license exam two days ago because of some stupid policemen who told me that I ‚Äúdidn‚Äôt pay the license tax‚Äù correctly. And not being able to make up with my Dad, who just hates me.

The final straw came an hour ago, when I got laughed at when I entered the classroom. Just because I happened to enter at the same time as some other older students who didn‚Äôt belong there.
When I left the college, no one noticed.

It is probably a matter of weeks or even days before I take my life. Nothing is worth it. Nothing makes me happy. Nothing can save me now. Nothing. And what‚Äôs more, no one (apart from probably my mother and sister) won‚Äôt miss me. But let‚Äôs be serious, they‚Äôll live without me. And also, I‚Äôm sure no one will notice this post, in the heap of posts of people with more serious life issues. 

This is really what makes me a failure: not being able to live happily in a life which would seem ok to most people here.

So yeah.",C4,"The person's mental state reflects extreme feelings of rejection and alienation, particularly in relationships with friends, crush, and most significantly - their father. This has led to a sense of worthlessness and hopelessness, with thoughts of taking their life as a result of feeling unloved and unimportant to those around them.",2.0,"i failed one of my exam, i lost everything i thought i had,my dad just upset at me forever, not being able to give the license exam, "
286,4350,"I wish I felt better at one of the top art universities but I am very isolated and feel unwanted. It‚Äôs probably because I‚Äôm shy but I did try a lot to be polite and make friends at the start.

I don‚Äôt know what it is. There‚Äôs loud people in my class and I guess my voice just doesn‚Äôt get heard within that. So I kind of gave up?. There‚Äôs like 11 students. 

I wish I felt more equal to everyone in my class but I don‚Äôt. Also it always seems like a competition every project, who‚Äôs the best. I guess it‚Äôs just getting me down a bit :(",C5,"The individual is expressing feelings of isolation, being unwanted, and not feeling equal to others in their class. They mention being shy, feeling unheard, and experiencing competition in projects, all of which indicate a sense of alienation in their social environment.",5.0,"i am very isolated and feel unwanted, I wish I felt more equal to everyone in my class but I don't"
287,4351,"I know everyone technically does.

I‚Äôm trans, gay, a person of color, mentally ill, and I feel like I‚Äôm living on borrowed time. My body and head keeps fighting against me as things get externally better, comparatively. I‚Äôve been having blood problems - or maybe just extra health anxiety, I genuinely do not know. Healthcare for trans people is shit. I haven‚Äôt had an official doctor, just rotating nurse practitioners from clinics.

When I came out to my grandparents, my grandma said it ran on my mom‚Äôs side of the family. Her words were that there ‚Äúwas another [transgender], but he‚Äôs dead now‚Äù. I don‚Äôt know who that is. But he‚Äôs dead. And I keep feeling called to be. I get why so many trans activists kill themselves. 

I want to make the world a better place. I do. But I don‚Äôt know if I‚Äôm cut out for it. I‚Äôm getting worse at taking care of myself and school? Don‚Äôt even get me started. I‚Äôve been failing consistently since my last year of high school. I‚Äôm currently failing what‚Äôs supposed to be my second to last semester of college. Everyone thinks I‚Äôm lazy, but I can feel the physical block. My therapist says it‚Äôs almost definitely related to my cPTSD. But I don‚Äôt know what to do. She doesn‚Äôt know either.

Maybe I‚Äôm whining. I‚Äôm first-generation in my country. My mom moved here from a third world country with practically nothing. But I do feel like my body was not meant for this. If it‚Äôs because I‚Äôm weak, I‚Äôm not surprised. I know I‚Äôm shit deep down, on some level I keep finding and losing, and that‚Äôs why this is probably happening.",C5,"The person expresses feelings of alienation and disconnection throughout the premise. They describe a sense of not belonging in their own body and struggling with their identity as a transgender individual. Additionally, the mention of feeling called to be dead and understanding why some trans activists take their own lives suggests a deep sense of alienation and hopelessness. The person also discusses feeling like they are not cut out to make the world a better place, further indicating feelings of alienation from their own potential and purpose. These sentiments align with the category of Alienation related stress.",1.0,"i an tans, gay, a person of colour, mentally ill, i feel like living on borrowed, healthcare of trans is shit, "
288,4352,"For me, I feel numb. My brain stops working. I don't feel sadness. I feel just empty. I can't even function very simple jobs. At worst times, I can't even interpret what other people talk. I just hear, but I don't comprehend, just detect noise. I can't talk well.",C3,"The symptoms described, such as feeling numb, brain not functioning properly, inability to comprehend speech, and difficulty in communication, indicate a possible medication-related issue. It is essential for individuals experiencing these symptoms to seek professional medical help for diagnosis and treatment.",5.0,"i feel numb, my brain stop working, i just feel empty, i can't even function very simple job, "
289,4353,I'm a fucking burden on everyone. Idk why there's still like 5 people that care. I wish they didn't so I could just fucking die already,Alienation related stressed,"The feeling of being a burden on everyone and wishing for a lack of care to die suggests a sense of alienation and disconnection from others, possibly due to feelings of worthlessness or inadequacy.",5.0,"i am burden on everyone, "
290,4354,"To make a long story short I'm too much of a pussy bitch to be able to handle pain well enough to try anything, best I can do is punch myself in the face when I feel really bad which does nothing but make me feel worse.",C5,The use of derogatory terms towards oneself and expressing inability to cope with pain suggest feelings of alienation and disconnection from oneself.,1.0,"i feel really bad which does nothing but make me feel worse, "
291,4355,"I seem to have a big inferiority complex

Today in class we were doing little clay figures that represented something to us, while everyone else's looked beautiful and detailed, mine was all desfigured and ugly, while everyone's had a meaning behind them, mine was ""hurr duuurr i like octopus"" 

Why cant i be the best in something for once??

I felt so embarrassdd when it was my turn to talk about my model, all i wanted to do was say ""sorry teacher but im a talentless piece of shit"" 

Im petty, im pathetic, i dont want to be but i cant help but feel this way",C5,"The feelings of inferiority, embarrassment, and self-deprecation expressed in the premise suggest a sense of alienation and disconnection from others. The individual's perception of not being at the same level as their peers and feeling inadequate in comparison indicates a feeling of isolation or alienation from the group, which often leads to such self-demeaning thoughts and emotions.",1.0,"mine was all desfigured and ugly, in felt so embarrased when it was my turn to talk about my model, i am talentless piece of shit"
292,4356,The only reason im not dead yet is bc of my friends amd family. I could neber hurt them like that. But its draining. I fucking hate it. I hate it with every fiber. But i have to stay alive so at least this bullshit paim doesn't affect others. This is bullshit.,C4,"The expression of deep resentment towards the situation, feeling of being drained, and the strong sense of responsibility towards friends and family leading to hatred suggests relationship related stress.",4.0,"The only reason im not dead yet is bc of my friends amd family, I could neber hurt them like that. But its draining,I hate it"
293,4357,"Long story short.. I've been in and out of college, failing out two different times taking breaks from classes once or twice. I've had on and off addiction problems with alcohol during this time.. basically I've been trying to get a bachelor's degree for 7 years. The last 4 years of college has caused me soo much stress. My parents are wealthy and not to say they are at fault in any way for my failire but they have sort of enabled me financially  to keep trying to get a degree. Ive wasted probly around $100,000 dollars on failed/withdrawn classes. My sister deeply resents me for this. I have an insane amount of guilt for this too even though my parents say they would pay anything and help me in any way they can for me to graduate. 

So after all that, i made it to my final semester b4 graduation. Im only taking 2 classes but i might fail 1 of them and that would result in my 3rd and final academic dismissal, meaning i wount get a degree cause of a flunk in my final semester. I just dont understand why i cant just sit here and do my homework and actually care. My problem is i dont give a crap about anything unless i have an innate desire or interest in it. Like my motivation is just 0 in anything thats academic i dont understand why!

So after all this.. even if i do pass and graduate i feel like im so broken, endured so much stress by the age of 26 that i feel like just a vegetable now.  i cant fathom myself using my business degree to get a ""real job""  i dont know if ill ever be able to get over the idea that i spent over 250,000 dollars on a degree and i have no desiree to work a normal job because i feel like my brain is this empty void that only seeks pleasure and has no purpose or drive. On the surface, im a happy bubbly person. Im outgoing and very sociable. I feel deep down i really have alot of potential but im soooo lost and so easily overwhelmed by everything. I feel the slightest bit of resistance and i just shut down mentally and seek pleasure in the form of leisure activity or alcohol. 

Idk where im even going with this.. sorta just letting it all out i guess because i have nobody to talk too. If you read this far im sorry for all the grammatical errors i just typed it all out and didnt re read it once. 

Have a nice day",C3,"The person is experiencing medication related stress. The long-term struggle with addiction to alcohol, as well as the mention of seeking pleasure in the form of alcohol and shutting down mentally to seek pleasure, indicates a potential dependency on substances to cope with stress and emotional turmoil. This ongoing battle with addiction and its impact on academic performance, relationships, and mental state reflects a pattern of medication-related stress. Seeking pleasure in alcohol to cope with overwhelming feelings suggests a need for professional intervention and support to address the underlying issues leading to this behavior.",5.0," I've been in and out of college, failing out two different times taking breaks from classes once or twice, i have probably around $100000 dollars on failed/withdrawn classes, i have insane amount of guilty for this, my parents say they would pay anything and help me in any way they can for me to graduate"
294,4358,"So I went through a lot throughout my life and none of it is really my fault (except one that I exist) but brain keeps on attacking me for all bad things for example if my mom refused to pay my tution fee and I get kicked out my brain imposes the fault on me or if i am sick and i am sick because my selfish parents hide my medical records my brain blame me for my sickness as well , I couldn't get into college again parents bam brain attack me again. If people bully me my brain again attack me 

tl;dr my brain loves attacking me with no sense.

So how do I stop blaming myself for everything I didn't done?",C5,"The person is experiencing alienation-related stress because they feel isolated and disconnected from others, leading to self-blame and negative self-perception.",4.0,"my mom refuse ton pay mt tution fee and i am get kicked,  i am sick and i am sick because my selfish parents hide my medical records, "
295,4359,"I keep getting close and then I fuck up because I‚Äôm not some person who gets to get through things and gets to be successful. I‚Äôm me.

I‚Äôm a fuck up and I‚Äôm a failure. All the people in my life are temporary because eventually they hate me as much as I hate myself.

I‚Äôd rather die than have to be me anymore.",C5,"The person expresses feelings of alienation, self-hatred, and a sense of being different from others. They feel like they are not able to succeed and maintain relationships because they perceive themselves as a failure. These thoughts are indicative of alienation-related stress.",5.0,"i am failure, all people in my life are temporary because eventually they hate me as much as i hate myself"
296,4360,"I'm 16 years old kiddo and diagnosed with deep depression along with SAD (Social Anxiety Disorder).

It's so hard to talk with people or even go out but today i made my first move and went to school where i haven't gone for almost 2 years. Now i'm making my way up to get benzodiazepams for *SAD*
I hope everything goes well and i can go out with friends again cause i barely remember my last time i went out with friends :( my relatives think i'm just lazy but they dont understand how hard it is for me to talk to people or even go out, i get like mini panic attack when i come contact with stranger and it feels awful. Oh mann im just so tired of this shyt",C3,"The person's mention of being diagnosed with deep depression and Social Anxiety Disorder (SAD) along with seeking benzodiazepams indicates a medication-related stress. The individual's struggles with social interactions, panic attacks, and feeling misunderstood by relatives further align with the challenges commonly associated with mental health conditions, leading to a category of medication-related stress.",3.0,"diagnosed with deep depression along with social anxiety disorder, my  relatives thinks i ajust lazzy, i get mini panic attacks when i come contact with stranger"
297,4361,"I literally feel like I'm just waiting to die. I don't see any hope for myself or the future. I've given up on the basic things that most people would say makes life worth living like meaningful relationships, stability, hobbies, and quite frankly, just living. Nothing has any meaning for me any more. I'm just on repeat until the day comes when my body decides it's done trying to keep itself alive. I'm only living so other people don't feel bad about me when I'm gone. What a shitty way to spend the rest of my existence",C5,"The person expresses feelings of hopelessness, lack of meaning, and alienation towards life and basic human experiences. This suggests a state of alienation-related stress, where they feel disconnected from the world around them and do not see any value or purpose in their existence.",5.0,"i feel like just wanting to die, i don't see any hope for my life or the future, nothing has any meaning for me any more, "
298,4362,"Has someone here survived an attempt or knows someone who did?
I'd like to know how life looks like when you survive. How it's gonna impact social life (got no friends and family so probably not too much). How it impacts work and school (trying to graduate 2nd time. Dropped out cause of massive depressive episode and cause I got homeless). And just other things like are you put in therapy or even hospitalized and for how long.

I'm in a situation where I just wish to die. But I can't kill myself cause I'm worried about what might happen if it fails or I somehow survive. Like how my life that's already the worst could get even worse then.",C5,"The person appears to be experiencing feelings of alienation and disconnection, expressing a lack of social support from friends and family. This sense of isolation can contribute to a deep despair and the belief that life cannot get any better. The fear of the unknown consequences of a failed suicide attempt further highlights a sense of hopelessness and desperation.",5.0,"got no friends and family so probably not too much, trying to graduate 2nd time, Dropped out cause of massive depressive episode and cause I got homeless"
299,4364,"People are unrelatable and hindering to me at this point. I feel as if every time someone approaches me, or walks into my space, I can predict what they are going to say to me. This annoys me further.

Ive been fired from the last 5 jobs, all for reasons of using marijuana to calm myself from my co workers, or outright having a verbal confrontation which results in me getting fired. I used to like being around people, but as i reach the age of 25 i feel like i‚Äôve been struggling for an eternity.

Im truly tired of this fucking 9-5 society everyone seems to be able to spend 40 years in and come out accomplished. It seems no matter how many counsellors  i appoint myself with, or how many doctors appointments im making nobody is helping me and i feel im reaching my breaking point. I know i cant live without society, but this cant continue.

Ive tried steps to help myself, counselling, therapy, doctors appointments; all leads back to the same bullshit place im in now, stuck in society. 

Ive recently acquired my second dui, have a breathalyzer in my vehicle and spend most days sitting at home thinking about how much i hate interacting with people.

The women my age ive dated and been around dont want to hear any of this. Men arent supposed to complain or whine. Im supposed to shut up, apply for another job, and continue to ‚Äúrun at it like a bull‚Äù. 

I can‚Äôt relate this to anyone in my life, so im here asking if anyone feels the way I do, and how youve surpassed this moment in your life without turning to hard drugs.",C5,"The person shows signs of feeling alienated and disconnected from society, finding it difficult to relate to others and expressing frustration with societal norms and expectations. They feel isolated and struggle to find support or understanding from those around them. This sense of alienation can lead to feelings of despair and hopelessness, as they feel unable to connect with others or find a sense of belonging.",1.0,"i have been fired from the last 5 jobs, all for reasons of using marijuana, i feel like i am struggling for an eternity, i feel i am reaching my breaking point,"
300,4365,"I'm 22 years old. And unlike most of the people here, I truly deserve to kill myself.

I've been verbally and physically abusive to everyone around me since I could talk. 

So far as humans go. I bullied kids when I was a kid. Lots of kids. I was never nice to anyone. I was mean to my parents. I hit. I beat up one of my friends. As an adult, I've been physically and verbally abusive to my mom. I've left her with black eyes. And my stepdad. I've told them both to kill themselves a million times. I've said some truly awful things. Not just to them. I lost a friend after I verbally biasd her, too. And I've treated my best friend horribly.

Worse than that, the animals. Both of the first cats I ever had ran away, so I must have done something to them. The third, I chased her around and sprayed her with water and hit her. For years. She was traumatized. She hated me. She'd always scratch me up and I deserved it. The fifth cat ran away, I don't know what I did. The sixth cat I don't remember if I was mean or nice but I gave her to some old ladies because we had to move. I hope they loved her. My seventh cat is my current cat. I got her right before I turned twelve. I used to put a laundry basket over her and shake it while she screamed. She was just a little kitten. I stopped doing that at some point because my mom talked to me. But I hit her. Sometimes multiple times. This cat isn't traumatized mostly. She cuddles me every fucking night that I let her. But...

Then there's my dogs. I beat the shit out of my older dog, multiple times when I was an older teen. I beat him with shoes because he chewed them. He was just sad I had to go to school and I beat him. My younger dog I beat the shit out of once (maybe, technically, twice? same day in a short time period), ever. 1,264 days ago. I was so gutted about how badly I hurt him-- he was bruised under his fur and upset for days-- I swore never to beat any animal ever again, and I haven't. But I still hit them. I'm ""extremely abusive"". That's how my grandma describes me. My fucking grandma. (The dogs aren't traumatized at all anymore, but...)

I also ripped off a lizard's tail...and killed a lizard...but those were accidents. 

On top of all that, it's quite possible I'm a pedophile. When I was 14, I chased an 11 year old girl around trying to kiss her. (I succeeded. This happened 2x.) And when I was 19, I read 2 fanfiction about a sexual relationship between a 16 year old and a 12 year old. And I had dreams for years about rape? Of children? I mean, I also have OCD and it could just be that. But one day I abruptly decided that That Wasn't Going To Happen Anymore, and now it happens much less. It's unpleasant. 

I don't want to be like this. I don't want to be abusive to anyone. I was never biasd. I recently started therapy (again). I'm on medication (Paxil). I think about the bias all the time. It's probably 80% of my thoughts. I am trying to not do these things. To never be verbally or physically abusive again. I love my family and my pets and they have never deserved this. But I will never be able to undo the things that I have done. Even if I try to make amends. Even if I'm forgiven, which I am. I am a bad person, and thanks to what I've done, I will always be.

I deserve every ounce of guilt I've felt these past 1,264 days that I've known I've abusive. These past years where I didn't try to change until now. I deserve to feel this way every miserable day for the rest of my life. I deserve to kill myself.",C6,"The person who wrote the premise is expressing feelings of extreme guilt and self-hatred for their past abusive behavior towards both people and animals. They acknowledge their actions as abusive and harmful, and seem to have a deep sense of remorse and realization of the seriousness of their behavior. It is evident from the text that they have a distorted self-perception, characterized by self-condemnation and a belief that they are irredeemable. The mention of seeking therapy and being on medication also indicates an awareness of their problematic behavior and a willingness to address it. This extreme self-criticism and belief in their unworthiness align with the category of bias or abuse related stress.",4.0,"i was mean to my parents, i beat up one of my friend, As an adult, I've been physically and verbally abusive to my mom, "
301,4366,"I feel tired. Nothing brings me a joy. I lost all my fucking hobbies. I started smoking a lot. I have alcoholic dad, he often lies, also he borrowing my money, but never give them me back. Luckily, my mom isn't such an alcoholic, but she also drinks a lot. I remember, when i was a child, my parents often dont have money to buy tge food, so i used to visit my grandma, and take some food from her, to feed me and my younger brothers. i remember, once my dad came back home, so drunk, that he beated my mother,and btoke a glass door. There were a fucktone of blood.It was sticky and smelled horrible. When i was 13 i was raped by my drunk dad. Nobody knows about it. Also 2 months ago,i found a gf, but she broke with the me up. Also she was amphetamine addicted. She was mentally unstable. She had a lot of overdose. Honestly I miss her. I feel like i don't have future. I was born because condom ripped, and anti pregnant tablets wasn't working. I feel useless. I live in a small town in Western Ukraine. My town is a fucking shithole of the Europe. In 1 year i will be graduating, but i don't know where I want to study.",C5,"The person expresses feelings of fatigue, lack of joy, loss of hobbies, and engagement in unhealthy behaviors like smoking and excessive drinking. The mention of a dysfunctional family environment with alcoholic parents, childhood struggles with poverty, and traumatic experiences such as witnessing violence and being sexually abused by a family member all point towards a state of alienation related stress. The feeling of not having a future, missing a past relationship with an unstable partner, and a negative perception of their surroundings further contribute to the sense of disconnection and despair.",4.0,"i have alcoholic dad, he often lies,he  also borrowing my money, my mom isn't suvh an alcoholic but she drink a lothe beaten my mother, she was mentally unstable, i feel useless"
302,4367,"I‚Äôm so sick of this.  I have a big nose, big forehead, big everything and it‚Äôs so hard to deal with.  People have told me they didnt date me because I‚Äôm ugly.  People have even told me I‚Äôm too ugly to go after.  Don‚Äôt get me wrong, I‚Äôve been in my fair share of relationships, but I‚Äôve been rejected so many times just for being ugly and I‚Äôm sick of it.  

I am soon to leave home for college and before that I want to get a nose job to make me more confident before I leave, but none of the 758394858 retail jobs I‚Äôve applied to got back to me.  It‚Äôs like the world wants me to be this way.

I‚Äôm not believing that looks don‚Äôt matter bs.  I just want to look good, and that‚Äôs it.  I‚Äôm suicidal because of it.  I‚Äôm sick of living when I can‚Äôt look good.",C4,"The person is expressing deep distress over their perceived physical appearance and the impact it has on their relationships. Repeated rejection and comments about their looks have taken a toll on their self-esteem, leading to thoughts of suicide. The desire to undergo a nose job before starting college to boost their confidence further emphasizes their struggle with self-image in the context of relationships.",1.0,"i am so sick, i have big nose, big forehead, big everythimg and its so hard to deal with, people have told me that didn't date me because i am ugly, i have been rejected so any times"
303,4368,"Why be sad about it. Why prolong something inevitable. 

I've self harmed since middle school and I've wished for death that long too. I've been through treatments I can't stick with and people I can't stick with. I somehow appear confident on the outside but I just feel worthless. A black hole that doesn't deserve the light from anyone else. I'd like to think i don't believe in destiny but I never feel so sure about anything besides this. There's nothing else I truly know. 


It'd be cool to at least go out as one of those tortured artist types but I can't even make myself do art anymore. 


Studied hard for my stats exam tomorrow so killing myself won't happen tonight. I don't know how to. I don't think I can. But I can buy a ticket somewhere. Maybe I'll just go somewhere far, with nothing and hope for the worse. 

Or maybe a nice pimp will find me who just makes my life simple. I can just stay coked up and be someone's sex doll. I don't want to think anymore I fucking hate my mind",C3,"The person mentions self-harm, suicidal thoughts, lack of belief in destiny, feeling worthless, and seeking escape through substance abuse and risky behaviors. These are all strong indicators of medication-related stress, as the individual seems overwhelmed and unable to cope with their mental health challenges despite attempts at treatment.",5.0,"i have self harmed since middle scholl, i wish for death that long too, i just feel worthless, i fucking hate my mind"
304,4369,"It is midnight and I cannot sleep again. I cannot remember the last time I slept through the night. I sleep in tiny spurts throughout the day but can never stay down for long. I often have nightmares even when I do stay sleeping for some time.

The other night, for example, I woke up screaming. I had been dreaming that I was eating a bowl of cereal and looked down and my spoon was covered in spiders. I actually like spiders so I am not sure why it scared me so bad. My husband reached over and held my hand and shushed me until I calmed down. It seems like he is too good to me always. I feel like I don't deserve it.

Tonight I looked outside the window at the world as I often do throughout the day. I thought to myself: the people that I have met, all of them, all of the people I have come across... does anyone of them ever think of me? Ever? Do they ever wonder how I am? Even just for a second? If they did, I wish I knew, because I feel like a shadow living life alone inside my house day after day. 

At the same time I feel that I am unworthy of friendship, community, love. Today at therapy my therapist asked me my goals. I said... to have a friend and to be a part of a small community that truly cared for me. But I have never felt or experienced that. I only know what friendships and loving communities are like from observing others. I truly pity anyone who would want to befriend me, because I think I would make the worst friend.",C5,"The person is experiencing feelings of alienation, loneliness, and a sense of being unworthy of friendship and love. They express a deep longing for connection and community but also feel disconnected from others, like a shadow living life alone. These thoughts and emotions indicate a state of alienation-related stress, where the individual feels isolated and unable to bridge the gap between themselves and potential relationships.",5.0,"i feel that i am unworthy of friendship, community and love, "
305,4370,"Hello everyone, just to preface my doctor has diagnosed me with depression, anxiety, and ocd.  Recently I have been filled with self hatred. I am 5‚Äô7‚Äù and weigh 140 pounds. I am convinced I am fat even though this is a very average body weight. When I look in the mirror I think how ugly I am. People tell me I am attractive but I do not believe them. I feel like my life is a failure. I graduate college with a degree in fine arts and history with honors...this is not good enough. I feel as if I am very ignorant and perceived as such. I‚Äôm have traveled abroad three different times...yet when others tell me about their travels I feel inadequate. My dreams and goals feel absolutely impossible. When ever I go out into public I think everyone hates me and is talking about me. I also constantly google mental illness and symptoms because I am convinced something is majorly wrong with me...even though three doctors have told me I am ‚Äúnormal‚Äù. I take multiple mental health quizzes everyday to see if I have lost my mind. I am constantly asking my coworkers at work what they think about me. I am an artist and believe every work I produce is garbage. Even with people validating me I usually don‚Äôt believe them. Any advice?",C5,"The individual's feelings of self-hatred, perceived inadequacy in various aspects of life, constant comparison with others, fear of being judged, and seeking validation from others despite having achieved honors and traveled abroad multiple times suggest symptoms of alienation-related stress, where the person feels disconnected, misunderstood, and excessively self-critical in their interactions with the world.",3.0,"diagnosed with anxiety and OCD, i am fat, i think how ugly i am, my goals and dreams feel absolutly impossible, i think everyone hates me, i feel  inadequated"
306,4371,"this is just gonna be a vent because imn ot doihg 100% rn. i have a good life that i‚Äôm incredibly incredibly lucky to have. evem my issues with depression are controlled to an extent. i have a good social life and a lot of friends but no connection. i need to feel like i can deserve to be loved i think because i don‚Äôt feel like that. i know my entire group would be fucking broken but they don‚Äôt give me quite enogh connection to actually help me through it. they don‚Äôt really know i‚Äôm struggling bad. i want to kill myself a littl bit rn. i have everything right now and i want to kill myself. just to have nothing. i‚Äôm not mad i think it‚Äôs the in between moments or the bad feeligs from tonight or the fatigue but i want to attempt. again
i know i need to talk to someone f i‚Äôm getting into the actual considering.
i can‚Äôt tonight even if i wanted to.
i don‚Äôt think i‚Äôm really considering it honestly because i don‚Äôt have a reason to. it‚Äôs like people ‚Äúneed‚Äù me but only because the absence of me would be felt, not because i actually add anything to their lives.
if i could get myself alone i could but i‚Äôm fortunate enough that that wouldn‚Äôt really work for me.
so i‚Äôm stuck.",C4,The person expresses feelings of not deserving to be loved and lacking a sense of connection despite having friends. These thoughts of wanting to kill themselves and feeling stuck indicate relationship-related stress and a deep emotional struggle within their social interactions.,5.0,"i have good social life  and have lot of frends but no connections, i am struggling bad, i could get myself alone"
307,4372,"depression is writing sick poetry on skin and publishing it with scars, cutting on ankles, not wrists because you‚Äôre scared you‚Äôll get in trouble but you so desperately need to be seen, and never are.

depression is writing the word ‚Äúalone‚Äù and seeing the word ‚Äúhome‚Äù, accepting the pain like a gift because you deserve it.

depression is admitting suicidal thoughts to paper and not to people, and loving the broken things, hoping to tie them together, thinking maybe things will get better, but knowing that‚Äôs just wishful thinking.",C5,"The use of words like 'alone', 'home', 'desperately need to be seen', and 'broken things' suggests feelings of alienation and disconnection from others and the world. The focus on self-harm and suicidal thoughts also indicates a sense of isolation and helplessness, commonly associated with alienation-related stress.",0.0,
308,4373,"I‚Äôm honestly so lazy and not motivated to do anything and I could be doing everything I can to make my life better but it‚Äôs like I don‚Äôt want to it‚Äôs hard to explain but I‚Äôm depressed and hopeless. I have so much thoughts built up Inside me but there‚Äôs no one I can trust who won‚Äôt judge or complain about what I have to say and every time I hold this stuff in I end up having a big breakdown but if I tell someone I usually regret it. I wish life would get better, I wish I could change, I just wish for a better life in general. I doubt anyone read this but whatever, if you did could you maybe give advice or something I‚Äôm honestly so lost",C5,"The person expresses feelings of being lazy, unmotivated, depressed, and hopeless, indicating a sense of alienation and disconnect from their surroundings. They mention having thoughts built up inside them with no one to trust, leading to breakdowns when holding it in and regretting sharing with someone. This reflects a state of feeling isolated and lacking a sense of belonging or support system, contributing to their overall feeling of being lost.",5.0,"lazy and not motivated to do anything, i am hopeless, having a big breakdown, "
309,4374,"i‚Äôve been on sertraline/Zoloft for a couple months. i felt like it was really doing something for me, but i‚Äôve been without it for a couple weeks now, because my parents kinda suck and i can‚Äôt pick up my own prescription, and i feel horrible. like, the absolute lowest i have ever felt and i don‚Äôt know if that‚Äôs normal when you stop taking your meds. i don‚Äôt really know what to do, i felt like i started to be able to actually function like a regular person, and now i‚Äôm back in my hole.",C3,"The individual is feeling horrible after being without their medication for a couple of weeks, indicating a dependency on the medication for their mental well-being. The mention of feeling the lowest they have ever felt suggests a significant impact on their mental state due to stopping the medication. This medication-related stress is further emphasized by their inability to pick up their prescription due to their parents' actions, leading to a sense of helplessness and despair.",0.0,
310,4376,"Every. Single. Time. I reloaded the magazine, I contempted doing it. It would have been so easy. My instructor wasn't evem looking at me half of the time. I'm not sure why I didn't do it. I had family with me, so that might have been it. I wasn't depressed like I usually was. But it would have been so easy. Just a quick fire into my head and it would have been over. I would gather to bet I will die in that building someday, just not today.",C6,"The language and thoughts expressed in the premise suggest a deep sense of despair and possible suicidal ideation. The mention of contemplating self-harm and the idea of dying in a specific building indicate a high level of emotional distress related to bias or abuse, potentially from various sources including self, others, or society.",0.0,
311,4377,"What is going on?
Most people generally seem to be two or three sentences away from expressing exhaustion. A lot of surface level happiness? Maybe it is just the people around me. 
I have a couple of people I can sort of talk to about this hard life, but I still have  to watch out not to trigger some sort of depression in them right then or down the line. 

Where are the happy people capable of reaching out in a reasonably sustained way?
Has it always been this way?",C5,"The person shows signs of feeling alienated and disconnected from those around them, expressing difficulties in finding happy people who can provide sustained support. They question the existence of such individuals and seem to feel isolated in their experiences.",0.0,
312,4378,"I feel like every couple of nights, I just lay here on the floor, stuck in my head about how much I want to commit suicide.

I want to die.

I want to die.

I'm ready to start trying again.

I want to die.

I want to die.

In this moment, not being . . .",C3,The repeated thoughts of wanting to commit suicide indicate a serious mental health issue that may require medication to address. This situation falls under medication related stress.,5.0,"i just lay here on the floor, i want to commit suicide, i want to die"
313,4379,"This is quite the long story but i just needed to vent. 

TW: drug use

September 9th Of 2018 was the worst day of my life, on that day my father had passed away unexpectedly from a blood clot in his lung that the doctors knew about but never put him on medication for. That day, my entire life had changed and since then I haven‚Äôt been able to recover. While yes I was depressed much before this and had been struggling with suicidal thoughts and tendencies since I was 8, my father death had made it all so much worse. I had started to get on anti-depressants, get counseling, and come out to my mother as trans not long after this because she had discovered I was trans. None of these treatments helped much until late November after I had attempted suicide and realized how cared for I was by family that had visited me in the hospital, then I really started to work hard for them to get better and to make sure I could get to the day when I could start hormone replacement therapy in about a year. Not long after that incident I traveled to New Mexico to visit family and my mom fell in love with a hole here and felt the need to reconnect with the family that lived there so she had decided to buy a home here and make my family move, which I can‚Äôt fully blame her for wanting to get out of the state we lived in (ny), it reminded her too much of my dad. When I first heard this news I was depressed about it but slowly become more accepting as I got much happier and healthier. I got to a point where I no longer felt the need for medication and cut back on therapy before moving to New Mexico, but those months of hard work all crashed when I got here. When I moved I had honestly lost everything I had known and have been stuck with a family of alcoholics who always start stupid drama over small things. I feel as if I can‚Äôt even do anything without someone starting shit about something I‚Äôve done when I‚Äôm around them. But anyways soon enough I start school, I‚Äôm fairly excited about it but quickly that excitement dies out and is replaced with absolute misery. The school I currently go to refuses to let me use the mens bathroom and makes me use the women‚Äôs one because of my biological sex, keeps all of my accounts and name on the attendance as my birth name despite the fact I don‚Äôt identify with it, and dress coded me for piercings and dyed hair which they had never mentioned would be a problem when I went to register for the school not even a week before the school year started. So on my first day I get dress coded for things I was never warned about and told I had signed a paper that states I fully read through the dress code and agreed to comply with it (which I had actually gotten two weeks later during school hours). Bullshit, right? Well it gets worse. The only kid willing to talk to me was a drug addict who had done cocaine in front of me and offered me some, while high he almost choked himself to death and chucked a desk at the girls in front of us which was quite fucking terrifying. Almost a month after this event the same kid breaks my pencil sharpener and takes the blade part out of it, leaving the class shortly after to go to the bathroom. Of course I tell the teacher and she gets the counselor to get him, and he gets sent to a mental hospital for a week or so and transfers schools. So while yes, he may have been an absolute crackhead he was still the only friend I had so I was very bummed out and felt alone. Months pass and I feel more and more depressed as days go by, I start contemplating suicide once again and try to get my mom to get me a therapist (which she still hasn‚Äôt done). And of course on top of all of this kids at school find out I‚Äôm transgender and I‚Äôve been getting dead named, picked on, and asked extremely personal questions  since then. Because of this discovery made by my classmates I‚Äôve started to also gotten rape threats and death threats in which I feel there‚Äôs no point in reporting since the school cannot even comply by the laws and let me use the bathroom I feel comfortable in. Well I have started to make friends I still feel all alone and hopeless for things to get any better for my life, I‚Äôve been trying so hard to get my life back into shape and actually gave loving here my best shot but I‚Äôve failed myself and been failed by so many others, I see no point in continuing on since things keep getting worse and I‚Äôm not sure if I can hold on that much longer. The only reason I‚Äôm still here is because I know there‚Äôs people that care and I don‚Äôt want to put them through the same pain I went through when I lost my dad.",C3,"The person who wrote the premise is experiencing extreme mental distress due to the tragic loss of their father, struggles with depression, suicidal thoughts, and attempts, as well as difficulties related to their gender identity. They have mentioned being on anti-depressants, counseling, and contemplating hormone replacement therapy, indicating medication-related stress. Additionally, the lack of support from the school regarding their gender identity, being bullied, receiving personal threats, and feeling unsupported by their mother in seeking therapy further highlight the significant impact of mental health issues on their well-being. This combination of factors points towards the mental state being primarily medication-related stressed.",4.0,"my father had passed away unexpectedly from a blood clotin his lungs, mom discovered that i am transgender, "
314,4380,"I've suffered from depression my whole life, and I've just had enough. I have no friends, I have some family but they are very selfish. I have my mum and know she cares but I just feel like I'm a burdon to her and I know for a fact she'd be happier without my bullshit. I've got no one to talk to and honestly I've just had enough. I got into a bit of a car accident today and burst my tyre and I just don't have the energy to sort it. I just don't have the energy to keep on fighting. I've been talking to a few people online and that's helped but none of them are around to talk at the moment. I was talking to someone I really liked and they've decided to stop talking to me. I'm not sure why and I just have no one. I want to end... I want to end it now but I'm to much of a fucking pussy. I haven't been this close to ending it in a while though... I don't know what to expect from this, it just helps me clear my head I guess. I'm not really sure...",C3,"The person is showing signs of deep depression, hopelessness, and suicidal thoughts. The mention of suffering from depression for their whole life, feeling like a burden, having no energy, and wanting to end their life indicate a severe mental health crisis that requires immediate attention. The person's struggle with loneliness, lack of support from friends and family, and rejection from someone they liked have all contributed to their current state. The presence of suicidal thoughts and desperation for relief suggest that this individual is under extreme psychological distress, emphasizing the need for medication-related support and intervention.",4.0,"i have family but they are very selfish, mom feels like i am burden on her, i have no friends"
315,4381,I could've sworn it was going to work due to the already stress that was on my heart but then again taking 100 mg worth of melatonin and beer probably wasn't going to kill me. I know if i bought two bottles of something  and three bottles of something  and put it in a bucket and mix it and sit in my car then that would kill me instantly but I may not be ready for that. Fml.,C3,The use of melatonin and mention of potential harmful effects with alcohol and other substances indicate medication-related stress.,0.0,
316,4382,I don't think I need to explain what I mean,Alienation related stressed,"The statement suggests a feeling of disconnect or estrangement, possibly stemming from a lack of understanding or communication in interpersonal relationships, which can lead to feelings of alienation.",0.0,
317,4383,I don‚Äôt like people. I have isolated myself from the outside world for over six years now. I don‚Äôt want to have long conversations with no one. I just need the strongest meds I can get to combat my issues. Before I try something illegal which I have been tempting to use for some time now. Is there a way for me to achieve this without having to see a psychologist? Sorry if I‚Äôm coming off a certain way. I‚Äôm just tired and need help.,C5,"The person is expressing a strong sense of alienation from others, stating that they do not like people, have isolated themselves for a long period of time, and do not want to engage in conversations with anyone. This feeling of disconnection and desire to avoid social interactions indicates a significant level of alienation-related stress. The mention of needing the strongest medication to combat their issues and considering illegal substances as an alternative also suggest a deep sense of distress and desperation, likely exacerbated by feelings of alienation.",5.0,"i don't want to have long conversations with no one, i just need the strongest meds, i am just tired and need help"
318,4384,"My question is can your body get depressed 
Without you even knowing it?
So the last few months I've seen some changes 
In my body, getting 4 hours sleep if I'm lucky
And it's broken, not wanting to go out because 
I'm so tired, everytime I eat I feel sick. 
But the thing is my mind feels okay and
Yes I've had suffered from depression many 
Times before, also a few other things. I see 
My doctor on a regular basis, but of late it's 
Been hard finding the right time. It wasn't until 
A few days I thought my body might be depressed,
I started thinking about the stuff that has been 
Going on with me for the last few months and I 
Remember that I had a major operation about 
7 months ago and that's when it all started and
Has gotten worse over time. The reason that
I'm asking here is because I don't want to 
Worry family or friends and I find it hard to talk 
To them about this stuff because they don't 
Really understand it. So my question is can your 
Body get depressed without you knowing it???
Thank you to anyone who's taken the time to 
Read this, will answer any questions.",C3,"The person's focus on physical symptoms like lack of sleep, tiredness, loss of appetite, and feeling sick after eating, despite feeling okay mentally, suggests medication-related stress. They mention they have suffered from depression before and have had other issues, as well as a major operation 7 months ago, all of which could have influenced their current physical state. The reluctance to worry family or friends and difficulty in talking to them about it indicates a level of stress related to managing their health and medications independently.",0.0,"everytime i eat i feel sick, "
319,4385,"I‚Äôm about to turn 20 soon, and lately I realized I don‚Äôt even enjoy living.

Everyday I wake up, I don‚Äôt even want to get out of bed I just want to lay there. When I do get out of bed I just hate doing anything. It doesn‚Äôt matter what I‚Äôll be doing I just rather be dead all the time so I don‚Äôt have to do anything? Maybe I‚Äôm lazy or something but I just hate doing stuff? I rather just be dead lol, so I can just be in peace.. 

I‚Äôm on antidepressants and they help but I still don‚Äôt enjoy life, there‚Äôs more why I don‚Äôt enjoy life mostly cause I can‚Äôt hold a job, or keep any friends or even talk to anyone. I just feel like a fucking ghost.

Been thinking about just ending up, but can‚Äôt get enough courage to do it. Hopefully soon I just say fuck it and do it.",C5,"The person expresses strong feelings of alienation, loneliness, and a desire to escape from their current state by wanting to be dead or feeling like a ghost. They mention not being able to hold a job, keep friends, or talk to anyone, indicating a deep sense of disconnection from others and society. These feelings of isolation and hopelessness contribute to their overall lack of enjoyment in life and the pervasive desire to end it all.",5.0,"i don't evev enjoy lliving, don't even want to get out of bed i just want to lay there, i just hate doing anything"
320,4386,"I spoke to Lifeline (I'm from australia) and the person I spoke to was no help. Honestly, I wake up every morning regretting i did not die in my sleep the night before &amp; explained that to them, they decided to get into a debate about fucking religion of all things. 

 I think at this point i just need someone to talk to, to be able to convince me why it's not a good idea to just slit my fucking throat or just jump off my 3rd floor balcony. Which I haven't done yet because I'm such a fucking coward.

Honestly i'm just so tired of life &amp; just want to end it all somehow without bothering my family.

I don't know what else to do. I seriously envy americans with their easy access to guns.

FYI, I'm on anti depressants already which are no fucking help what so ever. There's always the voice in the back of my head that tells me that once i do it, i'll be ok, I wont have to experience this shit anyway so why not just go ahead with it anyway.",C3,"The person is expressing deep despair and hopelessness about their situation, indicating a severe mental health struggle. They mention being on antidepressants that are not helping, showing frustration with medication-related treatment. The thoughts of self-harm and suicide ideation also point towards a mental health crisis that may not be adequately addressed by the current medication. The person's feeling of being tired of life and wanting to end it all without bothering their family is a clear indication of the distress they are facing due to medication-related issues.",5.0,"i wake up every morning regretting i did not die in my sleep, need someone to talk to, i am just tired, just want to end it all somehow without bothering my family "
321,4387,"Life just hasn‚Äôt been enjoyable for me anymore, I did attempt hanging myself a year ago but failed. I was going to jump off a roof after that but my grandparents by a miracle called me before it to wish me a good weekend and I couldn‚Äôt bring myself to hurt them immediately after that. I was going to wait for them to die but I don‚Äôt think I can go on longer, there‚Äôs a shotgun in my house and it seems like the best getaway option. I don‚Äôt feel loved but at the same time I haven‚Äôt brought myself to end it because i‚Äôm scared i‚Äôll hurt someone. Everything is just too much, i‚Äôm not doing it tonight but it‚Äôs going to happen this year.",C5,"The person expresses feelings of alienation, hopelessness, and a lack of love. They mention feeling disconnected from life and express a desire to escape. These thoughts and emotions suggest a state of alienation-related stress.",5.0,"life just hasn't been enjoyable forme anymore, everything is just too much"
322,4388,I went to a massage parlor where I'm pretty sure an unprotected act has led to me contracting HIV. I was in denial when I got flu like symptoms thinking it was the flu. In the interim I did not have sex with my partner but I think she's come down with it too. Why the fuck should I not end it right now? There is no coming back from this,C3,"The person's mental state seems to be heavily influenced by the fear and stress of potentially having contracted HIV through an unprotected act, leading to a feeling of helplessness and despair. The mention of flu-like symptoms and the concern for the partner's well-being also indicate a high level of anxiety and distress related to the possible transmission of the virus. This medication-related stress is a major factor in the person's current state of mind.",3.0,"led to me contracting HIV, i got flu like symptoms thinking it was the flu, i did not have sex with my partner"
323,4389,"i think i saw myself in the tub five times this whole day so far and its only 4pm. i care for the people around me very deeply and just the thought of them being devastated when i leave makes me even more depressed. i deal with all of this all by myself as everybody does. i feel bad because everyone eventually leaves me after realizing how difficult my situation is and how draining it can be to deal with it. i guess you can say i‚Äôm a big ass burden.

i‚Äôm not the best worker. i‚Äôm incredibly lazy. not because i choose to have fun, but because i don‚Äôt feel good enough. my motivation to do anything is at a 0. another factor of why is i never know what i want to do. my upbringing wasn‚Äôt great and i was always constantly thrown off course from the things i really wanted to do to cater to people who didn‚Äôt care to see me happy. now i‚Äôm kinda doing my own shit without being asked, but it took me almost a year to learn how to think for myself. all thanks to my current partner though.

i‚Äôm starting to lose hope though. although i do have people i care for, i‚Äôm afraid of telling them how i feel beyond just ‚Äúi‚Äôm depressed.‚Äù i know it makes the people around me really sad and sometimes suicidal themselves. so i stay quiet of the actual extent of how bad it can be. and because of my job, its hard to make friends. i can‚Äôt even tell people about what i do. do you know how lonely it gets? having to bottle everything up but too afraid to tell people how its just eating me up slowly. i was doing well for a second with my job and then last week, i spent the whole time all burnt out, crying nonstop just by myself. i but because of my condition and how it‚Äôs affecting me, i‚Äôm losing the one person who was able to get me to be productive and ignore my feelings. people are gonna comment and say ‚Äúdon‚Äôt ignore your feelings,‚Äù but i‚Äôm tired of having it impede my progress. and i know if they leave, i‚Äôll go back to how i was; not doing anything and just laying all curled up in a ball just waiting for death to come naturally.

now i feel like i should just end it to avoid all of this. i‚Äôm too much of a burden. i just want them to be happy.

edit: my mom called me while i was writing this and now, i really wanna leave. just hearing her voice makes me so sad. so sad that she gave birth to someone like this.",C4,"The person is experiencing relationship-related stress, particularly feelings of being a burden to their loved ones, fear of sharing the extent of their emotions to avoid causing sadness, experiencing loneliness, and contemplating self-harm to alleviate the perceived burden they believe they are on others. The mention of feeling sad upon hearing their mother's voice and feeling guilty for being the way they are further indicates a deep sense of internal struggle within their relationships.",2.0,"i am not best worker, incredibly lazy, my motivation to do anythong is 0, people didn't care to see me happy, "
324,4390,"I‚Äôm thinking that when I get home today, I‚Äôm going to take every pill in my pill bottle of ritalin and talk to my partner for the small amount of time I‚Äôll have left. I‚Äôm sick of everything.",C3,The mention of taking every pill in the pill bottle of Ritalin indicates a potential medication-related stress or crisis. The feelings of being sick of everything further suggest a deep inner struggle and a need for support in dealing with mental health challenges.,3.0,"I am going to take every pill in my pill bottle of ritalin and talk to my partner for the small amount of time, i am sick of everrything, "
325,4391,"For some reason my insecurities have been super intense lately as I lay here these words keep repeating. Fat, useless ,uneducated, LAZY I‚Äôve never felt this empty and emotionless, Today I didn‚Äôt even smile once all I could feel was I‚Äôm exhausted and kept staring off into blank space I don‚Äôt understand why My brain has decided I don‚Äôt deserve dopamine or Serotonin. What the fuck have I done to deserve to be this fucking empty I don‚Äôt even feel good enough to call myself hot I feel physically sick just thinking about someone else having to touch me. I haven‚Äôt wanted to drink alcohol so bad until today my past addictions or vices I should say are trying to creep inside me again the only reason why I think I‚Äôm strong enough to say no to it is because I have someone important to me keeping me very grounded.",C5,"The person expresses feelings of intense insecurity, emptiness, and worthlessness, indicating a sense of alienation from themselves and possibly from others. They also mention past addictions and the struggle to stay grounded, suggesting a deep disconnect from their own self-image and possibly their environment.",1.0,"fat, useless, uneducated, lazy i have never felt this empty and emotionless, my insecurities have been super intense lately, "
326,4392,"I've been doing the only thing I'm capable of to hold myself in place at this point, which is doing everything I can to ignore it all. My feelings, my life, the dread that comes every single fucking night.


I've been overeating to the point of getting sick. I've been spending days and more days barely taking care of myself, and just existing in my home, from which I barely leave for days on end.


I've been avoiding this conclusion forever, mostly because I'm so scared of it.


I don't think I want to exist. Every single night I try really hard to dream and fantasize about my deepest desires, in a desperate attempt to find a reason to pull myself up and keep going, but lately, I've been giving up so easily. I feel like nothing's is really worth it, and that includes myself. The thought of just ending it keeps coming over and over again, and it's getting harder and harder to fight back.


I'm scared. I feel cold and worthless. But what's worse is that I know tomorrow will be exactly the same.


I know there are people who love me and do so much for me, and I appreciate every single second they invest on me... But I've been really afraid of the idea that, even tho they try to, they can't really change things or help me in the ways that really matter in the end, like my mental condition, my traumas and the inescapable barrier that is my social class.


It's like I'm locked and always will be. And it doesn't seem very hard for me at the moment to believe that I'll end up dying by my own hands at some point.",C5,"The person's writing reflects feelings of alienation, hopelessness, and worthlessness. They express a deep sense of disconnection from themselves and the world around them, feeling trapped and unable to see a way out. This sense of being 'locked' and the belief that they will ultimately die by their own hands indicate feelings of extreme isolation and alienation. The person also mentions their social class as a barrier, highlighting a feeling of being marginalized or excluded from opportunities or support. These emotions and thoughts suggest a state of alienation-related stress.",3.0," help me in the ways that really matter in the end, like my mental condition, my traumas and the inescapable barrier, i feel cold and worthless"
327,4393,"My parents were always coercive, and I was timid. It was too much for me to compete in a private high school, but my parents forced me to. I was forced to do it. And I entered medical school as my parents wanted. But I hate life that I regret every day by taking classes that I don't even want. But I don't have what I like and what I'm good at anymore. I want to get away from the life I've lived with as a puppet.",C4,"The person's mental state is driven by relationship related stress, specifically stemming from coercive and controlling behavior by their parents that has forced the individual into a life and career path that is not aligned with their own desires and interests. This has resulted in feelings of regret, unhappiness, and a sense of living life as a puppet under the influence of their parents' wishes.",2.0," it was too much for me to compete in a private school but my parents forced me to, i entered in medical school as my parent want, My parents were always coercive, and I was timid, "
328,4394,"That‚Äôs what wrong. I know I‚Äôm in pretty deep depression, my life has changed so flipping much in the last 6 months. My happy-enough marriage has changed drastically, bringing us closer together but presenting other extremely difficult challenges.  Announcing that my spouse is transgender, and so is my kid, is trying. I can only imagine what my wife is feeling about everything. 

I‚Äôve lost nearly my entire family because of these changes, my wife‚Äôs sister has disowned us, her parents are sort of supportive yet very transphobic.  I hate that I have had to choose my wife over the family I grew up with, but I‚Äôd make that choice a million times over, no regrets. My mother has been nothing but cruel and evil. Everyone else is too close to her to reach out or keep in my circle.  

I don‚Äôt know what the point of my post is. I‚Äôm just so down and don‚Äôt want to vent to my wife right now.",C4,"The author is experiencing relationship-related stress due to significant changes in their marriage and family dynamics. The challenges brought upon by their spouse coming out as transgender, the disownment by family members, and the feeling of isolation all point towards relationship-related distress.",4.0,"Announcing that my spouse is transgender, and so is my kid, is trying, I can only imagine what my wife is feeling about everything, I've lost nearly my entire family because of these changes, my wife's sister has disowned us"
329,4395,"I'm at my 3rd job in my field out of grad. The first lasted 3 months before they told me it wasn't working out, the second lasted 7 months before they told me I was slipping, and this one just ended today with a phone call at a mere 2 months. I don't know if I can make myself go on. I don't know where else to go, my skills weren't good enough, and it was a specialized field. I was too quiet for something too client-oriented and it translated to having terrible communication skills that I can't get over. My peers are all going to hear about this, it's a small field and you tend to see everyone in the same industry at conferences, two of them worked at that first job and are heavy gossipers and they'll probably tell everyone there what happened and they'll feel that happy schadenfreude that I was a fucking failure, another piece of conversation fodder to laugh about. I have my other classmates on social media and they post about how great it is to be in that field, and some of them share the same interests as I do so I'll likely run into them again at fan-related events. They say that you shouldn't care about what other people think but easier said than done. I can't face them again and I can't face myself either. The only thing keeping me alive is the fact that the options I've run through in my brain haven't been ideal, painless or with a high success rate as well as my cowardice so I guess I'll still be miserably alive until I find something suitable.",C4,"The individual is experiencing relationship related stress because their experiences at work have all ended with negative feedback and termination, leading to feelings of inadequacy and fear of judgment from peers in the same industry. The anxiety about being perceived as a failure by their colleagues and peers, as well as the fear of facing them again at industry events and fan-related gatherings, indicate a strong sense of relationship-related stress.",0.0,
330,4396,"I just feel like it‚Äôs always something with me. I‚Äôm not doing anything big or exciting or impactful. I‚Äôm turning 25 in a few days, I‚Äôm married to a good man who loves me but we‚Äôve struggled with communication and compatibility so we‚Äôve been in therapy working on it. It‚Äôs hard work. He‚Äôs worth it, I love him, I‚Äôm in love with him, he‚Äôs my best friend and partner, but I didn‚Äôt think it would be this hard. Nobody talks about how hard being a couple is, it‚Äôs all ‚Äúit shouldn‚Äôt be hard with the right person‚Äù and that makes me feel like a failure. I feel like a failure in everything in my life. I can‚Äôt keep a job, I‚Äôm currently unemployed and have no skills or qualifications in anything that is even remotely interesting to me. I hate not contributing financially and we‚Äôre struggling. We can barely eat right now, it‚Äôs humiliating. And it‚Äôs my fault. I struggle with infertility, all we want is to start our family. I can‚Äôt even do that. I never finished college and I have the debt to remind me every day. It‚Äôs not going to get easier. I‚Äôm an adult. Nothing significant is going to change and make things easier. I‚Äôll never have the life I dream of, so what‚Äôs the point?

I‚Äôve overcome so much with anxiety and OCD. But it‚Äôs still here and it really burns me out sometimes. I keep thinking about my future and how scary it is to age. I‚Äôm not afraid of dying, but I‚Äôm afraid of ceasing to exist if that makes sense. Who will be there at the end? Will I get sick? Will my husband? We could be in accidents, I could lose him to something traumatic, anything could happen. How do people live their whole lives? Becoming 40 feels so unrealistic. 

I just don‚Äôt understand why I should keep doing this. I always have some kind of problem that‚Äôs insignificant compared to the suffering of others. But here I am feeling sorry for myself on the internet. What is the point?",C4,"The person is feeling overwhelmed by relationship struggles, feelings of failure, financial difficulties, and issues related to starting a family. The mention of marriage problems, communication challenges, and the fear of never achieving the dream life could indicate relationship-related stress. Additionally, the fear of losing her husband and concerns about the future suggest a significant emotional burden related to relationships.",3.0,"i struglle with infertility, i have overcome so much with anxiety and OCD, i am marrie with good man but we struggled with communication and compatibility, i feel like failure in everything in my life, "
331,4397,Every night I put my gun in my mouth and struggle not to pull the trigger. I just cant yet knowing how hurt my lover would be,C4,The premise indicates relationship related stress as the person is struggling with thoughts of suicide but refrains from acting on them because of the impact it would have on their lover.,0.0,
332,4398,"Just over a week ago I left a really shitty situation with parents who have treated me pretty awfully for years and I am finally free - however, I'm homeless. I have been staying with friends and I spend some time in crisis accommodation provided by my psychologist after I finally opened up to her about everything they have been doing to me, and it's just been really hard.

I'm having trouble getting the legal documents I need to secure a stable living situation, in my country so much of that is reliant on parental confirmation even though I am a legal adult, and I met up with my mum today to try and talk things out with her but I got brutalised and put down and just made to feel really worthless all over again. She couldn't even not be cruel to me after meeting for just one day after not seeing eachother for awhile, so I have decided to go no contact.

I feel really helpless. I feel like the systems in place quite literally fuck you over if you have abusive families, needing their birth certificates to verify things. I feel like it has been made near impossible for me to live independently without them but I know I can never go back because they have put me through so much trauma and so many things I know to not be okay and they have no remorse, and I'm never going to put up with that ever again.

I really don't want to go on anymore, I feel so weak, I have been trying so hard to get everything in order for 10 days straight and it has amounted to nothing, and I really feel like I have no other choice,",C5,"The writer's mental state appears to be filled with feelings of alienation, isolation, and helplessness due to the toxic and abusive relationship with their parents. The frustration with the systems in place that seem to hinder their progress towards independence further exacerbates the sense of alienation. The writer expresses a deep sense of disconnect from society and despair about their current situation, indicating a profound feeling of being alone and unsupported.",4.0,"have abusive families, needing their birth certificate to verify things, i have been trying so hard to get everythingin order, i am trouble getting the legal documents"
333,4400,"There isn't anything i like about myself. I hate my skin color, i hate my body, i hate how i cant lose weight, i hate how anti-social i am, i hate how dumb i am, i hate my anxiety, i hate how i can make other people laugh but not myself, i hate how lonely i am. There isn't a damn thing i like about myself. Its like when i was being created, i was given all the bad things in life. I just want a new life.",C5,"The person's statement reflects feelings of deep self-loathing and alienation. They express a strong sense of disconnection from themselves and the world around them, feeling isolated and unhappy with various aspects of their life. The mention of wanting a new life suggests a desire to escape their current reality, which is often a sign of alienation.",1.0,"i hate my body, i cant lose my weight, i hate hoe anti-social i am, i hate dumb i am, i hate my anxiety, i just want a new life"
334,4401,How did you win with depression?,C3,"The mention of depression suggests a mental health concern, which is often related to medication and treatment, hence falls under category C3: Medication related stressed.",0.0,
335,4402,"Does anyone have any suggestions for dealing with major depressive? I‚Äôm 20 years old and I‚Äôve had depression since I was around 13. Everyday is a challenge and I‚Äôm at the point in which I feel like I‚Äôm losing myself. My closest friends live in different countries and I‚Äôm emotionally exhausted from holding onto all of my problems without talking about them. I feel like life would be easier to give up rather than fighting constantly with myself, but my family would be distraught over me hurting myself and they‚Äôve done a lot for me so I‚Äôm resorting to telling people on the internet in the hope that someone knows how to deal with dark thoughts and the lack of emotions that I don‚Äôt feel anymore. - Cereal",C3,"The writer mentions struggling with major depressive disorder since a young age and feeling emotionally exhausted and lacking emotions. Seeking help on the internet and expressing thoughts of giving up indicate a strong sense of desperation and hopelessness, which are common in cases where medication-related stress is a significant factor in mental health concerns.",5.0,"feel like lossing myself, i am emotionally exhausted, fighting constantly with myself"
336,4405,He left us and it caused us to lose our house which was my ptsd coping mechanism. I just want to give up. This abandonment pain is deep heavy shit. I should just give up and die cause my own father left me to this horrible fate. God it fucking hurts I cant stop crying my chest hurts. Why do I deserve this fate. Fuck.,C4,"The person's intense emotional reaction and feeling of deep pain, abandonment, and betrayal suggest relationship-related stress. The mention of the person's father leaving them, causing them to lose their house which was their coping mechanism for PTSD, indicates a significant emotional trauma related to relationships.",4.0,"father left me to this horrible fate, i cant stop crying my chest hurts"
337,4406,"Ever since my little sister was in the 3rd grade, she's been extremely unhappy and alone. She had strange rituals where she would obsess over locking the doors (pointing to the OCD she has today) and was the unspoken black sheep of the family. My older sister and I already were aware of her depression, and took her to a counselor (who didn't do much for her). We saw her cutting herself, but were too afraid to approach my parents as they are African. It wasn't until last year, my little sister of eight years old walked into the bedroom and saw my sister h\*nging herself on the back of the door. Luckily we got her in time, and she was admitted in the hospital. After a week or so, she came back beaming and happy. She has a therapist who she ""adores"", and is on medication. Everything was going smooth until she relapsed into her ways, and I caught her in another attempt. She's attempted. around 20 times now. My mom has had to quit her job to watch her. My sister claims she is doing fine, but just the other day I checked her phone and she was searching suicide methods. I have many after-school activities and no one can watch her around the clock. Someone please help me, I'm beyond the point of stressed and I have no determination. My grades have decreased this year because I spend so much time looking after her, yet, she ignores me and complains how people bother her. I'm scared to go to sleep, because sometimes she roams around looking for ways to hurt herself again. How am I supposed to help a teen who doesn't want to help themselves?! I'm in my junior year of high school, (my most important year) and I am completely hopeless. I love my sister so much, I can't even imagine not having her. If someone could offer me advice on how to help her I would really love it. Thank you.",C4,"The person who wrote the premise is experiencing relationship-related stress, specifically related to their younger sister's struggles with mental health, self-harm, and suicide attempts. They are deeply concerned, overwhelmed, and feeling helpless in their efforts to support and care for their sister. The writer's emotional state is heavily impacted by the distressing situation within their family, the fear of losing their sister, the burden of shouldering responsibilities beyond their capacity as a high school student, and the constant worry about their sister's wellbeing and safety. The writer's focus on the strained relationship with their sister, the challenges in providing adequate support and care, and the impact of the situation on their own mental health all point towards relationship-related stress.",4.0,"she's been extremelly unhapy and alone, pointing to the OCD she has today, she was admitted in the hospital, my mom has had to quit her job to watch her"
338,4408,Alright I‚Äôm done for real. I‚Äôm deleting this account. Sick of people ignoring me,Alienation related stressed,"The language used indicates feelings of being ignored by people, leading to a sense of alienation and frustration towards social interactions.",1.0,"i am done for real, sick of people ignoring me"
339,4409,"I‚Äôm in college and everything is ruined. I‚Äôve failed my maths class for the third time so I‚Äôm excluded from and science and business majors.  My gpa is shit. My degree advisor says to major in something in humanities. Aka end up poor and with no job prospects after college.

I can‚Äôt even attend next semester because I have no money. I was hit in a car accident on my bike and had to spend my tuition money on it. I also couldn‚Äôt afford insurance. I can‚Äôt get a loan for school so I‚Äôm fucked. There are no other options. I‚Äôve maxed out my credit card for food and rent because I couldn‚Äôt work with a broken leg.

I have no friends or family to help me. Therapy is pointless. Hotlines don‚Äôt work. Group therapy doesn‚Äôt work. I‚Äôve reached out for help like people said. It‚Äôs over. People always say ‚Äútalk to a therapist‚Äù as if everything gets fixed but it doesn‚Äôt. Maybe for your small issues. 

I‚Äôve never been loved or cared about. I only have myself. Now is the end. I‚Äôve had depression since I was 8. I should‚Äôve expected this. I wish I hadn‚Äôt wasted my time thinking things could get better. I should‚Äôve done this in high school. Goodbye.",C5,"The person is expressing feelings of alienation, hopelessness, and isolation in this premise. They mention feeling like they have no one to help them, no support system, and that they are alone in their struggles. This sense of disconnection and lack of belonging is characteristic of alienation-related stress.",2.0,"i am in college and everything is ruined, i have failed my math class for the third time, my gpa is shit, no jon prospects after college"
340,4411,Having suicidal thoughts the whole day now. I wanna end it tonight and slit my wrists. After being on this earth for 16 years I'm done.,C3,The mention of suicidal thoughts and wanting to end it by self-harm suggests a serious mental health issue requiring medication related intervention.,0.0,
341,4412,"our relationship is far from perfect but they give a lot to keep our family afloat and i can‚Äôt hurt them like that.
but it physically hurts to exist. i‚Äôve been depressed for years and it has not gotten better. i have nobody to turn to.
i just want to hurt myself but i hate the scars from when i used to do that
i don‚Äôt know what to do anymore
it hurts",C4,"The person expresses feelings of guilt and concern about hurting their partner in the relationship, indicating relationship-related stress. Additionally, the mention of wanting to hurt themselves but hating the scars from previous self-harm behaviors suggests underlying emotional distress within the relationship context.",4.0,"our relationship is far from perfect  but they give a lot to keep our family aflost and i cant hurt them like that, i just want to hurt myself,"
342,4413,"I think the hardest part about depression is watching it drain the people surrounding you. Eventually they leave because it's too much for them or you push them away because you know it's too much. Either way, nobody stays...",C4,"The premise indicates a feeling of sadness and hopelessness related to relationships, as the person is mentioning the impact of depression on the people surrounding them and how it leads to them leaving or being pushed away.",0.0,
343,4414,"I told myself, I can do this, I can get through with it but nope. It just got worse. I‚Äôm a failure and failures shouldn‚Äôt live.",C4,"The language used suggests feelings of failure and self-blame, indicating relationship related stress, possibly leading to thoughts about not living due to perceived shortcomings in relationships.",1.0,"it just got worse, i am failure and failures, "
344,4415,The more I passed by classes as I walking towards the bathroom the more I was breathing hard.Once I got to the bathroom I looked in the mirror and I noticed my eyes were tired and I had red spots under them.What the hell is wrong with me...I‚Äôm so scared that I‚Äôll get caught slipping a class period but I just need space because this weeks been so stressful and now u can see how tired I am?!,C5,The use of phrases like 'I just need space' and feeling like 'I'll get caught slipping a class' suggests a sense of alienation and disconnect from one's surroundings. The fear of being caught and the overwhelming stress from the week are indicative of feelings of alienation.,3.0,"i was breaything hard, looked at the mirror and noticed my eyes were tired and i had red spots under them"
345,4416,"I don‚Äôt know how to keep going. I drove away the person I loved the most in the world. I never loved someone like this. But I lied and told him I was completely over my ex. I wasn‚Äôt. He said he would leave me if I did. So I lied. And later he found texts. I broke up with my ex for him. But he found us talking about our relationship. I still love you, I told her. He was heartbroken. You cheated on me, he said. I insisted no, it was breaking trust, but you can‚Äôt say cheating. I apologized so much. I changed so many behaviors. I couldn‚Äôt make it up to him. He finally came to me, didn‚Äôt talk to me two months, and said, you cheated on me, you manipulated me. I‚Äôm done. He did many things that hurt me during the whole time we knew each other. He left me and came back so many times. It got worse and worse. But it‚Äôs not an exchange. No matter his actions, I should have done better. I lost him. He was right. It took me so many months to understand what he really meant. I thought of this every day. Now I get it. I destroyed him. I loved him so much. But this was so disrespectful. I‚Äôll never see him again. I‚Äôll never get to love him again. I did such a bad thing. He‚Äôll never care for me. I need to die. I know everyone will convince me no. But I do. I can‚Äôt move on. I can‚Äôt forgive myself. This is the person I love with all of my heart. I would do anything for him. I ruined my one chance with him. I ruined it! We can‚Äôt be together. I miss him so much. There‚Äôs no end to how this hurts. Finally I understand that I deserve it. I don‚Äôt want to stop myself anymore. I can‚Äôt talk to my friends. They‚Äôre so sick of it. I talked to them millions of times. I talk about this every day. I can‚Äôt move on. There‚Äôs nothing anyone can say. I‚Äôm as bad as he said. I‚Äôm everything he said I was. I‚Äôm an biasr. I never understood it before. I biasd him! How could I have done that? How could I not have seen it? How could I not have begged for forgiveness? I hurt him so bad. He wanted to kill himself, it hurt him so bad. I deserve it! To feel like this! I can‚Äôt forgive myself. I can‚Äôt solve this. I can‚Äôt get what I want out of this. He‚Äôs so far moved on. It‚Äôs over, it‚Äôs done, I can‚Äôt get over it. I want him back so badly. I miss him so much. I‚Äôm always going to hurt like this. I‚Äôm already in hell",C6,"The person is experiencing deep remorse and self-hatred due to their actions in a relationship. They express feelings of guilt, regret, and the belief that they are deserving of punishment. This state of extreme self-blame and realization of their own harmful behavior aligns with the Bias or abuse related stressed category.",4.0,"i lied and told him i was completely over my ex but i wasn't, i broke up with my ex for him, you cheated on me he said, "
346,4417,"I reached out for help this evening. I was at the end of my rope and talked to a crisis line that basically told me to take a walk and do a puzzle to take my mind off things. Clearly the person on the other line has never been suicidal because shit doesn‚Äôt work that way. I was honest. Said I wanted to end my life tonight. I‚Äôm not doing a fucking puzzle. 

Bye, all.

Edit: [update](https://www.reddit.com/r/SuicideWatch/comments/fdv8dq/i_attempted_last_night_and_lived/?utm_source=share&amp;utm_medium=ios_app&amp;utm_name=iossmf) 

Thanks, all.",C5,"The person's feeling of being at the end of their rope, reaching out for help, and the negative response from the crisis line indicates a sense of alienation and disconnect from those around them. The lack of understanding and support they received in a moment of crisis highlights feelings of alienation and isolation, which are common sources of stress for individuals.",0.0,
347,4418,I feel so bad I really got my hopes up today then nothing happened I'm in love with this girl. She's in love with someone else. All I wanna do is die. I'm crying right now.,C4,"The premise suggests deep emotional pain and heartbreak due to unrequited love. This kind of relationship-related stress can have a significant negative impact on a person's mental state, leading to feelings of sadness, hopelessness, and even thoughts of self-harm.",4.0,"i love with this girl but she's in love with someone else, i am crying right now, feel so bad"
348,4419,1130pm sharp tell me some things to do so I dont spend my last hours sobbing in my room,C4,"The use of the word 'sobbing' indicates emotional distress related to relationships, which suggests that the person is experiencing relationship-related stress.",0.0,
349,4420,"All day I just want to die, but I'm to lazy to even die. The only thing that makes me live and fell alive is a friend of mine. She is the best womam I've ever seen, I love her so much that I can't explain...

I love her so much that I can't even think in death and I wouldn't forgive myself for making her cry.",C4,The person seems to be experiencing relationship-related stress as their feelings towards their friend are a source of both joy and pressure. The fear of causing their friend pain or sadness seems to be a major factor preventing them from considering their own struggles further.,1.0,"i just wana die, i am lazy to even die, "
350,4421,"Every morning I wake up, REALLY wishing I didn't wake up. Everyday honestly feels SO difficult to get through to the point where I have almost no energy any longer. I cannot find pleasure in anything and the idea of having to do this any longer really makes me lose it. I am so scared to end my own life because I'm worried it won't work and I'll turn out even worse than I already am. I can't handle the loneliness, the isolation, the constant DEMAND to work day in and day out and make money just to pay bills just to feel this fucking awful all day long. No one truly cares about me and they only want to keep me here for their own selfish reasons. Why can't assisted suicide for mental health be legal? I have called crisis line multiple times daily recently and I'm just ready to overdose on fentanyl. 

&amp;#x200B;

I don't know, I just needed to vent. I am scared to do it but I just want everything to be done and over. I just want to sleep peacefully, forever. Please ... I'm begging just make it all stop and put me out of my misery. I can't take it any longer.",C5,"The person expresses feelings of extreme loneliness, isolation, and a sense of being unappreciated by others, indicating a deep sense of alienation. They find no pleasure in anything, have low energy levels, and feel overwhelmed by the demands of daily life. These feelings of alienation and despair contribute to their desire to end their life as a means of escaping from the constant suffering. The mention of feeling like nobody truly cares about them further reinforces the sense of alienation and disconnect from others.",5.0,"i wake up and really wishing i didn't wake up, i can't handle loneliness, the isolation, the constant dmands to work"
351,4422,"Firstly English is not my first language it my third actually so if there an error no it not because it my third language I‚Äôm just dumb 

Anyway I‚Äôm here to say well u people already seen it all in this sub or if u been around depression a lot stuff like what the point of living ? Why can‚Äôt I find happiness ? Why should I endure the pain the pain of living in this society the pain of living in a shitty family the pain of life itself think about it we come in to this world bloody and crying is it a way for baby begging not to be born? If u believe in incarnation it actually make sense right? I just been thinking a lot 

The sad truth is half of the people on this sub that giving advice to people who about to give up is just on the high of depression right now what I mean is u like all of us here been dealing with depression and maybe u getting better or u think this time it ganna be different maybe this is last time I‚Äôm feeling better right 
I‚Äôm in the high right now I see hope!!! well here the sad truth all of u ganna RELAPSE like everytime some of u notice it and try to stop the depression some of u don‚Äôt and go down to the devil we called depression even deeper it just a constant battle it just kinda funny to me that people giving advice in a few months they be here waiting for advice cos they relapse

All of this is my final thought this will just get lost in thousands of post here I‚Äôm about to turn 20 in a few months ganna do it before 20 I will plan it precisely and as perfect as possible the place to do it the material cut off all my connections deleted all my social media burn my phone and ID be on drug or heavily on alcohol to make my body weaker to fight my survival instinct that will get in the way I watch countless suicide video fail to learn the mistake they make so I will not fail 

Good luck to all the lost souls I hope u find peace my final massage to this wonderful platform reddit and thank u this sub for a place to write my final thoughts",C5,"The language barrier and feeling of not being understood or accepted due to being a non-native English speaker can contribute to feelings of alienation. The content of the message also reflects a sense of deep isolation and hopelessness, with a focus on themes related to the pain of living in society, family issues, and a lack of happiness. The individual expresses a belief that they do not belong, and their decision to end their life before turning 20 further suggests feelings of disconnectedness and alienation from the world around them.",1.0,"i am just dumb, living in a shitty family, "
352,4423,"No more suffering no more humiliation no more worrying about the future, too bad im such a coward i wanna die so bad",C5,The language used suggests feelings of alienation and a sense of hopelessness about the future. The mention of cowardice and a desire to die indicates a deep sense of disconnection and distress.,1.0,"no more suffering, no more humiliation, no more worrying, die so bad"
353,4424,"Just as my month long problem was slowly coming to an end and thing's were looking somewhat up for me more stress and worry has been thrown at me.   


After a month of stressing over getting back into my main group of friends who decided some separation would benefit everyone I learn that I was likely not going to be welcomed back...least not by the few members who genuinely didn't like me. My closest friend had a heart to heart with me about it and even though it still hurts losing the only place I felt I could relax and enjoy myself I was starting to let it go now that I knew I didn't have to worry about coming back. Still have some hangups about it all but again it was all getting better.  


Then I dont here from my Girlfriend for 3 days, finally getting a message from her the day after my birthday with her saying she's dealing with stuff and that none of its my fault and that I didnt do anything. She wont talk to me about it whatever it is and I know its bad cause she isn't acting like herself. Part of me is afraid it has to do with me but isn't my fault. I talked with a close friend and I was able to regain some of my reasoning to eventually tell her that until she wants to talk with me I'll leave her be and give her space to think. But it's still a bit disheartening that she doesn't say I love you back...its been 2 insistence and the second time she just said ""You Too"" so maybe she's just distracted by her thoughts and forgot.   


This year has been the saddest year of all for me, I wont say depressing cause I haven't been diagnosed, and I'm just hoping these feelings go away cause I'm not myself and that annoys me to no end. I'm the guy who helps others, talks them through their issues, makes people laugh, makes others happy. I'm not the sad, whimpering, insecure, paranoid guy I'm acting like...  


But thats all I guess I have to say...thank you all for listening.",C4,"The person is experiencing relationship-related stress. The loss of friends in the main group and the uncertainty with their girlfriend's behavior and lack of communication are causing significant distress. The individual's focus on these issues, the feeling of rejection, and the concern about not being welcomed back by friends or not being loved by the partner are indicators of relationship-related stress.",5.0,"more stress and worry has been thrown at me, "
354,4425,"it's my birthday today, i am at one of the lowest mental points i have ever been. can ijust get a few wishes?

compared to past birthdays i've gotten more than i could've hoped for and it means a lot in itself, helps even a little bit, but depression is a relentless parasite and in the closing hours of march third i feel so sad. so lonely. in the context of this subreddit where i feel everyone understands me it means a lot. loneliness reaching to other loneliness. this subreddit understands me at least in what im feeling, the visceral sadness and pain of it all. the way thinking about dying is so painful but just makes you feel more tired, like you just want it to happen. ive cried about this way too much to further put it to words i just want to die man",C5,"The person expresses deep feelings of loneliness, sadness, and a desire to die. They also mention feeling understood in this subreddit, emphasizing a sense of alienation. The mention of relentless depression and the overwhelming sadness point towards a state of alienation-related stress.",1.0,"i am at the lowest mental points i have ever been, so lonely, dying is so painful, feel more tired"
355,4426,"Whenever I run into a friend I always try and be supportive and happy for them if they are doing well. I honestly am happy for them but when I stew over it for a while and just feel bad about my own situation.  I know everyone has there own challenges that I am not seeing, I just get to see the good side of their situation, but I can't help but feel shitty.    

I'm doing ok, but if I didn't have this fucking depression I know I'd be doing better. I can't make progress I've tried to force myself but that seems to just make things worse, I also don't have it that bad so I feel like I'm unrelatable. I also try and be as rational as I can but that doesn't help either it just makes me feel like I'm being sensitive and overreacting.",C5,"The individual in the premise seems to be experiencing feelings of alienation and disconnect. They express a sense of inadequacy and difficulty relating to others' successes, leading to a feeling of being unrelatable. This emotional struggle can be attributed to alienation-related stress, where a person feels isolated and unable to connect with those around them despite genuinely wanting to support others.",5.0,"just feel bad, i can't help but feel shitty, seems to just make things worse, feel like i am unnrelatable"
356,4427,"I told my mom what I have been going through earlier today through text. We live on opposite sides of the country. But, well she called me to scream at me that I wasn‚Äôt depressed and that I‚Äôm faking it. She‚Äôs blocked my number. I‚Äôm told that family will always be there. I guess fucking not. I don‚Äôt know where to go. I think I‚Äôm just gonna give up here I have been cut away from family I don‚Äôt have any friends and I‚Äôm so fucking tired of being alive",C4,"The person expressed feelings of being cut away from their family and being told that they are faking their depression by their mom, which indicates relationship-related stress and lack of support from family members.",4.0,"she blocked my number, i dont have any friends, "
357,4428,I feel so alone and I want to move away and meet new people. I can't stop thinking about it. How do you get things off your mind. I'm not happy with my life and situation. It's not fulfilling...,Alienation related stressed,"The person expresses feelings of loneliness, the desire to move away to meet new people, and the inability to stop thinking about it. This suggests a sense of alienation and disconnect from their current environment, indicating a potential feeling of isolation and lack of fulfillment in their social life.",5.0,"feel so alone, want to move away and meet new peoples, cant stop thinking, not happy with my life and situation"
358,4429,"Every year it seems something goes wrong or I'm alone on my birthday. In my twenties it feels like it's such a mundane thing to be upset over not having a good birthday. But I would just like one day where I can be happy, maybe even celebrate a little, because every other day the pit of self-loathing and misery gets a little bigger. I'd like to be able to spend it with friends that actually care about me, that put in more effort than the people you only hear from once a year when they post an apathetic ""happy birthday"" to your feed. I never realized how much not having friends could affect your mental state until I lost the ones I had. I should be happy today, I should be having fun, but instead I've withdrawn to inattentively watch Hulu while I keep thinking of everything I'd like to be able to share with a friend.",C5,"The person is experiencing alienation related stress. They feel alone, isolated, and disconnected from meaningful relationships, which is impacting their mental state. The longing for genuine connections, the disappointment of superficial interactions, and the desire for true friends highlight feelings of alienation and social isolation.",5.0,"i am alone at my birthday, "
359,4430,"I can feel it taking my breath away, it's all coming back to fucking haunt me. I didn't see it coming, everything's in disarray, this was a sign for you to get your act together but instead you decided to park your ass like a stray.",C4,"The use of profanity and emotional language suggests the person is under relationship-related stress. The mention of feeling haunted, things in disarray, and feeling betrayed indicate a strong emotional response typically associated with relationship issues.",0.0,
360,4431,"This is the 4th time I am asking if there‚Äôs anyone I could talk to, so please forgive me if I am being annoying. But I don‚Äôt know what else to do, I am desperate. Could you give me 5 minutes of your time?
Thanks",Alienation related stressed,"The repeated attempts to find someone to talk to and the feeling of desperation indicate a sense of isolation and alienation, leading to the selected category.",5.0,"i am being annoying, don't kniw what else to do"
361,4432,"I don't even know how to begin this. My life is so pathetic and pointless it's sad. I was sobbing for hours today about what a waste of space I am and I don't even know what to do about it anymore. I sit in my room all day everyday. No job, no hobbies, only one friend that lives a half hour away from me and I don't even drive (pathetic). I want to kill myself, I want this stupid life to end, every single day is the same. I can't even feel positive emotions anymore like happy or excited. All I ever can feel is sad, annoyed, angry, upset, and insecure. I barely even feel empathy. I feel like my brain is wired backwards. I just want, more than anything, for this life to end. The only reason I haven't killed myself yet is because I don't want to hurt those close to me, but everyday I pray and hope that some natural cause takes me out so I don't have to continue. My patience is growing thin though and I just don't see any reason to keep going, I'm seriously considering giving up and my life is so obviously pointless I don't think anyone would blame me.  If anyone read this -- thank you, I'm sorry for taking up your time with my issues.",Alienation related stressed,"The individual expresses feelings of isolation, lack of purpose, and disconnection from others. They mention having only one friend who lives far away, not driving, and feeling like a waste of space. These factors contribute to a sense of alienation and detachment from society, leading to the overwhelming feelings of sadness, hopelessness, and a desire for life to end.",5.0,"my life is so pathetic and pointless it's sad, i shit in my room all day, no job, no hobbies, only one friend that lives a half hour away from me"
362,4433,my school went and fired the two ELSA therapists because apparently they are ‚Äòredundant‚Äô the school made up so many lies about them not helping anyone and that they were basically useless. i was on track to feeling better with my sessions with one of them but now they got fired and ive fallen back down the deep depression and self harm hole again i also have social anxiety and dont feel confident to see the therapist outside of school and i don‚Äôt feel confident talking to my parents. the lady I saw i had known since getting there and i felt comfortable talking to her and now i have no one. i honestly give up with school entirely as if your not feeling very mentally well today and put your head down off u pop for a lovely 24 hour vacation in solitary confinement the ‚Äòlearning hub‚Äô fuck this shit,C5,"The person expresses feelings of alienation and disconnection resulting from the sudden removal of trusted ELSA therapists in their school. The individual had built a level of comfort and trust with one of the therapists, and the abrupt loss of this support system has intensified feelings of deep depression and self-harm. The mention of social anxiety and lack of confidence in seeking help from alternative sources indicates a sense of isolation and alienation. The individual's frustration and disillusionment with the school system further accentuate the theme of alienation, leading to a feeling of giving up entirely.",5.0,"school made me so many lies about them not helping anyone, i also have social anxiety and dont feel confident to see the therapist"
363,4434,All I ever want to do nowadays is just sleep yet it would seem that I am a failure at even that,C1,"The person expressing a desire to sleep constantly and feeling like a failure even at that suggests a sense of exhaustion and self-criticism, indicating a possible state of mental exhaustion or burnout in their current situation.",,
364,4435,"So after ages I finally asked my Crush (and one of my best friends) out on a date. And she said yes.This made me the fking happiest i've bin in forever. After 2 months of dating I realized that we were taking it very slowly. I thought it was fine, good things need their time to blossom.   
After another 2 months I realized that i was suffering under these circumstances and that it was really hard for me not knowing if she still liked me back. Yes we kissed and yes she initiated it once but two weeks ago this happened:

After one of the best nights i ever had, we were talking in the car and I just asked if everything was alright with ""us"". After a moment of silence I dreaded her answer and then she startet trying to say something. She tried and tried again and again until she finally said: "" I am in love with someone else... And the thing is it's not another male.""This has been really hard on me. I don't think she's a Lesbian but i, felt how insecure she was about her own sexuallity and that she was sooo afraid that people would not accept her anymore. Now i am stuck in a wierd af situation. I still really love her and I feel like giving up on ""us"" isn't even an option. She has been one of my best friend in ages and I dont want to loose her. But i dont know if its healthy for me if we keep on seeing each other or hanging out. I mean i've been kinda depressed for a while now, the bad feelings and thought come and go.

I'm also worried that if I distance myself from her that it would intensify her insecurites.

If she were in love with another guy i'd probalby stop seeing her tho, wouldn't I? Or at least I should, shouldn't I?

I told her that we have to talk and we are going to meet on Sunday. I just dont know what i want to tell her. That I love her? That we are done? That we are cool and that she should sort her stuff out?That she's a bitch for dating me for months with no intention of being in a relationship? I have pretty bad moodswings and don't know what I really feel.  
I just know that things can't stay the same as they are now.

This shit has been really hard on me.I mean seriously I think about her ALL THE TIME. Everything reminds me of the awsome times we had and now I cant even watch lebian Pron without being blue.Thanks for reading...",C4,"The person who wrote the premise is experiencing relationship-related stress. The situation with their crush and best friend has caused them intense emotional turmoil, leading to feelings of sadness, confusion, and insecurity. The revelation that the crush is in love with someone else, especially someone of the same gender, has created a complex and difficult situation for the writer. They are torn between their love for their friend and the pain of realizing that their romantic feelings may not be reciprocated. This internal conflict is further exacerbated by concerns about their own mental health, mood swings, and the fear of losing a valuable friendship. The writer is struggling to navigate their emotions and decide how to proceed in the midst of this challenging and heartbreaking situation.",4.0,"she still like me back, and i am sufferring under this circumstances, fianlly she said she is in love with someone else and the thing is it's not another male"
365,4436,"I‚Äôm usually ok now but still hate myself too often, fantasize about death in detailed ways. Anyone else",C3,"The mention of hating oneself and fantasizing about death in detailed ways indicates a mental state related to medication stress, possibly suggesting the presence of underlying mental health issues that may require professional help.",,
366,4437,"what should I do in the meantime? I thought about planting flowers and hanging out with friends. also will try to make a comics. 

btw don't suggest getting help, i already go to the therapist and take AD, I just can't handle my life anymore. school has been very hard for me, I constantly feel tired, my marks got worse, I lost all motivation to keep going. there are more reason but I don't feel like sharing.

who knows, maybe in a couple of months I will feel better?  thanks in advance!! üíñ",C3,"The mention of going to a therapist and taking antidepressants ('AD') indicates medication-related stress. The individual is struggling to handle life, experiencing difficulties in school such as feeling tired and worsening grades, and has lost motivation to continue. These are common signs of medication-related stress, where despite seeking help and being on medication, the individual is still facing overwhelming emotional and mental challenges.",2.0,"school has been very hard for me, i lost all motivation to keep going, my marks got worse"
367,4438,"I‚Äôm unworthy, I hate myself, I hate life, nobody fucking cares, fuck the human race, fuck whatever any of this is.",C5,"The person is expressing feelings of alienation and disconnection from society and life in general, which indicates a state of alienation-related stress.",5.0,"i am unwoethy, i hate myself, i hate my l,ife, nobody cares, "
368,4439,"I tried yesterday and failed.... 
Life is a long journey but i dont think im strong enough to keep going. Everything hurts and i havent been able to think clearly for days... i feel so alone 

Will thinks be alright?",C5,"The person seems to be expressing feelings of alienation, loneliness, and emotional distress. They mention feeling alone, not being strong enough, and struggling to think clearly. These feelings suggest a sense of disconnection from others and society, which falls under the category of alienation related stress.",5.0,"feel alone, i tried but failed, everything hurts, "
369,4440,"Life is really hard even tho my life is relatively good for now but I am not happy. Everyday I question why I‚Äôm in college hating every second of it. To work for the rest of my life? For what? Why am I so lazy and unmotivated. My least favorite thing about college is the PEOPLE. I just want to stay inside.

I had to skip therapy this week because I have too much pointless school work to do. 

I‚Äôm lucky to even have therapy but I won‚Äôt anymore when I turn 25. I am 23 now.",C5,"The person expresses feelings of alienation and isolation, as indicated by their dissatisfaction with their current life despite having relatively good circumstances, their disconnection with college, and their negative feelings towards people. Additionally, the mention of skipping therapy due to school work reflects a sense of being overwhelmed by daily tasks, leading to a further sense of alienation and detachment from their own well-being.",2.0,"why i am in the college hating every second, i am so lazy and unmotivated, i have to much pointless school work to do"
370,4441,"I have no desire to spend the next 50+ years working every day being miserable and spending my free time in misery.

Have tried therapy, been to treatment centers, almost all the anti depressants. Those work briefly. But I always go back to the miserable baseline.

I have been nothing but a financial drain on my family who still for some reason love the shit out of me. I sometimes wish they didn't so I can just die with no guilt.

Dad is about to shell out 4 grand on ketamine treatment and when that doesn't work I don't know what I'm gonna do.

I really really hope I'm wrong and this is the thing that will work.

Thanks for letting me vent.",C3,"The person's mention of trying therapy, treatment centers, and various anti-depressants suggests a long-standing struggle with mental health issues. The fact that these treatments only provide temporary relief and they always go back to feeling miserable indicates a significant level of medication-related stress. The mention of upcoming ketamine treatment further highlights the reliance on medications for improvement, emphasizing the frustration and hopelessness associated with the lack of effective treatment options.",,
371,4442,"I had a bad childhood growing up. My parents were addicts and all they cared about was their addiction, so I grew up pretty much being raised and cared for by my brother and my grandmother. I've suffered through child bias, sexual assault, and a hefty handful of mental illness throughout my life, and I'm just so tired of negativity. I struggled throughout my childhood with the hope that things would be better when I became an adult and got away from that lifestyle, but it's not. It feels like the whole damn world is just as hateful and cruel and nasty as my childhood was. How do you wake up in the morning and continue to go on when you haven't a hope in the world things are ever going to ""get better""? How do you wake up and brave the bullsh** of life when everywhere you look you see nothing but hate? Whenever I try to talk about it, I'm greeted with ""that's life"" or ""welcome to adulthood"" and I'm tired of it already. I'm tired of ""tough love"". I just can't wrap my mind around how so many people can be so hateful towards each other. People killing each other left and right, hating each other for the color of their skin, for the way they dress, the people they love, and the higher powers they choose to believe in. I just don't understand it all. My heart aches. I feel like a sad, lonely little girl who started running through a dark tunnel towards the light only to be greeted with a punch to the gut and a spit in the face when coming out the other end. I'll wake up every morning and live my life still, I'll go to work and do my job, make my money and pay my bills, but the light died in me a long time ago. I just hope the embers still burn and I'll find my spark again someday, but until then, existing will have to do.",C5,"The person's narrative reflects feelings of alienation and a sense of disconnection from the world. They express a profound sense of loneliness, despair, and disillusionment with life and society. The individual feels like an outsider, unable to relate to the hate and cruelty present in the world around them. They mention struggles with past traumas and mental illness, which have likely contributed to their feelings of alienation. The recurring theme of feeling lost and lacking hope for a better future aligns with the symptoms of alienation-related stress.",4.0,"my parents were adicted and all they cared about was their addiction, i cared for my brother and grandmother, i had bad childhood growing up, "
372,4443,"He says you have a good life, he just wouldn't understand my pain or what I am going through. He thinks I overreact. He doesn't know how much I want to shut so badly the thoughts in my head when they tell me to go the bridge next to me and just end it all.",C5,"The person is feeling alienated and isolated, expressing a sense of disconnection from others and a feeling of being misunderstood. They are struggling with inner thoughts that seem to push them towards self-harm, indicating a deep sense of loneliness and hopelessness.",0.0,
373,4444,"First of all if I get a fucking comment on my grammer I'm gonna cry I dont care about my grammer rn I just wanna fucking vent

I'm suicidal as fuck and all I can think about is killing myself I'm not fucking okay and I just want slmw fucking help but I'm too much of a pussy to fucking say anything cause god I fucking hate myself so much I wanna fucking die already but I dont actually wanna die I just dont wanna feel like this or live like this I wanna be fucking happy and in a good comfortable place in life fucking fuck dude is that so fucking hard",C6,"The person is using strong language, expressing self-hatred, and feeling overwhelmed. The focus on receiving negative comments about their grammar seems to indicate a sensitivity to criticism and potential past experiences of abuse or bias related to their writing or communication skills.",5.0,"i hate myself so much, i wanna die, i am not okay"
374,4445,Please ffs please i need some kind of drug to fix this shit,C3,"The use of language like 'drug' and the sense of urgency expressed suggest a focus on medication as a solution, indicating medication-related stress.",3.0,please i need some kind of drug
375,4447,"Hey Reddit. I‚Äôve been debating posting on here for a while but I‚Äôm having more suicidal thoughts than ever before and I just need to get this all of my chest. I‚Äôm 32, male. I have an amazing girlfriend who is way out of my league and a fun job I enjoy and yet, here I am. 

Despite having some really good parts of my life, I‚Äôm slammed by thoughts of being worthless and just living a pointless existence. I‚Äôm in debt up to my eyeballs and my credit is trashed. I feel like despite getting a $15,000 raise at work, I‚Äôm still nowhere near where I want to be at this point in my life. I feel like I have no tangible future and am just waiting to die one day. In the past 4 years I‚Äôve lost my father and my grandmother, two of the most influential people in my life. I‚Äôm in the process of moving but am having a difficult time finding good apartments because of my credit so Ive been forced to stay with my mom until I‚Äôm settled. I travel for my job and my car is falling apart but I don‚Äôt have good replacement options again because of the credit issue. I‚Äôm ridden with anxiety about everything and fear of future issues prevents me from enjoying the now. To top it all off, I was visiting my girlfriend this weekend who lives a few hours away from me and I severely inured my knee and I can‚Äôt walk. I have to find a surgeon and probably have an operation and she wants to take care of me hand and foot but it just makes me feel like I‚Äôm a giant burden. She‚Äôs so amazing and I feel like I don‚Äôt offer anything financially and am just a 32 dependent who, as of right now can barely make it to the bathroom because of this damn leg. 

I am an atheist. I don‚Äôt believe in any form of an afterlife as I just can‚Äôt accept something with no evidence. I firmly believe in my heart that my grandmother and father are gone. Aside from their graves nothing remains of them and they are not in another realm enjoying themselves. All that exists for then is the black void of nothingness. And despite so many rays of sunshine in my dark life, I feel so envious of them. To not have to feel this anxiety and pain anymore is such an appealing feeling to me. This world is such a terrible place where ignorance and hate have run so rampant and people take such joy in hurting their fellow man. What future can society have with a foundation like this? I find myself thinking about ending everything on a near daily basis. I see lots of redditors posting here about how they are excited for some kind of afterlife because they can‚Äôt accept that this is the best we can do. But for me, an absence of anything would be as good as the existence of a heaven. 

I feel better having laid all this out in text but I still find myself objectively weighing the pros and cons of ending my life. So I don‚Äôt know what I was hoping for by posting this. Maybe I need someone to talk me off the ledge... who knows. But in all honestly, leaping from the ledge looks better and bettter with each passing minute...",C1,"The person who wrote the premise is experiencing a significant amount of distress and mental turmoil, feeling overwhelmed by various challenges and losses in their life. Despite having positive aspects such as an amazing girlfriend and a job they enjoy, they are struggling with feelings of worthlessness, hopelessness, anxiety, and overwhelming grief from the recent losses of their father and grandmother. These intense emotions and thoughts of suicide may indicate a mental health crisis rather than being specifically related to a particular stressor like job, medication, relationship, alienation, bias, or abuse. The individual may benefit from seeking professional help and support during this difficult time.",2.0,"lost my father and my grandmother, still staty with my mom, i travel for my jobi have to find surgeon and probably burden"
376,4448,Next week. Hopefully I don't survive,C5,"The statement suggests a feeling of alienation or disconnection from life, expressing a lack of hope for the future.",0.0,
377,4449,"i don‚Äôt care how others would feel about it anymore. don‚Äôt have any motivation to move forward at all. i feel hated. don‚Äôt feel like anyone loves me. don‚Äôt feel like anyone cares. i already hate myself. 14 and have little to no friends. i want people to talk to me, they know i want them to, but they just keep me away like i‚Äôm a nuisance. i probably am one. i mean.... i am one to myself. sooner or later imma be gone and i‚Äôll be fucking happy. a 14 year old girl with nothing to live forüôÉ. great.",C5,"The person is expressing feelings of alienation, loneliness, self-hatred, and hopelessness. They feel disconnected from others, unloved, and unwanted, which are common signs of alienation-related stress.",5.0,"i don't care how other would feel about it anymore, don't have any motivation to move forward at all, i already hate myself, have no friends"
378,4450,"I'm nearly 23 years old. My father abandoned our family when I was 14. He was my best friend at the time... I haven't seen him in 6 years. This void made me become extremely close to my few friends. My clinginess reached a point where they got fed up from me and my anxiety and paranoia, that I've now lost my closest friends. I used to reach out to them for help, but it reached a point where everything was on their shoulders and they couldn't handle it anymore, so they distanced themselves with time.  
I used to be more fit and more attractive, but my life has taken a downwards spiral. I've gained about 70 lbs and my self-consciousness eats me up on the inside. My anxiety is through the roof and I have no motivation to do anything anymore. I'm on anxiety meds but truly think I should be on anti-depressants. I am now failing out of school and I don't have the heart to tell my mother. It will break her, but also I know that once she finds out, my life will probably turn into more of a hell, as she's always had extremely high standards for me. 

I'm still a virgin. I've never had a girlfriend. I was seeing this girl when I was 17, but that was about it. And that was at my peak attractiveness. It is now laughable how unattractive I am. People will literally laugh at me because of my appearance. My self-confidence is inexistent. I get anxiety attacks when people just look at me because I think that they are judging me on how I look. I can't deal with this anymore.

I moved away from my hometown 3 years ago for university. I haven't made a single new friend. I live alone. I literally don't use my voice anymore because I have no one to talk to. It reaches the point where I talk to myself because I'm scared that if I go without talking for so long that I will lose my voice. The only time I used to use my voice was while playing video-games online, it was the only thing that brought me a bit of joy. But my console broke, and I can't afford to fix it.

I have no ambitions. I don't know what I want to do in life. Everyone around me seems to have it figured out. Meanwhile, I'm a loser that is eating his life away. The only future I envision having is honestly the one where I throw myself off of my apartment building. I think about just ending it all the time. 

I feel alone in this world, and I don't have the motivation nor the self-confidence to do anything about it. The only people that may care about me are the couple family members I have, but I have put them under so much shit for all of the stuff I've done in the past that they are fed up with me. I want to kill myself, I just want to fall asleep and never wake up.",C4,"The person exhibits deep emotional distress and feelings of rejection stemming from their father abandoning the family at a young age, which has led to issues forming and maintaining relationships. This is further exacerbated by the loss of their closest friends due to their anxiety and clinginess. The individual's self-esteem and self-confidence have been greatly affected, particularly in relation to their appearance and lack of romantic relationships, causing them to feel isolated and alienated. The desire to end their life suggests a profound sense of hopelessness and despair related to their relationships and emotional well-being.",4.0,"my father abandoned our family when i was 14, my clinginess reached a point where they got fed up from me, i have now lost my closest friends, i have no motivation to do anything anymore, i never had a girlfriend"
379,4452,"For the record, I'm not trying to feel sorry for myself or try to gather sympathy but I'm done. All my life I've let people walk all over, I've always put everyone else before myself, and I've gone above beyond for people. I don't know why people don't like me or be around me. I have gone to therapy for years to better myself and always tried to be the best person I can but it didn't work. 

I hate myself so much. I am a burden to my parents, very few people care about me and I am a waste of space to be alive.   I know my parents will be upset but they will get over it quickly because they have my brother who is extremely intelligent, handsome and very well-liked.  My dad will for sure be okay because he had two kids from a previous marriage and one's a doctor about to get engaged and the other owns her marketing agency and is married to a great guy with two beautiful children. I come from a family of overachievers and I have never measured no matter how hard I tried. They are also very attractive people and for some reason, I came out looking so deformed and ugly.  I just feel like there is no point in trying anymore. I screw up all the time, I am a huge loser and very few people like me. It's better  I do this now than waste another 25 years alone. 

When I'm gone I will disappear into the background and it will be as if I was never here. I tried to fight for so long but I'm done!",C5,"The person who wrote the premise is expressing feelings of alienation, loneliness, and worthlessness. They feel like an outsider in their own family, comparing themselves negatively to their accomplished siblings and feeling unattractive. They feel like they have always been overlooked and that very few people care about them. These thoughts are indicative of alienation-related stress, where the person feels disconnected from others and society, leading to a sense of isolation and despair.",5.0,"i am not trying to feel sorry for myself, i hate myself so much, i am a burden to my parents, i am a huge loser"
380,4453,"My mom is literary the only person in the world who truly cares about me. For everyone else, I pretty much just exist in the background, or people just use me. I have had periods of intense depression in my life and there have been so many times when I‚Äôve contemplated self harm, but never dared to actually take action just because I thought about how much my mom loves me and how sad she would be if I hurt myself. She has done so much for me, &amp; I don‚Äôt think I could ever be half as good a mom as she was. When I was in the hospital for pretty much a whole year in tremendous pain, I never even had 1 visitor, but I didn‚Äôt really care that my friends didn‚Äôt visit me for a year, because she never left me and that was more than enough.  

The past month or so, she‚Äôs been suffering with her own health issues, which have now grown so severe the doctors are almost positive it‚Äôs cancer or ALS. I‚Äôm trying to keep my hopes up that this is just some kind of short term problem, but every day it worsens, the more I can‚Äôt stop myself from thinking about the possibility of life without her. And that‚Äôs a thought that I cannot bear. Life would be pointless and I would truly be all on my own. I want nothing more than to be able to take away her pain.",C5,"The person expresses feelings of alienation and a sense of loneliness in their relationships with others, except for their mother. They feel disconnected and used by people around them, highlighting a lack of meaningful connections in their life outside of their mother. The extreme fear and distress caused by the thought of losing their mother demonstrate a deep emotional dependency on her for support and love, further emphasizing their sense of alienation and isolation from others.",4.0,"my mom is literary the only person in the world who truly cares about me, mom loves me and how sad she would be, "
381,4454,"Is it just me or does the world seem to be fucked ever since 2012. I wish the world ended in 2012 so I wouldn't have to deal with all the bullshit that I have been through. 

I'm currently in debt by like $25000, I work a full time job that is dependent on weather and the sea. My job pays well through winter but once summer hits I get paid fuck all. When I fall fully into a depressive/dilussional state of mind. My brain races at 100 miles an hour at all times, every little thing I over analyse. I have seen my only friend go through drug addiction and drug related psychosis. I have seen how life can shit all over you. 

My depression started at an early age because of bullying and lack of friends. Except the one in my life currently, you can't destroy our relationship. I feel like my depression really kicked in when I was around 15 or 16. My friend moved away to another city and I was left all alone. At the time bullying got worse and I made a few acquaintances but no real close friends. When I was 17 I dropped out of school and moved out of my family home. I started to have panic attacks in the shower and that was when I turned to drugs to numb the pain. Xanax was my go to for sedation as I could fight the effects somehow I loved that. Iv been a daily cannabis smoker for most of the time since I was 16 except the times I ran out and couldn't get anymore. I have done lots of psychedelics (u could call me a psychonaut) any sort of alternate reality really. Cannabis helps motivate me to stuff. 

I'm currently 19, still a virgin and struggling with financial situations. I  only just earn enough money every week to cover my bills so I never really buy anything for myself except weed. I can never seem to get ahead of my depression. It's like it just keeps dragging me down. When I'm really depressed I choose to sleep most of the day as sleeping is the only place where I can shut the fuck up. (I have lucid dreams all the time). 

If you actually read this good on you, I'm fucking done with life.",C5,"The person's mental state seems to be largely influenced by feelings of alienation and isolation. They mention feeling left alone at an early age due to bullying, lack of friends, and their only friend moving away. They also express a sense of disconnect from the world since 2012 and feeling like life has been shitting all over them. The person's reliance on drugs and psychedelics to cope with their emotions and their struggles with forming close relationships further indicate a deep sense of alienation. The constant overanalysis of every little thing and the need to numb the pain through substances also suggest a sense of detachment from reality and a desire to escape from their current circumstances.",1.0,"lack of friends, i was left all alone, i turned to drugs to numb the pain, i have been a daily cannabis smoker"
382,4455,emptypost,C5,"The premise 'emptypost' suggests a feeling of alienation or detachment. The term 'emptypost' might indicate a sense of emptiness or lack of connection, which are common feelings experienced in alienation related stress.",0.0,
383,4456,"I'm almost 31 and a nurse. I own my own home in a capital city in Australia and have roughly 2/3 of the mortgage paid off. Despite these successes, I feel like a failure. I've pretty much lived my whole adult life in a way that is completely inauthentic to how I really feel inside. It's like I haven't let myself free in any way.

I always wanted to be a translator of Japanese, but I chose nursing because it was much more stable and I lacked confidence. In my early 20s I had an ED and I let guys use me for sex (I've only slept with 4 people but looking back I don't think I wanted to sleep with any of them). I used to have a nice slim figure but I've put on a few pounds from binge eating (not fat) and I'm working on losing it. I have pretty much no friends and don't really socialise outside work. I can't drive. I haven't had sex since I was 24. I've never had what you would call a proper, grown-up relationship.

I am thinking about learning a language in the hopes of changing career, but I feel like a total loser. Being 31, I feel like I'm 'over the hill' and there's no chance for me to become proficient in a skill or to succeed. I feel like no-one cares what I do, I could literally just live in my house with my cats getting fatter and fatter until I died. I seem to be obsessing over a guy who used me pretty badly at university who got married to a ballet dancer recently. I keep thinking, there's a quality woman, she's so talented, I'll never be talented like that. What's the point?

Basically I am in an anxious spiral...can anyone snap me out of this depressed thinking? I know I sound really pathetic and self-pitying, and that's because I am.",C5,"The individual expresses feelings of alienation, lack of authenticity, and a sense of not fitting in with their current life choices and circumstances. They feel disconnected from their true desires and aspirations, which contributes to their distress. The mention of feeling like a failure despite external successes and the desire to make a significant career change towards something they are truly passionate about reflects a sense of alienation from their current life path. This alienation is impacting their mental state and contributing to feelings of depression and hopelessness.",5.0,"i feel like failure, lack of confidence, i haven't had sex since i was 24, feelmlike a total loser"
384,4457,"I cant stand it, I dont wanna kill myself I just really hope and pray that a car runs me the fuck over or some ribs me at gunpoint so i can ask them to just fucking shoot me. And my mother doesn't seem to get that, shes pulling the ""your depressed, I know I was depressed, I know what your going through"". Sue doesn't get it... I'm not depressed I'm fucking suicidal and I find it so god damn hard to find a singular reason to keep living in this world. I lost my job because I have no will or motivation to go to sleep or get up when I finally do. I lost my job because of this.",C6,"The person is expressing suicidal thoughts and frustration towards their mother's lack of understanding, indicating potential bias or abuse related stressors.",2.0,"i lost my job because i have no will or motivation to go to sleep, i lost my job because of this"
385,4458,"Late night bread and milk is keeping me up until the late night shiw ends. But there's a fucken police standoff on the television but it looks like theyre going to apprehend the suspect. Im lost. Living alone in this world. Insanity is ky healing force. My aunt from vegas is over. And all my other aunts are in converstaion with her fir hours.. and hours... 

Like how can you do it? How can I do it if I only talk about me. Im 26. And to be this held back is no joke. Sometimes I wish I would have dies when I dropped acid or inhaled party ballons...",C5,"The person is expressing feelings of alienation and isolation, mentioning living alone, feeling lost, and experiencing a sense of disconnect from others. These thoughts of being held back and not being able to talk about oneself suggest a deeper sense of alienation from societal norms and expectations. The mention of wishing for potential harm indicates a feeling of not belonging or finding solace in their current situation.",5.0,"i am lost, living alone in this world"
386,4459,I just got better a little bit and now i drinking and crying nonstop what should i do beside cutting myself or drinking alcohol?,C3,The mention of getting better a little bit and the need for alternative coping mechanisms other than cutting oneself or drinking alcohol suggests a need for medication-related support and potential distress related to mental health issues.,3.0,"i drinking and crying nonstop, i do cutting myself or drinking alcohol"
387,4460,"I haven't any hope but medications... So if it don't work, there's nothing that can help me because I already tried everything for getting better and I'm tired of being alive...",C3,"The person expresses hopelessness and reliance on medications to feel better. They mention trying everything to improve their mental state and feeling tired of being alive, indicating a significant level of stress and desperation related to medication usage.",0.0,
388,4461,"I don't know how can I explain what I'mfeeling rn. All i know is just im all alone in this life. Im useless. No matter how hard i try, im always just not good enough. Not a good friend. Not a good daughter.not a good person. Just sucks that no one wants and needs ur presence. Just want to disappear",C5,"The premise indicates signs of alienation related stress, with feelings of being alone, useless, not good enough, and unwanted. The person expresses a deep sense of disconnection and isolation from others, which is characteristic of alienation related stress.",5.0,"i am all alone, i am iseless, i am always just not good enough, not a good friends, not a good daughter, not a good person, "
389,4463,"It‚Äôs over I can‚Äôt believe it I never thought I‚Äôd get this. driving to a quiet park and I‚Äôm gonna call the cops before I do it. So I won‚Äôt be to smelly to come clean it up. I‚Äôm lining the car with garbage bags. I‚Äôm sorry for anyone that has to suffer here on this earth in your body when it is the thing you resent most. I hope you find peace I will soon. Maybe you‚Äôll hear about me in the news I‚Äôm from PA not much information. But just a hint I guess. 

Thank you good luck and goodbye see ya on the other side.",C6,"The language and content of the premise indicate a serious mental health crisis with thoughts of self-harm or harm towards others. The mention of calling the cops and using garbage bags in the car suggest a disturbed state of mind. This falls under the category of bias or abuse related stress, as the individual may be experiencing intense emotional turmoil and negative perceptions about themselves or the world.",5.0,"i can't believe it i never thought i did get this, suffer here on this earth"
390,4464,"I think I have depression for over a year and recently I got a little better (I still have suicidal thoughts and still pessimistic often but I feel like I'm slightly better) but today I'm feeling something different. I usually feel a little of sadness mixed with numbness or numbness only but rn I can't explain what I'm feeling. I don't think there's something on my mind making me worried, I'm just feeling weird inside and I can't pinpoint what's the problem. Maybe my subconscious is stressed because of all the bad times and feelings I've been coping with all that time and I'm feeling the effects now? Or it's just a temporary feeling? Who knows? Have you ever experienced this?

Forgot to mention but today I had a lot of emotional changes. I felt like this a few times earlier today (for no reason, again) and now it came back",C3,"The person's description of having depression for over a year, experiencing suicidal thoughts, feeling pessimistic often, and mentioning a mix of numbness and sadness indicate a serious mental health condition. The mention of feeling slightly better recently, but still having suicidal thoughts and feeling weird inside without a clear reason, suggests ongoing struggles despite some improvement. The uncertainty about the cause of their current feelings and the speculation about subconscious stress due to past bad times and feelings also point towards a deep-rooted emotional and psychological distress, which aligns with the complexities often associated with medication-related stress in managing conditions like depression.",5.0,"i usually feel a little of sadness mixed with numbness, i had lot of emotional changes"
391,4465,"I've had depression for as long as I can remember and I can't make any lasting friendships, let alone date anyone. My severe acne gives me really bad anxiety and makes me undesirable and I've tried getting rid of it but nothing works. I've been in stationary therapy for half a year after a suicide attempt. For a while everything was fine, I got a voluntary job in child care and felt like I had a purpose but now, 2 Months in, I am a raging alcoholic and feel like dying again. I feel like everyone hates me and I don't know why. I don't know if I am really insecure or suffering from a mental illness. I really need help but don't know how to get it because I am too scared to reach out.",C5,"The person is expressing feelings of alienation, loneliness, and lack of connection with others. They feel undesirable and unworthy due to their acne and struggle to make lasting friendships or relationships. They also mention feeling like everyone hates them, indicating a sense of isolation. These feelings of alienation and lack of belonging are prominent throughout the statement, suggesting a deep sense of disconnection from society.",3.0,"i am really insecure or suffering from a mental illness, let alone date anyone, really bad anxiety and makes me undesirable"
392,4466,"I just need to vent. I‚Äôm moving in a month and do not have the energy to pack and plan for movers and everything. I also went through a breakup 3 months ago and my ex still has things he needs to get from my apartment, but he keeps pushing back when he‚Äôs coming and it‚Äôs causing me so much anxiety. Our break up was amicable but he has no respect for my time now and I resent him for it. Also found out yesterday he hit up one of my friends, presumably to hook up. I‚Äôm just questioning if literally any part of our 3 year relationship was real or genuine at all. 

I just feel so alone and overwhelmed and cannot focus on anything I need to right now. I feel like no one cares about me.",C4,"The person is experiencing relationship-related stress due to the recent breakup, the unresolved issues with the ex-partner regarding belongings, and feelings of betrayal with the potential hook-up of the ex-partner with a friend. These factors are causing feelings of loneliness, overwhelm, and questioning the authenticity of the past relationship, contributing to the current mental state.",4.0,"want through a breakup 3 months ago, "
393,4467,"Counselor read a few short stories about people wanting/not wanting to do something, then asked if the character was telling the truth or lying. Does anyone know what this is about?",C1,"The person seems to be in a good state, possibly intrigued or curious about the counselor's activity. Wondering about the purpose or meaning behind the exercise.",0.0,
394,4468,"hi :)

as a german native my english is far from being excellent so i dont want to beat around the bush longer than i must:

\- me and my therapist had private if not intimate contact

\- i know where she lives

\- she has b-day today (both of ours and the day we first met are within like 2 weeks)

\- i dont know how to proceed

heres the story (translated all by myself, looking for improvements):

[https://www.wattpad.com/story/215904264-my-therapist-and-me-a-broken-relationship-ran-by](https://www.wattpad.com/story/215904264-my-therapist-and-me-a-broken-relationship-ran-by)",C4,"The writer of the premise is feeling relationship-related stress due to having intimate contact with their therapist, knowing personal information about her, and not being sure how to proceed with the situation. This kind of situation can lead to conflicts of interest, breach of professional ethics, and emotional turmoil, resulting in relationship-related stress.",0.0,
395,4469,"*night 

I thought I was doing ok, despite the fact my entire world has been turned upside down and my heart is broken, but it‚Äôs finally hit me.",C4,The mention of a broken heart and feeling that the world has turned upside down indicates relationship-related stress.,5.0,"mybheart is broken, "
396,4470,My offer to my dream university was just declined. I don't know what i'm going to do now. I was so sure. I'm broken.,C4,"The person's mental state seems to be highly affected by a relationship-related issue. The rejection from their dream university could be seen as a significant blow to their future plans, causing feelings of disappointment, sadness, and uncertainty about their next steps. This emotional reaction indicates a focus on relationships, in this case, the relationship with their academic/career goals and aspirations.",2.0,"i am broken, i was so sure"
397,4471,"Been dealing with depression for a while, but had been progressively getting better. Yesterday my brother committed suicide half the country away and I‚Äôm now on the road up to get him cremated.

Life just throws you curve balls doesn‚Äôt it?",C4,"The reference to struggling with depression and the sudden tragic loss of a family member through suicide suggests that the person is currently experiencing Relationship related stress, particularly due to the profound impact of the loss of their brother.",4.0,my brother committed suicide
398,4472,"It is very frustrating to have the feeling of ""today shall be the day"" and have every single little detail planned out and yet, it is suddenly so hard to execute it. 

So many fucking times I have held the knife over my wrist, had ropes tied to the ceiling and I just couldn't do it. I am not afraid, nor sad. Just.... a walking dead. Though I attempted many times too, but always failed.

I'm not sure how many of you feel the same but I just can't do it maybe because I'm curious to find out if there will be a brand new ending. 

I thought I had my last home cooked meal tonight and was going to end it all now. But ended up getting high off shit again. I wish something good happens for once. 

They all say life gets better... I really, truly don't see it. All these dreams and fantasies of having something good in my life is always destroyed by no other culprit than myself.

Can't wait for myself to be brave enough to end it",C5,"The person is expressing deep feelings of hopelessness, emptiness, and detachment, which are common signs of alienation. They feel disconnected from themselves and their surroundings, mentioning feeling like a 'walking dead' and being unable to execute their plans. The references to self-harm and suicidal thoughts further highlight the sense of alienation and disconnection from life.",5.0,"it is very frustrating, i am curious to find out, "
399,4473,"I don‚Äôt understand how I‚Äôm feeling and all I can describe it as is numbness but it‚Äôs past that point and I‚Äôve felt like this for a long time, I feel like I don‚Äôt belong to this life like it isn‚Äôt for me. I can‚Äôt see myself in any career, my own family my own little life I can‚Äôt see it , I‚Äôm so disconnected from social interaction I don‚Äôt leave my house much and the sad thing is as much as I hate it I don‚Äôt want to change it I have no motivation I‚Äôm so tired to the point I don‚Äôt see a point on living when I‚Äôm so tired I can‚Äôt do daily life like everyone. What is the point to this life? How do you really find happiness I feel nothing I get the occasional anger and I‚Äôm always Irritated but besides that I feel nothing and I hate it I can‚Äôt cry I can‚Äôt laugh I can‚Äôt feel anything",C5,"The person expresses feelings of numbness, disconnection from social interactions, and a deep sense of not belonging to their current life. They mention being disconnected from their career, family, and social life, feeling like it isn't for them. This alienation from various aspects of life and lack of motivation indicate a state of alienation-related stress.",5.0,"feeling numbness, can't see myself in carrer, i am so disconnected from social interaction, i am so tired, i feel nothing, i hate it"
400,4474,"If I get any amount of upvotes or comments o just get super happy, because for once somebody appreciates me

Edit: thanks for giving that award, that made me smile :D",C5,The language used in the premise suggests that the person may be feeling alienated and seeking validation from others in order to feel appreciated.,0.0,
401,4475,"30 days. 


In 30 days, I will know if I failed a class for the 4th time, I'll know if the only thing I've been looking forward to the past year can actually make me happy, and I'll get paid, so I will be able to afford a gun. I'll clean my room, pay my Bill's, and maybe write some notes. I've never felt so prepared for the future.",C4,"The person seems to be experiencing relationship-related stress based on the mention of failing a class multiple times, anticipating happiness from a particular event, and considering purchasing a gun, which can indicate feelings of distress or hopelessness in personal relationships.",2.0,"i failed in a class for the 4th time, "
402,4476,"hi, id like some advice if that‚Äôs possible. i suffer from extreme anxiety due to environmental and emotional stressors. this makes it extremely difficult to physically sit down and complete schoolwork before the deadline. i also miss a lot of classes because i am scared of confrontation.

just yesterday i submitted a late essay assigned a few weeks back that was half assed and didn‚Äôt even meet the page number requirements. this just perpetuates the existing anxiety because now i have to face the teacher tomorrow morning and possibly be questioned about my quality of work. i have a 504 plan but the thought of asking for extensions or additional help makes me feel pathetic.

anxiety + depression + an untreated eating disorder has caused my grades to falter ever since the start of last year . i am a senior in high school and am deathly afraid of being deferred from the colleges that i have been accepted to. the fact that i can‚Äôt keep up with high school work suggests that ill fail at college too

i‚Äôve started becoming suicidal due to this. body dysmorphia makes it difficult just to step outside of my house. i have no friends, i am lonely and comfort myself with food, which i usually throw up after. the only people willing to listen to me are adults who are paid to do so

i fear that other people view me as undisciplined and lazy, or just plain stupid. there is no evidence against these perspectives as i keep all of my mental struggles hidden. in reality i am investing all of my energy just to haul my ass out of bed in the morning and get through the day. my mom works long shifts to sustain me but i as her child have nothing to offer in return- no friends or partners to introduce her to, no academic success or improvement, etc. on top of that she has to schedule all of my psych and therapy appointments which is difficult for her as a parent. she‚Äôd be better off if i weren‚Äôt here to burden her. 

i have a bunch of upcoming psych appointments and have my fingers crossed to be prescribed medicine. maybe i‚Äôd sulk less on some zoloft? but i know this isn‚Äôt a way out at least not a permanent one. 

i am tired and want it all to end. i know better than to end my life over a situation i‚Äôll be out of in a few months but i can‚Äôt stand the thought of dealing with this any longer.",C3,"The individual is experiencing extreme anxiety, depression, an untreated eating disorder, body dysmorphia, and suicidal thoughts. They mention hoping to be prescribed medication like Zoloft and feel that it might help reduce their suffering. The reliance on the potential treatment effects from medication, such as Zoloft, suggests a strong focus on medication-related solutions to alleviate their mental health struggles.",3.0,"suffer from anxiety due to enviromental and emotional stressors, anxiety + depression + an untreated eating disorder has caused my grades to falter, help make me feel pathetic"
403,4477,"don¬¥t agree 

&amp;#x200B;

Spotify account[https://open.spotify.com/user/iy60tufjnk1h2uufwng66lb4e?si=fx7lKbdMSrC6Omrh7myTtA](https://open.spotify.com/user/iy60tufjnk1h2uufwng66lb4e?si=fx7lKbdMSrC6Omrh7myTtA) 

playlist [https://open.spotify.com/playlist/2Yu2ynndFtdS8ki6YjLmDu?si=USIoiZo8QdSX56k1zg\_lwQ](https://open.spotify.com/playlist/2Yu2ynndFtdS8ki6YjLmDu?si=USIoiZo8QdSX56k1zg_lwQ)",C5,"The use of symbols like '¬¥', '&amp;#x200B;', and links to Spotify accounts and playlists in the premise may indicate a sense of alienation or disconnection from others or the current situation.",0.0,
404,4480,"Im not sure if this is the place to post this but here we go. Apologies in advance this is going to be all over the place, im on mobile and im lost. Not real names, this is a throw away etc etc etc.
Okay so im 22 M I guess I've been dealing with depression for about 8 years. I have anxiety , I'm self conscious and I like to believe im more fucked up than I actually am and if it's okay here I'd like to get it off my chest and talk about my life and where I am now to no one in particular.
I was never the popular kid. I was known but never popular. I was the kid that got picked last for sports or games, never got to play soccer with the other kids because I wasnt good enough, wasnt included in tag or hide and go seek, but I pressed on not knowing what the other kids were bullying me. I got to play lego or slap jack, tic tac toe, you name it, I played by myself. I had about 3 or 4 friends for most of primary school (kindergarten-grade 3). Not knowing how to interact with the other kids I was lonely. I didnt realize I was lonely as it was well normal for me. The world was out to get me and I let it, I had no voice. I didnt know how to stand up to myself for fear of hurting the other person for telling them how I felt. I was never taught how to show emotions or how to use them. Interpret them. I know what they look like and how they feel but showing them? Using them? You'd have better luck getting a volcano to spew water. But this is how I was brought up and its what I knew. Life for me was like looking through beer goggles for everyone else it was distorted and I had a fake image of what it was. Because of this I matured faster in other aspects of life. I grasped adult concepts earlier than most and grew into them. Into worrying about what others think of me, always comparing myself to EVERYONE else, not just the best or the people above me but everyone. I felt like everyone hated me and thought I was some annoying kid so I shut myself off from the world. That's the first few years of life. I ran around as a ""happy"" lonely kid. As I grew up and was about 10 or 11 I learned to read people and guess what they were feeling/thinking, how their day was going n shit. I learned to feed off of everyone's emotions around me rather than feeling my own. I essentially shut off my own emotions without realizing it and now I'm struggling with fixing it. I fed off of the kids that were happy and replicated their happiness as my own, I imitated them and copied them to feel included. I grew up like this trying to fill that big empty lonely hole I felt, i buried it deep down and (as a green swamp friend of mine once said) I became an onion, I made layers to try to hide it but nothing seemed to work. (Sorry this post has kinda became a pity party it was not my Intention, fuck it let's continue) the next couple years of my life pretty much continued on like this, building my wall of fake emotions to ""protect"" everyone else from my greatest enemy... myself, I didnt trust myself to not fuck up, didnt trust myself to really connect with anyone. I lied to everyone around me and pushed anyone away that tried to get close or learn who really was on the inside. It was repulsive and wrong but I didnt know that. I would say this is when I got my first taste of depression around the age of 12. Grades 5-7 I was the class runt/Guinne pig/doormat, I was the kid being bullied. The other kids unanimously decided I was the kid they picked on. Fucking private religious bullshit school did nothing to prevent what they were doing to me nor did they seem to care hell even the TEACHERS  would pick on me. So I accepted ""who I was"" and that was the school fuck up. I tried to take their name tag and wear it with pride. Yea it worked for a bit as armor. I made myself insensitive to the bullying for the first little bit. But grade 6 is when the smack down really started to happen and I became... the germ. These kids had gotten the idea to give me the permanent cheese touch or the germ as they liked to call it. This was the tipping point for me. All my so called classmates and friends I had suddenly turned on me and I was alone. Truly alone, left half dead for the vultures to pick at. I broke. I broke into so many little pieces, all those people I grew up around people I trusted turned. I couldn't touch anyone with out them screaming ""DONT TOUCH ME GERM"" ""GREAT THANKS NOW I HAVE TO WASH MYSELF"" and other hurtful shit like that. They couldn't even sit in a chair I had used without washing it and sanitizing it. Okay I say I was alone but I had 2 friends, payton and dane, they tried to help they tried everything they could but the other kids wouldn't back down. Half way thru the school year I attempted suicide. I had the steak knife pointed at my heart and started pushing, I drew a little blood but it hurt to much so I stuck around. I had only told dane and he kept it quite for a while like I asked him to but one day he told me that he had to tell the teacher, it wasnt something he liked knowing and didnt like how close I was to not being here. So he told that I wasnt feeling good in my head, that I was going thru some tough times due to the class and what they were doing. This teacher had 0 clue that it was happening and immediately went to the principal. Brought me with her and told me to tell her what was going on. I played dumb for so long hoping that it would just end. I didnt want to deal with it but they persisted and eventually brought dane in and asked him what was up. After he started to say something I broke, I told them almost everything. About me wanting to die, not wanting to live and how I wished everyone else would die first. I didnt tell them how i had attempted suicide. My worst fears had come true, I spoke up and now everyone hated me. They couldn't bully me but did they hate me. After the whole class got a ripped a new ass hole for pushing a kid to suicidal thoughts (yes I told them I had thoughts, no I didnt tell them I tried) I came back into the class room and I'm greeted with silence and stone cold eyes staring back at me. The first thing this kid told me (who I thought was one of the people that I had as an acquaintance) ""You know OP fuck you, you go and cry to the principal that we dont treat you nicely well guess what? You want us to treat you with dignity and respect well how about trying to treat us that way? Next time think before you speak"". I can't tell you how much this affected me. That kid got sent home for the rest of the week. This is supposed to be where that part of the story ends right? No those fuckers came back the next and kept calling me the germ, kept bullying me and bullied me harder than before. Grade 7 was a repeat of grade 6. Aging more and more I hid more and more of my emotions and just kept feeding off others and relying on them for how to react in different situations. Elementary school behind me and moving to middle school I made new friends, a new chapter in life. Friendsthat didnt judge, one guy even had the same name as me ""mysteriouslyreddited"". I started to notice girls at this point too. Two girls in particular, quinn and Anna. Quinn is a couple years younger than I had been babysat by my mother and I by her mother, they switched out as they both worked. And she, well Quinn's amazing, pretty no beautiful, shes got these eyes that just, her hair... wow. And her smile (._. ) just everything. She was my first crush although quickly forgotten (we went to different schools. You know out of sight out of mind. K not like that but I hadn't seen her in a while). Anna on the other had, well I can describe her similarly, but things were different with anna. They were. Easier??? Its. Well she was the girl I fell head over heels for and she knew it. We talked for hours upon hours but it was never meant to be. I continued on the same way I did in elementary school, by wearing armor and growing my onion. Anna and I stayed close for a couple years me being wrapped around her finger while she went after other guys. I got her a couple boyfriends reluctantly, I Introduced her to a couple guys I knew she was crushing on and I enjoyed watching her be with them (as i look back i was feeding off of her boyfriends emotions and mixed them with my own. Bad idea 0/10 would recommend.) And well this went as well as you may guess, it went great. WRONG. I was confused and shut off, shut down and shot down. I don't remember what started a fight between us but it went on for months. It became personal for the both of us. I told her not to come to my funeral she told me to fuck off and go die, words were said damage was done and I thought I was okay with it. I learned quickly that I in fact was not okay and my fight with her had broken my armour and I was bare, everything was out and we both fell into depression because of what we did to each other. I was having more and more suicidal thoughts. I had spiraled to my lowest point that I've ever been, self harm, alchohol, skipping school, it was the worst part of my life. Highschool is the hardest for everyone isnt it?? Its not oof my bad. I was skipping school, fighting with my mothers husband, smoking pot and drinking waaaaay to much booze. The fall out of not having anna in my life was ruining me, yes I felt for her and yes i wanted her back in my life but the hatred for her at the same time was almost outweighing the good I felt for her. I cut everyday for over 2 years. I didnt know what to do, the pain felt good and brought me out of my head and prevented me about thinking about anything as long as the blade was on me. My entire depressive episode was brought on because I couldn't stand up for myself or tell myself it's okay or when to stop. I lost myself, lost my armor, lost everything. Or at least I thought I lost everything when in reality I was only just discovering life. I became cold and truly shut off my emotions and didnt even feed off others. I became a robot. I woke up late went to school skipped all my classes, went home played COD or skyrim and went to bed. Rinse repeat and that's how I lived from day to day, month to month, for a couple years. I still haven't reconnected with anna (anna if you end up reading this im sorry for the bad memories. I like to think that we still have some love left for each other but i know that's false). As I lived like this my family life started to become stretched and strained. Being brought up as a christian I was told to believe in god, that hes the answer to all and just ask him for help. I called bullshit and that if he truly cared that none of us would suffer, if we suffer then why the fuck did jesus die on the cross for us? My grandparents and mother didnt take kindly to these words and how dare I speak about god in that manor. After mass one sunday i would have been like 15 we were at the grandparents and the topic of vacations came up and how I hadn't been on one in years and I'd like to go when peeps went down to visit cousins from another town a days drive away. It was spring break and they were leaving next weekend. I inquired if I could go with them and because of my grades I was told no. I told them if they let me go I'd pick up the pace in school and i would try, but only if they let me go. Well my attitude needed to be fixed because the next thing I know my mother is yelling at me and telling me how entitled I am and that Id be lucky to consider even going. Me being the teen I was I yelled back. Fuck yous were exchanged. My grandfather had enough and tried to manhandle me, no fucking chance gramps not in my current state. We had a fist fight that ended up with him having broken glasses, he litterally ripped my shirt off me, ripped my necklace off and threw me into a door and him thrown onto the floor. He got up and started to yell ""get the fuck out of here, you can come back when your damn well ready to apologize until then get out!!!!"". I replied with ""well then I guess it wasnt nice knowing you. When you're ready to get your grandson back track me down and tell me how sorry you are"" and left without looking back. He did track me down the next day and told me he was sorry about how he reacted and stepping so far out of line. That night after we made up and got a blizzard I went home to find my mother's husband fuming because of how I talked to my mother which cause a fight with him. That was the night I lost my home, my family, he had disowned me and cast me out like garbage. Even tho that was one of my lowest points I didnt see it as a loss. Yea i was fucked but i was also free to do what I want when I want. So I started working on myself. I moved to a new city enrolled in a new school and started fresh. While I did climb out of my depressing hole I have yet to beat depression. I got a great girlfriend and living large now adays . Started some anti depressants, counseling and what not. Well now Im gonna skip ahead to why I wanted to get some baggage off my back. A few weeks ago I went out to the bar with some friends and I ran into none other than quinn. I'd had some pregame drinks, had some drinks while I was there. I didnt eat anything that day, was already dehydrated and alcohol should not be consumed like that while on meds. So I was already drunk, feeling great, I'd seen quinn once and didnt know what to say so I just smiled and ""ignored"" her. Well let me tell you it was so fucking hard to ignore her. I mean if you were me you'd find it impossible to. So I did what any drunk man does, i had a shot and approached her, asked if I could buy her a drink and  From what I remember we hit it off. I had a blast but tbh I was not looking for anything in her I just remembe how I used to feel but more Importantly j remembered all the fun times we use to have growing up and all the memories with her over the years. I was.. no i am lonely and she seemed to just kinda be there. So we were talking, and I looked at her and time just seemed to stop. We talked but I don't remember what it was about. At one point I asked if I could kiss her. My self conscience was screaming at me telling me this was not okay but the alchohol was in too deep. There is so much that I wish I could remember about that night but I cant. I dont know what happened what I said or did. This is the hardest I've had to fight this depression in a long time and this time I'm worried that I won't be able to win. I don't recognize who I am anymore. I dont like this person I've become. I love my GF but I feel like I'm going to drag her down and make her depressed like me. I feel like I'm not good enough for her and I'm hurting her by being with her. I cant stop thinking about quinn but I think I fucked up even trying to be friends with her. There was a small spark there but nothing major besides I dont want there to be a spark right now, I've talked to my GF and she knows I have feelings for another. It was hard to deal with at first but after we talked about it she knows that im struggling with my feelings and that I'm not looking for a way to leave her. I've been on the verge of relapsing and going back to self harm. Im not crossing that line because when I do there's no turning back. Im tired of being depressed and I want out but he hardest part is figuring out who i am and if I can keep all my current bridges or if I have to go out and build new bridges. Im gonna keep trudging on and finding my way thru this fucked up place we call earth. Again im sorry this was so long and all over the place, if you read it thanks for listening, if you skip over this story thanks for not wasting your time (that came out wrong but ov well). I'm not looking for help I just need to talk to someone. I am doing okay I just had so much pent up I needed a release. Next therapy session will hopefully straighten up my current state of mind",C5,"The person who wrote this premise seems to be experiencing feelings of alienation and disconnection. They repeatedly mention feelings of loneliness, being misunderstood, and the struggle to connect with others throughout their life. They describe a sense of not belonging, trying to fill an emptiness with external validation, and feeling like they are 'bare' and 'robotic'. The individual also expresses difficulty in expressing emotions and forming genuine connections with others. These are common signs of alienation-related stress, where the person feels isolated, disconnected, and unable to truly connect with themselves or others.",1.0,"other kids were bullying me, i was lonely, myself for fear of hurting the other persons"
405,4481,"Fuck anhedonia. I'm tired of people telling me to fake it til I make it; I'm tired of people giving me suggestions that work for a neurotypical person but not for someone with anhedonia. Nothing is interesting, nothing brings any pleasure or joy. It legitimately feels like my brain is rotting. Every second that I'm alive feels like absolute hell.


I've dealt with this shit for too long. I'm tired of it. For years I've felt like I'm already dead. I really wish I could just die already.",C5,"The person's language and sentiment suggest a deep sense of alienation and disconnection from the world, feeling like they are already dead and wishing for death indicate a profound feeling of isolation and detachment.",5.0,"i am tired of people telling me to fake, nothing is interesting, nothing brings any pleasure or joy"
406,4482,"Where did I fuck up? 
What did I do wrong?
Did I not give you enough sex? 
Did I give you too much attention? 
Was I not enough of a challenge? 
Is our relationship real? 
Is it real now? 
Do you love me yet?

Or am I always going to feel like I‚Äôm standing on a diving board in the middle of the desert? 
I wish you could love me too. 
I just want to be enough.",C4,"The person's inner dialogue reflects feelings of doubt, insecurity, and seeking validation in a relationship. The questions regarding their actions and the relationship's authenticity indicate relationship-related stress and a deep emotional turmoil about their worth and adequacy in the relationship.",4.0,"i wish you could love me too, i just want to be enough"
407,4483,"It's not that I hate working but... no, it is precisely that I hate working. I just can't come to terms with the thought that I'm going to waste a huge part of my life doing things I don't like to do. 
For what? I don't see the point on working hard and achieving all these career goals if the only time I'm going to have to myself would be after I retire ‚Äî IF I'm ever going to retire and not just drop dead in my 50/60s. 
I'm 27 and I have no idea how to live this life, my supposedly only chance at sentience. I'm depressed due to a lot of things: physical health problems, not being able to find a job that I'm going to at least tolerate, feeling generally lost in life.
I hated all the jobs I've been at, ALL OF THEM. It majorly contributed to my suicidal tendencies and I quit my last job with this awful premonition that if I'm not going to quit asap, I'm going to kill myself. 
My family doesn't understand because 'Everybody's gotta work for a living' (the usual), they kind of resent me now for being like this. I'd gladly drink all the Kool-Aid of this world and be a relatively happy working drone at this point in my life, but my mind just isnt wired that way.
I'm tired of constantly feeling depressed, guilty, angry at this world and myself. I feel absolutely alone, even thought I know that I'm not alone in this type of thinking.
Right now I just feel empty, like there's no way out of this, lile I have nothing to live for.
Sorry for this rant. I know I'm just writing it for attention, or maybe for some sort of connection to another human being.",C2,"The person's intense hatred towards working, feeling lost in life, experiencing suicidal tendencies linked to job dissatisfaction, and exhibiting symptoms of depression due to not being able to find a job they tolerate, all point towards job and career-related stress. Furthermore, the individual's struggle with the concept of spending a significant portion of their life on tasks they despise and questioning the purpose of working hard for distant future goals also aligns with career-related stress.",2.0,"i quit my last job with this awful premonition, i hate working, not idea to live a life, "
408,4484,"I hate myself, and I want to die more than anything. People always say it gets better, but how can it get better when you‚Äôre the problem? I don‚Äôt hate life. Actually, I really enjoy life. I love most of the people I meet, and my dog, and listening to music while watching the sunset and looking at the stars and reading books and hanging out with friends and walking outside after it rains and smelling the fresh air and getting to see people smile. The problem is me. I‚Äôm a bad person and I hate the way I am. Everyday I wake up and feel guilty for being alive and having to subject the outside world to the unpleasantness that i am. I hate getting out of bed and having to look in the mirror and see myself and be reminded that I‚Äôm me. I literally can‚Äôt stand feeling like this anymore. I hate people telling me I need confidence. I‚Äôm clearing missing more than that. I don‚Äôt think I can ever like myself, and that‚Äôs why I want to die. I want to enjoy life, and all the amazing things it has to offer, but not really. How can I when I‚Äôm literally my least favorite person I‚Äôve ever met?",C5,"The person expresses feelings of self-hatred and a desire to die due to a deep sense of alienation from themselves. They find joy in life and various activities, but their negative self-perception makes it impossible for them to enjoy those moments. The focus on self-criticism and feeling like a 'bad person' indicates a high level of alienation from their own self, leading to a profound sense of internal conflict and disconnect.",1.0,"i hate my self, the problem is me, i am the bad person, i hate the way iam"
409,4485,"My first post ever on reddit. Im feeling so low right now, been crying all night, and I just want to get better, but nothing seems to work. During Christmas vacation, I realised my partner had been cheating on me, the night I founded out, he went to that girl house and had intercourse with her. He still came back to my place after and told me everything the next day. I completely lost it, It was the first time someone cheated on me. I felt betrayed, and couldnt wrap my head around it. My reaction was to drink as much alcool, smoke cigarette until I could forget what happen.. unfortunately that wasnt enough I was still feeling so much pain. I than decides to take a half empty bottle of xanax with a bottle of antidepressant. Just to wash the pain away, just like that I was doing my first suicide attempt.  20 minutes after I realised what I had done and called emergency, an ambulance came over and I spent 24 hours at psychiatry aisle. I started seeing a psychiatrist after that, and was diagnosed for borderline personality. For me it makes sense, but it seems close friend and family think its too much, that Im not borderline.. thing is Im really good at hiding my true self. Ive been boulimic for years without anyone ever knew I was. Ive been having intense rage and impulsive reaction when Im in love. 

Anyway.. lets come back to my story, I ended up staying with my partner, a decision that has been torturing me ever since. There is not a day that passes without me thinking he would so ut again. I will think about what happened imagining it until I start feeling sick, and than everything turns black again. I havent been easy with him after that, but how could I ? 

My psychiatrist just prescribed me a new drug to mix with my antidepressants and I started them yesterday, I hate all the side effect if taking a new drugs and I just feel like I want to give up. ive been having a lot of fights with my partner in the last days cause I dont find him supportive. I feel so alone right now, I tried to communicate with him but its just too much, I feel like a burden for him and its been breaking me even more.

There is so much in life that I wanted, like I always wanted to have a kid, but I feel so unlovable... I feel like my mental health is taking too much place, I need help. 

I need a reason to keep going",C4,"The person is experiencing deep emotional distress due to discovering their partner's infidelity, which has led to feelings of betrayal, heartbreak, and insecurity. This relationship-related stress has triggered a significant mental health crisis, resulting in extreme behaviors such as suicide attempt, substance abuse, and struggling to cope with the aftermath. The ongoing conflict with their partner and feelings of loneliness indicate a high level of distress in the relationship. Additionally, the person's history of hiding their struggles and past eating disorder further emphasizes the complexity of their emotional turmoil within relationships. Seeking validation, support, and a reason to keep going highlights the intense emotional strain caused by the relationship trauma.",4.0,"it was the first time someone cheated on me, i was still feel so much pain, "
410,4486,"First off, I wanted to say to you all in the group, things do get better. With years of therapy and medication I feel like I'm on the path to healing. I was depressed as long as I can remember and it does get better, hang on. 

But, I'm doing so well I'm afraid the only reason I've started to actually love myself and feel happiness is because of my medication. I don't want to be medicated my entire life, I want to find ways to be happy and love myself without it, and I'm scared when I'm off of meds, I'll go back to the same me. Anyone have this experience? Any advice?",C3,"The person expresses concern about their dependency on medication for their current state of happiness and self-love. This reveals a high level of stress related to their reliance on medication for their mental well-being. They are worried about reverting back to their previous state if they stop taking the medication, indicating a significant level of stress related to medication. ",0.0,
411,4487,"It‚Äôs time for me to show everyone what happens when u treat someone so bad that they want to kill themselves. The rejection, the leaving, the being ignored, the being bullied and made fun of. I‚Äôm tired of the bias everyone is giving me. I‚Äôm tired of it. I can‚Äôt take it anymore. No one wants be my friend, especially irl. No one wants to be my girl friend. No one even gives me a chance. All they do is bias me and I‚Äôm tired of it. I‚Äôll show everyone what happens when u treat someone like I‚Äôve been treated. No love, just bias. I‚Äôll show them. And maybe, it could save some lives too. U will see. U all will see.",C6,"The text expresses feelings of being treated unfairly and experiencing bias from others, leading to thoughts of self-harm and a desire to show others the impact of their actions. This indicates a state of Bias or abuse related stress.",1.0,"rejection, the leaving, the being ignored, the being bullied and made fun of me, no one wants to be my girl friend, no one even give me a chance, no love ,just bias"
412,4488,I just want to walk and walk until I fall to my knees and my heart gives out. Hopefully I die of frostbite. I‚Äôve tried everything else.,C5,"The premise expresses a feeling of extreme alienation and hopelessness, longing for an escape from the current situation by resorting to extreme measures like walking until physical harm occurs, reflecting a deep sense of disconnection and dissatisfaction with life.",0.0,
413,4489,"So I'm 99% sure I'm struggling with depression and have been for the past 2 weeks. Every time I try and talk to friends about it, they just pass me on to helplines and such. I've done it once. But it just takes too long to explain my fkn life story and why I'm fucked up. Am I doing it wrong? What should i even be saying? Like I don't really think there's any point in it",C3,"The person is expressing feelings of depression and frustration with seeking help, indicating that they are under medication-related stress. The mention of struggling with depression and reluctance to explain their life story to helplines suggests a heavy emotional burden related to mental health and medication management.",5.0,"struggling with depression, i try and talk friends about it, they just pass me on"
414,4490,"Dear Diary,

I feel myself, yet again, sliding into the abyss of darkness.

Is it better that I remain fueled by anger and frustration at the CCP? When hopelessness overtakes anger, I feel sucked into a swirling vortex of desolation.

Knives, scissors, any shiny sharp object - they all beckon warmly, seducing me with sweet promises of an end to this pain.

Carefully laid plans, budgets, all gone awry because of a situation beyond control. Exacerbated by one man's greed for power and face.

I fear to run out of anger. When fury no longer triggers, and desolation lays waste to sanity, it would probably be the beginning of the end.

Love,

Cat",C5,"The use of phrases such as 'abyss of darkness,' 'swirling vortex of desolation,' and the mention of feeling 'alienated' from oneself suggest a state of alienation-related stress. The mentioning of hopelessness, pain, and the desire for an end to the suffering also point towards feelings of disconnection and isolation.",0.0,
415,4491,"Hi all, I‚Äôve dealt with mild depression most of my life and handle it decently through medication, on and off therapy and CBT.  

However I‚Äôve had 3 failed shoulder surgeries since 2016 and my shoulder pain triggers relapses into anger, depression, and feeling bad for myself.   I can‚Äôt play basketball anymore which I loved, I have trouble holding and playing with my two young daughters as well.  When I try something that I can no longer do (our daughter on my shoulders or shoot hoops in the driveway) it usually means I will be down for the rest of the day. 

I know people deal with much more serious strokes of misfortune than a bad arm but I often spiral into feeling bad for myself and being mad at myself for the basketball plays that led to the original injuries.  

Does anyone recommend a book, a method of CBT or any advice for me to deal with this better?

Thanks in advance, I appreciate reading this sub, this is my first time posting.",C3,"The person mentioned dealing with mild depression through medication, therapy, and CBT. The frequent mention of medication and therapy indicates a strong focus on managing their mental health through these means. The individual's struggle with relapses into anger and depression triggered by physical pain from failed surgeries suggests a significant impact on their mental state. The mention of feeling bad for themselves and being mad at themselves for the injuries further emphasizes the emotional toll of the physical pain on their mental well-being. Thus, the emphasized reliance on medication to manage mental health issues in relation to the physical pain and emotional struggles points towards medication-related stress.",3.0,"i had three failed shoulder surgeries, my shoulder pain trigger relapses into anger, feeling bad for myself, trouble holding and playing with my two  young daughters"
416,4492,"Called my friends. They're all too busy
Called my family. They're all too busy

Nobody can be here for me.
Just feel like shit and need a fucking hug.

Hug my pillow and hope tomorrow is better",C4,"The person's distress is related to feeling abandoned or let down by both friends and family, indicating relationship-related stress.",5.0,"called my friends they are too busy. called my family they are too busy, nobody can be here for me, just feel like shit"
417,4493,I‚Äôm no therapist or professional but I‚Äôm here if anyone needs someone to talk to in order to get through a tough time tonight ‚ù§Ô∏è,Good state,"The person is offering support and help to others during a tough time, showing empathy, kindness, and a positive mental state.",0.0,
418,4494,I want to cry to relieve some pain but I can‚Äôt.,C3,"The inability to cry as a means of relief could be a sign of medication-related stress. Certain medications can have side effects that alter emotional responses, such as reducing the ability to cry despite feeling the need to do so.",0.0,
419,4495,I‚Äôve never been good at making friends. I never had any through middle school. Last year I made one though. We got really close but after I told him about my depression he seemed to drift off. Yesterday morning while we were talking he said he had to meet up with his teacher and told me that he‚Äôd tell me once he‚Äôs done. As I was walking around the halls I saw him with a group of other people. I don‚Äôt care that he was with others considering things have gotten awkward between us. what bothered me was that he just ditched me. I‚Äôd much rather have been told that he was going to meet some of his other friends. I dont have anyone tanymore because after that he just said that he doesn‚Äôt want to see me anymore.,C5,"The person seems to be feeling alienation-related stress as they express a sense of loneliness, isolation, and feeling abandoned by their friend. The feeling of being left out and excluded, as well as the perceived betrayal by their friend, are clear indicators of alienation-related stress.",0.0,
420,4496,"Seriously like a 9-5 isnt my forte, I hate kids, I don't have the ability to pursue both my passions and a job, everyone in my life uses me for emotional support but no I'm a downer if I ever do the same. I just think I'd rather be dead but once I'm at this point again they only try preventing the suicide but never help me get better. I think I've honestly had enough living at this point and I dont wanna hate myself anylonger",C5,"The person seems to be feeling alienated due to various reasons - not enjoying a 9-5 job, hating kids, feeling unable to pursue passions along with a job, and experiencing one-sided emotional support in relationships. This sense of disconnection and feeling like they are not understood or supported can lead to alienation-related stress.",2.0,"i don't have the ability to pursue both my passions and a job, everyone in my life uses me for  empotional support but no i am a downer"
421,4497,"Me : 21yo french garbage
My parents made me go to engineering school, far from their home in paris, after 3 years of preparatory in maths and physics . I immediatly hated the school, i  did a few entreprise visit with my class and i knew i didnt want to be an engineer. I d rather kill myself than becoming one engislave. I made really good friends in this city tho, even if i wasn't going to school anymore  at one point i was still very happy because of them.

So i told my parents i wanted to stop engineering school, that i wanted to get a job until next year when i will go study something i always dreamt about, becoming a doctor. I went back home for holidays, 3 weeks ago.

I have rough background story with my parents, i'm always in conflict with them and until last summer they always solved conflicts by hitting me or insulting me, saying horrible things that made me hate them. They did make me sleep outside for a few days when i was still a good student in preparatory class, they made me bleed several times, my dad with a sharped stick of wood and my mom with her nails.

I told them i wanted to get a job in the city i was studying, far from home, because i could be near my friends. I told them being home with them was torture, that it was making me go insane and suicidal. I'm still at their home rn, i have a job, but i still want to go live in this city, with my friends and my girlfriend who lives there and to get a job there. Nobody talks to me at home, they took my computer and my credit card. I cant go out, i cant see any friend nearby, i cant do anything or enjoy life. 

They want me stay here, no discussion possible. They make me want to kill myself, they repeating every time i talk about my friends that they don't care about me, that they think i'm a looser and  a piece of shit because i stopped this school.

I want to go to this city next week, but i dont have my appartment anymore. I don't know how to convince them to pay the rent for just one month, the time for me to get a job and be independent.",C4,"The premise highlights a significant amount of relationship-related stress. The person is experiencing a strained and abusive relationship with their parents, which is causing emotional turmoil. The parents' actions of physical abuse, verbal insults, and controlling behavior have had a severe negative impact on the person's mental state. The desire to move away from home and be with supportive friends and a girlfriend in another city further demonstrates the toxic environment created by the parents. The person's desperation to escape this toxic environment and seek independence is a clear indication of the intense relationship-related stress they are currently facing.",2.0,"my parents made me go to engineering school, i hated the school, "
422,4498,"My heart feels heavy and empty...

 I don't feel like I am loved and cared for. I don't want to be with someone that has lost their job twice due to drinking on the job. During that time I was talking to someone and my partner was stressed out about and he started to drink more and he lost his job twice because of this and it feels like its my fault that I can't do anything that makes me happy. I don't want to care for someone that doesn't care about my needs, emotional and physically.  If I am sick or doesn't feel well, I have to do it myself without someone taking care of me. One time I had a fever and I had to go to work this partner that I am wish was out and never came home, He didn't check up on me and I haven't heard from him. My plans most of the time has to be put on hold because my partner wants to take a nap and I have to be there most of the time. I want someone to love me and not hurt me anymore, I want hugs and kisses and cuddles and being spoiled alittle bit. My partner isnt the right now for me but I havent found the one for me and I am stuck because I am behind on rent and I am trying to built myself up again after going through some stuff of my own.",C4,"The person is experiencing relationship-related stress and feelings of loneliness, neglect, and lack of care from their current partner. There are mentions of disappointment, lack of emotional support, and lack of affection in the relationship. The person desires to be loved, cared for, and supported emotionally and physically, highlighting the strain and dissatisfaction in their current romantic relationship.",5.0,"my heart feels heavy and empty, i don't feel like i am loved and cared, i want someone takinsg care of me"
423,4499,"I wanted to die starting in Jan 2018, but things have only gotten worse.

In summer 2018, those fucks on the Suicide Prevention chatroom called the police when I expressed suicidal ideations, so I was kidnapped and sent to a series of hospital-prisons with junk medical staff. I lost my job due to the hospital stay - and my apartment, car, and dog shortly followed.

Can't get a decent job because my resume is now all fucked up and I have no connections, and I refuse to go back to miserable jobs that pay horribly. I'd rather die than do that for life.

I am about to be sued on $4K debt, and then yesterday I was handed a $6.5K medical bill for treatment that would have been 100% unnecessary had I still had insurance and was able to go to regular check ups.

You fucks on the Suicide Prevention line made my life demonstrably worse. You destroyed the mechanisms that kept me going as an independent and self-sufficient human. Now I have nothing and am in a far worse position (logistically speaking) to be dealing with any of this.

Right now I'm sort of just waiting until where I'm currently staying kicks me out, which should be soon. After that, it's time to die. But I'll be sure to let the responsible parties know their part in this.",C5,"The person exhibits a sense of alienation and disconnect from the world around them. They feel abandoned by the Suicide Prevention chatroom, which they expected to provide support but instead led to negative consequences. The loss of job, apartment, car, dog, and the inability to find a decent job further reinforces their sense of isolation. The person expresses feelings of hopelessness and helplessness, indicating a deep alienation from society and a lack of support system. This sense of alienation is a key factor contributing to their current mental state.",2.0,"i lost my job due to hospital stay, can't get a decent job because of my resume, i have no connections"
424,4500,"When I am awake my anxiety is there every moment, and it can be overwhelming. I feel my heart beating faster and my breathing becomes a mess, I just feel my whole body feel uncomfortable when I am awake. The only time where I don't feel panic, where I don't feel as much negative feelings, is when I lie in bed and my mind is getting ready to sleep. I don't know how long it takes to fall asleep, but if it took 10 minutes, then those 10 minutes is the best I ever felt in the whole day. I know that its not good to sleep so much, but I understand why some people would choose to sleep a lot when they are depressed. I look forward to that peaceful 10 minutes. I wish I could have that feeling throught the day without needing to fall asleep first.",C3,"The mention of constant anxiety, physical symptoms like fast heart rate and difficulty breathing, as well as finding relief only in moments close to falling asleep, indicates a link to a medication-related stress. The desire to experience the calmness felt before sleep throughout the day suggests a longing for an alternative to medication-induced peace.",3.0,"i am awake my anxiety is there moment, i feel my heart beating faster and my breathing become a mes, i just feel mu whole body feel uncomfortable"
425,4502,"when I feel really fucking negative (actually even if I'm not feeling negative) it takes the slightest thing to make go try to kill myself. an example of this is when in PE I couldn't do any push-ups then I gave up and tried to kill myself. then someone asks me what's wrong:
them: what's wrong
me: (visibly upset) nothing
them: I know there is something
me: fine. I'm going to kill myself
them: nooo why?
me: ...

I can't tell them what because they say I'm faking and I'm doing ut for attention so I'm lost. Doesn't help there's a girl at my school who copies me but isn't actually depressed.
she says Oh I gOt TeStEd AgEs AgO aNd OnLy JuSt FoUnD OuT
but she's been saying she has a depression for years so hmmm.",C5,"The person expresses feelings of alienation, as they feel misunderstood and invalidated by others around them. They are struggling with their mental health and contemplating self-harm, but are met with disbelief and accusations of faking it for attention. Additionally, the mention of another person at school claiming to have depression adds to their sense of alienation, as they feel like their struggles are being undermined by someone they perceive as disingenuous.",5.0,"really feeling negetive, try to kill muself, i am faking and i am doing ut for attention so iam lost"
426,4503,"I've never talked about this with anyone, but I really don't want to live anymore. Because what is the point? Why am I here? I can't do anything useful in my life until I become an adult, I ruin almost everything, I cut a lot and am always worried someone will see the scars. I get confused when I see people genuinely enjoying themselves and having fun. It blows my mind. How are they so happy? How can anyone love themselves? I don't love myself. I'm fact I hate myself. Because I deserve it. What use am I to anyone? 

The answer is none. I'm not of any use. And you know why? It's because whenever I've tried to be useful I mess it up. So, what's the point? What the point of enduring an existence that I can't seem to enjoy? I haven't been diagnosed with depression, so I'm not going to claim that I have it. But, what other explanation is there? And even if that is the explanation, does it even matter? Does anything really matter?

To whoever read this all the way through, (I know this sounds cliche) thank you for reading my scattered thoughts and emotions. I hope you have a good day tomorrow.



Update: I haven't been able to talk to my mom as she's kind of having a 'quiet time' day and I don't want to bother her. I also have a question. Would it be unhealthy for her if I talk to her? She has anxiety/panic disorder and although she hasn't had a panic attack in several months I don't want to cause her too much stress. (Sorry I didn't mention this before),",C5,"The person expresses feelings of alienation, hopelessness, self-hatred, and a lack of purpose in life. They question the point of their existence and struggle with self-love. Additionally, they mention cutting as a coping mechanism and worry about being a burden to others. These are common indicators of alienation-related stress, where the individual feels disconnected from others, experiences a lack of belonging, and struggles to find meaning or value in their life.",5.0,"i cant do anything useful in my life until i become an adults, i don't love myself, i see people genuinely enjoying themselves and having fun"
427,4504,"No one‚Äôs really gonna read this, but yeah.  
I‚Äôm 15 years old and got diagnosed with depression when I was 12. I strongly dislike talking about my ‚Äònegative‚Äô feelings, partially because of trauma, partially because I‚Äôm afraid people will look at me differently. When I finally did open up about it, it didn‚Äôt really go well and got immediately dragged to a doctor to see ‚Äòwhat‚Äôs wrong with me‚Äô. I‚Äôm afraid to open up again.  
Once I got into therapy, literally before the second appointment I send the therapist an email saying I feel much better now and don‚Äôt need therapy, because I thought it wouldn‚Äôt work.  
I know bottling up my emotions isn‚Äôt healthy, but it‚Äôs all I‚Äôve been doing my entire life. I do sometimes talk about it online, but that‚Äôs all, and even then, I just feel awkward and like a burden to the people that have to listen to me.   
I got held back last year because ‚ÄòI didn‚Äôt feel like going‚Äô (which is what I told everyone) when I couldn‚Äôt get out of bed and tried really hard to not kill myself. I had my second suicide attempt that year. I didn‚Äôt want to tell anyone, like my teachers, friends or trusted ones because people know me as happy, bubbly, dumb and annoying, or something like that anyway. I feel like a fucking failure.  
I thought my mindset would change over time, but it never did. This year, I‚Äôm doing a tiny bit better, I‚Äôm less absent, but I‚Äôm still not doing great at school. It‚Äôs not really that it‚Äôs hard, I just don‚Äôt have any motivation at all. I always thought I wouldn‚Äôt make it past 15, or would just end up killing myself anyways so what‚Äôs the point?  
But I want to stay alive for some of my family and friends. So, suicide isn‚Äôt an option anymore. What will I do know? I want to live, but I have no motivation at all. It‚Äôs like everything‚Äôs just a big joke. I know I should care, but I don‚Äôt.   
Does anyone have any advice?",C5,"The person who wrote the premise seems to be experiencing strong feelings of alienation and detachment from others. They express fear of being judged or looked at differently if they open up about their struggles, and they feel like a burden when they do talk about it. This sense of isolation is further emphasized by the reluctance to share their feelings with teachers, friends, or trusted individuals, as they fear being seen as a failure. The individual also mentions feeling like a joke and lacking motivation, indicating a deep sense of alienation and disconnect from their surroundings. Overall, the themes of fear of judgment, feeling like a burden, and lack of motivation point towards alienation-related stress.",4.0,
428,4506,"I don't have any friends, haven't for years. I go months without talking to anyone and I cry when I see happy people in public. I have a lot of trauma from sexual bias+trafficking and it makes me not want to live in such a sick world. I first got diagnosed with depression when I was 8. I don't see a point in going on. People would say it gets better but it's gotten objectively worse every year for nearly a decade. I'll never be healthy enough to have the life I want. I've tried all sorts of things including CBT, DBT, EMDR, yoga, meditation, behavioral therapy, art therapy, etc. I eat healthy, I do everything I'm supposed to. I've tried dozens of medications ranging from anti depressants to anxiety meds to mood stabilizers, all which in the end have either caused a severe health side effect, made me even more suicidal, or made me psychotic.

If you try to get ""help"" and talk to someone about being suicidal in the US you're just apprehended by police, handcuffed, thrown in an ambulance, and shipped off to a psych ward where staff verbally and physically biass you for the next 72 hours to 2 weeks. (At the youth psych ward by my house they put you in solitary confinement for CRYING). Then you get out feeling even more scared and hopeless, disgruntled with the world and sickened by the fact that this is the ""help"" out there. Then you get more suicidal because you were just biasd for days on end and realize there's literally nothing you can do. So you'll get locked in the psych ward again, be treated like shit again, continue getting more depressed, angry, and resentful, rinse and repeat. The system just chips away at you until there's nothing left so that you finally off yourself so they don't have to deal with you anymore.",C5,"The person's mental state shows signs of deep alienation and disconnection from society. They express feelings of isolation, trauma, and hopelessness, which are often associated with the sense of being alienated from others. The individual's negative experiences with seeking help and the lack of positive interactions have magnified their feelings of being an outsider in a world that they find sick and unwelcoming.",1.0,"i have a lot of trauma from sexual bias+traffiicking, no friends, i cry when i see happy people in public "
429,4507,"[I'm not seeking any medical advice, just want to know if anyone has had similar experiences]

I've just started taking Lexapro for moderate depression and anxiety. For the first week I was prescribed 5mg, 10mg thereafter. It's been two days and I have this mild feeling like I'm on ecstasy/MDMA. My body feels light and I have this weird concentration of energy above my neck at the back of my head. 

Has anyone felt this/experienced this?",C3,"The mention of starting a new medication, Lexapro, for depression and anxiety and experiencing unusual physical sensations and energy levels suggest the individual may be under medication-related stress. Seeking reassurance and validation from others about similar experiences indicates a concern or uncertainty about the effects of the medication, which aligns with the category of Medication related stressed.",3.0," I was prescribed 5mg, 10mg thereafter, It's been two days and I have this mild feeling like I'm on ecstasy/MDMA, My body feels light"
430,4508,"I started lexapro 10 mg about 3 weeks ago. My anxiety has gone down a lot but my depression is still the same. My doctor is saying this is strange since those two should either improve or worsen together. 

Right now it‚Äôs just waiting a few more weeks to see if anything changes...",C3,The person's mental state is categorized as Medication related stressed because they are discussing their experience with taking Lexapro for anxiety and depression. The mention of the doctor's concern about the unexpected reaction of anxiety decreasing while depression remains the same indicates a heightened focus and stress related to the effects of the medication on their mental health.,3.0,"I started lexapro 10 mg about 3 weeks ago, My anxiety has gone down a lot but my depression is still the same"
431,4509,"I lied the last time I was almost taken in so that way I could avoid it. But I think I need it, atleast to get away from my family. I dont know, help?
I'm currently hiding in a bathroom supposed to be at lacrosse practice because my mom has been berating me and I just need to breathe..",C4,The person's mention of needing to get away from their family and hiding from their mom who has been berating them indicates relationship-related stress.,4.0,"i thing i need it atleast to get away from my family, i am currently hiding in bathroom"
432,4511,I cant stand this loneliness one more minute. Im afraid to go to sleep and overthink about how nobody know I even exist,C5,"The person is expressing feelings of loneliness and fear of being forgotten, which indicates a sense of alienation and isolation from others.",5.0,"cant stand this loneliness one more minutes, i am afraid to go to sleep and overthink"
433,4512,hghjg,C5,The incoherent and fragmented nature of the premise suggests a feeling of alienation or disconnection from the conversation or perhaps even in general.,5.0,"i am just emotionless, i am sad at the same time"
434,4513,"I was born, was taught to get a good education so I can one day provide for myself and do things so I could survive being in this world I never even asked to be in. But why. Why do I have to. For the experience? Well yeah, but I won't remember all of this when I cease to exist. So people will remember me, the memories they had with me? Well yeah, but one day, all of them will also be gone until every person's memory of me is long forgotten and fades into oblivion. What's the point of having to experience things when in the end, I won't even remember I had experiences in the first place",C5,"The writer is expressing feelings of alienation and existential questioning about the purpose and meaning of their existence in the world. They feel disconnected and detached from the experiences and memories that are typically associated with living, leading to a sense of isolation and disconnection.",2.0,"taugh to get a good education, "
435,4514,"I can‚Äôt tell if I‚Äôm sad or depressed. Like I have friends that I hang out with and laugh and joke around with, but a the end of the day im never a first choice. And whenever I‚Äôm alone or not doing something I get consumed with thoughts about how I‚Äôm not good enough and everyone would be better without me. But at the same time I can get out of bed and go to school and I laugh along with friends and am pretty lively. But when I‚Äôm alone I‚Äôm just consumed with intrusive thoughts and what not.",C4,"The person's mental state indicates relationship-related stress. The feelings of not being a first choice, thoughts of not being good enough, and the sense of being better off without them suggest issues with self-worth and feelings of inadequacy within relationships.",5.0,"i cant tell if i am sad,  whenever I am alone or not doing something I get consumed with thoughts about how I am not good enough"
436,4516,"I‚Äôve been single for over a year now after a 5 year relationship. I accept I‚Äôll probably be single for the rest of my life. 


I care about someone. I accept I am only an option for them. 


I‚Äôm not appreciated at work I‚Äôve accepted that and it makes it just slightly more bearable. 


I‚Äôm depressed. I accept that I‚Äôve decided that if it‚Äôs not better by the time I‚Äôm 30 I‚Äôm done. 


I accept I‚Äôm not important to anyone and that‚Äôs okay. I‚Äôll find a loving home for my cat and then I‚Äôll be gone. 


People will say ‚Äúoh she was so loved.‚Äù They are lying and I accept that they will do this to make themselves feel better. 


I accept that this is my life and I‚Äôll manage until it‚Äôs over.",C5,"The person expresses feelings of loneliness, being unappreciated, not being important to anyone, and considering self-harm or suicide. These thoughts indicate a sense of alienation and disconnection from others, leading to a distressed mental state.",4.0,"been single for over a year now after a 5 year relationship, i am not appreciated at work i have accepted that and it makes it just slightly more bearable"
437,4517,I'm done with people telling me that things will get better when it clearly won't. I'm still alone as always everyone around me is happy and it's pissing me off hearing that I'll find somebody someday. The friends that I have I haven't seen in along time looking back on it I feel that they were only friends with me to make themselves feel better. It really feels like there is no point no matter how much I workout and stay fit I don't feel HAPPY no matter what hobbies I pick up I still feel empty. And yet everyone keeps telling me to keep TRYING I dont do think I can try any harder. I take meds and I don't feel any better I'm always in a dark place and I'm sick emotionally lying to myself some people are destined to have a crap life and I'm proof of this. I was born a loser and I'll die a loser no amput of self improvement is able to fix that.,C5,"The person expresses feelings of alienation and deep dissatisfaction with their current situation. They feel disconnected from those around them and believe that they are destined to always feel alone and unhappy, regardless of their efforts. This sense of hopelessness and emptiness, despite maintaining physical fitness and trying various hobbies, suggests a deep alienation from society and a belief that they do not fit in or belong. The person's sentiments indicate a profound sense of isolation and disillusionment with their own life, leading to the conclusion that they are experiencing alienation-related stress.",5.0,"i am still alone as always everyone around me happy, i still feel empty, no matter how much i workout and stay fit i don't feel happy"
438,4519,"thinking about the time of my death is the only thing that leaves me alone, do any of you feel that way totootootoowa",C5,The statement suggests a feeling of alienation and a sense of isolation from others. The mention of finding solace in contemplating one's own mortality indicates a certain level of detachment or disconnection from surrounding individuals and social interactions.,5.0,thinking about the tie of my death is the only thing that leaves me alone
439,4520,"I want to feel like I belong here. I wish there were people whom I could connect with. Unfortunately, I don't know where life is taking me right now. I'm too tired of the everyday grind. Life has become a constant struggle. I wish this agony would end. I've been hoping for a long time. I thought I had people by my side. There are people who care but I don't know why I'm not able to connect with them. I just feel empty. :( I've endured for a long time. I just wish this would end some day.",C5,"The person expresses feelings of not belonging, inability to connect with others, feeling empty, and enduring a constant struggle. These sentiments indicate a sense of alienation and disconnection from their surroundings, which falls under alienation related stress.",5.0,"i am too tired of the everyday gring, don't know where life is taking me right now, i just feel empty"
440,4522,"I hate college. I hate myself. I hate everyone else who attends my college.

I wish I could just lay in my bed in my dorm room all day, so I would not have to see anybody or do anything. I have no passions or interests, only tasks that I must complete so that I can return to laying in my bed. 

I used to be a high achieving student in high school in academics and athletics. Now I am a washed up bum who can not perform the simplest of tasks correctly; I am so pathetic. I had such high hopes of using the ivy-league college I worked hard to get into as a spring board for a successful career, but I have already failed miserably. I do not have the skills one needs to make it in the real world.

I feel so lethargic and weak. I struggle my way through sports practice everyday. I do not know how much longer I can keep going. I wish I could just disappear and never be seen by anyone again.

 I am a complete fucking failure.",C5,"The person is experiencing alienation-related stress as they express feelings of hate towards college, themselves, and others at their college. They also mention a lack of passions or interests, feeling like a failure, and the desire to disappear and never be seen by anyone again. These feelings of alienation and disconnection from themselves and their environment are indicative of alienation-related stress.",2.0," i hate college , i hate myself, i hate everyone else who attends my college, i could just lay in my bed in my dorm room all day"
441,4523,"So I made this account so I could post without being known. I‚Äôve prepared for my end in a way. I‚Äôm the only caretaker for my mom and it‚Äôs exhausting. I‚Äôve given up having a childhood a long time ago and all my major moments in life from periods to dating has been done on my own. I have a lot of siblings but all are married and were gone before I reached high school. My dad was always in a sense abusive, mostly if I did something wrong in his eyes I was yelled at, slapped, etc. even now. Just yesterday he got frustrated because he got a phone call about work and in his frustration he grabbed the nearest thing and threw it at me. Which caused my hand to be bloody. I have a boyfriend, well had, who‚Äôs the absolute sweetest and the other day I broke up with him. I wanted him to not be hurt when I make the choice to go. He was the only goodbye I needed to make. I‚Äôm just so tired. So worn out. I want to stop being a burden and a drag down. If I‚Äôm gone my dad can finally know I‚Äôm not a disappointment because then I wont be alive to be one. Then this morning a video popped up, it was talking about there‚Äôs still a chance to get past this. If I go through it‚Äôll be my 5th and last attempt. I think my boyfriend (ex) has figured out I‚Äôm going to do it. He keeps begging me not to. I want to do this to stop hurting people, I want to stop feeling hurt. I can‚Äôt seek help because in my culture from church and everything that means that you‚Äôd be completely turned away by the whole community. I‚Äôm just unsure of where to go. I want to stop being a drain on people. I want to stop feeling drained.",C5,"The person expresses feelings of alienation, isolation, and being a burden on others. They mention feeling exhausted, drained, and wanting to stop being a drag down. Additionally, they talk about not seeking help due to fear of being turned away by their community, indicating a sense of disconnection and alienation from their support system. These feelings of loneliness and detachment suggest a state of alienation related stress.",4.0,"i am the only care taker for my mon and its exhausted, i have a lot of siblings but all are married, my dad was always in a sense abusive, i have a boyfriend who is the absolute sweetest and the other day I broke up with him"
442,4524,"Ive been thinking. Theres nothing left I want out of life and since i was about 5 I never saw myself as part of the this world. At least i dont want mine anymore. Theres some very important people ill be leaving behind but I know their lives can be better without me in it. I guess my mind was always out in the universe never grounded here with what was in front of me. I know life can be chaos and also beautiful at the same time. My last dream was to see the lights in Alaska and sit on the horizon of forever and watch the universe. I want to put on a backpack and make my way as far there as I can with nothing left. I dont expect much. I expect to find some place I can finally close my eyes and not have to open them again. Why not try. If I dont make it at least I had the journey, but im ready for it to be over. What more could I lose?",C5,The person expresses a deep sense of alienation and detachment from the world around them. They mention feeling like they were never part of this world and having their mind out in the universe. This feeling of not belonging and wanting to disconnect from life indicates an alienation-related stress.,0.0,
443,4526,"I've decided to end my life tonight and I'm so scared. It's the only way out of my situation, but it terrifies me. I'm sorry. I hope I can go through with it.",C3,"The mention of ending one's life suggests a severe mental state requiring medication assistance. The fear and desperation indicate that the individual may be experiencing significant mental health distress, which could be related to a need for medication or professional mental health support.",5.0,"i am so scared, "
444,4527,"Hello. Never really wrote about myself online but I‚Äôm very curious and the stigma behind death seems to discourage discussion of it. I‚Äôve actively tried talking to my family and a therapist about my perception of my life but their inability to understand that it does not and never has stemmed from depression irritates me. 

I want to die. I believe that death is the ultimate end goal for every single human being and rapidly increasing its approach would lead me to the end. Please note, I have a social life. I have close friends at college and at work. I also have a pretty active socia life (I go to a couple parties here and there). I‚Äôm in a solid relationship (been together for two years now), and I do not bias drugs or alcohol, only at kick backs or something. I do not have depression, I‚Äôm pretty laid back down to earth guy who has never had any mental illness nor any thoughts of worthlessness, extreme sadness etc. 

Personally, the meaningless within life is the main motivator for my methodology. Realistically, the now is true living (due to its value, the past you can‚Äôt change and the future is unknown). Past the now, life is to be, not happening. Work, sex, love, entertainment, etc. are used to keep individuals living but what for? We work a 9-5 job, we have kids, we do all of these things and yet the reasoning boils down to survival and entertainment. entertainment to keep us looped within an endless cycle of netflix shows or games or tv shows or youtube and survival of work to eat and feed the future generation. realistically, love is a chemical compound effect which sparks to motivate the production of kids. to continue the species. the love of a parent to a child is to prevent child hood death so the child can become a parent and produce more children for the cycle to continue. when you really boil down what life is it‚Äôs just an endless cycle of continuation within a species. 

Idk i‚Äôm just curious if anyone else feels this way. You develop your own meaning in life but that meaning isn‚Äôt even yours. You are taught that meaning through society and social interactions. Your parents develop that meaning for you and you believe it‚Äôs yours but in reality it isn‚Äôt. The pursuit of a good job or a big house or to produce music or to be a serial killer all of these perceptions you learn from society in which you incorporate into your definition of life. how you want to live isn‚Äôt even your own perception it‚Äôs just a jumble of social expectations mixed into you.

If anyone can help me understand this it‚Äôd be a great help. I just want to know why life has meaning and why we live if not for social pressures, a biological barrier which prevents self harm, your ‚Äúpersonal‚Äù meaning, etc.",Alienation related stressed,"The person who wrote the premise seems to be experiencing a sense of alienation and detachment from societal norms and expectations. They express feelings of disconnect from the perceived meaning and purpose of life as defined by society, highlighting the belief that the pursuit of conventional goals like work, relationships, and entertainment is merely a cycle perpetuated by social conditioning. This sense of alienation and questioning of the inherent meaning in life suggests a deep existential crisis and disconnection from traditional values, which is characteristic of alienation-related stress.",3.0,
445,4528,"No one has asked me ""how are you?"" In such a long time  that now I have to asked myself very night ""how are you?"" Just to start crying because I know the answer....
I dont have friends I'm the guy they reach for when they need something...I'm so tired....I'm jealous of some of my friends they go quiet for a day and everyone ask them how they are... but when I do it? Nothing...
I'm a person too you know I guess I dont actually have friends.",C5,"The person is feeling alienated and lonely because they feel like no one is paying attention to their emotional well-being. They are expressing a sense of isolation and lack of connection with others, which is a common experience associated with alienation-related stress.",4.0,"i dont have friends , i am so tired, i am jealous of some of my friends"
446,4529,Nothing is real. Time doesn‚Äôt make sense. I‚Äôve run out of weed and I‚Äôm too paranoid to get more. I don‚Äôt know if it‚Äôs more selfish to just end it or stay and continue to waste my parents money on meds and doctors. I don‚Äôt know what else to say. I don‚Äôt think it matters. What do I do?,C3,The use of drugs like weed may have led to medication-related stress and paranoia. The mention of meds and doctors indicates a potential struggle with mental health and the decision-making process of continuing medication reflects a significant level of distress in dealing with these issues.,3.0,i have run out of weed
447,4530,I'm 15 and I think this it. I think once she moves I'm gonna kill myself. I don't wanna feel so alone again and I know I won't be able to take it I'm sorry but this is definitely it.,C4,The mention of feeling alone and the extreme statement of considering suicide after someone moves suggest relationship related stress.,5.0,"i don't wanna feel so alone again, i won't be able to take it"
448,4531,"Hello everyone! I, as well as most people on the subreddit, have depression. I've been struggling with it for a few years. Recently I was prescribed with welbutrin. I must say that I cant express how much better I've been doing. I still have my moments at night but it's definitely not as bad. I've been struggling with my weight for a while as well but I was just laying in bed and had a weird switch get flipped and now I want to change my diet, i want to start going to the gym and be active. It's crazy because I'm lazy as fuck. Maybe doing this will help a lot with my depression. 

I'm scared though because a few years ago I broke my back while playing football. I was really active outdoors. I played football for the school, I kayaked, hiked, etc. Not being able to do those things has caused me to gain a bunch if weight and become insanely depressed. I lost feeling in my toes for 6 months after the initial accident. I wasn't able to do anything active. My toes are fine now but the fact that I'm not able to do what I used to do because of the accident has caused me to be depressed. I dont want to be depressed anymore, I'm sure everyone can relate. I want to get my life back the way it was and the only way I can do it is to step out of my comfort zone and find someone who will be willing to help me achieve my goal. 

Although it may be difficult, I know if I try my hardest I can achieve my goal. I apologize for the rant but this sudden change in my mindset has got me really motivated and honestly a bit emotional. I was scared I'd never find a way out of this rut. I'm also scared to lose this motivation. I dont want this to be a small fluke of motivation and then tomorrow I'm right back at where I was. But I shouldn't focus on tomorrow. 


Anyways again sorry for the rant but I couldn't bottle it up. I hope you have a nice day to whomever is reading this (:",C3,"The person's mental state seems to be predominantly focused on their experience with medication, particularly Wellbutrin, and how it has positively impacted their depression. The individual expresses concerns and fears related to their medication and its effects, as well as changes in their mindset and motivation as a result of the medication. The mention of the past struggles and the desire to overcome depression with the help of medication indicates a significant focus on medication-related stress.",5.0,"i have been struggling with my weight, i was just laying in bed and had a weird switch get flipped, i want to change my diet, i want to stat going gym, i am lazy because iam crazy"
449,4532,"all my life i have been in second and third place. never first. theres always someone better than me. im always one step behind. i cant get all honors i cant live up to my parents expectations they will never be proud of me. i always have to ""hurry up"". my sibilings are 10x better than me at everything. i have no common sense, even my third grade teacher told me. im in the smartest class but my grades are inconsistent. i've become content with failure. i've stopped trying. i only like two of my friends and i have over 10. i spend thousands of hours on a game and im still not good at it. i have nothing to live for except my dog. if i grow up and get a job ill still be crippled by student loans, because even though my brother got a scholarship i most definitely wont get one. i will work a 9-5 hour job never enjoying my life. i cant control my anger, my relatives are extremely annoying and i constantly have incredibly high standards set upon me when i know my dad never met those expectations. i will never be good at spanish. i have nothing to live for. i used to be athletic during elementary now i get ridiculed for being unable to catch a tennis ball. i dont know how to end this post",C5,"The person expresses feelings of inadequacy, being constantly overshadowed by others, feeling left behind, and facing unrealistic expectations. They mention being unable to live up to their parents' expectations, feeling inferior to their siblings, and experiencing contentment with failure. Additionally, they have a sense of alienation, having only a few friends they like out of many, spending excessive time on a game without significant progress, and feeling like they have nothing to live for except their dog. These sentiments suggest a profound sense of alienation and disconnectedness from others and themselves.",2.0,
450,4534,"I don't feel useless, im useless.",C5,"The statement reflects a sense of alienation and low self-worth. The individual seems to be experiencing feelings of disconnection and worthlessness, which are common signs of alienation-related stress.",5.0,im useless
451,4535,"Every day now for years, it's been exactly the same. Wake up, attend online school, get scolded by my teachers and parents for my poor grades and how slow I am, spend hours doing homework I struggle with, be overwhelmed and stressed about my life, cry, go to bed, and repeat. On the weekends I'll either just sit in my room all day watching YouTube or nap all day because I can't even find the energy to get out of bed and do anything. I can't even find the will to finish my overwhelming amounts of homework. I don't enjoy anything anymore. I don't have any skills, talents, or interests, and I can't even get a job since I live in the middle of nowhere and I'm terrified of learning to drive. I don't even really know anything about the real world. I'm just a husk of a person who rots in isolation in my room all day fantasizing about dying. I am so desperately alone and I feel like a absolute worthless moron. My entire life I've never even had one friend to talk or confide in. Every time in the past when I was going to public school and tried to make friends with people I always fucked up and made myself look idiotic because I never understood how to talk to people and form connections with them. I can't even make online friends. No one cares about me, not even my own parents. Every time I try to have a conversation with my mom, (who is the only thing keeping me from not being totally socially isolated as I am pathetically desperate just to have someone talk to me since I have no one else) she doesn't even bother to pretend to listen to me. She has more important things to do than spare a moment of her time talking to me. I get it, but I wish she didn't make it so obvious. 

I just am so tired of trying to survive each day of hell by myself. I don't see how life can get any better when I'm already incapable of achieving anything. It doesn't help either that I'm so scared about the future. I don't know what I want out of my life, and even if I did, I'd have no idea how to get there with how far I've fallen behind everyone else and how unmotivated I am. I'm scared of fucking my life up even more than I already have. Maybe it'd be easier at this point for me to just drown myself to prevent having a depressing future where I'm suffering even more. I don't really know.

I don't expect anyone to actually read this, but if you did, thank you so much. I hope you find some form of peace today.",C5,"The person is experiencing extreme feelings of alienation, loneliness, worthlessness, and isolation. They express a deep sense of disconnection from others, feeling like a 'husk of a person' who has no skills, talents, or interests. The lack of friends or a support system exacerbates their feelings of loneliness. Additionally, their struggles with forming connections with people, both in public school and online, contribute to their sense of alienation. The person's desperate desire for someone to talk to, even if just their mother, highlights their profound loneliness and isolation. The fantasies of dying and contemplating self-harm suggest a sense of hopelessness and detachment from life. All these factors point towards a significant alienation-related stress.",2.0,"for years it's been exactly the same, online school, scolded by teachers, poor grades, hours doing homework, stressed about life, don't have skills, can't get job"
452,4536,"A couple weeks ago, I overdosed on some Xanax I had lying around and chased it down with some vodka. It put me into a deep sleep and that took me around 36 hours to completely recover from. A friend found me at some point during this since I wasn't returning any of their calls and they know what I struggle with. Anyway, for some reason, I haven't really thought about what happened at all since then and I guess I kind of just shook it off (or tried to). But now that I'm thinking about it, I'm questioning what my intent was behind doing what I did. I didn't ""plan"" to kill myself but I remember thinking to myself ""if this kills me, that's okay."" Should I consider this a suicide attempt or just an odd lapse of judgement? I should mention that I have attempted suicide before and the thought process was much different than what happened this time which is part of the reason I'm so confused.",C3,"The mention of overdosing on Xanax and mixing it with alcohol, as well as the lack of concern towards the consequences, indicates a medication-related issue. The individual's confusion about their intentions and past history of suicide attempts suggest a significant mental health crisis that needs immediate attention and support.",0.0,
453,4537,"I keep in phone contact with my parents, but sometimes when I make a big mistake I really need someone to hug and cry to. I feel so alone in this world. I don't have any pets either. The friends I have keep in touch but live far away as well. I'm afraid of what will happen when my parents are gone.",C5,"The person expresses feelings of loneliness and alienation, mentioning the lack of physical support from family, friends, or pets. The fear of being alone in the future without the support of parents also contributes to the sense of alienation. This indicates that the writer is experiencing alienation-related stress.",5.0,"need someone to hug and cry, alone in world, friends live far away"
454,4538,"There‚Äôs a bad situation in my group home that i‚Äôm unable to handle and they just say live with it and i can‚Äôt leave bc my parents are sick of me. I have nowhere to go, and this situation is making me absolutely miserable. Well then if no one reacts ill probably be homeless next week. What a fcking shitshow",C5,"The person is feeling alienated and isolated, as they are unable to handle a bad situation in their group home and feel like they have nowhere to go. This sense of helplessness and despair indicates an alienation-related stress.",4.0,"parents are sick of me, nowhere to go, bad situation iin my group home"
455,4539,"I‚Äôm losing everyone and everything around me. I‚Äôve reached out but no one seems to understand the fight I have within myself in my own head. I have 2 children under 8 yrs old and it aches me to wonder how they‚Äôd be without me. I always think okay they have my parents they have their dad. When is someone going to save me from my demons I can‚Äôt seem to battle anymore. I lost my brother two years ago to suicide and I wish it were me instead. Everyone keeps telling me that time heals all wounds, but no one can tell me what I‚Äôm supposed to do right now. Right now I can‚Äôt sleep. It‚Äôs right now that I can‚Äôt eat. Right now I still hear his voice and sense his presence even though I know he‚Äôs not here. Right now all I seem to do is cry. I know all about time and wounds healing, but even if I had all the time in the world, I still don‚Äôt know what to do with all this hurt right now. I want to walk away. I‚Äôm ready to end it all. This is my last resort. I graduated college for what? I paid thousands of dollars to be told I‚Äôm not good enough. I can‚Äôt make anyone love me. I‚Äôll never be enough. I‚Äôve attempted suicide when I was younger I hid my depression for so long but I don‚Äôt think anyone realizes how far off the grid I‚Äôve gone. I‚Äôm only 27. I‚Äôve literally lost everything but my babies. I lost my determination I lost my strive for life. I give up.",C4,"The individual expresses deep emotional pain, a sense of isolation, hopelessness, and thoughts of suicide. They mention losing close relationships, especially their brother to suicide, and feeling like they are not enough for others to love them. This indicates a significant struggle with relationships and emotional distress, placing them under relationship related stress.",4.0,"losing everyone, lost brother, still hear his voice, sense his presence"
456,4540,I need to kill myself but I don‚Äôt have the guts right now. I‚Äôm scared it will go wrong or I‚Äôll panic. I have so many reasons to kill myself. I don‚Äôt see a light at the end of the tunnel as much as I desperately want to. I feel so lost and alone.,C3,"The mention of feeling lost, alone, and lacking the courage to carry out self-harm suggests a mental state possibly influenced by medication-related stress or depression.",5.0,"feel lost, alone, don't see light at the end"
457,4541,"Not gonna lie, I feel like a fucking dumbass typing this. But I‚Äôm failing at life, really want to die, and am too embarrassed to explain to the people closest to me that I would rather die than proceed with my futile attempts at life. So here I am, on reddit, for some unknown fucking reason. I guess I just need to vent and this seems like the best place because I‚Äôm sure no one I know will look here. So here it goes

I‚Äôm 23. Live in my parents basement with an amazing girl that I really don‚Äôt deserve. Most of my life I‚Äôve been the quiet kid. Most people were scared of me in school because of that, but I‚Äôm too much of a pussy to actually do anything. Only reason anyone would talk to me was because I played football and went to school with most of my team. 

From elementary school through middle school I was really fucking ugly. Acne was terrible, huge fucking nose, no confidence. Had like 2 encounters with girls during this time period and I was a hardcore ‚Äúnice guy.‚Äù Those 2 encounters were enough for everyone to realize I‚Äôm pretty fucking retarded. So most people avoided me. High school I peaked. (and by peak I really don‚Äôt mean much. Just the time that I wasn‚Äôt absolutely pathetic) Met the girl I‚Äôm with now, got in really good shape and did pretty good in football. Managed to get fucking C‚Äôs all throughout though so I got no scholarship for college. 

After high school my parents were amazing enough to pay for my college. 5000 fucking dollars a semester for me to do average my first semester then fail calculus my second semester. After my second semester I let my father convince me that I should go to school closer to home and do electrical engineering. First semester I did average. Next semester I failed fucking Chemistry and lab. Semester after that I failed my chemistry lab again so I had to switch to Computer engineering. Semester after that I failed Pde‚Äôs. Pretty much every semester after that I‚Äôve failed classes. Not because I‚Äôm not learning the material but because I‚Äôm so fucking lazy I don‚Äôt do half the homework. Usually my homework grades suck but my test scores are good but not good enough to keep me from failing. Every year my parents keep telling me that they are going to make me move out and pay for my own school, but they keep giving me more chances and I keep royal fucking those chances. Honestly don‚Äôt understand why they give me so many chances. 

Anyways, this year isn‚Äôt any different. Last semester I took 3 fucking classes (9 credit hours) and failed all three of my classes. Worst I‚Äôve ever done. So this current semester I‚Äôm retaking 2 of the 3 I failed and just had to withdraw from one of them and the other I will probably get a C in. I don‚Äôt get it. I have a part time job at fucking Chili‚Äôs, I live at home, have everything going for me; don‚Äôt have to worry about expenses, amazing girlfriend, family that loves me. Yet I can‚Äôt fucking pass two fucking classes.

I‚Äôm a failure. Honestly no other explanation. I get to tell my mother that after this semester I am dropping out and moving out, therefore waisting 50,000$ of her money. Thing is, if I can‚Äôt pass two fucking classes how the fuck an I suppose to live on my own. Other thing is, I wouldn‚Äôt be on my own, my girlfriend would be with me which makes everything worse because I would be dragging her down with me. So instead of moving out I have decided I should probably just kill myself. I‚Äôve planned it out for the most part. I have a 30-06 in my room that guarantees my death, I‚Äôve scouted a place out where no one will be able to find my corpse. I haven‚Äôt written my goodbye letter because I‚Äôm honestly too pathetic to write one and probably won‚Äôt even leave one, I plan on depositing all of my money into an account that my girlfriend has access to so she can get out of this house as quickly as possible if need be, etc...

I know my death will negatively impact those closest too me but I‚Äôm almost positive my parents will get over it. Honestly my father has given up on me so I don‚Äôt think he‚Äôll care much. My grandparents will be devastated but they will get over it.
Only one I‚Äôm worried about is my girlfriend. She‚Äôs about to start a new job right when I plan on killing myself and I don‚Äôt want to ruin that. I‚Äôm sure I can figure something out.

At the same time. I really don‚Äôt want to die. It still breaks my heart that I have to leave everything behind. My family has two amazing dogs that I would die for, I managed to go out with a girl way out of my league for 5 years that‚Äôs about to get a job relevant to her dream career, I have grandparents, aunts, and uncles that all seem to like me, etc...

Guess I‚Äôll just bring a couple bottles to try and get over that heartbreak so I can pull the trigger.

Anyways, sorry to start my own fucking pity party. It was just hurting me to not say or write anything before I die since I‚Äôve done relatively good at hiding my depression from everyone. 

Thank you for reading.",C4,"The person's overwhelming feelings of failure, inadequacy, and thoughts of suicide indicate relationship-related stress. The individual expresses deep concerns about how their actions, such as failing in college and contemplating suicide, would affect their girlfriend and family. They mention feeling unworthy of their girlfriend and fear of dragging her down with them, showing a strong emotional connection and dependency on the relationship. The person's struggle with the idea of leaving behind loved ones and the consideration of the impact their death would have on their girlfriend further point towards relationship-related stress.",2.0,"failed classes, can't pass two classes, wasting 50000$, i'm a failure, no confidence"
458,4542,"1. I want to run in an open field and when I'm done someone with cold hands and a warm smile will choke me to death so I can hear a snap

2.A dark room with someone sitting in the corner

3.I want to carve my face for some reason",C5,"The person seems to be experiencing feelings of alienation and detachment from reality, as indicated by the disturbing and disconnected nature of the thoughts expressed.",0.0,
459,4543,"Hey, I'm a 17yo living in the Uk and i was just looking for any advice on therapy/councelling anyone could share

The only real experience ive had with councelling was having these 'negative thought sessions' when i was like 8/9 it was pretty brief after the person conducting unfortunately fell really ill and had to go off sick and i never really heard from them again, other then that i had one session when i was about 13/14 with the school counsellor when she said she'd check in with me and never did after that.

I just dont want to mess this up, i find reaching out really hard and here i am legitimately trying on my own accord for the first time without anyone elses input

Any advice on how to get therapy or even just what i should do if i do manage to get any sessions somewhere?",C5,"The person is feeling alienated and disconnected, as indicated by their past negative experiences with counseling where the counselors either fell ill or did not follow up as promised. This has likely created a barrier for the individual in seeking help and has made reaching out for therapy a challenging task. The sense of isolation and lack of follow-through from previous experiences may contribute to the individual's current difficulty in seeking therapy and their apprehension about potentially 'messing up' the process.",0.0,
460,4544,"On the edge of suicide I can‚Äôt deal with the pain anymore no one fucking likes me and I‚Äôm always nice to them Everythint feels so dry I‚Äôm fucking crying 

I‚Äôm sorry",C5,"The person expresses feelings of alienation, rejection, and loneliness, as well as hopelessness and despair which are characteristic of alienation-related stress.",5.0,"no one likes me, can't deal with pain, feels dry"
461,4545,I'm 18 my parents constantly tell me there disappointed in me and my life is going no where and I'm a failure every time iv asked them to stop saying this kind of stuff they say they wouldn't say it if it wasn't true and I have absolutely no one to turn to and am at the lowest iv ever been in a while,C4,"The premise indicates a deep sense of emotional distress stemming from the strained relationship with parents. Constant criticism, feelings of failure, and lack of support suggest relationship-related stress.",4.0,"parents, disappointed in me, life going no where, no one to turn"
462,4546,Spent almost all day at the hospital. Internet down (I'm using a public network to write this) and then I threw up in bed so now I have to change sheets at almost 3am.   Geez can't something go right for once?,C3,"The person is experiencing a combination of medication related stress due to being at the hospital and feeling physically unwell, leading to frustration and exhaustion.",0.0,
463,4547,"I don't understand this, I really don't. It feels like I can't make progress. Some days I feel good (better than usual, at least) and others, like today, just feels like I can't do literally anything. I almost never take naps, and I climbed into bed after doing nothing for hours and took a two hour nap because I didn't want to be awake. Some days I think I am getting better, that I can make better habits and get myself out of this crutch. Then I just get hit like a goddamn bus with all these negative thoughts out of nowhere and I'm back to square one. It's so disheartening, it feels like I'm trying to swim through tar towards some land that is miles and miles away. I know people care about me, but it doesn't feel like it. I know I have friends and people I can call on when I need them, but I feel so alone. Depression is so hard..I hope it does get better eventually...I just need to hang on to that hope..",C5,"The language used in the premise suggests feelings of isolation, loneliness, and disconnection. The person expresses a sense of being unable to make progress, feeling alone despite knowing there are people who care, and experiencing sudden waves of negative thoughts. These are all common indicators of alienation related stress, which often manifests in feelings of detachment and distance from others, as well as a sense of hopelessness and disheartenment.",5.0,"can't make progress, back to square one, can't do anything"
464,4548,"Today's my first appointment with a psychologist, but i don't know if it's going to work, I might give up. Has it worked with you?",C3,The person is likely experiencing medication related stress as they are unsure about the effectiveness of the psychologist and are considering giving up. This uncertainty and lack of confidence in the treatment can be indicative of medication related stress.,0.0,
465,4549,"I have 0 friends. I‚Äôm getting bad marks in school and I‚Äôm garbage at my major. Never had a girlfriend and I have terrible anxiety that inhibits me from everything. I don‚Äôt have the balls to approach a girl or even ask a question in class. And the final blow is that I‚Äôm literally broke and have to work on the weekends to keep ~150 bucks in my account which just puts me further behind in school. 

I‚Äôm just so tired of everything. Tired of doing everything alone, having no one to talk. Tired of constant school work or shitty part-time job work. I resent my dad and dislike my step mom.

I feel like I‚Äôve tried so hard to improve my life, going to the gym, meditating, cold showers, but it‚Äôs gotten me nowhere. I don‚Äôt want to try anymore. I just want to die. This life is not for me. Thank you if you read this",C5,"The person's feelings of isolation, lack of friends, poor academic performance, and general dissatisfaction with life indicate a state of alienation-related stress. The individual expresses a sense of disconnect from society, struggles with relationships, and feels overwhelmed by the challenges they face, leading to thoughts of hopelessness and wanting to escape from their current situation.",4.0,"resent dad, dislike step mom, 0 friends, never had girlfriend, doing everything alone, no one to talk"
466,4550,I can‚Äôt do anything right. I have a friend who can do what I can and she can do it better and can do more. I know you shouldn‚Äôt compare yourself but I don‚Äôt care! I‚Äôm DONE byeeee!,C5,"The person is feeling alienated and inadequate compared to their friend, which is leading to feelings of worthlessness and frustration.",1.0,"can't do anything right, friend can do what i can, she do it better and more"
467,4551,"I think about suicide most days. When I visit my 92yr old grandmother in her care home I wish I could be there, waiting to die - how peaceful it must be to know you will be released from all this suffering very soon? 

I consider myself a spiritual person and have been heavily into yoga, meditation and psychedelics and learnt about Buddhist philosophy which is what has formed my beliefs about death. Most people find this a healing path but for me the transcendental experiences I have had have felt like such a homecoming that I haven‚Äôt wanted to return to reality. I have never felt at home in myself and often feel like I desperately want to ‚Äúget out of my body‚Äù in which I feel trapped. I have always felt I was born into the wrong body/life. I‚Äôve also believed from a young age that I will die from suicide or a reckless accident. I unsuccessfully attempted age 25 and have had some other near misses. 

The thing I am struggling with is I believe that if I kill myself my soul will return back to the source but I am worried it will be turned around and put right back into another life of equal amount of suffering to mine as my soul won‚Äôt have evolved at all. I don‚Äôt think I can escape it unless I evolve by overcoming my struggles. I‚Äôve had an eating disorder for 17yrs, as well as BPD and Bipolar. I guess this is the cycle of Samsara and the continual dukkha/suffering which is part of the human condition. 

When I think about this it makes me feel trapped and is going some way to put me off the idea of suicide, but at the same time I feel like I‚Äôve exhausted my energy to try and overcome it all in this life - I‚Äôm exhausted in my battle against this ED, it feels completely hopeless.  Perhaps if reincarnation does happen at least I could try overcoming some other set of struggles? 
Hoping reincarnation is not a thing and our souls return to the source and don‚Äôt have to come back here again for more of this bullshit!",C5,"The person expresses feelings of alienation and disconnection with their current life. They mention feeling like they don't belong in their body or life, and express a desire to escape their current circumstances. This sense of detachment and longing for an alternative existence indicates a state of alienation-related stress.",3.0,"eating disorder, bdp, bipolar, feel trapped"
468,4552,I fell into a deep dark place 6 months ago and haven‚Äôt made much progress. The only thing holding me together is meds. So how do you make your days more bearable?,C3,The mention of relying on medication to function and the sense of hopelessness and lack of progress indicates that the person is likely experiencing stress related to medication use.,5.0,"fell into a dark place, haven't made progress"
469,4553,"Hello. Depression has always been a secondary problem for me, with my main antagonist being severe Harm OCD. But since my relationship ended 8 months ago, I've been stuck in this horrific cycle of absolutely loathing myself, feeling heavy/tired and totally unmotivated to do anything. It's like I'm living in a 2 dimensional world. Nothing in life jumps out and catches my attention like it used to. I used to be quite creative but it's just taken a nose dive. Any work I do is utterly awful and I'm amazed I'm not been kicked off projects (I work freelance). I wake up and I just want to be dead, quite honestly. In fact in the last few weeks I've even found getting out of bed to be a monumental struggle in itself, where I'm almost in tears from the weight of everything.

I am getting help with a therapist and am on an SSRI/low dose anti psych. And I've taken their advice seriously in terms of behavioural activation and avoiding staying in bed. I've started cycling again (just done 20 miles today in fact). But I still feel utterly wretched and everything I do is laced with this horrible belief that this is the end and suicide is my only way out of the pain I'm going through. The years ahead fill me with dread (I'm in my 30s). With my Harm OCD I have a huge hatred of myself anyway, but lately things have just got so heavy. I'd just like to know if anybody can relate to my post and has any first person advice? Psychiatrists and therapists always feel so removed from the reality (for me, anyway) - I'd just like to hear from people who know what's like and have helped themselves.",C4,"The mental state of the person appears to be primarily influenced by the recent end of their relationship, leading to a cycle of self-loathing, feeling heavy and unmotivated, and struggling with thoughts of suicide. The individual mentions how their creativity has declined, their work quality has suffered, and they find it difficult to get out of bed, indicating a deep level of distress and despair related to the relationship ending. The person's description of loathing themselves and feeling like suicide is the only way out aligns with the emotional turmoil commonly associated with relationship-related stress and heartbreak.",3.0,"relationship ended, stuck in horrific cycle, in tears from the weight of everything"
470,4554,"I have made small effort in trying to fix my self esteem, but it‚Äôs so hard and it feels impossible because I believe all my negative thoughts. I think I‚Äôm ugly, huge, boring, and unfunny person. I put up a good front when I talk to people that I don‚Äôt even think anyone knows how much I just want to stop living. I haven‚Äôt made any suicide attempts, but some nights I start thinking about how lonely I am. No one in high school liked me very much, lots of rumors would be spread about me. So after I graduated I didn‚Äôt keep many friends. I get it though, I‚Äôm boring. I don‚Äôt even daydream anymore about me living in a better mental state, surrounded by fun loving people. I thought it was stupid for me to live inside my head, so I stopped. But that was one of the things that would help me fall asleep better. I used to be a hopeless romantic but now I am convinced no one will ever love me. I don‚Äôt have crushes anymore because thinking about relationships sucks because I always put myself under a microscope and find everything wrong about me. I am alone, I can‚Äôt even bring up conservations about my mental health to my mom because she thinks I‚Äôm doing it for attention. I subconsciously probably am. I just don‚Äôt want to be here anymore, why did I have to be born. If I was really depressed I would have killed myself already, I don‚Äôt know why I feel like this. I don‚Äôt think I‚Äôll get better it‚Äôs been this way for almost 3 years.  It‚Äôs so unfortunate that I exist and can‚Äôt disappear from peoples minds. Have any of you seen eternal sunshine for the spotless mind? You know how you can be erased from someone‚Äôs memory in that movie? If that were real I would of erased my sisters memory and my aunts  so they don‚Äôt have to feel pain when I kill myself",C5,"The person is feeling alienated and isolated, expressing feelings of loneliness, self-loathing, and a desire not to exist. They mention being alone, not having many friends, feeling boring and unlovable, and believing that nobody cares about their mental health struggles. The individual also expresses a desire to erase memories of themselves from loved ones to prevent causing pain, which indicates a deep sense of disconnect and alienation from others.",1.0,"self esteem, negative thoughts, ugly, lonely, find everything wrong about me, huge nose, unfunny person"
471,4555,"I‚Äôve been suffering for years and just this November I decided to tell my parents and ask for help because I couldn‚Äôt find a therapist on my own and wanted help. They listened, said a lot of ‚Äúthe right things‚Äù but near the end of the discussion they summed it up to stress and school and activities and tried to ‚Äúfix my problems‚Äù. They agreed to search for a therapist though and a couple days later even told me they found someone and were waiting on a call back. It‚Äôs been about 4 months and there‚Äôs been nothing. When I ask they only say they‚Äôre waiting on a call back. I just want help. It‚Äôs gotten progressively worse and worse. I‚Äôve come here because I am in a place currently where I‚Äôm afraid I could go home and commit suicide. I just needed to rant, sorry if this doesn‚Äôt fit the sub or the rules, I only scanned them.",C3,"The person has been suffering for years and recently decided to seek help from a therapist, but faced difficulties in finding one on their own. Their parents, though initially understanding, attributed their struggles to stress and school activities, indicating a lack of understanding of the severity of the mental health issues. The delay in finding a therapist despite assurances from the parents has exacerbated the person's mental state, leading to thoughts of suicide. This situation highlights the medication related stress the person is experiencing due to the challenges in accessing appropriate mental health care.",0.0,
472,4556,"I had planned to kill myself tonight. I bought pills and had been just so ready to end it. I have just been feeling empty, hopeless and worthless lately. I‚Äôm just sick of feeling like this over and over again. But then my sister called, and she started talking about plans for when I come home in two weeks. She was so happy to talk to me and to get to spend 9 days with me, I just can‚Äôt do that to her. I‚Äôd like that week to be a happy memory after I can do something but I want to be there for my spring break. So I didn‚Äôt take anything or do anything. She doesn‚Äôt even know what her calling did, I didn‚Äôt want to tell her.",C3,"The individual expresses feelings of emptiness, hopelessness, and worthlessness, which are common symptoms of depression. The mention of buying pills, feeling ready to end their life, and considering suicide indicate a serious mental health issue requiring medical attention. The decision not to take the pills after the call from their sister suggests some conflict within them about seeking help or causing pain to a loved one. These actions and emotions are closely related to medication-related stress and mental health issues.",5.0,"worthless, hopeless, feeling empty"
473,4557,"I broke up with my bf about a year and a half ago, after being together 4 years. Throughout our relationship he was often depressed, angry at everything, narcissistic, extremely anxious, would go through phases of not eating, etc. I tried helping as much as I could and encouraging he get help (which he did a few times, on and off seeing a therapist) but it never worked.

I had to cut off our relationship because it just became ""too much"". He would blame me for his carelessness, would get annoyed if I offered help in any way, and was just constantly negative. I just often didn't feel loved, and without ranting his mental health issues were stressful as I tried and tried to help him and it felt useless.

When we broke up I didn't feel the need to block him but did not want to be ""friends"" or really ever have any communication any more. Since we broke up, he has texted me here and there that he's suicidal, hates everyone, screams at himself, has no reason to live, etc. He told me that since I broke up with him he would kill himself, but i took that more so as manipulation. I would text him trying to help, offering advice, and so on, which was mentally draining because any time I'd try and help he'd continue texting things like ""I'm just gonna kill myself"". I have told him so many times he needs professional help and by doing so will improve his mental health. 

He's nearly 30 and has barely held a job because he ""hates all the managers"" wherever he works and continuously drops out of school to sit at home and be handed money by his mom and play PS4 all day. When I encourage finding a different job or so on he gets offended and tells me I'm a ""slave"" because I have a full time job.

I've since entered a new relationship with someone I love very much. When my ex randomly occasionally texts me (he texts me probably once every 10-15 days) saying he wants to kill himself I panic and reply and try to help. I told my current bf about helping my ex and he was understandably upset. I know I need to stop communication with my ex but I worry by telling him we need to stop talking he actually will kill himself. I have told a close friend this and they told me if he doesn't want to accept help or seek any help, and kills himself, at least I tried and there was nothing more I could do. 

The other day at work I checked my phone and had a ton of missed texts from him saying he was going to kill himself  &amp; that he has no reason to live anymore. All the texts made me panic terribly, I had to leave work because I started crying and ended up calling suicide prevention (they were beyond unhelpful) because I know he needs help. After 4 years of hearing him talk about being depressed, and never accepting help and then breaking up and still hearing it through text and STILL trying to get him to see a professional and get help I am honestly burned out and mentally drained. I don't know what else I can do at this point besides telling him, for the last time, he needs help and due to me being in a new relationship we need to stop talking and I wish him the best.",C4,"The person who wrote the premise is experiencing relationship-related stress. They have been in a past relationship with someone who had severe mental health issues, including depression, anger, narcissism, and anxiety. They tried to help and encourage their ex-partner to seek professional help, but their efforts were ineffective. The relationship became emotionally draining due to constant negativity, lack of love, and manipulation by the ex-partner. The writer felt the need to end the relationship to protect their own mental well-being. Despite the breakup, the ex-partner continues to reach out with messages indicating suicidal thoughts and a lack of will to live, causing the writer to feel panicked and emotionally overwhelmed. The writer's current partner is also affected by the situation, leading to further stress and conflict. The writer's struggle to set boundaries and prioritize their own mental health in this toxic relationship signifies relationship-related stress.",4.0,"broke up with my bf, he was depressed, entered a new relationship, try to help, stop communicating with my ex, texts made me panic terribly"
474,4558,"Life is hard. I failing one of my classes(chem). I‚Äôm really stresses out. I have depression, for the past few years.  I feel like killing myself each because I‚Äôm not good enough for my parents. My sibling all have amazing jobs and great singing voices. And I just feel like I‚Äôm the one home and depressed holding my parents down.  I feel like it would be easier to go instead of me being here in pain, and spreading that pain to others.",C3,"The person mentions struggling with depression for the past few years, feeling like killing themselves, and feeling inadequate compared to their successful siblings. These feelings of worthlessness and hopelessness are common symptoms of depression, which can lead to suicidal thoughts. The mention of medication could indicate that the person is currently on medication for their depression, but it may not be effectively managing their symptoms, leading to increased stress and thoughts of self-harm.",2.0,"not good enough for my parents, siblings all have amazing jobs, holding my parents down"
475,4559,"I'm not one to reach out to strangers for help but something is wrong with me. I've felt empty for a long time now but I always contributed that to a lack of motivation.

 I fill this void so to speak with temporary pleasures like women, sex, working out regularly, and winning in games but they're all just distractions

Today I woke up and I was just sad and I don't even know why. I'm usually able to hold such feelings back but I woke up at 3am in the morning after going to bed a almost 1am. I was absurdly hungry and made some eggs and I just started crying. I just sat there eating these damn eggs with tears streaming down my face. There wasn't even anything wrong, I shouldn't be sad and yet I feel lower than I ever have. I've got a good family, plenty of friends, a job that is adequate for the time being, and I'm reasonably good looking to my knowledge but it's never enough. No matter how much I improve physically, no matter how much I win at DBFZ, no matter how many woman say I'm hot at the end of the day I still just feel empty.
Now I'm not here claiming to be depressed without even seeing a doctor but I don't like this. It seems like the only time I'm happy is when I'm in a relationship, but needing to constantly use a girl as a crutch to justify my existence isn't much better than being miserable by myself. I don't even enjoy life anymore I'm just going through the motions because I have to.

I don't know what to do and it frustrates me. I'm by no means suicidal but I'm tired of feeling tired. Every morning I wake up after 3 or 4 hours of sleep and lay there doing nothing. I feel useless and undesirable, I go on tinder and maybe I'll have a match or two but they just bore me with their monotonous bios and questions. It's not like I'm on there being toxic I do my best to make conversation but the thoughtless, close ended responses these girls send me annoy me and I just drop them.

I just want to feel content but I'm not even sure if I remember how. I know I'm not the only one who's ever felt this way. what did you guys/girls do to fill this hole I guess.",C5,"The author expresses feelings of emptiness, a lack of enjoyment, and a sense of alienation even in the presence of good family, friends, and external successes. They struggle to find fulfillment and seem disconnected from their own emotions, leading to a sense of being lost or isolated. The use of temporary pleasures as distractions and the inability to feel content indicate a deeper sense of disconnection from oneself and possibly others, which aligns with symptoms of alienation-related stress.",5.0,"fill this void, temporary pleasures, womens, sex, working out regularly, winning in games, my knowledge is it's never enough, feel empty, feel useless, undesirable"
476,4560,"Turning 31 on Friday. Every year since I was maybe 12 or 13 I have felt this way. Once in awhile I want to see friends, party, indulge. But that lasts for mere minutes. Then the doom and gloom sets in and all I think about is really sticking it to everyone and offing myself on my birthday. I feel like I only stay alive so no one's ""feelings get hurt"" 

I'm at a point now not only am I just drowning in self loathing...I literally live to pay bills and make sure everyone is happy. 

I can no longer financially, mentally or physically afford to stay alive.  If I do it. I want to write a really really mean note to make sure everyone just stays mad and is glad I'm dead. I want to spill everyone's secrets and turn everyone against one another. They wont miss me. They'll be too wrapped up embarrassed by their own actions that I'll unveil. 

I'm sad. I'm angry. I hate myself and everything...except my dog. I'm pathetic and I suck and I just want it all to be over.",C4,"The person's mental state is deeply affected by their relationship with others. They express feelings of wanting to hurt others emotionally by revealing their secrets, turning them against each other, and causing them pain. The focus on wanting to stick it to everyone and make sure no one's feelings get hurt, along with feelings of self-loathing and the desire to write a mean note to hurt others, indicate relationship-related stress and a sense of alienation and despair within their social connections.",1.0,"drowning in self loathing, hate myself, i'm pathetic, i suck"
477,4561,"Been put back on antidepressants to help me with anxiety and depression. Also, short term benzo. Nothing is going right in life at the moment. And I've taken to hurting myself in anyway as much as possible.

I have no control and alone in this, no one that actually wants to walk with me through this... Which, is the norm.

And, I've done what I always do, which is cut everyone off, delete/deactivate everything, go to work with a mask on every day, crying myself to sleep every single night.

Guess, knowing that I'm actually getting up and going to work is a good thing. As last time I just let everything go. I'm not as deep as I was back then, but I am still sinking right now. 

I've also had two panic attacks since. 

How long before the antidepressants begin to work typically?",C3,"The person is experiencing intense anxiety and depression, as indicated by being put back on antidepressants and short term benzo medication. Additionally, the act of self-harm, feeling out of control, and being alone suggest a deep level of distress. The mention of panic attacks further highlights the severity of the situation. This indicates that the individual is under immense mental health-related stress due to the need for medication to manage their condition.",5.0,"crying myslef to sleep, no one wants to walk with me through this, cut everyone off, i am sinking"
478,4562,"I had to take a few months off work due to the season ending , also had pyschosis and other shit. I went back on Monday for training and it made me so depressed. I never fit in group convo's, I'm always so quiet, it's nearly impossible for me to care what these people talk about.  My God, what did I do to deserve this. Why cant I just be dead rn. The weeks before that I was improving but I'm spiralling downhill hard again",C5,"The person expresses feelings of alienation and not fitting in with others, which indicates a sense of disconnect and isolation. The lack of engagement in group conversations, feeling quiet, and the desire to be dead are all signs of alienation-related stress.",2.0,"had to take a few months off work, training, never fit in group convo's, always quite"
479,4563,Why is it the only time i don‚Äôt feel depressed is when I‚Äôm drunk or high? I‚Äôm not trying to rely on these things but damn it‚Äôs really hard not to.,C3,"The person is experiencing medication related stress as they mention feeling only able to alleviate their depressive state when intoxicated. This indicates a potential dependence on substances to manage their mental state, which is concerning and may require professional intervention.",3.0,"drunk, high, not trying to reply on, really hard not to"
480,4564,"I'm always tired, my concentration and memory got worse, what did you do to get better? I'm taking 20 mg lexapro but seems it doesn't work for that, generic wellbutrin 150 mg too, i was exhausted even before taking medications... i wake up unrefreshed every fucking day, it's a nightmare, chronic headache and backache as well every day",C3,"The individual's mention of taking Lexapro and Wellbutrin, as well as expressing that these medications do not seem to be working for their symptoms, indicates their concern and stress related to medication. They are experiencing physical and mental health issues such as tiredness, concentration and memory problems, chronic headache, backache, and feeling unrefreshed, suggesting a significant level of medication-related stress.",3.0,"chronic headache, backache, exhausted before taking medications, taking 20 mg lexapro, geeric wellbutrin 150 mg"
481,4566,"I'm way too much of a coward to kill myself, even when I have those rare moments of clarity about my life. I just don't want to see the tomorrow, I don't want to face it, i just want my damn brain to stop working at all and let all my disgusting organs die. I know I'm a disgrace yet i refuse to fix myself. There's no hope for someone like me.",C3,"The language used in the premise indicates deep despair and hopelessness, which can be associated with medication related stress. The mention of wanting the brain to stop working and the organs to die suggests a desire to end the suffering, which could indicate a struggle with mental health issues that may possibly require medication.",1.0,"no hope for someone like me, i'm a disgrace, let all my disgusting organ to die"
482,4567,"I‚Äôve always had issues with dissociation, but since I started taking meds for my depression it just seems to be a constant thing. I hate it, I feel like I‚Äôm not even human anymore. I feel more like a robot. Everybody says they‚Äôve seen such a difference in me since I started taking them, but I‚Äôm not feeling better. I‚Äôm not feeling anything. Which is scarier than feeling depressed, because it was the emptiness that drove me to start self harming years ago and I desperately do not want to go back to that place. I feel like medication is pushing me backwards. I know it. can take many attempts to find the right medication, but I‚Äôve tried three different ones so far and every one is the same. They all make me feel like this and it‚Äôs driving me insane. I just want to be able to feel like a normal human being, instead of having a choice between ‚Äúmiserable‚Äù and ‚Äúempty‚Äù. Both make me feel like I‚Äôd be better off dead, so it‚Äôs not exactly helping :/",C3,"The person's account highlights the struggles they are facing with their medication for depression. They express feeling like a robot, not human, and constantly dissociating, which are indicative of the distress caused by medication-related issues. Additionally, the mention of trying multiple medications without success and the fear of regression further support this categorization. The person's emphasized desire to feel like a normal human being and the negative impact of medication on their mental state align with the theme of medication-related stress.",5.0,"not even a human anymore, feel like a robot, not feeling anything, self harming"
483,4568,I used to binge eat to fill the void or starve myself out of punishment or watch youtube vids to fill the void or got drunk to feel numb or sleep to escape. But none of these things work now fuck,C5,"The language used in the premise indicates a sense of alienation from oneself and the world, where the person is trying to cope with intense negative emotions by engaging in destructive behaviors. The repetition of different coping mechanisms like binge eating, starvation, watching videos, getting drunk, and sleeping, suggests a feeling of disconnection and emptiness, leading to a sense of alienation.",5.0,"binge eat to fill void, starve myself out of punishment, got drunk to feel numb, sleep to escape"
484,4569,"I haven't been diagnosed with depression and I can't bring up the courage to tell anyone how I'm feeling, but I researched and I have all symptoms. I have constant suicidal thoughts and I have a sh problem. And everyday, I keep feeling worse. I feel utterly worthless and stupid and I don't know why. And it's really hard to type this post because I've never opened up this much to anybody. I have felt this way for a long time (like, a few years) and I really want to know what's wrong with me. I almost never enjoy my life anymore and I want to give up but I'm scared of hurting family members. I always act so happy and cheerful around them and I don't want them to find out the truth. Can someone give me an answer?",C3,"The person is indicating symptoms of depression, including constant suicidal thoughts, feeling worthless and having difficulty opening up about their feelings. The mention of SH (Self-Harm) further emphasizes the severity of their mental state. They are hesitant to seek help, potentially due to the stigma associated with mental health issues. The ongoing struggle for years indicates a chronic condition that requires professional help, such as medication or therapy, hence falling under Medication related stress category.",1.0,"worthless, stupid, keep feeling worse"
485,4570,"Have you ever thought of suicide by taking revenge for people ruining your life through deciet and lies. My unborn was killed by them,they took my future,they took ten years based on complete lies at gunpoint. They deserve it.",C4,"The premise includes intense feelings of anger, betrayal, and desire for revenge towards individuals who have caused harm and suffering in personal relationships, specifically mentioning the loss of an unborn child and the impact on the future. This indicates a high level of distress and stress related to personal relationships.",0.0,
486,4571,"Everyone hates me at first sight, and they dont give a fck about me when i need them. Sometimes i could be of use but its just fucking sometimes, when its not ""sometimes"", they dont fucking need me. They dont give a fck about my feelings. All they care about just to get rid of me even tho i dont know wtf i did wrong. They always ignore me like im worse than pile of shit. Acutally almost no one remembers my fucking birthday if it wasnt for facebook bday reminder. I cant even get a therapist or whatever.
Plz tell me the easiest and painless way out.",C5,"The person expresses feelings of being hated, ignored, and feeling worthless, indicating a sense of alienation from others. The frustration and despair in the premise suggest a strong feeling of being isolated and disconnected from those around them.",5.0,"everyone hates me, they don't need me, get rid of me, ignore me, noone remembers my birthday"
487,4572,Now I don‚Äôt wanna be put on a FBI watch list or anything but  my depression has been getting so bad Iv been getting more and more angry. Having no one to talk to adds on to this anger so I en up just bottling it up and I feel like just one day I may physically hurt someone. I don‚Äôt want to believe me but I just feel like that it may happen due to just lack of communication with my feelings.,C5,"The person is experiencing alienation related stress. They mentioned feeling depressed and increasingly angry due to having no one to talk to, which adds to their anger and leads to bottling up their emotions. This lack of communication with their feelings could potentially escalate to a point where they might physically hurt someone. The sense of isolation and inability to express their emotions is a key indicator of alienation related stress.",5.0,"no one to talk to,  lack of communication with my feelings,  just bottling it up"
488,4573,I used to be super emotional and negative but now I'm less emotional and more apathetic and sometimes it feels like I'm just there. Like just living and breathing. Like it feels almost spacey. I'm also super lazy and procrastinate hardcore. idk if it's possible for me to still have depression especially since I don't get severe sadness anymore and rarely cry. I'm I just something else?,C5,"The individual is expressing feelings of alienation, numbness, spaciness, and laziness, which are often associated with a sense of disconnection from oneself and the world. These symptoms can be indicative of an existential crisis or a sense of feeling lost or disconnected, leading to feelings of apathy and procrastination.",5.0,"just living and breathing, super lazy, procrastinate hardcore"
489,4574,I have a lot to live for. I just got a promotion at work about 6 months and I am really enjoying it. And I think soon I'll get another. The guy I've been dating the last 3 years loves me and supports me in any way he can. And my family finally wants to start having a relationship again with me...so why do I still think about suicide all the time?,C5,"Despite having positive things in their life such as a promotion at work, a supportive partner, and renewed family relationships, the individual still experiences persistent thoughts of suicide. This indicates feelings of alienation and disconnection from their surroundings, which might be contributing to their state of mind.",0.0,
490,4575,"i want to die but most of all i think i want to feel pain. i just want to feel *something* and if death is they way to get that then so be it. sorry for posting so much today anyways, im so very torn rn",C5,"The language used in the premise ('i want to die', 'i want to feel pain', 'i just want to feel something') suggests a feeling of alienation and disconnection from emotions or experiences. The person is expressing a strong desire to feel something, even if it's pain, indicating a sense of numbness or detachment, potentially due to feelings of isolation or lack of connection with oneself or others.",0.0,
491,4576,"why does it hurt so much? Why can‚Äôt I be happy without it? There‚Äôs this empty void in my heart that gets bigger everyday. I‚Äôm just waiting until it eats me up, since I‚Äôll never have 2 sided love.",C4,"The person is feeling relationship related stress as indicated by the mention of unrequited love and the empty void in the heart. The feeling of never having 2 sided love is causing emotional pain and distress, leading to relationship related stress.",4.0,"i'll never have 2 sided love, empty void in my heart that gets bigger everyday"
492,4577,"I‚Äôve been felling kind of sad lately and I‚Äôm not sure if this sub is the right one that can help, I‚Äôm sorry if my English is dumb and if I make some mistake. My ‚Äúfriends‚Äù secretly wanted me to leave them alone, they can just say it without it being hard enough. My life is just kinda falling apart and I need some advice to keep me going, just please help.",C5,"The writer is expressing feelings of sadness and uncertainty about receiving help, suggesting a sense of alienation and disconnect from others. Mentioning that their 'friends' secretly wanted them to leave and feeling like their life is falling apart indicates a sense of isolation and disconnection from the people around them. This aligns with the category of alienation related stress.",4.0,"my friends secretly wanted me to leave them alone, my life is just kinda falling apart"
493,4578,Life is pointless and too stressful. I wish I had the courage to kill myself,C5,"The premise suggests feelings of alienation and hopelessness, as the person perceives life as pointless and expresses a desire to end their life. These thoughts often stem from a sense of disconnection, isolation, and powerlessness, leading to a feeling of being alienated from the world around them.",0.0,
494,4579,"How can I be so fucking stupid that I manage to fuck everything up?
I was dating a girl, and then we broke up because I‚Äôm such a problematic fuck that she just pretends I don‚Äôt even exist anymore, and me, a stupid cunt thinks that one day I‚Äôll feel fine and loved again haha!
I really don‚Äôt wanna do anything anymore, my parents hate me, all my friends are running away from me and those who aren‚Äôt doing it are lovely and I really appreciate it... but I don‚Äôt wanna have to go to a place where everyone hates me and they don‚Äôt even bother telling that I‚Äôm going to be the next one to suicide in that fucking school...
I deserve it don‚Äôt I? I‚Äôm such a possessive narcissist cunt... maybe I should just accept that this thing isn‚Äôt for me... I should kill myself",C4,"The language used and the negative self-perception expressed in the text indicate relationship-related stress. The author's feelings of worthlessness, mentions of a failed relationship, and thoughts of suicide suggest a deep emotional turmoil stemming from issues in personal relationships.",4.0,"dating a girl and we broke up, my parents hate me, friends are running away from me, feel fine, loved again"
495,4580,"So I have to go to a psychiatric ward soon, and I don‚Äôt want to go back so what Is the fastest way to become ill? Enough to stay in general hospital? 
I really need help so please reply as soon as possible this is my only option.",C3,The person's mention of going back to a psychiatric ward and asking for the fastest way to become ill to stay in a general hospital indicates a high level of stress and desperation related to medication.,0.0,
496,4581,I'm scared and lost and I hate how I feel like this for weeks and then come out of it for a day or two then go back into it,C5,"The person's feeling of being scared, lost, and the recurring cycle of feeling this way for weeks followed by brief periods of relief indicates a sense of alienation and disconnection from their surroundings or themselves.",5.0,lost
497,4582,"I began losing control of when I eat in August due to job stress. I was losing control of everything in my life and this is the one thing I could. My therapist is/was aware and knows I go to the gym a lot and thinks it improved. 

I get hungry but literally ignore it,come home and eat around 7pm. Not enough. Maybe some chicken. I‚Äôm losing weight. 

I tried to break the cycle but I‚Äôm in a downward spiral.",C2,"The individual is experiencing job-related stress, as indicated by the loss of control over eating habits starting in August due to job stress and feeling overwhelmed by lack of control in life. The mention of going to the gym a lot also suggests a potential coping mechanism for dealing with job stress. Additionally, the individual's attempt to break the cycle but being in a downward spiral further emphasizes the impact of job stress on their mental state.",2.0,job stress
498,4583,"Howdy. I don't know why I'm posting like it's going to do anything for me but whatever. This is gonna be pretty wordy. A fella out here fighting the long fight. Everything's shit. Everything's been shit since I was like 11. There hasn't been a day in at least 5-6 years that suicide hasn't crossed my mind. I've managed to stay pretty functional. Less so now. I can't do anything. I'm used to having bad days. I'm used to that. But for the longest time my bad days were maximum 17 hours in bed then I get up to piss or something. It's different now. My bad days are 31 hours in bed no food or water. I don't go online, I don't talk to anyone, I just sulk. Everything's gone to shit. 

My family is big against any sort of therapy/mental illness sort of talk. I was too. Last year in August I broke down and started therapy because I knew I was slacking. I decided If not to change my mood, then to at least change my behavior. It helped for a while. Cut to December. I'm off my shit. I break down again and resort to meds. I've always been against meds for myself so idk maybe that adds some perspective. I felt like meds were the equivalent of me giving up my personality, becoming the masses. Pretentious I know but whatever. Meds don't do shit. I've had so many appointments with my psychiatrist to change my meds or the dosage but nothing has worked and it's been too long. 

I decided to go into an outpatient program in February. Things were really bad. I started disassociating very intensely. I can't feel my body move, I can't control my motions. It's one of the most terrifying things I've ever experienced. I went through the application process and got accepted into outpatient care. I was finally going to get thorough help. Confidentiality had been broken, relationships irreparable but I was going to do what I needed to do. The day I start I find out my insurance doesn't cover it.

I am so fucking tired of being too poor. I'm tired. It's so fucking humiliating to not be able to take care of yourself because you can't afford it. When I grew up everyone thought I was gonna be the kid to escape this shit. To break the cycle and actually make something of myself and be content. I was smart, I was bilingual and inventive and passionate and I learned about how to best fight my circumstances. I really thought I had a chance. But I don't.

There's no escaping the cycle of poverty. It comes back to bite no matter what you do.  My grades suffered because I didn't have a computer, or internet, or because I was losing my apartment or whatever the crisis might've been at the time. My grades are shit now, like a 1. something gpa. I can't get a scholarship and to be totally fucking honest I'm not sure I'd even graduate high school. I'm a financial drain on all my guardians. My mom won't buy me food, my dad is trying to not lose his other kid, and my grandma (who raised me) is forced to live with my dad and pay off the house because he can't afford it and knew he could leech off of her. I can't work because I'm already failing all my classes and I'm supposed to fix that.

The worst part is being aware of my situation. I can't afford to be healthy. I can't afford to be educated. I can't afford to be happy. How fucked up is that? I don't try and paint myself as the victim of this dumb ass capitalist society but come ON. It doesn't matter how I play the game. It doesn't matter how hard I try and be better. I can't pay for it. If I keep going, then in 10 years I'm gonna be a deadbeat working three jobs in some toxic relationship just like every other adult in my life. 

I can't have a life. I can't pay for it. If I kill myself that's like max a $7000 funeral. I have about a thousand and my family probably wouldn't spend that much anyway. Hell, if I can get rid of the body they won't even have to deal with that. No more food expenses, no more school expenses, no more health expenses. They can sell my shit, rent out my room, i don't care: I'll be fucking dead what do I need all this shit for? I can't keep up. Every time I turn a corner there's some new crisis to be dealt with. I can't keep doing this. Something has got to change and the only thing left to try is killing myself.",C5,"The person is feeling extreme alienation, hopelessness, and despair. They express a sense of disconnection from society and their circumstances, feeling trapped in a cycle of poverty and unable to break free. This alienation is driving their thoughts towards suicide as they see no viable solution to their current situation. The lack of support from family, financial struggles, inability to access necessary mental health care, and overwhelming burden of their life circumstances are all contributing to their feelings of alienation and disconnection from the world around them.",2.0,"too poor, can't afford, poverty, grades suffered, grades are shit, can't get a scholarship, finanacial drain, failing all my classes,"
499,4584,i cant tell genuinely. i think about it like every day now and i want it in a lot of ways but not really. i know that i‚Äôm not satisfied and i have this strong sense that i will never be. everyone around me is telling me i have no reason to feel the way i do. i don‚Äôt know if i‚Äôm victimizing myself to get attention because i can‚Äôt tell at this point. everyday i‚Äôm just floating and not really paying attention and not really living. i don‚Äôt really ever plan anything but i think about it a lot. i think about the ways i‚Äôd do it and what the people around me would think. it just feels like there isn‚Äôt much for me here and that it‚Äôs best to rest forever. i‚Äôm just always tired now. so i can‚Äôt tell,C5,"The language used suggests feelings of alienation, disconnection, and existential crisis. The person feels like they don't belong, lacks purpose, and contemplates the idea of rest forever, indicating a sense of disconnect from the world around them.",5.0,"not satisfied and will never be, feels theres isnt much for me"
500,4585,"All the food I used to love tastes like nothing to me anymore. It almost feels like I'm eating plastic. 

Food was one of the few joys in my life, and that enjoyment is gone now.",C5,"The individual's loss of enjoyment in one of the few joys in life, food, suggests a sense of alienation. This feeling of disconnection and detachment from something that used to bring pleasure can result in a state of alienation-related stress.",0.0,
501,4586,"I'm 18 I want to commit suicide but I'm not brave enough I don't want to tell my parents or friends but they said I've been acting weird plus I haven't gone to class in a month and my parents know it yet my dad decides to say that I'm like this because of videogames, yesterday I smashed my phone into pieces because he called me just to blame me for that. I'm so lost I want to cry and share my shit with someone close but that person just don't exist",C5,"The person in the premise is expressing feelings of alienation, loneliness, and hopelessness. They mention feeling lost, wanting to cry, and not having anyone close to share their emotions with. This sense of not being able to connect with others and feeling like nobody understands them indicates alienation-related stress.",4.0,"they said i've been acting weird, blame me"
502,4587,"I‚Äôve been going through it for the longest time now, but when I have scheduled therapist appointments and medication waiting for me at the pharmacy I just fucking dip.

It‚Äôs been a routine three or four times now and I just don‚Äôt know how to muster the drive to get myself out of this shitty hole. 

How do you guys manage to do it?",C3,"The mention of therapist appointments and medication waiting at the pharmacy suggests that the person is dealing with medication-related stress. They are struggling to adhere to their treatment plan, which can be a common challenge for individuals facing mental health issues. The feeling of being stuck in a 'shitty hole' and lacking the drive to take care of their mental health indicates a significant level of distress related to their medication and therapy regimen.",0.0,
503,4588,"I run on my bike for hours, got very out of town and didn't even realize, had this plan of jumping in front of a car on the highway. Sstill seems am ok plan. don't even know why I'm writing here, I don't know what to do. I'm sitting on the dark shaking. My feet hurt I'm exhausted and just want to lay on the ground and hope for sleep",C5,"The individual's sense of alienation is evident from the feelings of being lost, the desire to isolate themselves by laying on the ground, and the hope for sleep as a means of escape. The mention of feeling exhausted, physically hurt, and being in the dark suggests a deep sense of disconnection and detachment from their surroundings.",5.0,"sitting on the dark, exhausted"
504,4589,"I‚Äôm only 16. I‚Äôve been constantly denied the help I know i need since i was 12. I‚Äôm too tired to go on anymore. I‚Äôm too anxious to leave my house. That‚Äôs why I dropped out. I want to quit but I know that would be selfish. Whenever i‚Äôm feeling suicidal I always think about my birds, my dogs, my cat. Every morning my puppy greets me when i wake up. What would happen if one day i just didn‚Äôt come out of my room? I feel so helpless. I‚Äôm stuck in a cycle of wanting to fucking kill myself, but realize I cant. 

I haven‚Äôt even become a real adult yet. All i can think about is my lack of skills. I have nothing to offer anyone. I‚Äôm so mad at myself all the time. Everything I do results in a burning anger inside. I just want it to stop.",C5,"The person expresses feelings of helplessness, being stuck in a cycle of suicidal thoughts, and a sense of alienation by not feeling understood or supported since a young age. They mention feeling tired, anxious, and angry all the time, highlighting a deep sense of disconnect or separation from others. This suggests that the person is experiencing alienation-related stress.",5.0,"tired to go on, helpless"
505,4590,For the past months i have not felt a single bit like myself. I feel like an empty shell of who i was just going wherever the waves take me. Some days feel good others not so much. I‚Äôm in vacation and depressed. I never knew that to be possible.,C3,"The mention of feeling empty, not feeling like oneself, and experiencing fluctuating emotions such as good days and bad days, along with being on vacation and feeling depressed, suggests a medication-related stress. The person is describing symptoms commonly associated with depression, such as feeling like an empty shell and experiencing mood changes. The mention of not knowing it was possible implies a lack of prior experience or knowledge regarding depression and its effects, indicating a potential link to medication-related stress.",0.0,
506,4591,"Warning: this is VERY long. I'm not sure what the purpose of it really is but just wanting to put this out there in the world. Maybe I'll get some advice, maybe someone will read it and realize they are not alone.

I‚Äôve started writing this so many times and lost motivation half way through. This is yet another attempt, let‚Äôs see what happens.

I‚Äôm a 30 year old woman, I work as a photographer for a fashion company with a degree in Graphic Design, volunteer at a cat rescue 2 days a week, and suffer from depression and social/general anxiety disorder.

I first realized my teen angst wasn‚Äôt just a ‚Äúphase‚Äù sometime in my early 20‚Äôs. As a teenager I would do the normal things: drink, do drugs, smoke weed. I would also write a lot but this writing, in hindsight, was some of the deepest cries for help. I‚Äôve since lost that precious notebook, but I did come upon snippets of that ‚Äúpoetry‚Äù in my other sketchbooks. The stuff wasn‚Äôt anything out of the ordinary - I grew up listening to emo and other such heart wrenching music - and the style was really just lyrics trying to artistically describe the dark cloud that was inside of me every minute of every day. I lost interest in that activity around the age of 20.

I was always a shy person. I played with friends during school, but I was never allowed to have anyone over or go to anyone‚Äôs house. As a result, I was always found by myself in the yard skipping rope alone. My parents brought me to Canada when I was 9 years old in order to expand my options for education. I was born in Russia where there wasn‚Äôt much choice at the time to do anything with your life other than engineering, medicine or teaching. In that aspect, I thank them. I was able to attend an art school in Toronto and attain my Graphic Design degree which my anxious artistic brain appreciates.

When I arrived in Canada I didn‚Äôt speak much English and was in an ESL program. In that first year, 4th grade, I was bullied for not speaking the language. Some girls quickly realized that it would be fun to put rocks (the little pebbles from the playground) down my pants while we had ‚Äúcarpet time‚Äù (when all the kids gather around crossed legged on the floor in front of the teacher during a lesson.) They knew I wouldn‚Äôt say anything, partly because I couldn‚Äôt physically, partly because I couldn‚Äôt mentally. Kids would kick my chair constantly as they walked by, someone even throw things at me from the back. I brushed it off, went on with it. I did have two great friends (one of which is still in my life albeit we aren‚Äôt close.)

This childish bullying subsided after the first year. I went off to another school in grade 5 after moving buildings with my parents. 6th grade was split. It was yet another school (moving from elementary to middle school) and then half way through 6th grade, after establishing quite a solid group of new friends, I was transferred to a new school after yet another move by my parents. I had to start over with the friend thing and luckily I befriended a girl right away. She was also an outcast, being extremely tiny and skinny for her age and also didn‚Äôt fit in with the ‚Äúcool popular kids.‚Äù Here I was laughed and looked down upon for being new, having 1 friend, and being so extremely shy. After a while I became close with another girl, let‚Äôs call her Jessica. 7th grade went by bearably with her around, outside minor incidents like having the basketball thrown at my head during recess. I was also developing extremely bad acne, so I was doomed to be the ugly shy girl for the next few years.

Ending of 8th grade is where the real trouble started with Jessica. She had an ‚Äúin‚Äù with the cooler kids in the grade and being so attached to her, I got to hang out with the group occasionally. This is where we started ‚Äúrelationships‚Äù with two boys. She was with lets call him Andrew and I was with let‚Äôs call him Mike. We would hang out after school a lot and one day I brought them all over to my house. Mike took me down to my parent‚Äôs cellar at one point and where I thought I would have my first kiss, my hands were forced down onto his penis. I didn‚Äôt know how to retaliate so I went with it. Instead of a first kiss, I gave my first hand job. The next time we hung out was at the movies. I was brought to the bathroom for what I thought was a make out session but turned out to be an attempt at a blow job. I can‚Äôt remember whether I went through with it, I just remember crying that evening. I soon found out that Andrew and Mike had a bet going of who would get their dick sucked first and Jessica agreed to bring me into the group so they could use me for that bet. These things bled into high school. The rumours started that I was a slut and were reinforced with photos being distributed throughout the school. The photos were of me wearing see through mesh pants in provocative poses that Jessica took of me in her room one night when we were having a fun ‚Äúfashion‚Äù night. She wore them too, although somehow the photos of her never got distributed. 

Finally a new girl came to the school lets call her Beth and finally things seemed to calm down. We had a great friendship going and were inseparable during high school (to the point where people were calling us lesbians.) I even attended her wedding two years ago, she‚Äôs a beautiful human being. I tried my best to have a normal life. I threw myself into art. I would come to school at 7 in the morning so spend time in the photography dark room lab. I got great marks in my classes and my teachers loved me. Of course throughout this time I did the regular teenage girl stuff. I liked boys, I would make out with them. I was already well trained in the hand job department so guys learned to hand me over to their friends once they were done with me. I just did it. It made them happy. And in my mind, that made me good at it. Why not do the thing that I felt I excelled at? Of course none of that behaviour helped the growing rumours. 

I first tried drugs in 10th grade. Beth and I would skip school, pop ecstasy, spend the day together. This went on for about a year in the 11th grade where my marks drastically plummeted. I‚Äôm not sure what the triggering factor for me to stop was, but I managed to graduate high school on the honour roll. At the end of 12th grade I met lets call him Sam. We dated for 2 years, I lost my virginity to him, but I will always remember doubting his intentions. Did he stay with me for the sex? Did he only want me around because I would smoke weed with him? It didn‚Äôt matter. I lost romantic interest in him after a year but stayed together despite us fighting because it was comfortable and a habit I just didn‚Äôt want to, or couldn‚Äôt break.

I got into my top school of choice and spent the first year working hard. After my break up with Sam, I met lets call him Dale. It was interesting at first. He would show up at my work almost daily and chat and finally we started going on real dates. He brought me gifts and showered with me with attention. I now realize that it was borderline stalker behaviour. He wouldn‚Äôt take no for an answer even if I didn‚Äôt really feel like doing anything. The thing with Dale is kind of an on and off ordeal. We were never fully together but would hang out often usually drinking or going on drives. I was starting to get really put off by him, but one night he insisted on hanging out. As you well know by now, I have trouble saying no. So we went to the bar, got a buzz going and then went driving. (I know how shameful it is to drink and I drive. I know first hand because I almost killed my friend during a drunk driving episode. I haven‚Äôt done it since and will never do it again.) We were in the car and I was completely insistent that this was a non sexual meet up. But he wouldn‚Äôt stop trying to kiss me, to push my hands on to his crotch, then pushing my head down, asking me to just suck it a little. I did it just to make him shut up so I could go home. I haven‚Äôt seem him since them. I refused to talk to him and eventually had to block him. To this day he tries to make attempts at communication but nothing dangerous. 

The truly destructive behaviour started around 22 when I began to frequent parties. At first it was drinking, and a lot of it. Then I met a 28 year old man lets call him Izack. He was a DJ and very much into the rave party scene. It was with him when I tried coke for the first time at the age of 23 or 24. Lets just call the rest a blur. I would party twice a week, heavily on drugs, go to school completely hung over. Long story short, I just managed to graduate, scraping by with a warning letter and passing marks given to me probably only out of the kindness of my professor‚Äôs heart. I loved Izack. He was older, had more experience, best sex I‚Äôve ever had and he made me forget everything and everyone. He lived downtown in an apartment with two other roommates who also loved to party and we all got along quite well. The sanctuary of that apartment was heavenly. I would be able to spend all my time there away from my strict Russian parents. Then Izack started going on the road a lot more due to his DJ career flourishing. When he was away, I would come to his place and clean everything. I bought him a huge new TV for his room. I wanted him to come home to a beautiful place. In my mind that was me saying thank you for letting me stay with him rent free for so many days of the week. 

About a year into our relationship, I went for a gynaecologist check up which was followed by a phone call saying that I have an STD. They told me to get myself and my partner into the office so we could be given medication. It was nothing overly serious, cleared up with a few pills but I had to have a serious conversation with Izack. He swore on his life that he never cheated on me. He begged me to believe him which after hours upon hours of me crying and pleading, I finally did. But I never got over the nagging feeling that something wasn‚Äôt right. So after a month of uncertainty, over the phone on my birthday (I remember that day so clearly), I asked him one more time. I‚Äôm not sure what made him tell me truth this time around, but yes, of course he slept with someone on tour and yes that is how I contracted the STD.

I was a complete and utter wreck for the next few months. The drugs and alcohol increased. I went on Tinder and began my first sex binge. At one point I managed to sleep with 6 different men in one week. All I wanted to do was to forget the hurt and I didn‚Äôt know how. Again, all of this is very blurry so I can‚Äôt say the exact moment that Izack came back into my life but he did. I remember going to a bar to meet him to get closure, to finally say I forgive him and that I‚Äôm moving on. That meeting ended up with me in his apartment and sex. We then got ‚Äúback together‚Äù, continued the destructive behaviour until his next tour where he slept with someone again. I let that one go easily since we never stated that we were officially a couple again. I think this is where I learned how to numb my brain from hurt. I wasn‚Äôt mad at him anymore, I just quietly walked away and threw myself into my second huge sex binge on Tinder. After a few months of this, I met a guy lets call him Jon. 

We dated for something close to a year. This relationship was also fuelled by alcohol, drugs and parties. But at this point I didn‚Äôt want another life. The relationship involved me crying almost every day at work with something abusive he may have said to me that day. For example, he loved to make me feel like an idiot for asking him why it took him hours to answer a text massage. I was told I was crazy on an almost daily basis. I will fast forward to the end, where a girl (who is now a friend) reached out to me saying that she was also dating Jon, for 6 months now. She spotted us at a party kissing, and lost her mind. Apparently she had no knowledge of me for the long while they were together. It turns out, that we weren‚Äôt the only ones. I came to the knowledge that he had slept with 8 different people during the span of being with me. This included his upstairs neighbour who I was constantly told not to worry about. 

I laughed at this. I didn‚Äôt cry, I didn‚Äôt feel angry, I laughed, pulled out my phone and on to the next Tinder binge I went.

It took me about 6 months to get into my next relationship. This one was with a kind man who would never do a thing to hurt me. It lasted for about 2 years. I met his parents and he met mine. We were talking about marriage and moving in together but it ended up falling apart during our search for an apartment. We just weren‚Äôt right for each other.

So this is where I am now. 30 years old, living back with my parents. I have since stopped the partying because that life doesn‚Äôt satisfy me anymore and my body can‚Äôt handle it. I have been coke free for about a year now mainly because I can‚Äôt afford it. But I drink. I drink several times a week because I can‚Äôt stand my job. I drink because I feel trapped in my own mind. I drink because of my living situation. I drink because nothing I do excites me. I drink about 3 times a week and once I crack a bottle of wine, there is no way I can stop. That bottle is getting drunk to the last drop and more often than not, a second one gets opened and lasts about half way until I pass out. 

The job thing - realized I‚Äôm the only one who can help myself there so I have been taking lots of photos and editing them in an effort to update my portfolio but sitting down and editing those photos sober just isn‚Äôt an option. I go to work, I laugh with my coworkers, but at the end of the day, the only thing that makes me happy and that I took forward to is that next drink. I started exercising and have been continuing to do so pretty consistently but I always fall off the boat because I can‚Äôt stay excited and motivated. 

Last night I came home to my collection of wine bottles all out and displayed in front of me by my dad. My mom discovered the first bottle in my closet when she couldn‚Äôt find my cat, or so she says. She then proceeded to go through every crevice of my room and pulled out the 20 or so I had hidden. Long story short, my life of drinking after work and during my own photo editing hours is over and I am terrified. I feel like I have nothing happy to come home to. I spent all last night crying and today is the first day I didn‚Äôt show up to work because of this. The thing is - I don‚Äôt know if I want to stop. I‚Äôve had thoughts of suicide since my early teenage years and they have never gone away. I‚Äôve cut myself on numerous occasions. I have dabbled with the idea of overdosing on my anxiety and depression medication. I did go into therapy for a few months but that turned out way too pricey for my minimal salary. My dad has offered to pay for my therapy last night, but this is an offer I‚Äôm not sure I want to take. I just want it to be over. The only times things are okay in my brain is when I am sleeping, or when I am heavily buzzed. I don‚Äôt have children, nor a boyfriend and I have maybe 2 friends, so I‚Äôm finding it difficult to see a purpose to go on. 

I would like to finish by saying how awful I feel about putting this out there. The amount of times the word ‚ÄúI‚Äù is used is upsetting and selfish since I know there are people out there who have it way worse than me. Like my parents have pointed out numerous times, I have nothing to be sad about. I have a good job, a warm house, food and water. I have a car that my dad so kindly gave to me when he bought himself a new one. And they are right. I have it so good. But inside, that dark cloud just won‚Äôt lift and there is no way I can describe it in words to someone who hasn‚Äôt felt the pull of it.

Thank you, from the bottom of my heart to anyone who read this fully, attempted to read it, or even glanced at it. I am very scared and for some reason the only thing I thought of this morning was writing this.",C3,"The premise contains multiple mentions of suicidal thoughts, self-harm, and a dabble with the idea of overdosing on medication to deal with depression and anxiety. The author expresses feeling trapped in their mind, turning to alcohol as a coping mechanism, and struggling to find motivation in their life. These are all strong indicators of medication-related stress and the challenges it poses in managing mental health.",3.0,"social/general anxiety disorder, drink, do drugs, smoke weed, overdosing"
507,4592,"I‚Äôm either gonna kill myself then or cut my wrists bad enough I have to be admitted. I‚Äôm a failure at school, I‚Äôm a failure at my job, I‚Äôm a failure at keeping a relationship, I‚Äôm a failure at making friends and I‚Äôm a failure at being my own fucking gender. Everyone hates me and they‚Äôve began to stop hiding it. I know it‚Äôd relieve everyone if I just died. Only question is, how should I do it? Cutting myself hasn‚Äôt worked the other times, so I‚Äôll probably poison myself with carbon monoxide or overdose. I wish I had a reason to stay and I wish I didn‚Äôt have to, but life never gets better and I have to at this point.",C1,"The person expresses feelings of intense worthlessness and hopelessness, and considers self-harm as a way to alleviate the pain. These thoughts are indicative of a severe mental health crisis, possibly depression, which can be considered a mental state in need of urgent intervention and professional help to address the underlying issues.",1.0,"I'm a failure at school, failure at  job, failure at keeping relationship, failure at making friends, failure at being my own gender, everyone hates me"
508,4593,"I am in my early 30s, transgender MtF and my life is in ruins.  I have no friends and I don't mean that figuratively, I mean it in a literal sense. Nobody cares about me. I used to have a decent life until some bad decisions and mistakes. I've never taken drugs or been addicted to anything (not that it matters) just trusted some of the wrong people including my parents.   


About four years ago, I moved back home to be with my sick mother. In doing so, I fucked myself over. She died about a year later and I became stuck in the middle of nowhere with no transportation and now surviving off of the 'generosity' of some very religious family.  I am living alone in a small mobile home on my family's property. I am unable to have guests. I am unable to find work because I don't have transportation and other reasons. I have severe depression and social anxiety. I have mild OCD. I haven't been able to be on hormones for the past 4 years. I am not myself.   


Please forgive the rambling nature of this post. I'm just typing as it comes to my head. I have no future. I have no viable possibility of getting out of this and starting my life over.  I live in a mobile home infested with bed bugs. I've slept on the floor for four years without even changing my sheets or blankets. I haven't had laundry detergent in four years. I wash my underwear in the bathtub. The heater has been messed up all winter so I've been freezing. I have one blanket and one sheet. No pillows after they got infested with bed bugs.   


All I've eaten for the past three years are potatoes, macaroni and cheese and balogne sandwiches. I haven't been able to even leave the house in 3 years and the last time was for my moms funeral. I can't even shave my face or legs because I haven't had razers, shaving cream or anything in three years. I haven't had face wash. I've had the same bottle of shampoo for three years. I've had four bars of soap for the past three years... My kitchen sink doesn't work, I wash my one plastic bowl in the bathroom sink.  I don't speak to anyone. I'm essentially already dead. Although I doubt I get 2000 calories a day, the type of foods I've eat have made me gain at least 30 pounds and so none of my clothes fit me. I have one pair of stretchy pajama pants and two tshirts that fit me.  It could be worse, i could be homeless so I've kept this inside for this long but I'm tired. My life is really already over. I'm exhausted. After this month, I won't have internet and I am fairly certain with nothing to do at all, no music etc, I will go insane. So I've made peace with my fate and I guess this is the last month of my life. I don't remember what happiness is. I can't even think of anything that could change my life at this point. There isn't even a dream. There just isn't a point to go on at this point.    


I feel like a failure. I feel sad and hurt. I found one of my mom's journals recently, she mentions she was raped by her father when she was a kid. So that is the energy surrounding me. I'm stuck here, isolated and treated like an animal basically. If I were to die, nobody would care or probably even notice. So thats it. I can't think of anything else to say. But I needed to get it off my chest. Thank you.",C5,"The person's description of feeling isolated, abandoned, and lacking any meaningful human connection indicates a deep sense of alienation. They express a profound sense of loneliness, hopelessness, and insignificance, suggesting a feeling of detachment from society and a lack of belonging. The individual's narrative reflects a state of extreme emotional distress stemming from their perceived social disconnection, which falls under the category of alienation-related stress.",1.0,unable to find work
509,4594,"let me start off by saying that I hate my best friend sometimes not all the time. The basic reason is because she's so perfect and I feel like such a waste and piece of shit when I see her. I'm 16 and a sophomore in high school. We met last year as freshmen and I had never had any friends before so I immediately just accepted her. She was 13 when we met so she started kindergarten early and skipped a grade. then there's me who's two years older but nothing compared to her. She gets straight A's, takes all AP and honors classes, made VARSITY softball as a freshman (age of a 7th grader), got the lead roles in all the theatre shows, and just has a perfect life. 

Then there's me who doesn't have the best home life. I've tried telling her I can't sleep over because I need my meds and for other reasons. But then she just tells me ""oh everyone feels sad sometimes. You don't need those stupid pills."" Or if I tell her that it's my anxiety and ADHD pills she is like ""everyone has some form of ADHD. Have you seen everyone who can't pay attention? Those pills don't do anything""

I'm very reluctant to end our friendship because I don't have any other friends. Also my Mom has gotten really close with their family and I can't end the friendship beacuse that would be awkward. I feel like this is toxic though. Idk maybe it's just cause I'm not good enough I feel like shit.",C5,"The person expresses feelings of inadequacy, worthlessness, and envy towards their best friend who they view as perfect and superior. These feelings are leading to a sense of alienation, as the person feels disconnected and isolated from their friend due to the perceived differences in abilities and achievements. The person also mentions that the friendship feels toxic, indicating a sense of emotional detachment and unease in the relationship.",3.0,"can't sleep, anxiety, ADHD"
510,4595,"Trans girl, 17 years old. I've sat on my ass and done practically nothing for the past 2 years, got withdrawn at 15 from school due to mom worried that I'd get bullied for being trans, tried homeschooling but fell out of it. I always said that I'm not a true drop-out because I plan on getting into college at some point, but right now I don't even know if that's possible. 

My body is worthless, 6 feet tall and 130 lbs, nobody wants to date a skeleton, and if they do, maybe there is something wrong with them... I can get skinny people, but ones who are bony to the point of concern... I can't get why anyone would be attracted to me. Yet I somehow have a boyfriend. 

My jawline and brow ridge make me look like a fucking Neanderthal, and yet I've been told that I'd pass fine with estrogen, they're all just being nice. They know the crushing, suicidal feeling it is if you're ever told that you can't pass, and they simply don't want me to get pushed over the edge and end it, they're only being nice. 

Haven't gotten a job, haven't even gotten a license, and haven't done anything school related much either. I just sit on my ass and play video games, watch youtube, anime, listen to music, I just do my hobbies, I think about getting off my ass and getting my life back on track but the lack of motivation I have is weighing me down like an anvil tied to my ankles. I just feel no need to...

I'm a joke, and one with a mediocre punchline too. Somebody respectable would have done SOMETHING by now, I've been emotionally biasd by my stepfather for a few years but I got over it, so I really can't use that reason or excuse. I could have had a job, had a license and be in college right now, but I can't. Because I lack any motivation, because I don't want my license to say ""male"" or my dead name, because I don't want to be discriminated or humiliated at any public workplaces for being trans, maybe if I wasn't such a lazy pussy, I could have gotten somewhere. 

But nah, I haven't, and it's all because of laziness, lack of motivation, and fear. 6 months to recover? Fair enough, a year? Maybe if it's that serious, but 2 years? Sigh... If there is one word anyone can describe me as, it would be; a failure.

I'm sorry that I let everyone down, and I'm sorry that I've disappointed you...",C5,"The person seems to be experiencing alienation-related stress. They feel disconnected from society and have a sense of not belonging, as indicated by their struggles with their identity as a transgender individual, fear of discrimination, lack of motivation, and feelings of worthlessness. They express feeling like a failure and apologizing for letting everyone down, which is often a sign of alienation and disconnection from others.",1.0,"get buillied, I'm a joke, emotionally biased, a failure"
511,4596,"Hey everyone,

This is so weird that a Reddit board exists for this, but hey it does. I'm a 31 year old, who generally has a lot going for him on paper (good job, partner, lots of friends, supportive family, health, etc). With the job, there is one caveat, I don't know what I'm doing. For context purposes, I'm an accountant and have been one for almost a decade now. I was the kid who studied his butt off in school with the expectation that would pay off in the form of a good job, success etc. I was also one of those people that thought he was better than others, where deep down I wasn't. Really, everybody is special and unique in their own ways. Anyways, what I'm getting at is I feel I've put a lot of bad energy out there and it's all culminating into one big disaster over the past few months. That disaster being the realization that the skills that I say I have on paper I don't actually have in real life (somehow miraculously I got by the past 10 years) and now I don't know what to do. Over the past few months I haven't been sleeping, barely getting anything done at work and overall feel like the end is near. I've had suicide ideation since I was a 15 coupled with worrying about death in general. Anyways, not sure what I expect to get out of posting this, but just wanted to share my situation. I do want to live deep down, there are just so many uncertainties and realizations about myself that scare the living shit out of me.",C4,"The individual is experiencing relationship-related stress. Despite having many positive aspects in life such as a good job, partner, friends, and family, they are facing a crisis of feeling inadequate in their role as an accountant. This crisis has led to a lack of self-belief, sleep difficulties, and thoughts of suicide. The mention of feeling better than others in the past and now realizing that everyone is unique suggests a struggle with self-identity and self-worth, which can point towards relationship-related stress, specifically with self-acceptance and self-compassion.",5.0,
512,4597,"Feel too tired even to play video games. This world empty and meaningless, only demotivation it gives, just go back to bed and sleep to next day",C5,"The feeling of emptiness, meaninglessness, demotivation, and wanting to escape by going back to bed can indicate a sense of alienation or disconnect from the world and daily activities.",5.0,"tired, world empty, meaningless"
513,4598,I living in a third world country where people better working their ass off to feed their mouth than thinking for their own feelings. I was born in a urban family and have got a lot of traumas and hatreds duo to unfortunate childhood but I was strived to have a decent education and have tough myself a lot about psychology. Recently I've aware of my depression being more serious cause I started develop and think about suicidal thoughts more often. I told my parents that have trouble in my brain and it affected my study but nobody cares and said I was crazy wtf?? So I decided to tell my aunt who is a physician that I got trouble in my brain but she disappointed me by saying you should stop overthinking and prepare for your future???  Am so messed up right now fuck fuck fuck.,C5,The person expressing feelings of alienation due to being in a third world country and feeling disconnected from their family members who do not understand or support their mental health struggles. This sense of isolation and lack of empathy from their environment can lead to heightened feelings of distress and hopelessness.,4.0,"got a lot of traumas and hatred, unfortunate childhood"
514,4599,I‚Äôve reached this point in my life that I don‚Äôt want to die anymore. I need to die. I want to believe it gets better like so many people say. I want to find that magical medication that people claim makes them feel better. I‚Äôm holding on in the hope that maybe it‚Äôs true but I don‚Äôt know how much longer I can hold on.,C3,"The mention of seeking a 'magical medication' to feel better indicates a focus on medication as a solution, suggesting medication-related stress.",0.0,
515,4600,"I want to die simple as that. I don‚Äôt want to do this anymore. My life has been a fucking shit show since I was 5. People are only in my life because I help them. I‚Äôm that person who will give you the fucking shirt off my back. Do I have anyone in my life who would do that for me? No

Right now I‚Äôm practically waiting for my nonverbal 3 year old who has autism to finally say she loves me and then I‚Äôll check out. That‚Äôs the only thing I‚Äôm living for. 

When I told people that they called me selfish. ‚ÄúPeople love you‚Äù ‚Äúthink about your kids‚Äù ‚Äúif you do it I‚Äôll never visit your grave‚Äù. Why would it take for me to die for people to start showing love for me? Honestly my kid will be better off without me. They don‚Äôt deserve to have such a fucked up mom. And I‚Äôm not being buried. I want to be cremated and thrown away. So I don‚Äôt really need visitors. 

I SHOULD WANT TO DIE WHEN IM READY AND IM FUCKING READY",C5,"The person is expressing feelings of alienation and isolation, indicating a sense of disconnectedness and lack of support from those around them. They feel unappreciated and unloved, as if they are only valued for what they can provide to others. This sense of alienation and lack of emotional connection is driving their thoughts of wanting to die and feeling that their loved ones would be better off without them. Their desire to be cremated and thrown away, without needing visitors, further emphasizes their feelings of detachment from others.",3.0,austism
516,4601,"Dear Reddit, 

Hello everyone here :) 
I‚Äôm a 16 year old female. I‚Äôm not feeling too well right now. I‚Äôm getting these thoughts and suicidal feeling again. They come back occasionally. Right now, I‚Äôm eating with my beautiful mother, laughing with my dad as he says my mother is a wonderful cook. I broke down last night when I finished reviewing and studying from my classes. I studied hard for a test I had today, and I felt good about it! Right now, I‚Äôm eating as I type this. This day? I thought it would be bad, but it was okay, turning to bad. I‚Äôm In a relationship. I love this boy so much. I‚Äôve been happiest with him since years ago. Im a sophomore in high school by the way. I‚Äôve trusted my boyfriend so much and he‚Äôs always been there for me. Today however, I felt something was wrong. He didn‚Äôt really speak with me. But it‚Äôs okay, I‚Äôm probably just overthinking it, I want nothing but pure happiness for him. Whether he finds it with someone else or me. I‚Äôve always helped others, always had a smile on my face and I‚Äôve always wanted nothing but happiness for everyone. I‚Äôve only want happiness for everyone else. I want them to feel good and appreciated by atleast someone when they do something. I‚Äôve always supported through anything and I‚Äôve never judged. I‚Äôve been kind to everyone. I appreciate everything that‚Äôs given to me, but it‚Äôs been a few months I‚Äôve been feeling these usual suicide thoughts. They come often. It‚Äôs been a year since I‚Äôve been like this, trying to hang on and move on from it. Whether I see happy moments, times where I love this view. Or others where I‚Äôm not sure how I‚Äôm feeling.

I felt pressured by my mother. Verbally. I hate trying so hard at school, and failing. What‚Äôs the point? I‚Äôm going to fail anyways. I‚Äôve always done my best in everything and I‚Äôve always tried to stay happy and look the positive way. But I can‚Äôt anymore. I‚Äôve always thought, what if I can just end it? Would anyone really miss me? I think about it, imagining my parents. But, would I really make a difference? Will I go to hell? Religiously talking, I love god. But I‚Äôm sorry, I feel like I‚Äôve lost faith in myself. I don‚Äôt see it anymore. And every night, I pray, to have a good day, to see my parents, my friends. To stay safe. I want to die, but I don‚Äôt. But I want to attempt, but I‚Äôm afraid. What if I fail? Would my family be ashamed? 

I think about it daily, and I feel like the only reason I‚Äôm
here is for my love. To be there for him when he needs company, to be there for him when he can‚Äôt find the light, to be with him when he can‚Äôt be happy. To support him through the good and bad. No matter what, no matter the past. For my dad, who‚Äôs worked really hard every single night for me and my family. For my friend, who needs support from his friends and family. For my dog, who always listened to me when I felt alone, knowing he wouldn‚Äôt understand, but knows I‚Äôm upset and let‚Äôs me cry on him when I don‚Äôt have anyone else.  

I don‚Äôt know, I feel like tonight could be it. But I don‚Äôt want too I just wonder, would it even matter?",C5,"The person who wrote the premise is experiencing feelings of isolation and alienation. Despite having family, friends, and a boyfriend, they are struggling with thoughts of suicide and feeling like no one truly understands or appreciates them. They express a deep sense of loneliness and hopelessness, questioning the impact of their existence and whether anyone would truly miss them. These feelings of disconnection and lack of belonging suggest a state of alienation-induced stress.",4.0,"felt pressure by mother, family be ashamed"
517,4602,"Hello all, 

Using a throwaway account, but I frequent this sub on my main account. Anyway, I need some advice. I can't trust my girlfriend when I'm depressed. The both of us deal with anxiety and depression, but she doesnt seem to get me when I'm depressed. Don't get me wrong, we both have our faults, but we always do our best to understand each other and walk through hard times with one another. However,  the last two times that I have been very depressed, she ended up pushing me away when I needed her the most. About a month ago she got very upset with me that she walked over to me and angrily accused me of not showing enough attention to our relationship. I had a family member pass just a few weeks before, and I think it was finally getting to me. I apologized, told her that I'm depressed, saying that I wish I could be doing better. I told her that I was depressed and she walked away, angry, slamming the door behind her. The person that I love the most turned her back on me when I needed her the most. I went for a walk, we messaged each other, and she asked me to come back. She was crying so much, I felt bad. She felt terrible for not listening to me. This wasn't the first time that something like this has happened though. When I am depressed, she pushes me away. Besides this, my girlfriend is incredibly loving, thoughtful, creative in our relationship, and sacrifices so much for us. But this, this hurts so fucking bad. 

Reddit, have you experienced something similar? Where do you turn when you're depressed? Have you talked to your SO about this and have you fixed it? 

tl;dr My very loving girlfriend pushes me away when I'm depressed, don't know what to do or where to go when I'm feeling like this.",C4,"The person who wrote the premise is experiencing relationship-related stress. The individual expresses feelings of hurt and betrayal due to their girlfriend's actions when they are depressed. The girlfriend's behavior of pushing the person away during times of need has caused emotional distress and feelings of abandonment. Despite acknowledging the girlfriend's positive traits, the focus is on the pain caused by the lack of support during moments of depression. This relationship dynamic is centered around how the girlfriend's actions exacerbate the person's mental health struggles, leading to significant emotional turmoil and a sense of not being understood or supported by the partner.",4.0,"can't trust my girlfriend, she ended pushing me away, shes pushes me  away"
518,4604,what is with the assholes on here telling people to kill themselves or that their worthless. I though this was a get help sub and theres a bunch of shot stains  ruining and possibly ending lives on here,C6,The use of derogatory language and encouragement of self-harm indicate a state of bias or abuse related stress. The person seems to be distressed and affected by the negative and harmful behavior displayed by others on the platform.,0.0,
519,4605,https://www.bustle.com/p/7-subtle-signs-youre-suffering-from-childhood-rejection-as-adult-13197726,C5,"The premise indicates a sense of alienation or feeling rejected, which is a common sign of experiencing childhood rejection as an adult. This feeling of rejection can result in stress and emotional turmoil, leading to a sense of alienation from oneself or others.",0.0,
520,4606,"I‚Äôm 30yr male, living alone, unemployed, broke, alone, and the only thing that get me going is my dream to become a filmmaker, but that dream now starting to fall apart.

Filmmaking has been literally the thing that shape who i am today. I‚Äôve been doing videography and editing stuff for almost 10 years, beside doing my passion project, i also earn a living by edit and produce video for small businesses. Overtime I learned alot about the entertainment industry, but i never part of them. Instead i just do my freelance work, but i do have a dream, to make a feature film. Knowing my own lacking, i study and research as much as i could about independent film and unfortunately in my country, indie scene is basically non existent. I decided to fund my own film, because nobody wants to finance a stranger like me. 

Earlier this year, I thought this year will be the year I finally made it. I sold my car and use my saving to fund a film project which i hope can be the one that gets people attention. As i slowly developing the project, i met several industry folks, with the intention of gaining knowledge and get some support, but instead all i got is them dismissed and laughed at my project because I‚Äôm a fool to even dream about making a film with my budget, and more importantly, I‚Äôm nobody. I was treated nonchalantly. Hate to say this, but i do agree on some of the points they gave.

Now I‚Äôm aware, even if i did make the film, the chances for it to actually help me further my career is slim. I love doing this, and i would love to make a living with this, but moneys are tight, the thought of giving up the only thing i passionate the most in my life, kills me.

Today, I‚Äôm just laying hopelessly typing this crap on my phone. I lost all the passion, and motivation to keep going. I‚Äôm tired of seeing people, i spent my days at home alone. I‚Äôm embarrassed with my friends and family, especially my mom, who has been nothing but supportive.

I‚Äôm contemplating if i should let go of this dream and looking for a new job at 30yr.",C2,"The person is experiencing job and career-related stress. This is evident from the feelings of being unemployed, broke, and struggling to make a career in filmmaking. The pressure of not being able to succeed in the industry despite investing time, money, and effort into his passion project has resulted in a loss of motivation and a contemplation of giving up on the dream and seeking a new job at the age of 30. The interactions with industry professionals dismissing and laughing at his project have added to the stress and feelings of inadequacy in pursuing a career in filmmaking.",2.0,"unemployed, broke, lost all the passion"
