,index,text,original_reason,generated_reason,original_reason_score,generated_reason_score
0,0,"in the end we all die, nothing we do means anything so why do we do anything, throught life we endure bullshit and experience good times but the shitness is constant it never leaves. Sometimes i would rather not exist or atleast, have a purpose a drive to live, for i always feel numb, there are brief moments were i can have good times but it takes all my being to maintiain. 
I sit here  wondering if there will be any true enjoyment in life, from what im surrounded by the drivel of normal life, is that what my fate is? a life of mundane bullshit of pointless relationships of sitting around doing nothing at all and even when something good comes along eventually it leaves that is the duality of life misery and happiness both ever flowing rivers which is not a bad thing, if it were not  for the fact that the ""good times"" seem to feel empty still  in the end there is still no reason no purpose we exist just waiting for the day we die.
In all things i thought had meaning, things that i thought i had pleasure in doing feel more and more empty to the point where i dont think i truly enjoy anything. So where does that leave me with no purpose no enjoyment just the goings of noraml life that is what i have to look foward to? in a sense that is hell, i can enjoy it for a while but not much longer than a month for i cannot exist just to enjoy life and have fun or some bullshit about finding love, pfff  that crap never lasts most of us fear loneliness, that is why we marry or spend long times with one person but eventually you will get tired of that person or they will lose their interest.
I have no idea why i feel the way i do, as if im completely blank that the idea of continuing this drives me insane i could not endure this. In the end i still do not understand how i feel im lost utterly searching for reason, but i doubt i will find it in this existence. I continually observe many other people and ponder how they enjoy what they do, just hanging with friends dating someone having a job, that is all they need it does not make sense.
","feel more and more empty,fear lonliness,get tired of that perosm or they will lose interest","The person seems to be experiencing alienation and a sense of disconnect from the world around them. They express feelings of emptiness, numbness, and a lack of purpose in life. They question the meaning of their existence and find it difficult to relate to the normal aspects of daily life, such as relationships, work, and socializing. This feeling of alienation is evident in their perception of life as a cycle of mundane activities and fleeting moments of happiness that ultimately leave them feeling empty. The individual also expresses a sense of isolation and confusion when observing others who seem to find joy in simple activities. Overall, their portrayal of life as a constant struggle between misery and happiness, with no lasting fulfillment, points to alienation as the dominant mental state.",85,95
1,1,"Today would have been my best friend's 18th birthday, we'd be going out together for the first time, we'd be sitting here making resolutions for the new year that we both know we'd never keep. None of that is even possible though, because he's gone. It was never supposed to be like this. "," best friend's birthday, he's gone, never supposed to be like this ","The emotional distress, grief, and longing expressed in the premise suggest a deep sense of loss and sadness related to a relationship. The mention of the best friend's birthday and the plans they had together highlights the significance of the relationship, indicating that the author is experiencing relationship-related stress due to the absence of their friend.",90,95
2,2,"So I couldn't feel any worse, and I've had enough.
Tonight, at midnight I am going to message this girl I have absolutely minimal contact with (see my utterly pathetic first instance here: https://www.reddit.com/r/socialskills/comments/5krkd4/after_years_of_denial_i_finally_have_to_admit_my/)
and say:
""Yo, my resolution is to be more direct and meet new people- what'dya say?""
It will be the biggest hail mary I'd have ever pulled. It will either crash so tragically that the fireball would likely engulf the entire planet, or I'd feel liberated and freed from my own inhibitions.
I've lost my identity, and I am so tired of being an omega.
","absolute minimal contact with,  be more direct and meet new people, be liberated of my own inhibitions, lost identity, tired of being omega","The person's emotional state seems to be heavily influenced by their interactions with a girl they have minimal contact with. They express feelings of loneliness, a desire for connection, and a sense of not fitting in socially. This relationship-related stress is evident in their desperation to take a bold step and message the girl, highlighting their struggle with self-worth and identity.",90,85
3,3,"I am 22 and have never had a girlfriend and have been rejected countless times. I see couples all around me and I feel so depressed, like why me? why don't I deserve this? I feel like killing myself. I hate it when people say you don't need a relationship to make you happy because the people saying that have had relationships so they don't know how I feel. I don't kmow what to do?","never had a girlfriend, rejected countless times","The person's mental state is categorized as relationship related stressed because they express feelings of depression, rejection, and disappointment due to their lack of success in relationships. They also mention suicidal thoughts tied to relationship status and express frustration towards others who try to diminish the significance of romantic relationships in one's life.",90,95
4,4,"I am almost certain that my depression is caused by all the bullshit of all shapes and sizes going through my mind ALL.THE.TIME.
Today I will be sharing one of them:thinking way too far,WAAY TOO FAR...
It usually starts by me thinking about the good things that will be happening to me in the near future,like,eating out with my family,but the problem is...I always think,""what's after that?""
It goes like this
my stupid ass asking:well,what's after that dinner?
brain that i desperetely want to amputate:well,you will go to sleep,and experience the misery of worrying about the future,as always
my stupid ass asking:well,what happens when i finally get my shit together?
brain that i desperetely want to amputate:well,you will experience the misery and stress of going to a good middle school and the overwhelming amount of homework.
my stupid ass asking:well,what if I graduate with a degree after the misery?
brain that i desperetely want to amputate:You may get a well paying job,but your parents are still going to die anyway,have fun.
my stupid ass asking:well,after getting a well paying job,what if i manage to achieve my life goals?
brain that i desperetely want to amputate:your parents are still dead anyway,and you still have to go through the misery of reflecting on all the memories with her and crying your ass off,and after achieving your goal,you will have nothing to do,and just sit there and die,i guess.
This is where my brain goes to sleep,and I reflect of my thoughts,and think further,as I am a dumbass.
me:Well,what if I die?
me to me:you will either be rencarniated,or experience infinate blackness,wait,you are dead!oh yeah,since you do not have a sence of perspective anymore,time will theretically go infinatily fast and the universe will just die of heat death,and even if you rencarniate,there is a 99.9969% that you will become something of no value,like a gnat,or a housefly,and even if you become human again,you will have another chance to experience the misery of feeling dead,depression,and 20+ years of education,and also die on the inside seeing our society collapse right before your eyes,and also,the memories of your awesome parents will also be gone,or you will spawn in a test tube,and you will be a subject for science experiments.
me:fun!
please,i want someone to relate with me","eating out with family, what after that? Parents  are still going to die","The person is displaying symptoms of depression and anxiety, which are mental health conditions. The constant negative and hopeless thoughts, as well as the preoccupation with the future, are indicative of a mental state that may require professional help. The person expresses a desire to amputate their brain, showing a level of distress and desperation. This level of pessimism and lack of hope for the future aligns with a medication-related stressed category, as the person might benefit from therapy and possibly medication to manage their depressive symptoms.",80,90
5,5,"I live in a country that I don't want to live in and there is nothing I can do. I know what I want from my life, but I can't achieve it without moving to different country. Instead of dealing with reality and building my life in my country, I just lie on my bed doing nothing for years/months with no job, education or even goals. When will I snap out of it? Is it immature?","no job, no education or even goals",The person's mental state seems to be characterized by feelings of alienation and disconnection from their current living situation. They express a desire to live in a different country and believe that their aspirations cannot be achieved where they currently reside. This feeling of being out of place and the perceived inability to change their circumstances are contributing to their sense of alienation and inaction.,80,95
6,6,"EDIT: Wow that many upvotes and support, thank you to everyone who has commented here, it has helped me, happy new year
I have been born in a terrible part of a bad country in south east Europe, I suffer from depression, social anxiety, severe OCD, (I can't get help for any of my mental illnesses) I suffer waking up, and suffer even more when going to sleep, I am slightly overweight, get bad grades at school, am socially awkward as hell, get bullied, feel poor, my family has been damaged by the communist system, I feel guilty and worthless, I have a toothache and will probably have to go to the dentist about it, doing that in the part of the world where I live in is what I genuinely think is brutal torture, have anger issues, been feeling numb lately, I can't help but mindlessly envy people who have honestly had it way easier than me in life as they revel in their lives, cake walking through their days as I suffer... and I get that the image that they have painted of themselves through social media is not accurate, the internet has lowered my self esteem by making me feel left behind and inadequate because it made me feel like I am here suffering, feeling guilty and worthless while others are having a blast in their perfect lives, (one of the most memorable things that made me compare myself to someone was a tweet by jesse cox saying things along the lines of how he gets to do all these cool things because he is a popular youtuber and how he is having an amazing time of the year, ""having the biggest joys of his life"") I have piles of homework that I have trouble starting because I know it will be painful, I feel inferior to everyone else in my class and I have no idea how they push themselves to do the painful ass work required to get good grades, I am jealous of others in my class, I can't bring myself to workout, I stutter, I feel lazy and unproductive but can't have that pain bring me to do work, I think I am causing my parents depression, my voice sounds like absolute garbage, and cringey + high pitched when I speak in English, I keep feeling tired...
I am starting to doubt I will ever fix my life and be successful","depression, anxiety, severe OCD, tooth ache, mental illness","The person who wrote this premise is experiencing extreme feelings of alienation, isolation, and inadequacy. They feel disconnected from those around them, comparing their struggles and suffering to the seemingly perfect lives of others portrayed on social media. This sense of alienation is further exacerbated by feelings of worthlessness, jealousy, and envy towards others. The person's struggles with mental health, social anxiety, and self-esteem issues contribute to their sense of being left behind and unable to keep up with those around them. The overwhelming negative emotions and perceived inability to improve their situation reflect a deep sense of alienation and disconnect from society.",80,90
7,7,"Hey guys,
I've been depressed, anxious and introverted my whole life but I've kinda learnt to live with it. Recently since I don't sleep much and I have a lot of down time to myself I consume myself in my thoughts. Yesterday my girlfriend dumped me, it was genuinely sick, we had been dating almost 7 months and when she dumped me she laughed and smiled and treated me like shit. It was also my birthday. I loved this girl, I put in so much effort to be a person suited to society and not an overly cynical, disfunctional boyfriend in order for her to like me and so I could find happiness. I'm sitting here now writing this because I have no one, I feel physically sick with the way she is treating me and how once again she has abandoned me. She is fucking with me, ontop of all the bad shit that has recently happened to me. I can't function now, I feel so helpless, I don't know what to say or do, I constantly feel overwhelmed with anxiety. I haven't been this depressed in years. This is such a dark place and I have no one. I just want to end it. 
Please anyone give me some advice. "," she dumped me she laughed and smiled and treated me like shit, feel physicaaly sick the way she treating me,  She has abondened me","The person is experiencing relationship-related stress due to the recent breakup with their girlfriend. The way the girlfriend treated them during the breakup, laughing and smiling while treating them poorly, has caused significant distress and feelings of abandonment. The person's description of feeling physically sick, overwhelmed with anxiety, and expressing thoughts of helplessness and depression all point towards relationship-related stress as the dominant factor in their current mental state.",90,85
8,8,"Hi guys,
Never even used reddit before but a close friend of mine suggested asking for help on one of these to keep anonymous.
Recently I've finished school and turned 18 (adulthood in Australia). For about 12 months now I've had massively interrupted sleeping schedules, and my body is used to only getting 4-5 hours sleep, sometimes able to function on 2-3.
In the last 4 weeks, my thoughts tend to become darker, I feel the sensation of suffocation and drowning (I'm crying as I type this..)
I hate the thought of professional help (counsellors/therapists) but I may consider it soon. I have a loving yet dysfunctional family, 2 brothers and loving parents. I live in a good home and have a part time job as a cashier in a supermarket that I've stuck to for 2 years. I'm waiting on university offers and if I'm lucky I'll be moving states to Melbourne City in Victoria for something along the lines of Law/Business.
I can't shake these awful feelings, my brain feels continuously sick. Recently I've been experiencing alot of anxiety, something I've never ever felt before, usually I am confident and outgoing. Very recently, my job has made me feel extremely anxious and sometimes I hyperventilate if I'm lacking sleep and feel like I'm sinking even lower... its 3:10am on New Years Day as I write this.
I don't know how I feel about disclosing what I think triggered this depression, but I will say I received an unexpected diagnosis after collapsing during work about 3-4 weeks ago. It's been downhill ever since.
Please help, happy to answer any more questions, and sorry if I've broken any rules; I'm new to reddit.",an unexpected diagnosis  after a collapse triggred it,"The person mentioned experiencing interrupted sleep schedules, dark thoughts, feelings of suffocation and drowning, continuous anxiety, hyperventilation, and feeling continuously sick. These could be symptoms of a mental health issue that requires medical intervention and could be exacerbated by the unexpected diagnosis received 3-4 weeks ago. The person also expressed hesitance towards seeking professional help, which is common in cases of mental health issues related to medication. Hence, the individual seems to be experiencing stress related to medication, prompting the need for medical intervention and support.",70,90
9,9,"Hello. I am 22 years old. Me and my family are suffering from a severe depression over things that has happened in 2016. Starting from october 2016, I've started writing a public diary in Tumblr, hoping that this can actually help relieve this opressive feeling. Has any of you tried doing something like this and if so, is it helping you?", me and my family suffering from a severe depresion ,"The mention of severe depression related to past events in 2016 indicates a deep emotional distress resulting from a relationship issue. The writer is seeking relief and solace through sharing personal thoughts on a public platform like Tumblr, which points towards a struggle with interpersonal relationships and emotional well-being.",80,95
10,10,My greatest solution has always been to just sleep but these days I can't even do it that easily. Second best was video games but no matter how happy I am for my character I will always come back to the fact that it's all virtual and real life isn't that beautiful. Music was also something that helped a lot but I have no mood to play or sing and listening to it makes me sadder most of the time. Being at work has helped me take my mind off things but when I get home it's the same thing all over. It really feels like there's nothing else to do so I'm hoping that you guys can help me out. Lots of love to everyone.,nothing else to do,"The person expresses a sense of alienation and disconnection from activities that used to bring them joy. They feel like real life is not as beautiful as the virtual world, and they are struggling to find pleasure in things that previously helped them cope, such as sleep, video games, and music. The feeling of emptiness and lack of interest in activities indicate a state of alienation and disconnection from their surroundings.",80,95
11,11,"Normally i feel threatened by ''good-looking'' people and such. But when they show weakness or some traits that i deem not good, weak whatever, i get a feeling of disdain for that person. 
It's almost never on an even level. I am better or worse than someone. Anyone familiar with this?",feel threatned by good looking people,"The writer's feelings of disdain towards individuals who display vulnerability or traits they perceive as 'not good' suggest a sense of alienation. This could stem from a deep-seated fear of being judged or rejected by others, leading to a pattern of categorizing people as either 'better' or 'worse' than themselves to cope with feelings of insecurity and maintain a sense of control.",90,95
12,12,"I keep hearing them exploding close to my house and I get startled everytime. There's not a sound in my room but then BOOM. Firework. I'm getting so frustrated I'm at the point of almost crying. My heart and the back of my head hurts and my chest feels tight. Why are there people that need to plant fireworks at 6:30 pm??? There's still almost 6 hours until midnight. As if I didn't feel bad enough for spending today alone doing nothing.
Sorry. I needed to vent. But screw this day and fireworks.
Happy New Year though.","alone doing nothing, no sound in my room","The person is experiencing anxiety and frustration due to feeling alienated from the loud fireworks going off close to their house, causing physical symptoms like headaches and tightness in the chest. They also mention spending the day alone and feeling bad about it, reflecting a sense of isolation and disconnection from others, which are typical signs of alienation-related stress.",85,95
13,13,"But he wants to walk through them.
It's an... oddly fascinating view I see when I look at myself outside this black bubble. I've dragged down those who are closest to me, because maybe they know, but I've never felt so grateful towards anyone for merely existing near me. 
I'm much more ready to get happy seeing something than I was, and maybe this was due to some desparation to get out of the vantablack-coated hellhole that I fell into, but slowly I started to look at life as string of vignettes, with a moment of quirky charm thrown in sporadically. I'm still far from escaping this pit, but were it not for moments like those, I'd have stopped this nonsense a long while ago. It's made me appreciate things that I've never cared about, even if moments where I truly smile are few and far in between.
Someone once read me this:
""Even the dimmest spots
Would now feel bright
For only in darkness
Do you best see light.""
Happy new year guys.","when I look outside this black bubble,vantalblackcoated hellhole","The author of the premise seems to be experiencing alienation-related stress. They describe feeling like they are in a 'black bubble' and have 'dragged down those who are closest' to them. Despite feeling grateful for others' presence, they also mention being in a 'vantablack-coated hellhole.' This sense of isolation and darkness is further highlighted by the quote at the end about finding light in darkness. Overall, the tone suggests a feeling of alienation and disconnect from others and the world around them.",90,95
14,14,"I hate to be negative but I am just super tired. I've been pretending to be okay, happy, normal since I was 12. I've had breakdowns but it was easy to pretend I was okay and I could get through them because I was in middle or high school. 
I had my biggest breakdown in my life ever in January. And nothing has changed. I still feel the same. It's been 12 months and I'm just even more tired. I don't even feel anything anymore besides the occasional crippling sadness/loneliness. I binge and I don't feel anything anymore. I buy things and I don't feel anything anymore. I've been struggling and working so hard to change and nothing has changed. I honestly can't keep living like this, and I can't keep living if I will never be happy. I don't know how to be happy. I need someone to talk to, I don't have anyone. I pretend all the time, nobody thinks anything is wrong with me.","crippling sadness/ lonlinessI need someone to talk to, Idont have anyone","The person has been pretending to be okay, happy, and normal since they were 12, indicating a deep sense of alienation and disconnection from their true self and others. They have been experiencing long-term emotional exhaustion, numbness, and feelings of loneliness, which are common signs of alienation-related stress. The lack of genuine connections and the constant need to pretend that everything is fine have led to a state of emotional emptiness and hopelessness, making it difficult for the person to envision a future where they can be genuinely happy.",90,95
15,15,"I have no reason to feel this way. I am surrounded by loving family and caring friends but is there a reason for me just listening to slow music that appeals to me personally most nights and just feeling sad?
 I haven't really felt 100% for a couple years now, but no one i know has an inkling of what's happening to me, cause i think i hide it quite well with humour and when im socialising, it grants me temporary relief from these feelings of self doubt and loneliness, but always, when im alone these feelings creep back in and i can never seem to be rid of them. 
I've never really had much luck with relationships, i had something serious a couple months back, which actually stopped my lamenting, but it fizzled out pretty quickly and the feelings returned, and magnified with each failure to communicate with any girl im interested in.
And now i sit here by myself, again, watching the fireworks from my window as my family sleeps and with music in my ears, just feeling.. sad.
I don't really know how to explain it or why I'm like this, so i figured i may as well share and get outside opinions on it. Im not searching for a solution, just a means to understand this
P.s if anyone's actually interested the music i was listening to was the exis mixtape by roy woods and free 6lack by 6lack","I've never had luck with relationships,magnified with each failure to communicate with any girl Iam interested in","The person's feeling of sadness despite being surrounded by loving family and caring friends, their struggle with self-doubt and loneliness, and the pattern of failed relationships suggest that the individual is experiencing relationship-related stress. The mention of a serious relationship that temporarily stopped the lamenting but ended quickly, as well as the amplification of feelings with each failure to communicate with someone they are interested in, points to a deep emotional impact from their relationship experiences. The person's reflection on watching fireworks alone while listening to music further emphasizes a sense of loneliness and longing for connection.",90,100
16,16,"This has not been a good year for me, and has not been for a great amount of people, there is a great stigma towards 2016 as being a shitty year, but how many people actually lost something this year? 
Yeah celebrities died, blah blah, I'm not being apathetic, they were good people, but how many people actually cared about them? Every single time some big name dies, people fill their facebook statuses talking about how x was a big inspiration for them, how x helped them greatly, thing is, most people didn't give a flying fuck about them in the first place, but virality hit them and they didn't want to feel left out of it, facebook is nothing but a big viral circus for the ego, pseudo friends and ads.
I'm tired of being told my depression is chemical inbalance or some other bs, I love life, but I'm tired of being pointed as the culprit because for sure I'm trying, how many times I messaged facebook ""friends"" and they were downer as fuck, only replying with fillers or excuses, nobody wants to hang out, most people don't want to really connect anymore, they want to live out their digital identities in real life, real socialization is basically dead, everyone is racing towards who's got the ""better"" social condition, who's got more likes? who's got more photos? I'm not exaggerating, instead of a simple gathering, hanging out, doing fun stuff, chat about life, everyone now hangs out to chat about other people, chat about material crap, chat about bs, chat about how they got fucked x amount of girls, or how they achieved y stuff, really fuck off with this crap, everyone likes to conversate about mundane crap, people don't want to exchange ideias, they wanna show off.","Tired of being told Depression is chemical imbalance, nobody wants to hang out, people donít want to connect, real socialization is dead","The writer seems to express feelings of alienation and disillusionment with society, social media culture, and the lack of genuine connections with others. They mention feeling tired of the superficial interactions and the focus on digital identities over real socialization. This sense of disconnect and dissatisfaction with societal norms points towards alienation-related stress.",90,95
17,17,"I'm 18(M) and turning 19 in a month time. I've been having depression since late Jan 2016 which started because of an extremely bad break up, financial issues, parents divorcing thus having to move out as well as performing badly in class.
i'll try to keep the post short and simple because I'm exhausted right now, typing this on mobile doesn't help too, especially for formatting.
Any advice from those who have/had depression would be greatly appreciated. Well, just ranting for online does relief everything in which I had bottled up.
So on new year, I just broke up with my girlfriend(4months) and connections from my close friends. My relationship was toxic as it felt as though I was the only one trying as I clinged onto the thoughts that she would be the one who help me to get out of depression. She was initially really supportive and that was why I was attracted to her, she helped me to elavate my abuse of tobacco but I feel as though I'll fall back into that sinkhole.
People change and I don't blame her. She feels exhausted and does not feel the same way anymore.
Right now I'm just really exhausted of everything.
I have scheduled appointments for a psychiatrist that was done by the SAF, Singapore's Army basically.
I don't know what to expect besides perhaps being announced as clinically depressed. Does a psychiatrist really help? Any response would be greatly appreciated. 
Have a happy new year guys, I hope that  you guys will have a good year ahead","Parents divorcing, break up with girlfriend, relationship was toxic,people change","The person is experiencing relationship-related stress due to a series of difficult events, including a bad breakup, toxic relationship dynamics, and feelings of loneliness and exhaustion. The breakup has significantly contributed to their depression, along with financial issues, parents' divorce, and academic struggles. These relationship challenges have led to a sense of disappointment, helplessness, and mental exhaustion. Seeking advice and venting online are common coping mechanisms for individuals experiencing relationship-related stress.",90,85
18,18,"I'm at my girlfriends house, us and her parents are going to have a big dinner. 
But fuck me I'm so exhausted from this week and can't feel happiness whatsoever. They play the fucking music too loud, I just want to be alone and play video games so nobody annoys me on fucking New Years Eve. I hate this day, too much noise, too much fake bullshit. 
But of course nobody understands that one can feel exhausted from hanging with other people for a few days, so I'm the ungrateful asshole for wanting some alone time. 
Fuck my life","so exhausted and cant feel happiness, exhausted from hanging with other people, want some alone time","The person is expressing frustration and exhaustion from social interactions, particularly in the context of spending time with their girlfriend and her parents. This discontentment is exacerbated by feeling pressured to engage in social activities, such as a big dinner, on New Year's Eve. The individual's desire for alone time and disinterest in the festivities suggest relationship-related stress and a sense of alienation, as they feel misunderstood and unable to express their need for solitude without facing judgment.",90,95
19,19,"I just can't stand it. It takes every ounce of me to not say ""BUT I'M NOT HAPPY"". 
New year is just another time that makes some feel a little more lonely than usual.
Anyone else?",makes some feel a little more lonely,"The person is expressing feelings of alienation and loneliness during the new year, indicating a sense of disconnection and isolation from others.",90,100
20,20,"It's six hours until New Year here and I just want to curl up and die.
I've had depression for as long as I can remember but it recently has become worse. My boyfriend of 2 and a half years (who I live and work with) broke up with two weeks ago. Tonight he has gone to one of our colleagues house parties, I wasn't invited. No one invited me anywhere and I don't blame them.
I'm not angry that he went, I am angry at myself. I have no friends, live miles away from any family and at the age of almost 28 have nothing to live for. I try to stay upbeat but I really don't see the point. I've alienated myself from everyone and this is what I get. I just want it all to be over.","Broke up with boyfriend,have no friends, I've alienated myself from everyone ","The person's feelings of loneliness, alienation, and lack of purpose suggest a deep sense of disconnection and isolation from others. The mention of having no friends, living far from family, and feeling like they have nothing to live for points towards alienation as the main stressor.",90,95
21,21,"Hello. It's almost time to celebrate the new year where I live and instead of going out with friends or a loved one, I'm getting ready for work. That alone wouldn't be that bad if not for the fact that I'm a busboy. I work at a bar picking up glasses and wiping tables. Tonight the bar will be packed with happy couples and groups of friends. For the record, I am 19 years old, male and incredibly lonely. I've never been in a romantic relationship and I don't see it happening anytime soon. Normally my job is unbearable to begin with. But tonight will be especially difficult. Having to not only watch others enjoy their life and celebrate with loved ones, but to also have to clean up after them. I think tonight is the night I kill myself.","Incredibly lonely,   never been in a romantic rellationship, tonight will be especially difficult, ","The person expresses feelings of extreme loneliness, alienation, and hopelessness. They feel disconnected from society, especially on a night like New Year's Eve which is traditionally associated with celebration and togetherness. The mention of never being in a romantic relationship and not seeing it happening anytime soon also suggests a profound sense of isolation. These feelings of alienation and lack of belonging are indicative of Alienation related stress.",90,100
22,22,"*I apologize in advance for the throwaway and being vague, I feel like this post would do more harm than help if anyone involved were to find it*
**A little backstory:**
My (22m) ex (19f) has a history of depression, much of it deep seeded from experiences in her childhood and a lack of support from her family. For the better half of our relationship (~1.5 year)  it seemed to be fairly under control and she seemed pretty happy. She had meds and was seeing a therapist. I've also struggled with depression for about 3 years now, starting before our relationship. I broke up with her for fairly shallow reasons; I was freaked out about being ""tied down"" having to always consider someone else's emotions and feelings when I can barely take care of my own, and I have huge self-esteem issues. It was obviously very rough but we still care about each other and try to maintain a friendship still.
**What is very concerning to me:** she recently got a new boyfriend and everyone appears to be ok that we still talk as friends to support each other, mainly because we know each other well so it's easy for us to talk openly about personal issues. Very recently however, she messaged me around 1:30 AM and said she needed help, which I've learned is code for she's drunk at a friends and can't stay the night there. Ask her if she called her boyfriend and she says they haven't been talking. Says she can't go home because her parents will flip their shit (which is true). I offer to give her a ride and let her stay at my place and she agrees. 
I knew she had been drinking occasionally with friends but this was completely different. She was almost incoherent and told me during the ride that this was the 5th night in a row that she had drank. While we were dating we rarely drank and if we did it was together, so this was completely irregular behavior. I remember she trailed off one of her sentences by repeating ""I don't know"" over and over while crying. We get to my house (I still live at home) and she's stumbling around and wakes my mom up who I apologize to profusely. We go to my room and she starts crying again and saying some very dark stuff, basically about not wanting to live anymore. I'm very shaken at this point, no longer annoyed and I start crying with her while we just lay on my bed. I had no idea what to say or do so I just kind of held her from behind while she calmed down so she couldn't hit herself or make a lot of noise and wake my parents. When she sobered up a little bit she apologized and said that she ""just didn't care about anything anymore and wanted to disappear"". We fell asleep around 6 AM.
**If you read nothing else, please read this:** We wake up in the afternoon and I take her to her car. Both of us are pretty silent, she was hungover, upset and embarrassed so I try not to say anything insensitive. We part ways and I just go for a long ass drive to clear my head. I have no fucking idea how to deal with this, I can't even take care of myself. I get drunk alone a lot and just don't tell anyone. I lay in bed all fucking day wanting to cry. I don't leave my house unless I have to. But I still care about her and need to help her because who the fuck else will? Her boyfriend is apparently useless, her ""friends"" are terrible fucking influences who don't care about anything besides getting fucked up to hide from their problems and her parents the moodiest people I've ever met. This whole situation has completely thrown me into a hole again because I have no idea what to do for her or myself. I'm not a dad, a therapist or a psychiatrist. I NEED advice to help her before she hurts herself or becomes dependent.
**TL;DR** please read the last paragraph if nothing else, my ex (who I'm still close to) and I both have depression. She has been turning to alcohol to escape her feelings and I am not a dad or therapist and have no idea how to help her before she hurts herself or gets worse *without* seeming like a hypocrite because I do the same damn shit.","My ex, still care about her ,still  care about her,thrown me into the hole again","The individual who wrote the premise is experiencing medication-related stress. This is evident from their mention of their own struggles with depression and their ex's history of depression. They feel overwhelmed by the situation where their ex is turning to alcohol as a coping mechanism, which could be seen as a substitute for proper medication and therapy. The writer expresses their lack of professional expertise in handling such serious mental health issues and the dilemma in providing help due to their own struggles, highlighting a sense of helplessness and inadequacy in dealing with the situation.",90,95
23,23,"1. ""You just have to wait for the right time. Stop trying. You're still young. You'll find the right person eventually."" 
This is literally just you pushing the problem off onto whoever I'm with the next time I'm having a bad day. And not everyone does fall in love. I find it more likely I'll be dead before that ever happens.
2. ""You have to love yourself before anyone else will love you.""
Then I guess I'm fucked. I don't love me. I despise me. So does everyone else. That's why I'm here.
3. ""Being in a relationship won't fix your depression.""
No shit. But you know what, I'm pretty sure having someone around who tells me they love me and hugs me when I'm sad sure wouldn't make things any worse.
4. ""You just gotta get out there and meet more people.""
Rejection is a bummer, but if you also get the occasional date from trying, then it makes up for it. The problem with that is that the people like me who only ever get rejected feel even more like shit and don't want to put themselves up to that repeatedly.
I'm sure there are others that I have grown tired of hearing, but I can't think of them at the moment. Basically, does anyone have any actually helpful advice for someone who is struggling with finding love?","I donít love me, I despise me, so does everyone, having someone around who tells me they love me wouldnít make things worst","The person is expressing deep frustration and hopelessness regarding finding love, mentioning feelings of despise towards themselves and the belief that nobody loves them. The repeated invalidation and dismissal of their struggles with platitudes and cliches about love and relationships have only exacerbated their emotional distress. This relationship-related stress is evident in their negative perceptions of themselves, others, and the idea of finding love, leading to a sense of hopelessness and low self-worth.",90,95
24,24,"It seems like my 15-mid 20's I've had depression, I'm 25.
And these last few months hit me hard: I love to learn, I love learning about the world, the universe, programming in C++, etc. But reading philosophy made matters worse, I couldn't even get into discussions like free will or determinism, or simple politics; even worse if nihilism, existentialism, the existence of God, the soul, quantum mechanics, etc. were involved.
I noticed I had problem. I kinda just realized that nobody knows what's going on. Those questions, the big whys and hows are somehow preventing me from carrying on with my life. I was upset because it feels like there were no answers to those things. I still can't think straight, I get very emotional sometimes, crying in secret (I know, I should tell others). I think it has to do with my childhood: My mother is a hoarder, my father is an alcoholic who sometimes beat her, and they sometimes threatened to harm each other with knives and guns, my father went on long trips away, sometimes the police were involved. My mother would beat me and my brother, with belts or brooms (or la fabulosa chancla), sometimes for doing bad things... that's how they (and us, by proxy) were raised. But my sister and younger brother, haven't been hit once after I was 15. I know they wanted better for me and my siblings, deep down. And I don't want my siblings to feel any similar things, but they still live with my mother in a house full of junk. I want to help my parents, they're divorced now, but I want to help them. Has anyone gone through something similar? Is there anyway to help?
So anyways, back to this 2017. I'm gonna start meditation, connect with my family and long-time girlfriend, focus on studying, maybe start a local rock band with friends. How about you guys? What are you guys planning?
Happy New Years.","mother is a hoarder, father is an alcoholic who sometimes beat her, threatned to harm each other with knives, mother would beat me and my brothers with  belts or brooms, donít want siblings to  feel any similar things","The person expresses feelings of isolation, alienation, and existential crisis stemming from fundamental questions about life, the universe, and their own existence. These struggles appear to be intensified by a difficult and traumatic childhood experience, characterized by parental substance abuse, domestic violence, and physical abuse. The sense of hopelessness and emotional distress described in the text align with symptoms of alienation-related stress. The individual's acknowledgment of the need for help and their planned strategies to cope, such as starting meditation and seeking connection with family and friends, indicate a desire to address feelings of disconnection and find a sense of belonging.",90,95
25,25,"Part of me wants to go to a big NYE party/event tonight, because that's what normal people do on new years - right? I would spend a bunch of money on taxis, booze, event tickets etc.. all to be *normal*. 
That's what I usually do, but I'm not in the mood for it this year..
It all feels so pointless to me now. Sure, it'll be depressing knowing that everyone else will be out tonight having fun, but it's all so superficial; get drunk, yell happy near years, feel like crap in the morning and resume regular life the next day. No matter what I chose to do I'll still be depressed. I don't want to celebrate with strangers, but I also don't want to be alone tonight..","all be *normal* its all so superficial, feel like crap in the morning and resume regular life",The person feels disconnected from the norm and the idea of celebrating in a conventional way intensifies their sense of alienation. They struggle with the societal expectation of what 'normal' people should do on New Year's Eve and find it all superficial and meaningless. This feeling of not wanting to be alone but also not wanting to engage in the usual celebratory activities indicates a sense of alienation from both the self and the external world.,85,95
26,26,"Is there anyone else here that has so much but doesn't feel like they really deserve any of it?
Personally I've got a few really close friends from home and college, a great GPA, a good job, a family that probably isn't as bad as I think it is, and we're getting by financially, even if it is a bit tough.
I think about my situation compared to some of the others I read on here and I question why I'm so depressed. Even with all that I have, I feel like I don't deserve what I have, and someone who can actually enjoy them should have them instead. Thinking that I'm the one who gets it instead just makes me feel worse about it really
I wanna just throw it all away, disappear without anyone knowing where I went but I know that won't fix anything ","dont deserve what I have,wanna throw it all away, disappear without anyone knowing where I went","The person is experiencing feelings of alienation, inadequacy, and imposter syndrome despite having achievements and a good support system. They feel disconnected from their own accomplishments and believe that others would be better suited to enjoy their successes, indicating a sense of disconnect and alienation towards their own life.",90,95
27,27,"Someone loved me and I think I loved them, I was so happy, then she was gone and I was awake.       
I laid in bed for more then an hour trying to just fall back asleep, I wasn't tired, I just wanted to go back.          
I can't even remember her name.  Seems so stupid that I would care, she was just a dream.      
I've never felt like that before, didn't even know I could, doubt I ever will again.        
Now that I'm awake it seems like a nightmare rather then a dream.        
Just a terrible glimpse at what I am probably incapable of feeling in the real world.","seems so stupid that Iwould care, never felt like that before, doubt Iever will, terrible glimpse of feeling in real world","The person is experiencing relationship-related stress indicated by the emotions of love, happiness, loss, and despair described in the premise. The longing for the person they loved in the dream, the struggle to fall back asleep to return to that feeling, and the sense of despair at the idea of not being able to experience such strong emotions in real life all point towards relationship-related stress.",80,90
28,28,"i feel really bad these last 3 weeks .. i dont feel like doing anything i dont feel like talking to someone or talking at all in general, i feel like theres nothing good in this life . but i still have some good moments also i havent lost my apetite instead i binge hard :'( and sometimes i think maybe i am just faking i might have a depression just to avoid responaibilities.. my family wants to take me to psychiatrist but i feel like a faker and also i dont feel like therapy could help me.. i mean it cant change my life right? i also am a bulimic and cutmyself.. idk .. guys help","feel really bad last 3 weeks, binge hard,bulimic and cut myself","The person is mentioning feeling bad for an extended period, loss of interest in activities, negative thoughts about life, self-doubt, and reluctance towards seeking professional help like therapy or seeing a psychiatrist. Additionally, symptoms like binging, bulimic behavior, and self-harm indicate a possible need for medication and medical intervention for mental health issues, suggesting medication-related stress.",90,95
29,29,"I've only ever had one friend that I can tell anything to, but I've always hid my depression and various other mental issues from her. But she knew something was up because sometimes I go weeks to months where I don't leave my room more than once a day and barely eat or drink don't talk to anyone and lose whatever job I have at that time. And finally last night I told her everything and she was the first person to not down play my problems or end the friendship on the spot. She told me that she will be there to support me through everything and even told me she liked me a lot. But I'm hesitant to start a relationship because every relationship I've been in has ended after a month at most because of the way I am and I don't want to lose her as a friend. I do feel a lot better having finally told someone about my depression and other shit. I might ask her out anyway because she is the first girl to fully accept who I am.","first person to not  downpaly my problems or end relationship, ","The person expresses feelings of alienation, as they have hidden their depression and mental issues from their friend for a long time, isolating themselves and not being able to fully express themselves. They also mention concerns about starting a relationship due to past experiences of relationships ending because of their struggles, which contributes to their sense of alienation from others. Despite feeling better after confiding in their friend, they still feel hesitant about pursuing a romantic relationship, indicating a fear of potential rejection or loss.",80,90
30,30,"Hello there.
First of all, this isn't an 'emergency' or something, I'm not suicidal and I know I'll get over this depression, but maybe somebody can help make it quicker.
I'm a 27 year old male and about 5 months ago I lost the parent who raised me. I was fat most of my life, except for a few years when I was a teen. I'm 5'10 (178cm) and 285 pounds (130kg) atm, I'm really unhappy with my body and my voice. I'm not handsome by any standard and I'm poor too (and I'm getting bald).
Recently I fell in love for a girl but she lives in US and she's smart and beautiful, I'm from western Europe and I don't have the money to go to US. If I had the means to go I'd surely at least try even though I know I'd probably be rejected (like, 99.9% of chance). I have a lot of responsibilities here too. I'm losing weight but it's probably going to take a few months/years to reach my ideal and even when that happens I guess I'll have loose skin. The fact is: I wouldn't want to date someone like me, how can I expect others to? Please don't come up with that acceptance thing, although I really appreciate the good intentions I just can't change what my brain finds attractive or not.
I've never been with a girl I loved ( or not :P ), I've only loved 3 girls so far, one when I was 17 and I was slim and such, but I didn't have the balls to express my feelings. Then again when I was I guess 20 or something, I wasn't very obese so I was somewhat OK with my weight, but the girls was from Australia and we didn't even have the time to know each other better.
People keep saying that's a 'crush' or something, but that's a start isn't it? I mean, I don't feel like approaching girls I don't feel something strong for and I totally don't believe 'real long-lasting love' will emerge from a forced relationship. A girl once wanted to approach me (but I was in love with that 2nd girl) so I suppose I'm not unbearably ugly but I certainly can't compete with the other guys in terms of looks.
I've been working my 'bottom' off for some time now, and I hope to make some money to be financially comfortable, but I don't want a girl to like me because of that, while I surely plan to use some of the money to improve myself.
I like smart girls with strong political opinions and definitely I don't like 'good' girls that are OK with everything and always trying to avoid conflicts. This girls I'm in love with really seems the perfect match, I honestly never been so sure about that, but I simply can't have her.
So, this is the situation I'm facing at the moment, my heart aches so much but I don't express it to others. I don't have anyone to talk about that only my dog and although that helps a bit it doesn't count much.
I'm trying to focus on my work to forget her but I can't. Everything I see feels familiar in a way that reminds her, this is something I never felt before, even looking at this text somehow I remind her face. Maybe there's a hormonal imbalance or something. I'm certainly not discarding the possibility of a physiological effect.
So, sorry for the big text and thank you for reading it. I'd really appreciate any advice on that. Thank you very much.
**EDIT** Added metric units","really unhappy with my body and my voice, I'm not handsome by any standard , bald, I wouldnít date myself date someone like me.","The premise reflects relationship-related stress due to the author's struggle with self-esteem, physical appearance, and unrequited love. The loss of a parent, feelings of inadequacy about his body, appearance, and financial situation, as well as the longing for a girl who lives far away contribute to the author's emotional distress and the belief that he is not worthy of love. This manifests as a deep ache in his heart and difficulty in moving on from his feelings toward this girl. The expressed desire for a romantic connection with someone he perceives as an ideal match, yet feels unattainable, further emphasizes the relationship-related stress and longing for acceptance and love.",90,100
31,31,"excepting me, I wish to me one only more pain. I don't deserves for anything else. and probably my problems is so stupid and trivial. I probably just delete it's because it's just pile of shit, like me. So just skip this post, don't even vote...","donít deserve anything,  just a pile shit","The language and tone used suggest feelings of alienation and a sense of being unworthy or undeserving. The person seems to be experiencing self-doubt, insecurity, and a sense of being disconnected or isolated.",80,90
32,32,"Well, fuck you! To be alone in the crowds better than to be alone (to be left, to not try for the other, but not to choose loneliness), to be better than to be with people who do not understand you; as if it had to be with those people. If they do not understand you, then go, go the fuck away, come along, be like me. What is holding you? I tell you what it is that scares you; to live my lonely life in the pile of meat surrounding you. It 's not hard to be alone, believe me, you just need to be yourself. It is very insincere when you stay in that crowd and whine about staying in that crowd and praise my loneliness. Fuck you one more time.
I am not sincere too. Sometimes I wanna get in between that rotten, stinky pile of meat you've stayed in between and feel safe. I can not live loneliness properly. 
To be alone is like a suicidal person stays between death and life. Those who dreaming death, those who see death as salvation, those who want to die think about that because their hope is fading. But the hope that has been left in his pocket allows him to continue for a while. There are also similar hopes in the people that alone. The lonely people waits for someone, wants to find someone. As long as you remain alone you will lose hope, knowing someone, having the ability to communicate with someone. The prospects of getting rid of loneliness are weak as long they are alone.
The only person who is obsessed with death is the only one who has a chance to get away from loneliness and to survive as long as he has spent time there. The ability to survive. It has not been too long.
sorry for my english. it is not my first language and i've learned it myself, so it's not good, bad actually... whatever, i hope you'll understand what i meant.
","to live my life in lonely pile of meat,its nt hard to live alone, the lonely people wait for someone to find them, insecure in crowds","The content of the premise indicates feelings of alienation and isolation, as well as a deep sense of loneliness. The individual expresses a strong aversion to being surrounded by people who do not understand them, preferring to be alone. The use of strong language and imagery in the text reinforces the sense of alienation and the desire to escape from the crowd. The individual reflects on the difficulty of living a lonely life and the conflicting emotions towards solitude. These feelings of being misunderstood, longing for connection, and struggling with the concept of loneliness are characteristic of alienation-related stress.",85,95
33,33,"*wave*
I'm unsure where to even begin..
It's almost 2017. I'm 22 years old. I wake up every morning and regret the first and last breath of every moment from then until sleep carries me away, back into a dream world where my problems don't exist..
I'm struggling with things.. My memories just feel like I'm looking at a glimpse of somebody elses past.. I can't even focus on time accurately anymore. Everything seems to blend into one at times to the point that it's hard to recall whether things happened one day or another.. 
I have no purpose, no meaning in life, outside of living for my family. That's the one saving grace, I'd be long gone if they weren't around. But.. the longer this goes on the more I question the futility of living this way.. Selfish springs to mind, I would rip through their lives and leave an unfillable hole if I ever managed to muster the courage and end it all.
On top of this mental nightmare, I have no friends, I hate my job, my boss is a textbook asshole, using his position to self promote his importance and bring everyone else down even further. I've managed to be trapped in a life where work is the only social activity I partake in.. I play video games occasionally, but always alone. Socially, I'm inert. I can't help but feel if I had more friends and some semblance of a social life, my problems would be alleviated slightly.. but I've tried to no avail. I struggle with making friends, more-so any good ones. I can only reminisce of the times before I pushed them all away it would seem.
I feel the longer I stay here the further I drift ever closer to the end.. Looking for a job to no avail, the added failure stacking more onto an already miserable existence.
Don't get me wrong, suicide clearly isn't the ideal situation. Even I understand that there are bound to be things in life I enjoy, love even, that I've never even experienced.. but one person can only take so much before they snap. Even if it's in the pursuit of happiness.
People outside of this debilitating illness don't understand. I'm not sure many of them ever will. If I was asked ""Do you want to die?"" It's an easy no. Well why then? Because I'm tired of the crying, I'm tired of spending days in bed forcing myself to eat to avoid ending up back in the hospital.. There are no words that accurately definitively say what I feel, none that would provide the insight so many need to understand this shit. I'm at a point sometimes where I want to end it just to illustrate how I actually feel.. So people will finally understand.. Actions speak louder than words after all.
Time will tell where I end up. As I write this, seeing my life outlined like this, I can't work out if I feel validated or like I've just sunk even further into the abyss..
I didn't anticipate writing so much, it wrote itself mostly..
Sorry if it bore any of you, I needed to speak and this is one of the few subreddits where I didn't think I would be judged.
Thanks for reading.","I have no friends, I hate my job, my boss is a textbook asshole, using his position to self promote his importance and bring everyone else down even further. ","The person is expressing feelings of alienation, disconnection, and loneliness throughout the entire premise. They talk about a lack of purpose, a sense that their memories feel like someone else's past, and feeling socially inert with no friends to connect with. These feelings of isolation and alienation are prevalent indicators of stress related to alienation, where the person feels disconnected from others and struggles to find a sense of belonging or connection in their life.",75,90
34,34,"im 18 years old. Everyone says Im negative, but i actually disagree and i think im being realistic and true to myself. i dont go around trying to ruin everyones day with bad news infact i keep it too myself, but when people ask whats wrong with me, i tell them, and they say ""youre just being negative."" so whats my problem? my problem is im just unhappy. im unhappy because nothing feels good. i dont know why but spending time with others doesn't feel good, and listening to music and going to school just font feel good anymore. not sure why. i just indulge in addictive behaviours like binge wathcing netflix, eating a lot, masturbating, and spending money a lot just to help me forget about how empty i feel. nothing really makes me feel fulfilled. i failed highschool because i was just so depressed. is that negative thinking when nothing feels fulfilling? school no longer feels fulfilling in any way and work doesn't either. im just unhappy knowing that this is how life is. most of our time goes into our jobs, and its depressing know that i will feel empty during all those hours. i dont know how im supposed to pretend like i actually care about my accounting homework. i just do it anyways because its what have to do. but i feel nothing for it and i hate feeling nothing. whenever im working or studying, no matter what it is im studying because i seriously dislike all subjects, i feel empty. i have hobbies like playing guitar, drawing, weight lifting but all these things don feel good anymore. people will say ""Youre depressed, go to a doctor and get a counsellor"" I do both those things. some other people say ""just stop thinking like that"" i scratch my head and wonder ""thinking like what? i mean if things dont feel good and everything leaves me an empty feeling, its not a matter of what im thinking, its about what im feeling."" i dunno. am i negative? if so how? and what do i do to stop?","school no longer feels fulfilling in any way and work doesn't either. most of our time goes into our jobs, and its depressing know that i will feel empty during all those hours.  no matter what it is im studying because i seriously dislike all subjects, i feel empty.","The individual is experiencing alienation-related stress. They feel disconnected from society and others, as well as themselves, which is leading to feelings of emptiness and unhappiness. Despite trying various activities, nothing seems to bring them fulfillment or joy. This sense of alienation is causing them to feel like an outsider, unable to relate to the world around them. Seeking professional help and counseling is a positive step towards addressing these feelings of alienation and working towards finding a sense of belonging and fulfillment.",80,90
35,35,"Hey, /r/Depression/ . I'm not sure whether I want to post here or in /r/SuicidalWatch/ as I'm having mixed feelings.
I'm from the type of people who pays attention to the detail, so let me give you some background. I'm a 19-y-o boy working as a waiter, which job was wrapped up by my grandmother. Yeah, living with my parents, and grandparents. I'm living in a very advanced level of poverty... even this is a miracle considering the chances, in my country, of being employed solely on a diploma.
This is the job I've started off after living 4 months of unemployment. I really f|cking prefer living my whole live unemployed, rather than being employed in such a sh|tty job. ""Why don't you just change your job? Or the very least, change the workplace?"" It's not as simple as that. No one hires. This just as in, because you really do need a good certification or degree from (preferably) the... richest... places. E.g. Microsoft certification, or an Oxford degree.
Now let me tell you about the job I'm stuck on working. Every. goddamn. day. And I'm almost wanting to cry typing this, because it only reminds me of what I'll have to face tomorrow, the day after tomorrow, and et cetera. I don't like my job, because co-workers, I don't like the F&amp;B Manager (Food and Bar Manager), I don't like the boss, and the clients, towards which I force myself to have positive feelings, because I'm a waiter, and this is a positive, and a default trait.
I'm an outsider working with not-so-intelligent co-workers, but very experienced in the field. It's because I'm new and know nothing about this genre. No one teaches me anything regarding how to work, and how to work the work. When I try to do something on my own, I usually fail, because no one offers a hand (referred as to teaching), then the staff of the whole hotel (the workplace) gather togheter, talking to each other that I'm incompetent, I'm stupid, they laugh at me, and feel a relief telling me ""You aren't good for anything. Better quit this job as soon as you can. It's the same even if you're working. You're only causing troubles, and issues."" 
A usual worker would think, ""Well, it's not an estimation by a manager."" But the thing is, my co-workers are very close with the manager, and always whine to him how I'm not good for anything. If I try to 'raise my voice' (figuratively), I always get a huge backlash of bullshit. I.e. there has been a problem, and I'm not in fault, but if it is in correlation with the experienced co-workers, it usually is my fault. Kind of a handicap. It got to a point where my manager cuts a lot of tasks, duties, and obligations, because I'm 'incompetent'. Today he saw me trying to carry 2 things at once, and got irritated, then told me by a very unpleased voice and body language 'Just stop trying to multi-task.' But I usually am good in multi-tasking, but the cowardice feeling (anxiety closy-by [It's really not anxiety, but I really do get VERY scared]) of having someone around me that watches what I'm doing, and probably expects the failure. And it really increases the chance of failure.
I really do have a friend of mine in the staff, but this can't really compensate anything. I have (had) friends, with which I've lost contact long time ago, and basically what I'm doing in life currently is go home, sleep, and to work again.
[#The Having Positive Feelings Towards Thoughts Of Death]
I usually watch entertaining or educational videos, which I've watched before, but the difference is that now I don't feel anything. I just feel depression, which cannot leave me. When watching utensils, I get a little uplifting feeling, which is caused by thoughts of harming myself. I really can't do anything about it, nor can you. The premise is that I want to get A LOT of weight off of my burden.
This is the life I'm living. Handicapped. It literally feels like you're tied, and can do nothing else, but to accept hard hits. Thank you for paying attention... not even the guests of the hotel are That merciful.","I'm an outsider working with not-so-intelligent co-,the staff of the whole hotel (the workplace) gather togheter, talking to each other that I'm incompetent, I'm stupid, they laugh at me","The person is expressing feelings of being an outsider, alienated, and marginalized in their workplace. They mention being surrounded by co-workers who belittle and mock them, causing feelings of incompetence and isolation. This sense of alienation is further emphasized by the lack of support and guidance from colleagues, resulting in the individual feeling like they are constantly under scrutiny and facing criticism. The individual also mentions losing contact with friends and feeling disconnected from their social life, indicating a broader sense of alienation beyond the workplace. These experiences highlight a deep sense of isolation and disconnect from their surroundings, which aligns with the category of alienation related stress.",90,95
36,36,"Not sure why I'm posting here, maybe just to see if anyone else is going through something similar. Skip to bottom for the TL/DR. 
(M/24/Appalachia)
Been depressed for over a decade now, and every year it's gotten worse. I feel like I am the subject of some cruel joke, a demented Truman Show, just tortured constantly in every aspect of life. Even the simplest tasks that people do, I have problems with. 
I am quite ill and have severe chronic pain (FAPs), but I can't get help because I live in the south and only junkies are allowed pain medicine here now with the new laws, and plus ""I'm too young to be so sick!"". I'm also a student but every year I fail half of my classes due to my illness or my severe crippling anxiety. The exhaustion is constant, and I don't have the mental or physical energy to do anything. I can't work either due to the same issues so I have no income, don't even have a bank account because I can't afford it. What money I do get I spend on cannabis for pain relief and so that I can keep food down (FGID). The pain really is crippling and I'm in tears from it 3+ times a day. I've waited 9 hrs in the ER, and I was still not seen by a doc. That's ""coal country"" for you, raped by corporations and then left to rot (//soapboxing)
I sleep about 3 or 4 nights out of the week (~4 hrs nightly), and have gone 6 days without sleep. Right now I'm on day 2. The sleep is never restful, I wake up about once an hour, the extreme pain creates these violent dreams where I am constantly getting brutally murdered. Takes me at least 3 hours to fall asleep, and I've spent 12+ hours laying awake in bed trying to sleep (I think that's why my joints hurt so bad.)
My psych is useless, he literally won't let me finish a single sentence and constantly berates me. He also refuses to treat me unless I take Paxil (his biggest sponsor) which previously led me to a suicide attempt and almost got me expelled from school (they thought I was on hard drugs). My psych didn't even have record of this suicide attempt even though I told them about it immediately. I've tried all the SSRI's and SNRI's and they all leave me worse than when I came in. I want to keep living and I'm afraid these meds will ensure that I don't. Sadly I can't switch doc's because the state pharmacy board will say I'm Dr. Shopping, being in WV they take it seriously. All of this together makes life like Chinese water torture. Drop by drop, day by day.
That's not even the worst of it, but I'll keep that one to myself for now or else some of you may think suicide *IS* a valid option for me! This event really gives me symptoms of PTSD though, but I don't self diagnose, and it puts a heavy load of regret on me I carry every day. Another deep regret I carry is from this: My good friend left from my house to a planned fight, which ended in my good friend using self defense and shot one of the men who was attacking. My friend just got 10 years for it, and I have so much weight on my heart that if I could have just stopped my friend from leaving he would still be free and this victim would still be alive. I think about it everyday. It really is torture in this poor tiny mountain town. This is as close to a 3rd world country in the US as it gets.
 
Socially I'm just as bad, heavily introverted. College is hell, I go to a small local campus of a bigger uni, meaning the class size is small. Forced participation is a nightmare, and there are no worse words to me than: ""Ok everyone, find a partner"" I end up alone every time. My every cough, every lead pencil broken, every sniff of the nose sends a wave a pure cringe through my body, even though I know it doesn't matter and no one cares. My anxiety gets so bad I have to leave class to puke, yet my psych sees no issues there. I find my self tailing friends at bars and if they leave I'm quietly in the corner awaiting their return. Comedy is my only crutch because physically I'm monstrous and have no self-esteem or confidence, I literally look like I have 2 black eyes ALL THE TIME. Tried all the creams and stuff but it's beyond help I think.
I don't expect anyone to have some magic solution but at this point I'm willing to try just about anything. I don't remember what it's like to be happy, and I'm forgetting what it's like to be human as well. Thanks for listening it really means the world to me.
Positives: I have an apartment w/ no rent, I'm good enough comedian to have a YT channel. Play guitar fairly well. Compassionate and empathetic to the point where it screws me over. Great w/ kids (studying Elementry Ed., no anxiety towards the kids, but if an adult is there too the anxiey is through the roof) I also don't really get social anxiety when streaming on Twitch (unless I've had a little too much ganja) perhaps the the screen being a barrier that blocks some of the anxiety, who knows.
Sorry for the novel, that's adderall for ya.
24/m lifelong depressed (ex-selfharmer), uprooted to poor Appalachian town at age 20. Chronic pain and fatigue (untreated), crippling social anxiety, introverted. I need help. I need help. Thanks.","I am quite ill and have severe chronic pain, He also refuses to treat me unless I take Paxil (his biggest sponsor) which previously led me to a suicide attempt , symptoms of PTSD","The writer's mental state seems to be influenced by a combination of chronic physical illness, untreated chronic pain, severe anxiety, and a sense of hopelessness. The mention of severe chronic pain (FAPs) and difficulty accessing pain medication due to new laws indicates a significant level of distress related to medication. Additionally, the writer expresses feeling tortured constantly in every aspect of life, struggling with severe crippling anxiety, and facing barriers to receiving proper treatment from their psychiatrist, all of which align with the category of Medication related stressed (C3).",70,85
37,37,"I want to wish you a happy new year and that 2017 may bring so much good for you all. I'm spending it alone and drunk in bed, I hope you guys are doing something more fun than I am. 
Have a great year and may our demons leave us..
~Twan",alone and drunk in bed,"The person expresses feelings of alienation by mentioning spending the new year alone and drunk in bed, while hoping others are having more fun. This sense of isolation and disconnection from others indicates an alienation-related stress.",90,100
38,38,"Hey guys, new poster over here. I'll get straight to it. So I have depression and anxiety that I take medication for, it's been going well helping me however I am quitting college (to help alleviate the stress and anxiety in my life) and will no longer be covered under my parents healthcare so I will be paying for my medications out of pocket. I currently work a minimum wage job and my medications can run hundreds of dollars per month that I wont have. 
On another note she found out I am taking my depression and anxiety medications through the pharmacist (Im 19, is that even legal?) and told me I was not depressed nor anxious enough to be taking medications.
Im just here looking for someone to talk to as I dont quite want to bring it up with other people. Thanks in advance for any suggestions."," I have depression and anxiety that I take medication for,  I currently work a minimum wage job and my medications can run hundreds of dollars per month that I wont have.","The person is experiencing stress related to medication usage and financial difficulties. They are concerned about paying for their medications out of pocket after quitting college and losing healthcare coverage. Additionally, the person is facing judgment and lack of support from others, as evidenced by the pharmacist's comment about their mental health condition. This situation highlights the additional pressure and stigma individuals with mental health conditions may face, which contributes to their overall stress and anxiety.",90,95
39,39,"I'm ending 2016 having to fight through a situation I have no energy to deal with. I am being victimised once more and have little hope of getting help, yet I have no choice but to fight. I feel so much despair and anguish, and the NYE celebrations going on around me only make it worse. I honestly don't know if I can live through to the new year. God or someone help me.","I am being victimised once more and have little hope of getting help, yet I have no choice but to fight.","The person expressed feelings of being victimized, despair, and anguish, which are often associated with relationship-related stress. The mention of needing help and feeling alone in dealing with the situation also points towards struggles in relationships.",90,80
40,40,"And then my mate punched me in the face, and now I feel completely demotivated.
It's like, what's the point, y'know? If I have fun, I get punched, if I'm upset, I get punched, if I say the wrong thing, I get punched, if I complain about it, I get punched! Like, what's the fucking point, y'know!?","my mate punched me in the face,If I have fun, I get punched, if I'm upset, I get punched, if I say the wrong thing, I get punched, if I complain about it, I get punched",The mention of being punched by a mate suggests a negative and potentially abusive relationship. The feeling of being demotivated and questioning the point of everything indicates relationship-related stress.,70,85
41,41,"Hi there. My name is Jonah I'm 17 and I struggle a bit with depression. Not as bad as it used to be but it comes and goes, especially in the winter. These are some things that happen to me when I have a bad day, and please, if you expierence the same or have anything to say about these, let me know: I usually want to eat salty foods. I don't get extra hungry, but I crave chips and popcorn. Stuff like that. I masterbate a lot more. I don't necessarily want to sleep more, but I like to lay in bed more. I get antisocial. I get the urge to start using again, although I know that if I do, it will only make things worse so I don't. I take comfort in smaller things. Usually stuff like videogames and youtube videos. Anyone have anything similar?"," I get antisocial.I don't get extra hungry, but I crave chips and popcorn.  I masterbate a lot more.","The mention of struggling with depression, experiencing fluctuations in mood, and seeking comfort in activities like video games and YouTube videos suggests a medication-related stress. The reference to not wanting to use substances even though there is an urge indicates a potential connection to medication management for depression.",70,85
42,42,"I just wanted to say please don't give up. I know what it's like to be suicidal and struggle with mental illness, but hang in there because it can get better. There's resources out there. For years I was just waiting to die, but I'm finally happy to be alive because I've found things that can really help. After some life changing acid trips, exercise, yoga, therapy and meditation, I've found a way to fight through depression. I know you guys can too so don't give up.",happy to be alive because I've found things that can really help,"The person mentions struggling with mental illness, suicidal thoughts, and finding ways to fight through depression. The use of terms like 'acid trips' and 'meditation' also hint towards exploring alternative or unconventional methods to cope with mental health issues, which can be associated with medication-related stress.",90,85
43,43,"Hey. Excuse my incoming rant, I just feel like I have to get a few things off my chest or they will crush me for good and I have never done this before. Also excuse my English - I am prone to not paying attention to the grammar when I get long-winded.
What a year this was. Well, not for me but for pretty much everyone else I know. Success just can't stop coming for them. Pretty much everyone is doing great, even the people about which I used to think that they would end up in my current situation. And then there is me, in all of my useless, depressed self, wallowing in my self-inflicted misery. The only things that were enjoyable to me happened on a macro scale so they didn't really affect my personal actual situation at all.
I'm 24, still living with my parents and lonelier than ever before. I spend most of my days at home, mostly reading and watching useless crap on the internet. I read books too, but not as many as I used to. I've got attention issues. 10 years ago I could tear through a 600 pages long book in a day, today I can barely go for 15 minutes before I feel like I have to do something else (like refreshing a webpage and seeing that nothing has happened) and then have a hard time coming back to whatever I was doing. I can still read fast but I feel like I've become addicted to the ever-avaiable constant stream of shallow information that is so typical for this day and age - I think I know more the American electoral system now than I have ever wanted to know even though I live half a world away. Still, I've read pretty much through the entire Western canon over the last few years, trying to find answers... to anything with nothing coming out of it.
I procrastinate... a lot. It causes issues at the uni where I have been behind on pretty much every deadline I've ever gotten and considering what I've been told about my latest paper I may not even be able to finish it. But the degree I am trying to get is useless anyway (I chose it a few years ago in a bout of depression after I quit my original pursuit of some economics degree), so it probably doesn't matter anyway. The worst thing is that I think that I actually have a good work ethic when I really set my mind to something, but I hardly ever actually get to that point and I have a hard time staying in it because my mind just goes somewhere else. I've tried to write a book - I think I am pretty good with words, at least in my native language, and I thought it would offer me some more opportunities for escapism (that's pretty much the only peace I get these days). I got really excited, spend 3 weeks on it... and yet once I stopped some 30k words in, I have been having a hard time getting back, even though I have the whole thing in my head.
Those two issues are probably aided by thyroid problems. A doc told me two or three years ago that I should see a specialist because my thyroid apparently isn't working exactly as it should. I've ignored that advice and now I fear going to see a doctor because they will shit on me for neglecting the issue. I think it's just an irrational fear of criticism and denial. I know that I should do it and yet I can't bring myself to it. I've been delaying and delaying, always putting it in the ""after that"" spot. I am an idiot. Telling myself that I am an idiot does not really help though.
I've got communication issues too. Had them for a long time. I was bullied a bit at school when I was like 12 but while I thought for a longest time that it didn't affect me (I've become friends with all those people overtime), it probably ended up affecting me more than I thought it would. It certainly put a dent into my school performance, even though that was probably paired with the fact that I did not have learn anything for my first 6-7 years at school because all that stuff was too easy for me and so I never really learned how to learn, if you know what I mean.
The worst thing is that I feel like there is no reason for me to not live a normal life. I am clever... heck, my intelligence is well above average according to everything I have ever been told. I look normal - I think I have a pretty face, pretty green eyes and nice hair and all that. My height ended up average, close to 6 feet, even though my paediatrician has always said I'd turn out 5'5-6 at best. I am bit underweight and have problems putting on weight (thyroid again?), but that's probably the only issue with my appearance. I was surprised to discover that my voice is kinda whiny a few years ago, but I don't think it's that bad.
And yet I feel like I repulse people. I've never had a girlfriend. Those few girls I liked never... really paid attention to me, even though I was nice to them and they were nice to me... I should've probably been more assertive but I've always feared the embarassment of bad social experience. I've pretty much stopped trying over the years. Also, I don't remember any girl ever trying to get me and if any did, I remain completely blind to it to this day. As I said, I've eventually become friends with most people around me but those relationships were always pretty shallow. I've had maybe two really good friends over the last 10 years (mind you, hardly the ""best friend"" category) but even they have been gradually drifting out of my life. I can't really fault them for that as they have their own exciting lives and I have almost nothing to offer in exchange for friendship... they've certainly tried to get me out of my shell (and still do from time to time) and I will remain grateful for that.
Last summer I got a work in a warehouse. Just wanted to make some quick buck and I think manual job suits me because my mind can shut off and go to its own place without any consequences. I did the job well, all eager and active and got on a good raport with some co-workers. And yet after a few weeks they started telling me that there were no hours avaiable for me even though they told me there would be hours for several months when they hired me. Hell, they even hired more people after me and those were still coming to work. I've checked in a few more times after that and all I got were weird faces and evasive answers so I stopped. To this day I don't know what I did wrong. It's a small episode but it's pretty indicative of the rest of my life... I don't know what I did wrong and yet people never really connected with me on a deeper level so I drifted away from them as they did from me.
I should add that my parents fight a lot... have been fighting for 15 years. It's a real wonder that nobody ever got hurt. My mom's got anxiety and a phobia from dirt and diseases so she gets panic attacks basically all the time. It took my dad years to become mindful of that and the relationship has gone really sour over that time. Today they just fight over everything, even the smallest, stupidiest things, like who is going to cook a dinner. That has probably affected me too when it comes to interpersonal relationships... ""is this what I am going to get if I get a girlfriend? That's not worth it.""
I think I am getting to the end of this. I feel like I am missing some things I wanted to say, but I am glad that I've got at least this out of me. Happy New Year and let's hope the things get better.","Those two issues are probably aided by thyroid problems.I should add that my parents fight a lot... have been fighting for 15 years. Today they just fight over everything, even the smallest, stupidiest things,","The individual's writing is filled with expressions of feeling isolated, disconnected, and alienated from those around them. They mention feeling useless, depressed, lonely, lacking meaningful relationships, and not being able to connect deeply with others, which are all indicative of alienation-related stress. The individual also expresses a sense of repulsion from others despite having positive qualities, struggles with communication issues, and has a history of being bullied, all contributing to their feeling of being isolated and disconnected. Additionally, the mention of shallow relationships, drifting friendships, and feeling ignored by potential romantic interests further highlights the underlying sense of alienation and disconnection in the individual's life.",90,95
44,44,"Possible triggers coming up.
I've built myself into a robust, hermit, cold, sociopathic character, but every once in a while who I would have been if my life went differently bursts through. I'm known for being extremely isolated in my family, and I have forced myself to be okay with being lonely, and it worked, it's my preferred state and I love it. But sometimes something goes off and I just realize I need people. I crave people. Therapists struggle to understand me(do you have any idea what an alienating feeling that is? This guy is supposed to fucking know, and he's looking at me like I'm a nut job), what about friends? What about a girlfriend? I failed high school, I'm alone, I have no skills nor do I want any, I don't believe in school in the first place, I don't believe in dedicating my life to some worthless fucking job, fuck that. I didn't ask to live and I'm not okay with the way I'm being forced to live. All this stress people talk about is stress that was created and it doesn't need to be there, and old fucks tell you 'when you grow up you'll understand' like I don't understand it, you're just accepting it, you're not okay with it, it doesn't make anymore sense, you just conformed and that's not okay, you're putting your ass in the air and you're just accepting that you're getting fucked, and you're okay with that because it's easy. I don't want to conform. I don't believe in this, I'm not built for this, I want to die. I am afraid, I'm alone, and I fear that I won't last any longer. I'm scared. I'm fucking frightened. I'm sick of people trying to push 'meaning' down your throat. Not a thing means anything and I will never not believe that. I don't give a fuck about what valuable skills you think I need to have. I want to live the way I want to live, and there's nothing wrong with that, and I'll never not feel like that and because of this I'm going to die, either soon and painfully. Or I'm gonna accept it and fucking kill myself, because I WILL NOT be able to cope with it for long. 
Edit: I feel obligated to just mention this. If you feel like dieing, get yourself help. If you feel without meaning, look into existential nihilism. Please don't kill yourself, and try to become happier. Get help. Good day.","I've built myself into a robust, hermit, cold, sociopathic character,I'm known for being extremely isolated in my family, I don't want to conform","The person's mental state seems to be heavily influenced by feelings of alienation. They describe themselves as isolated, cold, and sociopathic, preferring to be alone and not believing in the value of relationships or social connections. This sense of alienation is further reinforced by their feeling of not fitting into societal norms, not believing in the constructs of traditional education and job expectations. They express a deep sense of loneliness and fear, longing for connection but struggling to find it. The person's rejection of societal expectations and search for meaninglessness also align with feelings of alienation from mainstream values and beliefs.",90,95
45,45,"This is the first time I'm making the conscious effort to enjoy myself rather than wallow in my depression and self pity because nobody invited me to a NYE party. I've never before taken steps towards self care so that in itself is an accomplishment and I'm proud of it. Will I be back to my self destructive and self pitying ways soon? Who knows, but for just one day I'm going to allow myself to take care of me and if you've been looking for any encouragement or a sign to do the same then hopefully this is it. I've decided nobody gives a shit that you're laying in bed crying and the only person who can make me happy is myself if I just allow myself to enjoy things. Instead of purposely listening to that sad music when I'm already sad, I'm going to listen to my dumb 70's upbeat playlist.
Today is no different than any other day except for the fact that society deems it the start of a new year when in reality time is just a construct. The idea that you need to be around other people on NYE in order to have fun is also another construct. The sun will still set and rise like it does everyday.
If you give in to looking at social media you will see people getting drunk and what appears to be having fun. Realize that yes, some of these people are genuinely out having a good time, but a majority of it is making things appear better than they really are. They're not posting pictures of people sitting on a chair scrolling through their phones (which is what happens for 90% of the time at the majority of parties), they're posting pictures where everyone came together and posed like they're having fun and shit is wild and right after the camera shutter goes off they're back to scrolling on their phones. Some of them are probably feeling fed up and wishing it was over. Some of them probably feel just as alone as they do when there's nobody around (and that's truly a worse feeling). I know this was true back when I used to get invited to parties. You, on the other hand, are at home surrounded by things you can enjoy. Movies, TV, video games, books, hobbies like drawing, you name it. Would you really be happier at that party?
Anyway, I'm going to wrap this post up because, like I said, I have a day of fun shit to do by myself. If you're not ready to take the step towards self care, I get it. I've been depressed for a hell of a long time and never taken this step. But today I woke up and decided to do it. It'll happen for you eventually if it's not happening now. Happy NYE guys.
My plan as well as tips for tonight:
- Starting off eating a nice pot brownie that I've been saving (Also for the first time, I'm getting high because it's enjoyable, not as an escape)
- Watch a movie (Never seen The Wolf of Wall Street and I think I'm going to try it out tonight)
- Watch TV shows (I've been watching The Office lately)
- Play a video game (I've been into Battlefield 1 and Civ 6 lately)
- Depending on how high I get, watch Planet Earth (On a more serious note, shit puts things into perspective and reminds you how fucking cool the planet where we live is. People might suck sometimes, but nature is beautiful as fuck. The colors and scenery are amazing but I'll probably be high as shit crying when I see the predator killed the prey only to bring the food back to its own babies)
- Fireworks get to me pretty badly, so if they get loud I'm going to put headphones in
- Limit social media use (I know I won't be able to stop myself from checking, so I'll just remind myself of what I typed earlier when I do)
- Eat good food (Try making something new or order out your favorite food)
- Give my dog a hug and a treat at midnight
- Get a good rest and wake up tomorrow like I do everyday
I advise you to make a list like I did and if at any point you feel yourself drifting into self pity or whatever else, try to read it and do something on it to get you back on track to a good night :)",The idea that you need to be around other people on NYE in order to have fun is also another construct.they're posting pictures where everyone came together and posed like they're having fun ,"The person shows signs of being in a good mental state as they are consciously making an effort to enjoy themselves and engage in self-care activities. They express pride in taking this step towards self-improvement, reflecting a positive outlook. Despite acknowledging past struggles with depression and self-pity, they are actively trying to focus on self-care and finding enjoyment. The individual is encouraging others to also take steps towards self-care, demonstrating a hopeful and optimistic mindset.",85,95
46,46,"What if I have an amazing family, and amazing boyfriend, amazing friends, amazing schooling, amazing financial status. 
What if I have no reason to be depressed? 
All of my family is coming over this afternoon to enjoy the night and I'm crying in my room, afraid and tired. 
But all I can think about is how tired I am of life. How nothing is bringing me joy anymore. I have no reason to live. 
Is anyone else feeling this way? Please PM me. I feel so done. 
",all I can think about is how tired I am of life.How nothing is bringing me joy anymore. I have no reason to live,"The person seems to be expressing feelings of extreme despair and hopelessness, despite having what seems like an ideal situation with an amazing family, boyfriend, friends, schooling, and financial status. These feelings of emptiness and lack of joy, along with thoughts of not having a reason to live, suggest that the individual is experiencing relationship-related stress, possibly struggling with deep emotional issues within their relationships that are affecting their mental state.",90,95
47,47,"Throwaway because SO knows my username. 
I'm a graduate student in a field I've always wanted to be in, working with a world-renowned adviser; I have a supportive family, am relatively attractive and intelligent, and a great SO. By all accounts should be thrilled with the life I'm living. Obviously I'm not or I wouldn't be posting here. 
My motivation is basically gone, as is my confidence in myself and my passion for the work I'm doing. All I want to do is lie around and watch TV all day, and lately, that's all I've been able to do. My goal yesterday was to make it out of bed before 12 pm. 12 PM!!!! I'm an adult, that's ridiculous! 
I was a vegan for moral reasons for a long time, was a healthy eater, cooked nightly, and was in great shape from tons of yoga and working out. Now, I'm lucky if I do some light stretching and cook once a week.
I can't focus on anything. Trying to get work done is like running uphill in two feet of snow holding a bag of rocks. When I try to concentrate it feels like there is a cloud in my head that information can't get through. It's so frustrating and exhausting and I just can't handle it anymore. 
I've always had obsessive thoughts, and had a bit of OCD as a teenager, but now they're just constant and are affecting every aspect of my life. I know they're not rational, and I know not to let myself get fooled into believing them, but when I'm as vulnerable as I have been lately it's a challenge. 
It's taken me months to accept the fact that I might be depressed and not just a lazy, unmotivated pos, even though that's what I feel like. I've struggled with making excuses for myself and my behavior all my life; my mother rationalizes everything she does and never takes responsibility when she isn't handling things the way she should, and I think I've overcompensated in the wrong direction. This acceptance is a huge, painful step for me but I'm proud of myself for finally getting here. I think I need to accept that I need help and can't combat this alone. This isn't something to be ashamed of, it's something to confront head on and something the great, supportive people in my life can help me with. 
Anyway, I guess this was more of an /r/offmychest post, but I figured this would be a good place to vent. If you're still reading, thanks for that. ","I've always had obsessive thoughts, and had a bit of OCD as a teenager, accept the fact that I might be depressed and not just a lazy, unmotivated pos, ","The person mentions experiencing a loss of motivation, confidence, passion for work, inability to focus, and obsessive thoughts. These symptoms, along with the acknowledgment of feeling depressed and the struggle to accept it, indicate a mental state that could be related to medication issues. The person may be experiencing mental health challenges that require professional intervention and medication management.",90,95
48,48,"Basically, I'm a girl who turned 18 in november. I've struggled with my mental health for as long as I can remember (I started self harming when I was 12, but I managed to stop when I was around 15 or 16) and this year it's only gotten worse. My friends don't want to be around me anymore because they say I'm too miserable, or I'm ""always in a bad mood"". I suspect myself of having depression and I find it incredibly hard to get excited or happy about anything at all - I seem to have two modes of indifference or unhappiness. Recently (especially in the holiday season) my thoughts are consumed with how much I want to die, how much easier it would be and how little a lot of people would care. That, or many of my ""friends"" whom I thought the world of but I've since come to realise are only friends with me through circumstance, would suddenly care when they are nowhere to be found right now. At this point I have stopped trying to open up to my friends. I took a couple weeks off school last month in order to get my head straight and when asked why I hadn't been in, it very quickly became a competition of ""who has it worst"". I do have one friend who means the absolute world to me and I feel like I could tell him anything, but there's only so much you can burden one person with.
I've thought many times about how I could kill myself and I have written notes out for my closest friend and a few other people - at this point, it's just finding the courage to do it.","My friends donít want to be around me anymore, I am too miserable, stopped trying to open up to my friends","The person is showing signs of long-term mental health struggles, including self-harming behavior and thoughts of suicide. The mention of struggling with mental health for a long time, feeling indifferent or unhappy, and thoughts of suicide indicate a serious mental health condition, possibly depression. The person's reluctance to open up to friends, feeling like a burden, and considering suicide as an option suggest a deep sense of despair and hopelessness, which could be exacerbated by a lack of appropriate medication or treatment. It is important for them to seek professional help and support to address their mental health concerns.",85,95
49,49,"This year has been complete hell for me I turned 22
I lost my girlfriend of 4 years she broke up with me by handing me the custom necklace I got her..
I fell thousands of dollars in debt from helping her with everything she needed from phones to car payments.
I met my best friend fell completely in love with her thought she felt the same way so I asked her out she turned me down. everything was fine (I just loved her company) until 2 weeks ago she started dating and I never really see her anymore and is now about to move away.... 
I'm stuck living with my parents who tell me how everything I do is wrong how I should have a 50k+ income how I should have moved out 2 years ago becomes it's easy to afford to live. I can't afford to move out alone I truly thought she loved me and we were simply going to get a apartment we even talked about it a lot to the point we looked at some..
I'm ending 2016 thousands in debt alone and depressed knowing there will never be anyone there for me when I need them my few friends I consider family and I would do anything for them (from buying tires to food to giving them a ride) and I like to think that they would be there for me... but this year has shown me that's not the case that non of them truly care about me...
I've been sleeping all day after work crying slowly realizing I have no one even as I write this I'm realizing that.
","Lost my girlfriend of 4 years, I never really see her, I'm struck living with my parenst who tell me how everything  I do is wrong","The person is experiencing relationship related stress due to the ending of a long-term relationship, unrequited feelings for a close friend, and feeling isolated from friends and family. The emotional pain, loss, and loneliness described in the premise are indicative of relationship-related stress.",70,90