index,reason,orig_reason,Similarity Score
1,"The emotional distress, grief, and longing expressed in the premise suggest a deep sense of loss and sadness related to a relationship. The mention of the best friend's birthday and the plans they had together highlights the significance of the relationship, indicating that the author is experiencing relationship-related stress due to the absence of their friend."," best friend's birthday, he's gone, never supposed to be like this ",0.5473310351371765
2,"The person's emotional state seems to be heavily influenced by their interactions with a girl they have minimal contact with. They express feelings of loneliness, a desire for connection, and a sense of not fitting in socially. This relationship-related stress is evident in their desperation to take a bold step and message the girl, highlighting their struggle with self-worth and identity.","absolute minimal contact with,  be more direct and meet new people, be liberated of my own inhibitions, lost identity, tired of being omega",0.4487326741218567
3,"The person's mental state is categorized as relationship related stressed because they express feelings of depression, rejection, and disappointment due to their lack of success in relationships. They also mention suicidal thoughts tied to relationship status and express frustration towards others who try to diminish the significance of romantic relationships in one's life.","never had a girlfriend, rejected countless times",0.21025627851486206
4,"The person is displaying symptoms of depression and anxiety, which are mental health conditions. The constant negative and hopeless thoughts, as well as the preoccupation with the future, are indicative of a mental state that may require professional help. The person expresses a desire to amputate their brain, showing a level of distress and desperation. This level of pessimism and lack of hope for the future aligns with a medication-related stressed category, as the person might benefit from therapy and possibly medication to manage their depressive symptoms.","eating out with family, what after that? Parents  are still going to die",0.17109234631061554
5,The person's mental state seems to be characterized by feelings of alienation and disconnection from their current living situation. They express a desire to live in a different country and believe that their aspirations cannot be achieved where they currently reside. This feeling of being out of place and the perceived inability to change their circumstances are contributing to their sense of alienation and inaction.,"no job, no education or even goals",0.29576611518859863
6,"The person who wrote this premise is experiencing extreme feelings of alienation, isolation, and inadequacy. They feel disconnected from those around them, comparing their struggles and suffering to the seemingly perfect lives of others portrayed on social media. This sense of alienation is further exacerbated by feelings of worthlessness, jealousy, and envy towards others. The person's struggles with mental health, social anxiety, and self-esteem issues contribute to their sense of being left behind and unable to keep up with those around them. The overwhelming negative emotions and perceived inability to improve their situation reflect a deep sense of alienation and disconnect from society.","depression, anxiety, severe OCD, tooth ache, mental illness",0.2339191436767578
7,"The person is experiencing relationship-related stress due to the recent breakup with their girlfriend. The way the girlfriend treated them during the breakup, laughing and smiling while treating them poorly, has caused significant distress and feelings of abandonment. The person's description of feeling physically sick, overwhelmed with anxiety, and expressing thoughts of helplessness and depression all point towards relationship-related stress as the dominant factor in their current mental state."," she dumped me she laughed and smiled and treated me like shit, feel physicaaly sick the way she treating me,  She has abondened me",0.4009886384010315
8,"The person mentioned experiencing interrupted sleep schedules, dark thoughts, feelings of suffocation and drowning, continuous anxiety, hyperventilation, and feeling continuously sick. These could be symptoms of a mental health issue that requires medical intervention and could be exacerbated by the unexpected diagnosis received 3-4 weeks ago. The person also expressed hesitance towards seeking professional help, which is common in cases of mental health issues related to medication. Hence, the individual seems to be experiencing stress related to medication, prompting the need for medical intervention and support.",an unexpected diagnosis  after a collapse triggred it,0.3259262442588806
9,"The mention of severe depression related to past events in 2016 indicates a deep emotional distress resulting from a relationship issue. The writer is seeking relief and solace through sharing personal thoughts on a public platform like Tumblr, which points towards a struggle with interpersonal relationships and emotional well-being.", me and my family suffering from a severe depresion ,0.4266836643218994
10,"The person expresses a sense of alienation and disconnection from activities that used to bring them joy. They feel like real life is not as beautiful as the virtual world, and they are struggling to find pleasure in things that previously helped them cope, such as sleep, video games, and music. The feeling of emptiness and lack of interest in activities indicate a state of alienation and disconnection from their surroundings.",nothing else to do,0.1648556888103485
11,"The writer's feelings of disdain towards individuals who display vulnerability or traits they perceive as 'not good' suggest a sense of alienation. This could stem from a deep-seated fear of being judged or rejected by others, leading to a pattern of categorizing people as either 'better' or 'worse' than themselves to cope with feelings of insecurity and maintain a sense of control.",feel threatned by good looking people,0.5378993153572083
12,"The person is experiencing anxiety and frustration due to feeling alienated from the loud fireworks going off close to their house, causing physical symptoms like headaches and tightness in the chest. They also mention spending the day alone and feeling bad about it, reflecting a sense of isolation and disconnection from others, which are typical signs of alienation-related stress.","alone doing nothing, no sound in my room",0.3491920232772827
13,"The author of the premise seems to be experiencing alienation-related stress. They describe feeling like they are in a 'black bubble' and have 'dragged down those who are closest' to them. Despite feeling grateful for others' presence, they also mention being in a 'vantablack-coated hellhole.' This sense of isolation and darkness is further highlighted by the quote at the end about finding light in darkness. Overall, the tone suggests a feeling of alienation and disconnect from others and the world around them.","when I look outside this black bubble,vantalblackcoated hellhole",0.550575852394104
14,"The person has been pretending to be okay, happy, and normal since they were 12, indicating a deep sense of alienation and disconnection from their true self and others. They have been experiencing long-term emotional exhaustion, numbness, and feelings of loneliness, which are common signs of alienation-related stress. The lack of genuine connections and the constant need to pretend that everything is fine have led to a state of emotional emptiness and hopelessness, making it difficult for the person to envision a future where they can be genuinely happy.","crippling sadness/ lonlinessI need someone to talk to, Idont have anyone",0.37891632318496704
15,"The person's feeling of sadness despite being surrounded by loving family and caring friends, their struggle with self-doubt and loneliness, and the pattern of failed relationships suggest that the individual is experiencing relationship-related stress. The mention of a serious relationship that temporarily stopped the lamenting but ended quickly, as well as the amplification of feelings with each failure to communicate with someone they are interested in, points to a deep emotional impact from their relationship experiences. The person's reflection on watching fireworks alone while listening to music further emphasizes a sense of loneliness and longing for connection.","I've never had luck with relationships,magnified with each failure to communicate with any girl Iam interested in",0.3203567862510681
16,"The writer seems to express feelings of alienation and disillusionment with society, social media culture, and the lack of genuine connections with others. They mention feeling tired of the superficial interactions and the focus on digital identities over real socialization. This sense of disconnect and dissatisfaction with societal norms points towards alienation-related stress.","Tired of being told Depression is chemical imbalance, nobody wants to hang out, people donít want to connect, real socialization is dead",0.35476815700531006
17,"The person is experiencing relationship-related stress due to a series of difficult events, including a bad breakup, toxic relationship dynamics, and feelings of loneliness and exhaustion. The breakup has significantly contributed to their depression, along with financial issues, parents' divorce, and academic struggles. These relationship challenges have led to a sense of disappointment, helplessness, and mental exhaustion. Seeking advice and venting online are common coping mechanisms for individuals experiencing relationship-related stress.","Parents divorcing, break up with girlfriend, relationship was toxic,people change",0.5033370852470398
18,"The person is expressing frustration and exhaustion from social interactions, particularly in the context of spending time with their girlfriend and her parents. This discontentment is exacerbated by feeling pressured to engage in social activities, such as a big dinner, on New Year's Eve. The individual's desire for alone time and disinterest in the festivities suggest relationship-related stress and a sense of alienation, as they feel misunderstood and unable to express their need for solitude without facing judgment.","so exhausted and cant feel happiness, exhausted from hanging with other people, want some alone time",0.47162747383117676
19,"The person is expressing feelings of alienation and loneliness during the new year, indicating a sense of disconnection and isolation from others.",makes some feel a little more lonely,0.3979708254337311
20,"The person's feelings of loneliness, alienation, and lack of purpose suggest a deep sense of disconnection and isolation from others. The mention of having no friends, living far from family, and feeling like they have nothing to live for points towards alienation as the main stressor.","Broke up with boyfriend,have no friends, I've alienated myself from everyone ",0.44701260328292847
21,"The person expresses feelings of extreme loneliness, alienation, and hopelessness. They feel disconnected from society, especially on a night like New Year's Eve which is traditionally associated with celebration and togetherness. The mention of never being in a romantic relationship and not seeing it happening anytime soon also suggests a profound sense of isolation. These feelings of alienation and lack of belonging are indicative of Alienation related stress.","Incredibly lonely,   never been in a romantic rellationship, tonight will be especially difficult, ",0.45817330479621887
22,"The individual who wrote the premise is experiencing medication-related stress. This is evident from their mention of their own struggles with depression and their ex's history of depression. They feel overwhelmed by the situation where their ex is turning to alcohol as a coping mechanism, which could be seen as a substitute for proper medication and therapy. The writer expresses their lack of professional expertise in handling such serious mental health issues and the dilemma in providing help due to their own struggles, highlighting a sense of helplessness and inadequacy in dealing with the situation.","My ex, still care about her ,still  care about her,thrown me into the hole again",0.2648557722568512
23,"The person is expressing deep frustration and hopelessness regarding finding love, mentioning feelings of despise towards themselves and the belief that nobody loves them. The repeated invalidation and dismissal of their struggles with platitudes and cliches about love and relationships have only exacerbated their emotional distress. This relationship-related stress is evident in their negative perceptions of themselves, others, and the idea of finding love, leading to a sense of hopelessness and low self-worth.","I donít love me, I despise me, so does everyone, having someone around who tells me they love me wouldnít make things worst",0.45319342613220215
24,"The person expresses feelings of isolation, alienation, and existential crisis stemming from fundamental questions about life, the universe, and their own existence. These struggles appear to be intensified by a difficult and traumatic childhood experience, characterized by parental substance abuse, domestic violence, and physical abuse. The sense of hopelessness and emotional distress described in the text align with symptoms of alienation-related stress. The individual's acknowledgment of the need for help and their planned strategies to cope, such as starting meditation and seeking connection with family and friends, indicate a desire to address feelings of disconnection and find a sense of belonging.","mother is a hoarder, father is an alcoholic who sometimes beat her, threatned to harm each other with knives, mother would beat me and my brothers with  belts or brooms, donít want siblings to  feel any similar things",0.33438947796821594
25,The person feels disconnected from the norm and the idea of celebrating in a conventional way intensifies their sense of alienation. They struggle with the societal expectation of what 'normal' people should do on New Year's Eve and find it all superficial and meaningless. This feeling of not wanting to be alone but also not wanting to engage in the usual celebratory activities indicates a sense of alienation from both the self and the external world.,"all be *normal* its all so superficial, feel like crap in the morning and resume regular life",0.24634148180484772
26,"The person is experiencing feelings of alienation, inadequacy, and imposter syndrome despite having achievements and a good support system. They feel disconnected from their own accomplishments and believe that others would be better suited to enjoy their successes, indicating a sense of disconnect and alienation towards their own life.","dont deserve what I have,wanna throw it all away, disappear without anyone knowing where I went",0.16640132665634155
27,"The person is experiencing relationship-related stress indicated by the emotions of love, happiness, loss, and despair described in the premise. The longing for the person they loved in the dream, the struggle to fall back asleep to return to that feeling, and the sense of despair at the idea of not being able to experience such strong emotions in real life all point towards relationship-related stress.","seems so stupid that Iwould care, never felt like that before, doubt Iever will, terrible glimpse of feeling in real world",0.3220270574092865
28,"The person is mentioning feeling bad for an extended period, loss of interest in activities, negative thoughts about life, self-doubt, and reluctance towards seeking professional help like therapy or seeing a psychiatrist. Additionally, symptoms like binging, bulimic behavior, and self-harm indicate a possible need for medication and medical intervention for mental health issues, suggesting medication-related stress.","feel really bad last 3 weeks, binge hard,bulimic and cut myself",0.4947333335876465
29,"The person expresses feelings of alienation, as they have hidden their depression and mental issues from their friend for a long time, isolating themselves and not being able to fully express themselves. They also mention concerns about starting a relationship due to past experiences of relationships ending because of their struggles, which contributes to their sense of alienation from others. Despite feeling better after confiding in their friend, they still feel hesitant about pursuing a romantic relationship, indicating a fear of potential rejection or loss.","first person to not  downpaly my problems or end relationship, ",0.3571203351020813
30,"The premise reflects relationship-related stress due to the author's struggle with self-esteem, physical appearance, and unrequited love. The loss of a parent, feelings of inadequacy about his body, appearance, and financial situation, as well as the longing for a girl who lives far away contribute to the author's emotional distress and the belief that he is not worthy of love. This manifests as a deep ache in his heart and difficulty in moving on from his feelings toward this girl. The expressed desire for a romantic connection with someone he perceives as an ideal match, yet feels unattainable, further emphasizes the relationship-related stress and longing for acceptance and love.","really unhappy with my body and my voice, I'm not handsome by any standard , bald, I wouldnít date myself date someone like me.",0.3161669969558716
31,"The language and tone used suggest feelings of alienation and a sense of being unworthy or undeserving. The person seems to be experiencing self-doubt, insecurity, and a sense of being disconnected or isolated.","donít deserve anything,  just a pile shit",0.10642135143280029
32,"The content of the premise indicates feelings of alienation and isolation, as well as a deep sense of loneliness. The individual expresses a strong aversion to being surrounded by people who do not understand them, preferring to be alone. The use of strong language and imagery in the text reinforces the sense of alienation and the desire to escape from the crowd. The individual reflects on the difficulty of living a lonely life and the conflicting emotions towards solitude. These feelings of being misunderstood, longing for connection, and struggling with the concept of loneliness are characteristic of alienation-related stress.","to live my life in lonely pile of meat,its nt hard to live alone, the lonely people wait for someone to find them, insecure in crowds",0.5092073678970337
33,"The person is expressing feelings of alienation, disconnection, and loneliness throughout the entire premise. They talk about a lack of purpose, a sense that their memories feel like someone else's past, and feeling socially inert with no friends to connect with. These feelings of isolation and alienation are prevalent indicators of stress related to alienation, where the person feels disconnected from others and struggles to find a sense of belonging or connection in their life.","I have no friends, I hate my job, my boss is a textbook asshole, using his position to self promote his importance and bring everyone else down even further. ",0.1585882306098938
34,"The individual is experiencing alienation-related stress. They feel disconnected from society and others, as well as themselves, which is leading to feelings of emptiness and unhappiness. Despite trying various activities, nothing seems to bring them fulfillment or joy. This sense of alienation is causing them to feel like an outsider, unable to relate to the world around them. Seeking professional help and counseling is a positive step towards addressing these feelings of alienation and working towards finding a sense of belonging and fulfillment.","school no longer feels fulfilling in any way and work doesn't either. most of our time goes into our jobs, and its depressing know that i will feel empty during all those hours.  no matter what it is im studying because i seriously dislike all subjects, i feel empty.",0.3480079770088196
35,"The person is expressing feelings of being an outsider, alienated, and marginalized in their workplace. They mention being surrounded by co-workers who belittle and mock them, causing feelings of incompetence and isolation. This sense of alienation is further emphasized by the lack of support and guidance from colleagues, resulting in the individual feeling like they are constantly under scrutiny and facing criticism. The individual also mentions losing contact with friends and feeling disconnected from their social life, indicating a broader sense of alienation beyond the workplace. These experiences highlight a deep sense of isolation and disconnect from their surroundings, which aligns with the category of alienation related stress.","I'm an outsider working with not-so-intelligent co-,the staff of the whole hotel (the workplace) gather togheter, talking to each other that I'm incompetent, I'm stupid, they laugh at me",0.5471000671386719
36,"The writer's mental state seems to be influenced by a combination of chronic physical illness, untreated chronic pain, severe anxiety, and a sense of hopelessness. The mention of severe chronic pain (FAPs) and difficulty accessing pain medication due to new laws indicates a significant level of distress related to medication. Additionally, the writer expresses feeling tortured constantly in every aspect of life, struggling with severe crippling anxiety, and facing barriers to receiving proper treatment from their psychiatrist, all of which align with the category of Medication related stressed (C3).","I am quite ill and have severe chronic pain, He also refuses to treat me unless I take Paxil (his biggest sponsor) which previously led me to a suicide attempt , symptoms of PTSD",0.33606457710266113
37,"The person expresses feelings of alienation by mentioning spending the new year alone and drunk in bed, while hoping others are having more fun. This sense of isolation and disconnection from others indicates an alienation-related stress.",alone and drunk in bed,0.4678570628166199
38,"The person is experiencing stress related to medication usage and financial difficulties. They are concerned about paying for their medications out of pocket after quitting college and losing healthcare coverage. Additionally, the person is facing judgment and lack of support from others, as evidenced by the pharmacist's comment about their mental health condition. This situation highlights the additional pressure and stigma individuals with mental health conditions may face, which contributes to their overall stress and anxiety."," I have depression and anxiety that I take medication for,  I currently work a minimum wage job and my medications can run hundreds of dollars per month that I wont have.",0.5421358346939087
39,"The person expressed feelings of being victimized, despair, and anguish, which are often associated with relationship-related stress. The mention of needing help and feeling alone in dealing with the situation also points towards struggles in relationships.","I am being victimised once more and have little hope of getting help, yet I have no choice but to fight.",0.35708731412887573
40,The mention of being punched by a mate suggests a negative and potentially abusive relationship. The feeling of being demotivated and questioning the point of everything indicates relationship-related stress.,"my mate punched me in the face,If I have fun, I get punched, if I'm upset, I get punched, if I say the wrong thing, I get punched, if I complain about it, I get punched",0.6793330907821655
41,"The mention of struggling with depression, experiencing fluctuations in mood, and seeking comfort in activities like video games and YouTube videos suggests a medication-related stress. The reference to not wanting to use substances even though there is an urge indicates a potential connection to medication management for depression."," I get antisocial.I don't get extra hungry, but I crave chips and popcorn.  I masterbate a lot more.",0.2961205840110779
42,"The person mentions struggling with mental illness, suicidal thoughts, and finding ways to fight through depression. The use of terms like 'acid trips' and 'meditation' also hint towards exploring alternative or unconventional methods to cope with mental health issues, which can be associated with medication-related stress.",happy to be alive because I've found things that can really help,0.20215274393558502
43,"The individual's writing is filled with expressions of feeling isolated, disconnected, and alienated from those around them. They mention feeling useless, depressed, lonely, lacking meaningful relationships, and not being able to connect deeply with others, which are all indicative of alienation-related stress. The individual also expresses a sense of repulsion from others despite having positive qualities, struggles with communication issues, and has a history of being bullied, all contributing to their feeling of being isolated and disconnected. Additionally, the mention of shallow relationships, drifting friendships, and feeling ignored by potential romantic interests further highlights the underlying sense of alienation and disconnection in the individual's life.","Those two issues are probably aided by thyroid problems.I should add that my parents fight a lot... have been fighting for 15 years. Today they just fight over everything, even the smallest, stupidiest things,",0.13544782996177673
44,"The person's mental state seems to be heavily influenced by feelings of alienation. They describe themselves as isolated, cold, and sociopathic, preferring to be alone and not believing in the value of relationships or social connections. This sense of alienation is further reinforced by their feeling of not fitting into societal norms, not believing in the constructs of traditional education and job expectations. They express a deep sense of loneliness and fear, longing for connection but struggling to find it. The person's rejection of societal expectations and search for meaninglessness also align with feelings of alienation from mainstream values and beliefs.","I've built myself into a robust, hermit, cold, sociopathic character,I'm known for being extremely isolated in my family, I don't want to conform",0.4853661060333252
45,"The person shows signs of being in a good mental state as they are consciously making an effort to enjoy themselves and engage in self-care activities. They express pride in taking this step towards self-improvement, reflecting a positive outlook. Despite acknowledging past struggles with depression and self-pity, they are actively trying to focus on self-care and finding enjoyment. The individual is encouraging others to also take steps towards self-care, demonstrating a hopeful and optimistic mindset.",The idea that you need to be around other people on NYE in order to have fun is also another construct.they're posting pictures where everyone came together and posed like they're having fun ,0.1590871959924698
46,"The person seems to be expressing feelings of extreme despair and hopelessness, despite having what seems like an ideal situation with an amazing family, boyfriend, friends, schooling, and financial status. These feelings of emptiness and lack of joy, along with thoughts of not having a reason to live, suggest that the individual is experiencing relationship-related stress, possibly struggling with deep emotional issues within their relationships that are affecting their mental state.",all I can think about is how tired I am of life.How nothing is bringing me joy anymore. I have no reason to live,0.4326813220977783
47,"The person mentions experiencing a loss of motivation, confidence, passion for work, inability to focus, and obsessive thoughts. These symptoms, along with the acknowledgment of feeling depressed and the struggle to accept it, indicate a mental state that could be related to medication issues. The person may be experiencing mental health challenges that require professional intervention and medication management.","I've always had obsessive thoughts, and had a bit of OCD as a teenager, accept the fact that I might be depressed and not just a lazy, unmotivated pos, ",0.4862082600593567
48,"The person is showing signs of long-term mental health struggles, including self-harming behavior and thoughts of suicide. The mention of struggling with mental health for a long time, feeling indifferent or unhappy, and thoughts of suicide indicate a serious mental health condition, possibly depression. The person's reluctance to open up to friends, feeling like a burden, and considering suicide as an option suggest a deep sense of despair and hopelessness, which could be exacerbated by a lack of appropriate medication or treatment. It is important for them to seek professional help and support to address their mental health concerns.","My friends donít want to be around me anymore, I am too miserable, stopped trying to open up to my friends",0.30786094069480896
49,"The person is experiencing relationship related stress due to the ending of a long-term relationship, unrequited feelings for a close friend, and feeling isolated from friends and family. The emotional pain, loss, and loneliness described in the premise are indicative of relationship-related stress.","Lost my girlfriend of 4 years, I never really see her, I'm struck living with my parenst who tell me how everything  I do is wrong",0.2872554659843445
50,"The person expresses deep feelings of loss, loneliness, and sadness throughout the premise, particularly highlighting the loss of his wife, family, home, friends, and the struggle with depression. The individual also mentions feeling abandoned by friends due to his depression, indicating a deep sense of relationship-related stress and emotional pain. Additionally, the person touches upon societal expectations of masculinity and the lack of true understanding and support from others, especially when dealing with mental health issues. These aspects collectively point towards relationship-related stress as the primary category affecting the person's mental state.","lost my wife, mom died  20 years ago and I was abused, they never really were my friends, I wish I had an actual friend.",0.3847014904022217
51,"The mention of consuming excessive amounts of caffeine pills and energy drinks, along with contemplating ending it all by setting a specific date suggests a potential medication-related stress or mental health concern.",11 caffeine pills,0.4907013773918152
52,"The mention of pain from the past year and the fear of facing another year of the same situation indicates relationship-related stress, possibly related to repeated hardships or trauma in interpersonal relationships.",homeless,0.15660743415355682
53,"The individual mentions being on medication (Adderall and desipramine) for depression and now expresses fear to try another medication. This indicates a level of stress and uncertainty related to medication, leading to the categorization as medication related stressed."," I was taking Adderall and desipramine, grew tolerant to it ",0.6029548048973083
54,"The person is expressing feelings of guilt, self-hate, and worthlessness, especially in the roles of being a wife and mother. They feel like they are failing in their relationships with their loved ones, contributing to their stress. The constant anger and inability to control their emotions towards others indicate relationship-related stress, which is causing them to feel overwhelmed and wanting to run away from the situation.","A horrible wife and terrible mother, this time I wont even bother turning to anyone for help, I completely lose it",0.39480194449424744
55,"The person's mention of feeling frustrated, tired, and having a huge wall built around them, not sharing anything with anyone, and questioning how to ask for help implies a struggle with relationships, particularly with their parents. The fact that their parents conducted a mini intervention and questioned if they were depressed also highlights a potential strain in their family relationships, leading to relationship-related stress.","I have a huge wall built around me, i dont tell anyone anything, I m so frustrated and tired of feeling this way. ",0.29211968183517456
56,"The person expresses feelings of alienation, loneliness, and inadequacy throughout the post, indicating a sense of disconnection and isolation from others. They struggle to make friends, feel like they are not liked by others, and experience difficulty in social interactions. These feelings of alienation contribute to their overall mental state of feeling like they are not a valued member of society, leading to a sense of hopelessness and worthlessness."," Every day I hope I make a new friend but I realize I'm wrong , everyone thinks I'm as shitty I as I feel I am,nothing to say and nothing to contribute, feel like I'm an actual person and not a corpses that just goes day to day doing nothing.",0.3900129199028015
57,"The person expresses feelings of loneliness, fear of abandonment, and a sense of burden on others by sharing their emotional struggles. They mention feeling completely alone in their thoughts and feelings all the time, indicating a sense of alienation. The fear of being considered annoying or that others may abandon them reflects a deep sense of disconnection from those around them, leading to alienation-related stress."," I honestly need an appointment with my therapist today, but I have to wait ,And all this is made worse by the fact that I'm not actually diagnosed,My therapist said it's not pathological ",0.15397723019123077
58,The person's mental state seems to be medication related stressed. They have been on Wellbutrin for a significant period of time for their diagnosed depression. They are currently experiencing issues with the effectiveness of the medication and feeling unsure about their current mental state after abruptly stopping it. The decision to skip medication doses and eventually stop taking it altogether without medical advice indicates a level of distress and uncertainty regarding their ongoing treatment. Seeking anecdotal accounts of going cold turkey with Wellbutrin also suggests a potential struggle with managing their medication and mental health concerns.," wondering if anyone here ever decided to abruptly end taking their medication,was diagnosed in October of 2015,noticed that my medication was having very little effect. Depression-wise, I have hit a plateau ,got a prescription bump to 450 mg ",0.5845054984092712
59,"The person is expressing feelings of resentment and difficulties concentrating on their studies due to bad memories intruding their thoughts, causing distress. This suggests relationship-related stress or unresolved issues that are affecting their emotional well-being and ability to focus on productive tasks.","Resentment is killing me,all these bad memories come up in my head and won't let me breathe, last 3 months have been hell",0.41467607021331787
60,"The person expresses feelings of alienation and disconnect from their social group. They feel isolated and misunderstood by referring to their friends as 'nonsense' and detailing instances of feeling made fun of. Additionally, the mention of things going downhill after high school further emphasizes the feeling of alienation and perhaps loss of connection with their previous social circles."," making fun of me because i'm 1.70, they went at a restaurant with other people.",0.3403148055076599
61,The person expresses feelings of alienation and frustration in their interactions on the website due to experiencing harassment and negative interactions consistently. This sense of alienation and the lack of positive interactions can significantly impact their mental state and make dealing with depression even harder.,"harassed me for posting here,every person on this website is an aggressive, closed-minded asshole. ",0.3788655698299408
62,"The person's mental state seems to be heavily influenced by relationship-related stress. The mentioning of losing a long-term girlfriend, failed love endeavors, and loneliness on New Year's Eve indicates deep emotional distress in the context of relationships."," lost my girlfriend of almost three years,I don't have any friends to get drunk with tonight,we're together in our loneliness is creepily heartwarming.",0.4509325623512268
63,"The person is experiencing career-related stress as they express a desire to further their career and improve their life, but feel incapable, overwhelmed, and frustrated by their perceived limitations. They mention feeling trapped, useless, and anxious about trying to improve, which are common indicators of stress related to jobs and careers.","it's impossible for me to get better at anything and it frustrates me, feel overwhelmed and panic,head just shuts down",0.3445369601249695
64,"The person expresses feelings of alienation and isolation, mentioning difficulties in forming close relationships with others and feeling alone despite not being physically alone. The sense of loneliness and feeling like bad things happen during celebratory times indicate a deeper emotional disconnection, which falls under the category of alienation-related stress.","my friends moving away,never get close to 2 or 3 people at a time, really down after my friends moving out",0.2875504493713379
65,"The person is expressing feelings of loneliness, alienation, self-hatred, and not being understood by others. They feel like a burden and mention that nobody understands them, which indicates a sense of alienation. The person also describes feeling crazy, afraid of their emotions, and even expresses a desire to go to a psychiatric facility, suggesting a deep level of alienation and disconnection from their surroundings.","I feel terrible,  donít even know why you're hurting, nobody understands me, my mind is breaking",0.3367849588394165
66,"The premise suggests a deep sense of self-doubt, guilt, and self-inflicted emotional pain, which are commonly associated with relationship-related stress. The individual seems to be questioning their worthiness to be happy, mentioning feeling like a bad person, making bad decisions, and feeling unloved. The emphasis on self-forgiveness, self-improvement, and seeking validation from others indicates underlying relationship issues, possibly related to feelings of inadequacy, rejection, or past emotional experiences that impact their ability to experience happiness.",choose to love those around you,0.15770097076892853
67,"The person expresses dissatisfaction and stress related to their retail job, especially after being moved to a department they dislike and having their hours changed. The decision to ghost the job instead of giving a two week notice and the lying about going to work indicate a level of job-related stress. Furthermore, the lack of interest in their paycheck, recklessness, and feeling of emptiness after a near-accident suggest a possible disconnect caused by job-related stress impacting their mental state.","they decided to move me to a different department that I can't stand being in, as well as changing my hours completely,now I won't have a paycheck coming every week,",0.30597469210624695
68,"The person's mental state seems to be primarily driven by relationship-related stress. The sudden onset of depression coincides with feelings of loneliness and a desire for companionship, particularly from a romantic partner. The individual's self-worth and happiness appear to be heavily influenced by their perceived inability to attract a 'hot girlfriend,' leading to feelings of inadequacy and hopelessness. Additionally, the individual's unrealistic standards, likely influenced by long-term exposure to pornography, further exacerbate their difficulties in forming meaningful connections with others. This cycle of unattainable expectations and fear of settling for less is contributing to their worsening state of depression."," the cause of this depression seems to be lonliness, I can't stand the idea of being alone, I can't seem to go out and meet people. ",0.5118051767349243
69,"The person is feeling alienated and disconnected from their old friends and the world around them, leading to a sense of loneliness and a desire for something they can't identify. This feeling of being out of reach and not knowing what is missing indicates a sense of alienation and disconnect from their social circle and possibly society as a whole.",stay at home all day and wonder why I'm so lonely,0.32399025559425354
70,"The feeling of alienation and exclusion is evident from not being invited to a party where close friends are present. This sense of being left out can lead to feelings of alienation and social isolation, as reflected in the use of technology to cope with the emotions.","party at friend's hourse, wasn't invited. wasn't told",0.3001370429992676
71,"The person expresses feelings of alienation and loneliness throughout the text. They mention feeling alone despite making progress in their life and realizing the importance of self-care and self-love. The yearning for companionship, wanting someone to appreciate and value them, and the desire to not be alone all indicate a sense of alienation and disconnection from others."," I feel alone,it would be nice to have someone who values me as much as I do,  need someone to take care of me",0.44439423084259033
72,"The person is experiencing birthday depression and expressing dissatisfaction with themselves, which indicates relationship-related stress. They mention feeling miserable, disliking themselves, and the desire to avoid being alone by going out and being social. These emotions and thoughts suggest a deep internal struggle within their personal relationships and self-perception.","don't end up sitting here alone, probably drinking by myself and inevitably hurting myself",0.2803504467010498
73,"The person is experiencing consistent and severe suicidal thoughts since childhood, which indicates a deep-rooted mental health issue. The fact that they have been on multiple types of antidepressants like Zoloft, Effexor, Celexa, and Trazodone suggests that they have been seeking help for their mental health struggles. The individual expresses feelings of hopelessness, worthlessness, and being a burden, which are common symptoms of depression and suicidal ideation. The fluctuation in mood from highs to lows, feeling detached from their actions, and difficulty in maintaining self-care also point towards a complex mental health condition. The fear and confusion surrounding the thoughts, as well as the reluctance to share the full extent of their struggles with others, further emphasize the distress and isolation they are experiencing. Overall, the person is under significant mental health-related stress, requiring professional intervention and support.",". I have been on a few different types of anti depressants:
Zoloft
Effexor 
Celexa
Trazodone (mostly for sleep but paired with Effexor)",0.4853067100048065
74,"The person shows signs of alienation related stress through feelings of isolation, disconnection, and inadequacy. The individual describes lacking friends, a romantic partner, and a sense of purpose or direction in life, contributing to a deep feeling of loneliness and numbness. This alienation has led to a spiral of negative self-perception, comparison to others, and a desire to escape from reality. The person also expresses a lack of interest and joy in activities that were previously enjoyable, indicating a sense of detachment from the world. These feelings of alienation are further reinforced by the individual's self-deprecating thoughts about their physical appearance and sexual performance, highlighting a deep sense of insecurity and self-criticism.","got stupid manager education, I hated the job, got into evening university classes, couldnít finish, realized this profession is too hard, premature ejaculator, ",0.19665540754795074
75,"The writer seems to be experiencing a sense of alienation and disconnection from social situations, preferring to be alone and feeling uncomfortable with the idea of putting on a fake smile and socializing. This suggests a feeling of isolation or detachment from others, leading to a state of alienation-related stress.","socialize, fake smile, depressed alone",0.5032476782798767
76,"The person is feeling alienated and disconnected from others due to losing friends over time, which is a common experience for individuals with avoidant personality disorder and major depressive disorder.","avoidant personality disorder, major depressive disorder",0.527570366859436
77,"The premise 'To be happy' indicates a desire for happiness and a positive mental state, suggesting the person is in a good state of mind.",happy,0.40012413263320923
78,"The mental state of the person who wrote the premise can be categorized as relationship related stressed. This is evident from the emotional turmoil the person is going through due to the separation from his wife, especially witnessing her with someone else. The feelings of love, confusion, jealousy, and misery expressed in the text indicate a significant amount of stress related to the failed relationship and the desire to reconcile for the sake of his children and his own emotional well-being. The person's longing for his wife despite acknowledging the challenges and difficulties in the relationship points towards a deep emotional struggle in the realm of relationships.","separated from my wife,been tough on me to see her with other guy, deep inside I know she wants me sure as hell",0.30679789185523987
79,"The individual expresses feelings of embarrassment, humiliation, frustration, and anger related to thoughts about a person they care about, indicating relationship-related stress and emotional turmoil."," this person is with his/her loved one, why do I even think about her",0.3885141611099243
80,"The person is expressing feelings of sadness, anger, and a sense of hopelessness regarding their current life situation. They mention feeling alienated from the concept of celebrating the new year and express a lack of motivation to make changes, as they see no reason to do so. This sense of disillusionment and disconnection from joyous events like New Year's celebrations points towards alienation-related stress.","The human condition is a curse, because I see no reason, heres to a new year of all our personal hells",0.31483614444732666
81,"The person is feeling alienated or disconnected from the celebratory atmosphere of New Year's Eve, as evidenced by coming back home alone in contrast to the scene on the street. This feeling of isolation and not being able to share in the happiness of others could lead to emotional distress, such as crying in the shower.", I came back home and cried in my shower,0.47935235500335693
82,"The individual is experiencing a deep sense of alienation and disconnect from the world around them. They feel constantly in competition with others and perceive themselves as inferior in every aspect. The intense self-criticism, comparison with others, and feelings of worthlessness indicate a profound sense of alienation and disconnection from society. The individual's thoughts reflect a distorted view of themselves and their place in the world, leading to a persistent feeling of being overwhelmed by the pressure to measure up to an unattainable standard set by society.","the inferiority complex,  Icomapre with others,I look at others, I don't see people, I see numbers and qualities, constant terroe, constant anxiety",0.6168055534362793
83,The premise indicates the person is feeling stressed about relationships and the challenge of moving beyond acquaintance with a girl. The repetitive nature of the situation and the contemplation of giving up suggest a persistent struggle in romantic relationships.,"girl beyond acquaintance, haven't given up",0.4858969748020172
84,"The person who wrote the premise is experiencing relationship-related stress due to their girlfriend's depression. They mention feeling clueless and overwhelmed by the situation, showing the emotional strain they are under as they try to support their partner. This concern for their girlfriend's well-being and the uncertainty about how to help indicates a relationship-related stress."," girlfriend is depressed, school work and family problems were a bit much",0.5676684379577637
85,"The person is experiencing feelings of alienation and isolation, as they express a sense of impending doom and mention being alone while their friends are out partying. They also feel like things never actually get better, indicating a sense of disconnection from hope or improvement.","my friends are out partying, Im lectured by my family on my negative attitude",0.30891597270965576
86,"The writer's mental state seems to be primarily impacted by their relationship with the person they met two years ago and considered their best friend. The writer reveals feelings of love towards this person, who then got back together with their ex, causing a significant emotional turmoil for the writer. The constant reminder of the best friend's relationship with their boyfriend, lack of engaging conversations, and the overall emotional distress indicate that the writer is experiencing relationship-related stress. This stress is exacerbated by the conflicting feelings of wanting to distance themselves from the friend for self-preservation, but also feeling an emotional attachment that makes it difficult to let go."," Honestly propbably fell in love with him, he got back with his ex last year, barely have conversations, I think Ishould break up with him  but Istart to choking up",0.32512372732162476
87,"The person's mental state seems to be impacted by their diagnosis of moderate depression and their struggles with loneliness. The reference to suicide and feeling unsupported by friends and family points to a medication related stress, where the individual may be feeling overwhelmed by their condition and the lack of understanding and support from those around them."," taken a few tests over the pst week , turns out to be depression",0.3950766921043396
88,"The person expresses feelings of emptiness, loneliness, and alienation from their friends who have families. They mention spending most of their time indoors, making excuses to avoid going outside, and having thoughts of self-harm. These are classic signs of alienation-related stress, where the individual feels disconnected from others and society in general.","I feel so alone, empty and that I have nothing going for me, I spend 99% of my life inside and do nothig",0.4708845913410187
89,"The person is expressing feelings of extreme loneliness, alienation, and disconnection from others. They mention feeling lost, alone, and out of place even when with friends. There is a sense of disconnect from both friends and family, and a struggle to find a reason to keep going. These emotions and experiences align with the Alienation related stressed category.","I have nobody in my life I can or want to talk to,I barely see my friends once ia month, feel uncomfortable in presence of strangers",0.3809574842453003
90,"The individual expresses feelings of stagnation and dissatisfaction with their current situation, suggesting a sense of alienation and disconnect from their surroundings. This feeling of being stuck in the same place and experiencing worsening depression indicate alienation related stress.",same spot I was a year ago,0.08585307747125626
91,"The person is experiencing relationship-related stress due to a recent breakup after being cheated on in a long-term relationship. This has resulted in a significant decrease in self-confidence, self-worth, and a feeling of loneliness. The individual's struggles with the breakup, questioning the reasons behind the cheating, and the desire for love indicate a deep emotional impact from the failed relationship. Additionally, the uncertainty about the future and feeling lost post-graduation further contribute to relationship-related stress.","got out of 6year old relationship 2 months ago where I was cheated, I keep thinking about my last relationship and about everythinhg I lost",0.48456621170043945
92,"The person is feeling neglected and let down by their relationships, expressing feelings of hurt and disappointment, which falls under relationship related stress.","no one wished me, noone truly cares  about to give up, I have been forgeten by everyone",0.2428637593984604
93,"The person seems to be experiencing feelings of loneliness and depression when not at work, indicating a sense of alienation or disconnection when away from the workplace. They express a fear of moving out on their own and being alone without the comfort of family. These feelings of loneliness and dependency on work to avoid dealing with personal issues suggest an underlying sense of alienation and lack of fulfillment outside of the work environment.","when I am at work, I cant wait to get out and relax and not have to deal with stress.",0.35397928953170776
94,"The person's emotional state seems to be driven by feelings of alienation. They express a sense of disconnect and disillusionment with societal expectations, relationships, and the general norms of behavior. They question the purpose of working for minimum wage, the value of healthy habits that they don't enjoy, and the authenticity of interactions with others. The individual also feels that everyone around them is fake and struggles with finding meaning or joy in life, leading to thoughts of self-harm and a desire to end their suffering by contemplating suicide. This sense of isolation and lack of fulfillment indicates a deep sense of alienation from the world around them.","why should I be polite to people , I donít give a F***to even my own family, forced to live like a never ending nightmare",0.26290979981422424
95,"The person's overwhelming depression, feelings of worthlessness, self-hatred, and desire to be removed from this earth indicate a significant sense of alienation. The individual's belief that they are useless, garbage, and a failure, as well as the constant comparison with others in terms of abilities and skills, highlight a deep sense of alienation and disconnection from the world around them. The person's perception of themselves as constantly being at the bottom, holding everyone back, and never being good at anything creates a strong sense of estrangement and isolation, which aligns with the feelings of alienation related stress.","girlfriend can beat me at everything, so she apologizes for it and rub it in saying she will let me go ahead like I were some stupid child, you are a loser, why do we even have you here?",0.062479980289936066
96,"The person expresses feelings of alienation and a lack of connection with others both at school and work, leading to shallow friendships and an inability to trust anyone. This sense of isolation is further exacerbated by the dismissive responses received from people when opening up about their depression and struggles, making them feel even more alone. The overarching theme of feeling stuck in an endless cycle of anger and disappointment, at such a young age, indicates a significant degree of alienation-related stress.","I never really fit in or connected with anyone at school, leaving me with many shallow friendships.  The only coworker who I got cloase to , I already feel struck in an endless cycle of anger and disappointment.",0.5467621088027954
97,"The person is experiencing relationship-related stress as they are facing conflict and negative emotions with their grandmother, which is contributing to their feelings of depression.",live with my grandma she hates my guts,0.39078855514526367
98,"The person expresses feelings of alienation, hopelessness, and a sense of disconnect from society. They feel marginalized and perceive themselves as a burden to society due to being autistic with disabilities. This sense of alienation and disbelief in the positivity others see reflects a deep emotional stress related to feeling disconnected and isolated.","ever since Trump, and everything that's come with it, I'm just tired, yet another autistic with disabilities was dead.I donít see anything to hope for, I just see nothing to look forward to.",0.3645460605621338
99,"The person expresses feelings of alienation, a sense of detachment from their own life and a disillusionment with the meaning of life. They are questioning the worth of their existence, expressing a desire for escape from responsibilities, and contemplating the pointlessness of living. This sense of detachment and existential despair aligns with the category of Alienation related stressed.","I'm starting to worry that I amy turn out as the ""no good"" person ,I'm tired of work, real tired of working, life is ameaningless trudge",0.17814481258392334
100,"The person is feeling a deep sense of frustration, impatience, and worthlessness, which are common indicators of being in a poor mental state. The individual expresses feelings of being stuck, helpless, and lacking direction in life. The mention of seeking help from a counselor in the past also suggests an awareness of their mental state and a desire for improvement. Overall, the emotional distress seems to stem from personal struggles and a sense of being unable to find a purpose or solution, rather than specific external factors such as job, medication, relationship, alienation, bias, or abuse.","I donít have a job, broke my ankle , very impatient",0.17190022766590118
101,"The person seems to be experiencing a sense of alienation and self-doubt, expressed by feeling like a 'waste of space' and going through an existential crisis. They mention having difficulty talking to anyone and seeking solace in their new friendships. The individual also expresses skepticism about change and happiness, indicating a struggle with finding purpose and connection. These feelings of alienation and existential questioning are typical sources of stress related to alienation.","cause of suffering will never go away, existential crisis, if god dosent exist",0.30561068654060364
102,"The language used in the premise suggests a deep level of concern and fear regarding the symptoms of depression, specifically the feeling of extreme boredom with life and the fear of self-harm. This indicates a heightened level of distress related to mental health and a strong association with medication-related stress."," really ,really bored with life,  I have things I could do shopping, exercise reading",0.2915668785572052
103,"The premise indicates emotional distress related to love, feeling of loneliness, and comparing oneself to a partner who is perceived to be experiencing joy and celebration without them. This situation is characteristic of relationship-related stress and emotional turmoil.","the person I whom I love and wanted to be with is with millions of people , while I am alone",0.4845100939273834
104,"The person seems to be experiencing alienation and a sense of disconnect from their emotions and possibly from the people around them. They mention that they only ever feel when listening to music, which could indicate a lack of emotional connection in other aspects of their life. The deep emotional connection they express towards certain songs and the way they vividly relate those songs to personal experiences, such as friendships shattering and regretting past relationships, suggests a longing for emotional understanding and connection. Additionally, the strong emotions evoked by specific songs, like feeling extremely emotional or bawling their eyes out, further highlight the deep emotional impact music has on them, possibly serving as a coping mechanism for dealing with feelings of alienation.","I've had relationships where I didn't really feel for the other person, but just kept going because having someone there is nice,  a girl I knew who feigned interest in even just a friendship, every time I even see her name somewhere it feels like a punch to my gut.",0.2890097498893738
105,"The mentions of being off drugs and alcohol, the medication not working, and feeling undesirable as a person indicate that the person is likely experiencing stress related to medication. The desperation to feel something, the feeling of pushing everyone away, and the sense of losing everything also point towards a mental state of medication related stress."," eight months off of drugs and alcohol, meds donít work",0.4742245674133301
106,"The person is feeling alienated and disconnected from their friends, leading to feelings of loneliness and isolation. The lack of holiday wishes from friends further intensifies these negative emotions, causing them to express a deep sense of despair and a desire to escape their current state of emotional distress."," none of my friends, wish me merry christmas",0.42409512400627136
107,"The person expresses feelings of alienation and a sense of purposelessness, which can cause distress and uncertainty about their place in life.",having nothing to live or die for is a pain,0.32731693983078003
108,"The person is experiencing feelings of alienation and loneliness, as evidenced by being left out of their friends' party, one friend not responding to texts, feeling forgotten and dismissed in friendships, and expressing fear about their place in social relationships. The individual feels like an excess in their social circle, which is causing them distress and a sense of isolation. This sense of alienation and fear of being forgotten are prominent themes in their description of their current mental state.","all my friends going to another ones birthday party,  my place in friendships as excess, the one who is forgetten or dismissed",0.49912089109420776
109,"The person expressed a feeling of loneliness and mentioned being alone, indicating feelings of alienation and isolation.",alone,0.4728115499019623
110,"The use of casual language like 'pass time and shit' in the context of conversation may suggest feelings of alienation or disconnection from others, possibly indicating a sense of boredom or lack of fulfillment in social interactions.",pass time,0.425627738237381
111,"The person seems to be experiencing feelings of alienation and disconnectedness from their surroundings. They describe a sense of sadness despite having what would typically be considered a good life, with loving family, good health, and stable income. The lack of interest in activities, inability to find joy in things they used to love, and feeling like life is passing them by all point towards a sense of alienation from their own experiences and the world around them. This alienation is further highlighted by the difficulty in maintaining relationships, feelings of isolation, and the sense of not fitting into their current job or social circle. The overall tone of the writing suggests a deep sense of disconnection, which aligns with alienation-related stress.","I have never had a partner or even kissed someone and people around me are having kids and successful ca,. That has not made our relationship strongerreers.",0.14239969849586487
112,"The person expresses feelings of alienation and loneliness, believing that they are alone despite having a connection with someone. This sense of isolation and feeling like a loser indicates that the mental state is related to alienation.","I'm alone as usual, I'm mostly a loner ",0.3464916944503784
113,"The person expresses feelings of alienation, nihilism, and a desire to minimize negative impact on loved ones, suggesting a sense of disconnection from oneself, others, and life in general. They feel exhausted, angry, and deeply depressed, and express a lack of energy for anger or engaging with life. These feelings of detachment and hopelessness indicate a state of alienation-related stress.","smallest things make me want to rage endlessely, sdestroying everything around me, struck in shitty nihilstic spiral ",0.37763094902038574
114,"The premise indicates relationship-related stress. The person describes experiencing a difficult breakup with their girlfriend, feeling left out and betrayed by their friends who maintained a close relationship with the ex-partner. This situation has led to feelings of loneliness, rejection, and a resurgence of depression. Overall, the focus on interpersonal relationships and the impact of these dynamics on the individual's mental state points towards relationship-related stress as the primary category.","I broke up with her, friends started saying things behind my back,,friends ditched me",0.36434102058410645
115,"The premise showcases a significant level of relationship-related stress. The person expresses a deep desire for approval and validation from their family members regarding a decision they made involving their roommate. The disappointment and disapproval received from their family members, especially the emotional reactions from their mom, dad, and sister, have greatly affected the individual. The person's need for support, understanding, and acknowledgment from their family members highlights a strong emotional investment in their familial relationships, particularly when faced with conflict or criticism. The individual's struggle with feeling like they are not living up to their family's expectations and the internal conflict of wanting to break free from seeking constant validation demonstrate a profound sense of relationship-related stress.","sister stopped me though, and she looked at me angrily and said in a sarcastic tone, ""Wow, congratulations! Getting validation from strangers on the internet really makes you confident in yourself, I care way too much about what my family thinks, and I agree whole-heartedly.",0.38540560007095337
116,"The person is experiencing extreme feelings of alienation, worthlessness, and disconnection from their family, friends, and surroundings. Their sense of being unloved and unnoticed by their loved ones, paired with their belief that no one would care if they were gone, highlights a deep feeling of alienation and disconnection. The joy and hope they feel when thinking about ending their life and the repeated suicide attempts further suggest a sense of profound alienation and lack of belonging.","I got rejected a couple of hours ago, donít think parents wou;ld vcare if I rid myself",0.0715666338801384
117,"The person's premise and backstory suggest a deep-rooted sense of low self-worth and self-esteem stemming from severe abuse during childhood and subsequent abusive relationships. This history of emotional trauma and abusive experiences has likely led to biased perceptions of oneself and others, as well as an internalized belief that new positive relationships or encounters are unlikely. The fear of being judged as emotionally unstable or crazy by others indicates an awareness of potential bias or abuse. The person's struggle to find a logical solution akin to improving physical health or finances, and the perceived impossibility of changing their mindset, further align with the signs of bias or abuse-related stress.","Severely abused as a kid, in realtionship with women who were exteremely abusive, allowed people to treat me as if I had 0 self worth.",0.6098281145095825
118,"The language used in the premise suggests a feeling of loneliness, depression, and a perception of being left out or disconnected from others. The mention of feeling like everyone else is having a great time except for the person writing this indicates a sense of alienation from the social environment. Therefore, the individual seems to be in an alienation related stressed state.",feeling alone and lonely,0.5659473538398743
119,"The person is experiencing relationship-related stress. This can be inferred from the mention of an old crush re-entering their life after a prolonged absence, causing conflicting emotions of desire and regret. Additionally, feeling lonely due to being far from friends and expressing longing to be with the crush indicate a significant emotional turmoil related to relationships.","job sucks, college degre is useless, everything feels muted",0.19418609142303467
120,The person feels stressed about their relationships with their family due to the teasing and lack of understanding about their feelings. This relationship-related stress is causing them to feel angry and scared to express their true emotions.,hate when family tease me about being a drama queen,0.43131858110427856
121,The person is experiencing relationship-related stress due to being cheated on by their girlfriend of two years. This can lead to a range of complex emotions and uncertainty about how to process and deal with the situation.,just cheated on by my girlfriend,0.5867947340011597
122,"The person expresses feelings of isolation, alienation, and a lack of connection with others. They mention wanting to disconnect, drain their sorrows away, and not contact anyone to see who really cares. They also mention no one texts them first from school, indicating a sense of loneliness. These feelings of isolation and alienation suggest an alienation related stress.","no  one ever texts me first, will keep my phone off for weeks to see who really cares",0.16019518673419952
123,"The person expresses feelings of being unloved, friendless, and abandoned, indicating a sense of alienation. They also express self-doubt and a belief that they do not deserve happiness, which can contribute to feelings of alienation.","no one loves me, I  have no friends, spending new year alone",0.21047985553741455
124,"The person is feeling alienated and disconnected from life, unable to find joy despite having their basic needs met. This sense of emptiness and lack of purpose can lead to thoughts of not wanting to live anymore.","I cant seem to enjoy life anymore, cant fake it for family",0.4378940165042877
125,"The person is experiencing job and career-related stress. The scenario of investing time and effort into a course recommended by a family member with the expectation of securing a desired job, only to find out that the job opportunity is not available anymore, can be distressing and frustrating in the context of career aspirations and job search challenges.","my uncle was looking for someone to work for him, uncle told me he had already found someone else.",0.25871169567108154
126,"The person's mental state is categorized as relationship-related stressed due to the series of negative events involving loss of a car, losing a job due to illness, undergoing emergency surgery, and then being dumped by their girlfriend after the surgery. These events have deeply impacted the individual, especially the betrayal and abandonment by someone they trusted and relied on in their relationship.","lost job due to illness, girlfrind dumped me, I thought my girlfriend and I were gooing to marry but it was a lie",0.3695296049118042
127,"The person is experiencing relationship-related stress. They are feeling insecure about themselves, especially in the context of romantic relationships. The fear of rejection and not being good enough is evident in their descriptions of interactions with their crushes and the struggle to break out of the friendzone. This has led to a cycle of building up courage only to have it shattered by perceived setbacks, creating a sense of hopelessness and longing for a meaningful romantic connection. The mention of wanting to change themselves physically and behaviorally to attract others further underscores the relationship-focused stress they are experiencing.","I'm short and chibby, gathering courage to talk to her directly, she dosent want you, friendzoned",0.27291303873062134
128,"The person who wrote the premise seems to be experiencing alienation-related stress. They express feelings of loneliness, isolation, and a lack of connection with those around them. The mention of being alone on New Year's Eve while others are out having fun, feeling pushed away when trying to talk about their feelings, and not being invited or included in social activities by family or friends all point towards feelings of alienation. Additionally, the inconsistency in relationships with family members and the lack of emotional support contribute to a sense of being disconnected and alienated from those closest to them. The fear of there being no afterlife and the existential dread further emphasize a deep sense of isolation and disconnection from the world around them.","bother and sister are out at separate parties, I feel so alone,  mom rarely talks to me, dad isnt good at being supportive ,stepmom hates me",0.24921491742134094
129,"The person mentions suffering from chronic illnesses and feeling deep hopelessness due to their condition, which indicates a strong association with medication-related stress. The overwhelming burden of their health issues has led them to the decision of ending their life, highlighting the impact of medical struggles on their mental state.","chronic illness, I'll be dead in 2017 due to illness , what is the use of being a vegetable?",0.3919279873371124
130,"The person is facing relationship-related stress due to losing their job and feeling jealous of their brother-in-law. This situation has led to feelings of inadequacy and uncertainty about their future, which is causing emotional distress.","very sick from losing my job, feel jealous of my brother in law, no income",0.5922325849533081
131,"The language used expresses feelings of disappointment and hopelessness related to a romantic relationship, indicating relationship-related stress.",blown off by the same girl two nights in  a row,0.0978437066078186
132,"The person is experiencing feelings of alienation and isolation due to being excluded by their friends despite having been close to them and sharing a strong bond. They feel confused and hurt by the sudden change in their social circle, leading to a sense of not belonging or being understood. This feeling of being left out and not cared for can cause emotional distress and a sense of detachment from others.","friends have ditched me,  they just inviting me to hang out, none of the people that were my friends caring to ask me to hang out",0.3314036428928375
133,"The use of 'crying in a dark house by myself' indicates a sense of isolation and loneliness, which are often associated with feelings of alienation from others. This can lead to mental stress and emotional distress, falling under the category of Alienation related stressed.",crying in a dark house by myself,0.7135146260261536
134,"The expression 'It keeps getting worse and worse' suggests a feeling of alienation or disconnect, where the situation is deteriorating and the individual feels increasingly distanced from a positive outcome or resolution.", getting worse and worse,0.6815891265869141
135,"The person is experiencing feelings of alienation and isolation, expressing frustration and despair about feeling like only '1/2 a person' and being plagued with social anxiety and depression. They mention struggling with negative emotions, self-harm, and suicidal thoughts, indicating a sense of disconnection from themselves and the world around them."," tired of feeling like only half a person al the time,  caused by childhood trauma, may be gentics",0.47236377000808716
136,"The person expresses feelings of alienation and loneliness throughout the narrative. They mention struggling to connect with people, feeling alone despite being surrounded by others, and experiencing a lack of meaningful interactions with their roommates. This sense of isolation and disconnection from others, both socially and emotionally, is indicative of alienation-related stress.","used to be parts of groups,used to make friends,  now want to immediately head home, crippling lonliness",0.3529202938079834
137,"The person is experiencing alienation related stress as indicated by their feelings of not being able to trust people, the lack of empathy displayed by people online, and doubts regarding the caring nature of others. The disillusionment caused by the negative attitudes and behaviors seen online has led the individual to question the genuineness and kindness of people, ultimately creating a sense of alienation and isolation.","all the horrible things on internet, how can you trust anyone,, how many people are friends with another race?how many people condemn others for trying to speak against hate?",0.38476303219795227
138,"The person expresses feelings of isolation, alienation, and loneliness, indicating a sense of disconnect from others. They mention not having close friends, not wanting to meet new people, and feeling like crap for not socializing. These feelings of alienation and social disconnection contribute to their cycle of self-loathing. Additionally, the thoughts of hurting or killing themselves suggest a deep emotional distress and a lack of support network. The person's concern about the impact on their family and clients shows a sense of responsibility and care for others, but they still struggle with their own well-being. Overall, the predominant mental state reflected in the premise is related to alienation and isolation.","alone by myself, no close friends, no inclination to go out, feels like crap",0.4638485908508301
139,"The person expresses feelings of loneliness, inadequacy, and self-doubt related to sexual performance anxiety, feelings of being left out, and a sense of involuntary celibacy. These experiences have created a sense of despair and emptiness, leading to self-medication with alcohol and drugs. The person also mentions struggling with depression and a lack of motivation to improve their situation, despite encouragement from loved ones. This relationship-related stress and emotional turmoil are evident throughout the narrative, indicating a deep struggle with personal relationships and a profound sense of disconnection and alienation."," Sexual performance anxiety, I've been at rock bottom for a while, depression and involuntary celibacy",0.5481253862380981
140,"The person expresses feelings of guilt, remorse, and self-blame related to their relationship with their boyfriend and family, indicating relationship-related stress. They also mention giving up on things getting better, which further suggests a strained and distressing relationship.","boyfriend thinks I am toxic, I've hurt him my family, the people I care about",0.4622059464454651
141,"The use of negative language, feeling of life becoming a total shit, lack of significant changes, absence of a girlfriend, financial struggles, regret over leaving studies, and expressing frustration towards the responses from others all suggest a feeling of alienation and disconnection from others and society in general.","same place, same motherfucking job, no gf, not enough cash, kills me little by little",0.13322164118289948
142,"The person is experiencing a sense of confusion and not knowing what's wrong with them, which could indicate medication-related stress. They also mention feeling fine some days but then feeling much worse, which could be related to struggles in finding the right medication or treatment. Additionally, the feelings of loneliness, questioning the purpose of life, and feeling like a burden are common symptoms of mental health conditions that may require medication treatment.","I'll be fine some days, but then something might happen or I'll get in my own head and things get so much worse,  felt truly and utterly alone",0.4174519181251526
143,"The person is expressing deep emotional distress and confusion regarding a romantic relationship. They are struggling with unrequited love, feeling rejected, and carrying emotional burdens associated with the feelings for the other person. The inner conflict and pain they are experiencing, including regrets about getting too close, longing for a relationship that seems unattainable, and contemplating extreme measures like paying for intimacy, all point towards relationship-related stress and turmoil."," most rejects  with ""she was too good with me ,anyway"", it still hurts, never considered myself falling in love in the first place, ugly break-up, may be it was fate",0.39194825291633606
144,"The person's mental state seems to be heavily influenced by their recent experience of being dumped and cheated on in a long-distance relationship. This relationship-related stress has led to feelings of depression and alienation, as indicated by the loss of contact with friends and the difficulty in interacting with the crush at the party. The anxiety and overthinking about the interaction with the crush further point towards relationship-related stress as the primary concern."," lost contact with most friends,  I was dumped and cheated on, I relapsed,  didnít talk to my crush , she doesnít necessarily care how I feel.",0.46101680397987366
145,"The language used in the premise suggests feelings of alienation and disconnect, wanting to be surrounded by others who understand and support. The sense of cynicism, annoyance, and longing for comfort and hope in a room full of understanding people indicates a state of alienation-related stress."," feel so cynical, annoyed and so much like crying, supporting each other",0.456081748008728
146,"The person is experiencing relationship-related stress. The deep love and emotional investment towards their friend, who does not reciprocate the same feelings, is causing them significant emotional pain and distress. The internal conflict between their strong emotions and the awareness of the unrequited love is leading to a sense of heartbreak and desperation. The fear of confessing their feelings due to the potential consequences on their friendship further emphasizes the relationship-related stress they are facing.","She would never love me back, if someone dosent love you, no matter what you do they wont, play out a scenario of me confessing to her just to get rejected a move on, friendship ending",0.4116107225418091
147,"The individual's decision to take a handful of benzos after a significant argument with their husband indicates a reliance on medication to cope with emotional distress, suggesting medication related stress."," huge argument with husband, just hope I can sleep for rest of 2017",0.35810866951942444
148,The individual is feeling alienated and overwhelmed by the events that have taken place. The combination of feeling suicidal after drinking too much and having personal belongings stolen by friends while on vacation signifies a deep sense of betrayal and disconnection from those around them. This feeling of being let down by friends and experiencing a suicidal episode leads to a state of alienation related stress.,"I drank too much, felt suicidal, ended up going to hospital, passing out",0.4760141968727112
149,"The person is experiencing alienation related stress, as they feel isolated, misunderstood, and disconnected from their family and social environment. The lack of acceptance, verbal berating, and witnessing their parents' troubled marriage contribute to their feelings of alienation and loneliness. The anticipation of moving out for college and gaining control over their life represents a hopeful escape from their current situation, emphasizing their desire for a new environment and a sense of belonging.","living with parents made anxiety and depression worse , constanlty berate me, marriage isnt great, displace anger on to verabally",0.5002102851867676
150,"The person expresses feelings of alienation, detachment, and a lack of connection to the events and people around them. They seem to feel out of place and isolated, even in a social setting like a party. Their sense of disillusionment and emptiness suggests alienation-related stress.","wanting people to leave,  want to disappear, feel nothing",0.44049304723739624
151,"The person expresses feelings of loneliness, despair, and disconnection from others. They mention feeling like they are taking up space and having a sense of worthlessness. These are common indicators of Alienation related stress. The individual may be struggling with a deep sense of isolation and disconnection from society, contributing to their overwhelming feelings of hopelessness and the desire to fade away without causing harm to anyone.","hospitaized against my will, lost energy,  been to 12 medical professionals, 3 CTs, 2 X-rays, 20 different medications, cannot diagnose",0.23648960888385773
152,"The person expresses reluctance towards seeking a medical diagnosis and taking medication, indicating a resistance or stress related to medication. The fear of being on medication for the rest of their life suggests a deep concern about the implications of medication on their well-being. The recurring cycle of trying to cope without medication, getting exhausted, and falling into a deeper pit each year demonstrates a struggle with managing their mental health without the help of medication."," Reluctant t go to a doctor and get diagnosed, I need meds, donít want them.",0.38188403844833374
153,"The person's description of trying various self-improvement measures such as working out, quitting smoking, and seeking help for ADD, alongside the lack of improvement in their mental health, suggests a sense of hopelessness and helplessness despite their efforts. The statement about wanting to die, being terrified, and not knowing what to do also indicates a deep level of distress and desperation. This kind of persistent and severe mental distress despite trying different remedies is often associated with medication-related stress."," struggling with depression,  still want to die, its all bullshit, thought bettering yourself was supposed to help? I am terrified and not sure what to do",0.5800473690032959
154,"The person expresses feelings of alienation, loneliness, and being a burden to others. They mention not having friends, never being in a proper relationship, and feeling socially awkward and like a loser. They feel tired and question if they deserve a life worth living after 10 years of dealing with these negative emotions and situations. These thoughts and emotions are indicative of alienation-related stress."," single, living with parenst, never been in loving relationship, socially awkward",0.24686239659786224
155,"The person's writing reflects feelings of alienation, loneliness, and a sense of not belonging. They express a deep sadness about drifting away from friends and feeling like an outcast at their job and in social situations. The focus on feeling unloved, unwanted, and rejected indicates a strong sense of alienation from others. The person also mentions difficulty in making new friends and a pattern of past relationships ending due to cheating, which further contributes to their sense of alienation and isolation.","feel like an outcast at my job, finding light seems impossible, havent felt happy for a long time, trapped in dark,cant see light",0.3243515193462372
156,"The person is expressing feelings of alienation and unfairness in the world, especially when comparing themselves to others. They feel disconnected and resentful towards those they see as more fortunate due to genetic factors, which is a characteristic of alienation related stress.",world is so fucking unfair,0.28133684396743774
157,"The symptoms mentioned such as multiple anxiety attacks, breakdowns, panic attacks, auditory hallucinations, physical symptoms like shaking, twitching, and feeling confused, as well as experiencing borderline maniac thoughts point towards a mental state that is heavily influenced by medication-related stress. These intense and varied symptoms suggest a potential imbalance or negative reaction to medication, which can significantly impact one's mental health and well-being.","Multiple anxiety attacks, breakdowns, panic attacks, crying, shaking, twitching, hallucinating, borderline manic thoughts",0.8132140636444092
158,"The individual's mention of feeling like they are splitting their personality, arguing with themselves, experiencing sleeplessness, and feeling noticeably going downward could indicate a potential medication-related issue, possibly arising from the misuse of marijuana and alcohol. The use of substances can exacerbate mental health conditions and lead to symptoms such as mood swings, personality changes, and sleep disturbances. It is important for the individual to seek professional help and support to address their addiction and mental health concerns.","addicted to marijuana and alcohol, splitting my personality",0.6875778436660767
159,"The content of the premise suggests that the person is experiencing relationship-related stress. The individual's concern about their girlfriend's behavior, feeling of betrayal due to broken promises, fear of being lied to, and intense emotional reactions like crying and self-harm all point towards underlying relationship issues causing significant distress.","girlfriend has stomach ulcer, open to other guys, alcohol,  stayed longer at work, hardly messaged me",0.362556517124176
160,"The person expresses feelings of alienation and disillusionment with life. They talk about feeling stuck in a repetitive cycle where nothing changes, and they mention not being invited to celebrate New Year's, emphasizing a sense of being invisible and not fitting in. They also mention repeated rejections in romantic pursuits, which further contributes to their sense of alienation and disconnection from others.","2015 was excat ame as 2016, 2014 was excat same as 2013. Feeling limbo and invisible, noting exciting, rejection",0.42640918493270874
161,"The person expressed feelings of loneliness, isolation, and a sense of not belonging even after forming relationships with people who share the same interests and are nice to them. Despite having people around, the individual still feels empty and believes that nothing can fix them. This sense of alienation and disconnect from others is evident in their thoughts of wanting to erase their existence and the relief they feel when they no longer depend on external validation for their self-worth. The fear of living for many more years in this state indicates a deeper sense of alienation and disconnection from life itself.","feeling lonely ,  ""not enough"" nothing can fix me, I'm supposed to live for 60+ years like this?",0.4097186028957367
162,"The person expresses feelings of alienation and loneliness, portraying a sense of disconnection from others and a lack of belonging. They mention the struggle of making friends, feeling excluded from social activities, and questioning their worthiness of friendship. This sense of alienation and social rejection seems to be a significant source of stress and sadness for the individual.","feeling sorry for myself, nobody invited me or even included me in their mass-texted happy new year wishes,  only one not to get invited in wedding",0.2064070999622345
163,"The person has expressed feelings of alienation and disconnection from the events happening around them, indicating a sense of not belonging or being disconnected from the world, which aligns with alienation related stress.","parents found out about depression did nothing about it , as if nothing happened, faviourite celebrities died, many terrorist attacks",0.22170329093933105
164,"The author's mental state is primarily focused on relationship-related stress. They express feeling like a burden to their friends and family members, perceive avoiding behaviors from their friends, and mention a recent breakup that has had a significant impact on their emotional well-being. Additionally, the feeling of being talked about behind their back and the sense of not being cared for by their friends contribute to their relationship-related stress.","social anxiety, depression, tendency to catastrophize, dysfunctional mess, paranoid, 2 different therapist and 3 medications",0.3965262770652771
165,"The language used suggests feelings of alienation and despair, as the person feels rejected and unaccepted due to their race. The mention of wanting to black out and die indicates a desire to escape from their current state of disconnection and hopelessness.","trade bodies with straight white boy, nobody is into me because black",0.371724009513855
166,"The person expresses feelings of loneliness, worthlessness, and a sense of not belonging. They mention having no friends, feeling alone, and being stuck in a place that they don't identify with. These feelings of isolation and alienation indicate a deep sense of disconnect from others and their environment, which falls under the category of alienation related stress."," no friends and value in this life, feel so alone and worthless, not a day goes without overly critizing self",0.46621331572532654
167,"The person is clearly experiencing relationship-related stress as they are feeling overwhelmed and burdened by trying to help their friend who is struggling with serious emotional issues. The negative and hurtful words from their friend, along with their own ongoing battle with depression after losing their grandfather, is causing emotional distress and confusion. The person is questioning their ability to provide support while dealing with their own mental health challenges, indicating a significant level of stress related to interpersonal relationships.",you're just going to end up getting old and dying,0.15333637595176697
168,"The person feels alienated, ignored, and rejected by both friends and potential romantic partners. They express a sense of not fitting in and feeling like the universe is against them. These feelings of being unwanted and out of place indicate a deep sense of alienation and disconnection from others and the world around them.","get ditched regulary, anyone romantically intrested finds I'm boring",0.24393275380134583
169,"The person expresses feelings of numbness, detachment, and a lack of caring towards things that used to cause anxiety and stress. This suggests a sense of alienation, where the individual has disengaged from their previous concerns and relationships as a coping mechanism for their depression. The relief from losing worries and detaching from pressure from friends and family aligns with a state of alienation-related stress.","anxious about everything, can stop caring, makes me numb",0.5485438108444214
170,"The person is expressing feelings of alienation and helplessness, indicating a sense of disconnection and isolation from themselves, their family, and the medical support they need. This alienation can stem from a lack of self-trust, control over one's life, and access to medical help, leading to thoughts of ending their life to escape the worsening situation. The focus on making a turnaround and moving out to receive help and support suggests a deep-seated feeling of being disconnected and marginalized.","donít trust own opinios, parents have full control of life, refused medical help",0.41713711619377136
171,"The person is feeling alienated and disconnected from those around them. They express a sense of emptiness, helplessness, and pointlessness in their life. The lack of support and understanding from both friends and family is evident, with their reactions to the person's struggles indicating a lack of empathy and serious concern. The person feels like they are not being taken seriously and that their feelings are being dismissed or made light of, which further contributes to their sense of isolation and alienation.","only sleep and eat, feel helpless , being called childish",0.3360595107078552
172,"The premise indicates feelings of alienation and disconnection from friends, leading to a sense of missing out on important life experiences. The author describes a significant change in their social life after switching schools, with friends moving away and a lack of close relationships in the new environment. This loss of social connection, coupled with observing their old friends having fun without them on social media, highlights a deep feeling of isolation and loneliness. The sense of not fitting in due to gender divides in classes further intensifies the feelings of alienation and being unable to fully participate in typical teenage experiences. These feelings of being disconnected from peers and missing out on social activities suggest a state of alienation-related stress.","whole friends group separated, devastated, changed school, life going downhill, see old friends having a good time, while ",0.5306088924407959
173,"The person expresses deep distress over a series of relationship-related issues, including the loss of their girlfriend, strained relationships with family members, and feeling isolated from friends. They also mention feeling unloved and expressing self-hatred. These experiences point towards relationship-related stress as the primary factor contributing to their mental state.","parents lost their jobs, I lost my relationship with my gf and she just moved out",0.3153926134109497
174,"The person's experiences indicate deep emotional distress and struggles with mental health, including staying in a psyche ward, school intervention due to a suicide attempt, and contemplating suicide on multiple occasions. This suggests a significant level of medication-related stress and the need for intervention and support in managing their mental health challenges.","school decided not to take back because of suicide attempt,  lost virginity, being called sick and patheitc",0.4821864366531372
175,"The person in the premise seems to be under immense relationship-related stress. They mention feeling immensely stressed when going out with someone, expressing guilt and self-criticism, and feeling unable to cope with difficult situations like plans going wrong and losing their license. Additionally, the reference to not having any way to vent and feeling extremely painful about not being able to get better suggests deep emotional struggle possibly related to personal relationships.",haven't been earning income,0.05693008750677109
176,"The person mentioned being on medication (metrazapine) and taking double doses excessively, indicating a struggle with medication management and potentially a need for mental health support. Waiting to see a therapist and feeling unmotivated further suggests medication related stress.","on waiting list to see a therapist, double dosing on medication to sleep excessively",0.5598362684249878
177,"The person seems to be experiencing alienation related stress. They feel disconnected or detached from various aspects of their life such as their skills as a musician, their relationship, and their educational environment. This sense of settling and not feeling good enough in these areas is likely contributing to their feelings of depression. The person also expresses fear of failure, reluctance to take action due to this fear, and a deep discomfort with their current situation. These feelings of disconnection and dissatisfaction with one's circumstances are common in alienation related stress, where an individual feels isolated and disconnected from the world around them, leading to a sense of not belonging or fitting in."," feel settele for everything, very lazy, almost scared to do, fear of failing, mediocre skills",0.4835788905620575
178,"The author is experiencing relationship-related stress due to the breakup with their girlfriend, which has resulted in a rollercoaster of emotions. This breakup has had a significant impact on their emotional well-being, leaving them feeling lost and unsure about their future. The author mentions feeling the need for help but is reluctant to seek it out, fearing that exposing their emotions would push people away. This reluctance to address their emotional turmoil and the struggle to move forward in a healthy way indicate relationship-related stress.","girlfriend broke up, rollercoaster of emotions,exposed insecurities to ex, indecision, burn-out and post -up trauma",0.5754002332687378
179,"The person's feelings of isolation, pushing away friends, and struggling with alienation from society, as well as the sense of everyday getting worse and feeling useless and hated by peers indicate a state of alienation related stress.","used to have many friends, always push everyone away, everyday gets slightly worse, attitude of disgust towards family, want to stop feeling useless",0.5632283091545105
180,"The person's continuous desire to kill themselves and the feeling of guilt for struggling mentally despite having a caring family and being well off suggest a deep internal struggle that may require medication-related support. The mention of wanting to end the pain but being scared of the consequences, as well as the lack of belief in an afterlife, further point towards a state of mental distress that may necessitate medication intervention."," work for parents business, always understaffed, , no freedom",0.11636347323656082
181,"The person is expressing feelings of deep sorrow, jealousy, and loneliness related to their friend's suicide, as well as fear and uncertainty regarding their lover's mental illness. These intense emotional struggles are indicative of relationship-related stress and trauma.","friend jumped off a cliff, cycle of drugs, eating disorders, sleep and crying,cant die too scared, cant live too scared",0.4394189119338989
182,"The person's feelings of worthlessness, self-criticism, and lack of motivation suggest a sense of alienation and disconnection from themselves and their surroundings. They express a deep dissatisfaction with their current state of inaction and inactivity, as well as a struggle with negative thoughts and self-hatred. The person's description of feeling consumed by negative thoughts and being unable to make positive changes reflects a sense of alienation and detachment from a sense of purpose or direction in life. Additionally, the mention of feeling worse at a particular time of day could indicate a pattern of alienation or disconnection that intensifies during certain moments."," lying around not doing anything, letting my room and shit get into a mess ",0.2627820372581482
183,"The person is expressing feelings of guilt, self-blame, and hopelessness, which are commonly associated with relationship-related stress. The individual is struggling with the impact of their mental health on their family and friends, feeling like a burden to them, and doubting their own worth. This indicates a significant emotional distress related to interpersonal relationships.","cant pretend to be happy, feel like I failed, worth nothing, no source of hope",0.3839704394340515
184,"The person is experiencing alienation-related stress as they feel disconnected, unappreciated, and undervalued by those around them. They express feelings of isolation, lack of support, and a sense of worthlessness, indicating a sense of alienation and disconnection from others.","noone gives slightest fuck about me, no one cares about me, no one enjoys my company, I'm worthless",0.24165138602256775
185,"The premise indicates that the person is experiencing relationship-related stress. The individual is dealing with the challenging situation of having a boyfriend who is severely depressed and occasionally engages in reckless behavior. The conflicting emotions of love, worry, and fear expressed in the text suggest a significant emotional burden due to their partner's actions. The hesitation about how to react in a helpful and supportive way, the concern about the partner's safety and well-being, as well as the desire to be a good partner all point towards relationship-related stress as the primary category.","Boyfriend severely depressed,  his reckless behaviour, knee jerk reaction anger",0.5421749353408813
186,"The person is feeling empty, lonely, and alienated from others, especially peers of the same age who are sociable and have many friends. This sense of isolation and the lack of connection with others for a prolonged period of time is indicative of alienation-related stress. Additionally, the individual's uncertainty about seeking help from a psychologist and questioning the usefulness of therapy further points towards feelings of alienation and disconnection.","have no one to talk to, not only feelings but just in general",0.36398786306381226
187,"The mention of persistent voices telling the person to harm themselves, along with the exhaustion and fear of giving in, suggests a state of mental distress possibly related to medication. It is important for the person to seek help and support from a medical professional to address these concerns.","the voices donít stop, I am exhausted, reduced to nothing",0.46311110258102417
188,"The individual is experiencing extreme panic attacks, depression, and stress, but seeks comfort from their mother and tries to cope with these feelings through activities like watching YouTube or playing video games. Despite feeling lost and lacking ambition, they are actively seeking help and support from others, indicating a desire to improve their mental state. This overall behavior suggests that the individual is in a good mental state, despite the current challenges they are facing.",I started getting even more panicky thinking about what happens after life ,0.32694992423057556
189,"The person who wrote the premise seems to be experiencing relationship-related stress. The long-distance relationship, the recent breakup, and the uncertainty caused by their partner's changing feelings have led to confusion and emotional distress. The writer also mentions battling depression and anxiety, which have likely made the breakup even more challenging to cope with. The sudden breakup, despite the writer's willingness to move countries for the relationship, has left them feeling lost and questioning the reasons behind their partner's decision. This situation is characterized by emotional turmoil and heartache typically associated with relationship-related stress.","long distance dating, broken up, dosent love anymore as partner",0.5712765455245972
190,"The individual expresses feelings of loneliness, alienation, and a sense of not belonging throughout the premise. They mention being the odd one out since kindergarten, struggling with building strong friendships due to lack of real-life interactions, feeling hated and unwelcome everywhere, and not having their family understand their problems and struggles. These experiences have led to chronic depression, self-hatred, and thoughts of suicide. The individual also yearns for genuine connections and real friendships, but due to various challenges, including personal priorities and lack of understanding from others, they fear these new relationships might not last. The overarching theme of feeling disconnected and isolated from society and even from their own family members indicates a deep sense of alienation, making Category 5 the most fitting classification for the mental state of the person who wrote the premise.","been made fun of taste in music, dressing, not dieting",0.15018156170845032
191,"The person in the premise seems to be experiencing relationship-related stress. The conflicts with their girlfriend, feeling guilty for leaving her at the club, and yelling 'It's because I'm fucking depressed!' during the argument indicate underlying issues in their relationship. This stress and emotional turmoil related to their relationship seem to be contributing to the feelings of depression and the reluctance to engage in social activities they used to enjoy.",feeling low for the past couple days and just felt really anxious and upset,0.23539838194847107
192,"The person in the premise is dealing with multiple health issues, including a complex back problem, Hidradenitis Suppurativa, and the need to take medication like Lyrica and Humira. These health challenges and the fear of not being able to receive proper medical treatment due to insurance issues are likely causing significant stress and feelings of hopelessness, leading to a medication-related stressed mental state.","Depression ,complex back problems, pain meds, surgery,skin condition, might turn into cancer, insurance policy cancelled by wife",0.5556458830833435
193,"The person mentions struggling with depression, pushing people away, feeling exhausted by socializing, waiting too long to seek therapy, and feeling reluctant to take medication. These are all indicators of medication related stress and the internal conflict surrounding the decision to take medication for mental health, feeling like a failure for needing it, and the hope for improvement in the new year reflect the mental state of medication related stress."," I wanted to be alone, but because it was less exhausting than going out and doing stuff",0.2231297343969345
194,The person is feeling relationship-related stress due to the constant loss of friends and the fear of being alone forever. They are questioning their own worth and contemplating changing their personality to be liked by others.,"lost 8 friends, feelings of worthlessness, a downer prsonality, scared of being alone forever",0.5556682348251343
195,"The person is experiencing extreme depression to the point of considering suicide, indicating a mental health crisis that may require medication and professional intervention. The feelings of guilt, fear of being judged by coworkers and boss, and the comparison to others who call out frequently but are not judged, all suggest medication related stress."," Called out of work ,been in a really bad place, feel like bad employee, scared of boss or coworkers hating",0.4859524369239807
196,"The person is expressing feelings of loneliness and disconnection, suggesting a sense of alienation from others. They mention not feeling like they belong and struggling to find a genuine deep connection with anyone except for their mom. This indicates a state of alienation-related stress, where they experience a lack of emotional closeness and identification with others around them."," never felt a genuine connection, feel like I never belong",0.46125680208206177
197,"The person is experiencing a lot of stress and frustration related to medication. They have had negative experiences with previous medications like Lexapro and Cymbalta and are now feeling overwhelmed with the side effects of the new medication, Trintellix. The side effects they are describing such as nausea, mood swings, dizziness, headaches, and feeling disconnected indicate a significant level of distress and discomfort. The person is also questioning the efficacy of the medication and whether the side effects will subside over time. This focus on medication and its effects on the body and mind aligns with the stress and concern typically associated with medication-related issues, hence categorizing this into C3.","started new medication, side effects, nausea, dizzy, mood swings",0.6251877546310425
198,"The person's deep love for their boyfriend, combined with feelings of emptiness towards other aspects of their life such as their job and family, indicates relationship-related stress. The mention of suicidal thoughts and the belief that the boyfriend is the only reason for being alive also points towards a high level of emotional dependency on the relationship for their well-being and happiness.","boyfriend the only person who loves, job sucks, family sucks",0.40805038809776306
199,"The person expresses feelings of alienation, self-doubt, and despair in their message. They describe a sense of being left behind by their friends, feeling like a failure, and experiencing the impact of their mental illness on their daily life. These sentiments indicate a state of alienation-related stress, where the individual feels disconnected from others and society as a whole.","I'm dying inside more or less every day, rotting away at home",0.28097033500671387
200,"The person describes experiencing symptoms of depression, anxiety, insomnia, and loss of appetite for a long period of 4-5 years. Additionally, they mention attempting suicide multiple times and being an outpatient at a hospital, indicating serious mental health issues that require medication as part of their treatment. The reference to 'monsters inside my head' and feeling like they are going insane further supports the idea of medication-related stress.","Depressed, anxiety, insomnia,cant find happiness",0.4636262357234955
201,"The use of phrases such as 'heart broken', 'worst depressed periods', 'picking myself up', and '2016 did' indicate that the individual is going through relationship-related stress and heartbreak.","Depression, heart broken, picking self",0.5904045104980469
202,"The person expresses feelings of loneliness, alienation, and worthlessness, as they spent New Year's alone and felt unimportant and unnoticed by others. These emotions indicate a sense of disconnection from others and a lack of belonging or support, which aligns with the alienation-related stress category.","knew no onw was going to talk , cant even fake a smile, angry I failed",0.1908799409866333
203,The person is expressing concern about focusing on their depression and feeling that failure to improve will result in getting worse. This anxiety about the potential worsening of their mental health indicates a significant level of stress related to medication and treatment for their depression.," frequent meals with protein and fats, exercise, meditation",0.18743757903575897
204,"The person is feeling alienation related stress as they describe feeling isolated after cutting off toxic friends and being alone. They express a sense of loneliness and difficulty in forming strong social bonds, which contributes to their negative self-perception and self-esteem. The individual's focus on their physical appearance and health issues, coupled with the lack of meaningful connections, highlights a deep sense of isolation and disconnect from others.","knock knee, wired gait, minor gynecomastia, lumps under armpits and groin area, overbite",0.0484447255730629
205,"The individual is experiencing relationship-related stress due to rejection and continued feelings towards someone who does not reciprocate. The mention of seeing the person they like expressing love for someone else further intensifies their emotional pain, reflecting deep hurt and distress caused by matters of the heart.","liked her, confessed, got rejected, feel hurt",0.41038474440574646
206,"The person is expressing frustration and distress related to their family dynamics during holidays, particularly on New Year's Eve. They feel unfairly treated due to the recurring issue of their parents getting drunk, fighting, and bothering them and their brother. This ongoing negative experience during special occasions has likely led to relationship-related stress and disappointment."," nothing happy in new year, parents get drunk, start fighting, bother me and brother",0.5928862690925598
207,"The person is experiencing alienation related stress, feeling disconnected and unappreciated in a world where they are constantly providing support and love to others but not feeling reciprocated. They mention isolating themselves from others and their own feelings, indicating a sense of alienation and detachment.","nobody really cares , nobobody is interested, we live in a cold heartless palce, isolating self",0.2921488285064697
208,The individual is feeling isolated and disconnected from their classmates due to academic failure and perceives their friends as looking down on them. This sense of alienation and lack of support is causing distress and negativity towards the education system and themselves.,"only one who failed out of grade in class, all alone in a new class, friends from previous class subtly looking down",0.6379939317703247
209,"The premise indicates relationship-related stress, specifically feeling betrayed by a close friend. The feelings of hurt and betrayal expressed here suggest distress in interpersonal relationships, leading to a sense of disappointment and uncertainty about the friendship. The mention of finding a reason to hate someone else instead of blaming oneself also signifies an emotional struggle within the relationship context."," friend lied about not celebrating new year, seen with another friend",0.31355759501457214
210,"The statement suggests feelings of depression and a desire for happiness in relationships, indicating a stressed mental state related to relationships.",driving away people who care  making more depressed,0.337605357170105
211,"The premise describes a relationship-related stressed mental state. The person's struggles with fitting in and feeling lonely led to depression, but finding a perfect partner brought happiness. However, the partner's suicide attempt has now drastically changed the dynamics of the relationship, causing the person to feel even worse than before. The helplessness and distress caused by the partner's mental health issues and the inability to support them indicate significant relationship-related stress.","met amazing girl, she attempted suicide, pushing away, dumped",0.4421348571777344
212,"Based on the statement that the person has to take heavy medication every day, it indicates that they may be experiencing mental health issues that require medication. The feelings of worthlessness, suppression of emotions, and confusion about their own identity are common symptoms of individuals struggling with mental health conditions such as depression. The self-critical thoughts and constant struggle with negative self-perception further suggest a state of mental distress that is medication-related stressed.","heavy medication everyday, not homeless, heavy drug addict, try to supressit all points, just struck between life and death, struck in a tiny hole, barely breath",0.407944917678833
213,"The person seems to be experiencing alienation related stress, as they mention feeling disconnected and unable to enjoy the things that typically bring pleasure to others. This sense of disconnect may be causing them to feel isolated or different from those around them, leading to a lack of enjoyment in activities that are considered rewarding by others.","enjoying things alone, miserable",0.5031803846359253
214,"The person seems to be experiencing deep emotional distress and a sense of alienation. The feelings of hopelessness, giving up, and longing for a sense of relief by sharing their story before their intended act suggests a profound sense of disconnection and estrangement from others and possibly society as a whole. The feeling of being unable to dig themselves out of the hole they are in and the desire to have their family back but feeling that it will never happen indicate a high level of alienation and despair.","met a girl 2 years younger, parents called police after turning 18,  fell in love again, had a daughter, she left with the daughter",0.19708649814128876
215,"The person is experiencing intense emotions and distress due to a difficult and one-sided breakup. The individual mentioned feeling numb, empty, and unable to find happiness, which are common signs of relationship-related stress. The mention of a partner's hurtful actions, such as stealing money and suggesting a friends with benefits arrangement, adds to the emotional turmoil. The deep longing for the ex-partner despite the mistreatment indicates a strong emotional attachment. The person's focus on the lost relationship, feelings of emptiness, and desperation for support suggest that the primary source of distress is related to the failed relationship."," I sided break up, together for more than a year,  he stole 300 $, wanted to be friends with benfit, feel empty and numb",0.45254001021385193
216,"The person's description of being depressed since the age of 16, taking medication, and consulting a psychologist indicates a deep struggle with mental health. The mention of not feeling better despite seeking help and feeling empty and like their soul has died suggests a significant level of distress related to medication. The inability to find enjoyment in activities, constant crying, difficulty sleeping, and feeling exhausted are all common symptoms associated with depression and the use of medication to manage the condition.","people killing others for no reason, cry every night, boring",0.33996593952178955
217,"The person's mental state seems to be heavily influenced by their negative experiences with medication for anxiety received during their teenage years from the NHS. They express feeling that the medications made their issues worse and the general misunderstanding they perceived from doctors. This has led to ongoing depression and a sense of hopelessness about their situation. The fear of seeking help as an adult and the mention of not being able to cope with the drama involved in getting help in their country further indicate the stress and distress surrounding their past medication experiences, which fall under the category of Medication related stress.","help from nhs  for mental helath, worse due to medication",0.4602830410003662
218,"The person who wrote the premise is experiencing alienation-related stress. They feel disconnected and isolated from others despite trying to reach out and express their true feelings about their depression. The individual's constant act of pretending to be okay to avoid burdening their loved ones has led to a cycle of disappointment and lack of support, causing a sense of alienation. The feeling of not being understood or cared for despite their pleas for help is exacerbating their mental state and deepening their sense of isolation.","I feel bad for bringing everyoone down, entire time exhausting little energy I have, think they'll ask  and actually  are, weeks go by nothing happened",0.19251814484596252
219,"The person writing the premise is experiencing relationship-related stress. This is evident from the deep emotional impact caused by their romantic partner's change in feelings, specifically feeling let down and heartbroken after investing emotionally in the relationship. The conflicting signals and actions of the partner, along with the feelings of humiliation, rejection, and heartbreak, indicate a significant level of distress related to the romantic relationship.","she told me her feelings were genuine,she wouldnít be breaking up with me,, confronted, admitted not looking for a relationship",0.3641573190689087
220,"The premise describes feelings of loneliness, frustration with the husband, thoughts of making a mistake in the relationship, and the desire to escape from the current situation. These are typical symptoms of relationship-related stress and indicate a troubled emotional state due to issues within the marriage.","feel completely alone, just want to lay in my bed and disappear",0.3210204839706421
221,"The person expressed feelings of disconnect, alienation, and apathy towards themselves, their surroundings, and their social interactions. They described feeling like a barely sentient robot, disconnected from the world like being on a movie set with plastic wrapping. These feelings have intensified over the past year, coinciding with the start of habitual marijuana use. The individual also struggles with forming genuine connections with others, resorting to smug and sarcastic remarks instead. These experiences have led to self-reflection about potential autism spectrum disorder and a desire to regain lost emotions, joys, and personality. The overall sense of detachment, apathy, and difficulty in connecting with others points to alienation-related stress as the primary category.","2016 expectations dropped  , may be caused by weed, 2016 incidentally is also a year started smoking pot",0.2284550815820694
222,"The person expresses feelings of being useless, unattractive, and a burden to others. They mention wanting to disappear and die, feeling gross for asking for financial assistance, and being sick of existing. These thoughts and emotions indicate a sense of alienation and detachment from others and themselves.","feel like a toy, useless one, stupid, boring unattractive, clingy piece of s***",0.3969227075576782
223,"The person exhibits feelings of alienation, disconnection, and a sense of not belonging or fitting in. They express a deep sense of loneliness, dissatisfaction with life, and a belief that happiness and contentment may not be attainable for everyone. The intense emotions of anger, frustration, and despair suggest a profound sense of isolation and lack of connection with others or the world around them. This alienation is further reflected in their struggle to find genuine joy or purpose, as well as in their skepticism towards the idea of things getting better. The person's description of feeling like everything is fake when alone and experiencing a cacophony of screaming in their head also highlights their sense of detachment from reality and inner turmoil.","I just want to fucking kill someone,slow climb of every day, realising there is nothing more,brain is just a cacophony of screaming inside my head, cataclysmic disaster",0.38138365745544434
224,The intense emotional reaction and thoughts of violence towards the ex-'friend' indicate relationship-related stress. The feeling of being thrown away and the desire for revenge suggest deep hurt and a sense of betrayal in relationships.,"at a really bad place, argument with ""ex friend"", throw like a fucking tissue, want to batter their skulls with a heavy rock",0.44485926628112793
225,"The person is expressing feelings of alienation and inner emptiness, suggesting a sense of disconnection despite physical presence. This can be indicative of emotional discomfort and loneliness often associated with feeling mentally alone even when surrounded by others.","completely physically alone or mentally alone, pretend to be okay",0.3909603953361511
226,"The person is expressing feelings of being unable to focus, feeling stressed out, and being depressed, which could indicate that medication related stress is present. The mention of trying to take medicine to help focus, but it not working, suggests a sense of frustration and hopelessness related to medication not being effective in treating their symptoms. This indicates a reliance on medication to improve their mental state, but with little success, leading to further stress and feelings of being trapped in a cycle of unproductivity and low self-worth.","not allowed to leave room until HW is done, in my room 80% of time, cant focus on my work, I need to break the cycle, semester ends in 2 weeks and I donít know what ro do",0.1342313289642334
227,"The writer's feelings of being an 'odd one' in the eyes of their friends, parents, and the counselor, as well as feeling like an 'alien' in their own house, indicate a sense of alienation and disconnection from the people around them. This feeling of not belonging or not being understood by others is a common indicator of alienation-related stress.","had social issues, no clue how friends  are meant to behave,have ugly problems, feel excluded by parents, counseling didnít help",0.2695382237434387
228,"The person's emotional state and concerns about relationships, feeling of being let down by friends, and the feeling of not having anyone in life indicate relationship-related stress.","everyone of my friends have sthat one they can go to, tired of not having anyone in my life",0.2663944959640503
229,"The author's feelings of loneliness, alienation, and inability to enjoy anything are indicative of alienation-related stress. The sense of pointlessness in life, envy towards others' ability to enjoy their hobbies and have loving relationships, as well as the deep feelings of worthlessness and loneliness are all common signs of alienation-related stress.","pointless all life is cant imagine , what its like to have a family  that loves you, incredibly lonely and alien",0.5353246331214905
230,"The person is feeling alienated and isolated due to not having their own space, lack of job and friends, and feeling controlled by their parents. Additionally, the constant fighting at home and the inability to freely express themselves or pursue relationships are contributing to a sense of alienation and unhappiness.","donít have friends, parents act like I'm 15 years old, constant over literally everything feel like walking on eggshells to avoid triggering my mother.",0.328926146030426
231,"The person is experiencing symptoms of depression, anxiety, and OCD, indicating that they are under significant mental health stress. They mention medication, side effects, and considering switching medication, suggesting a focus on treatment for their mental health conditions. The mention of lowered sex drive and appetite are common side effects associated with certain antidepressants, supporting the categorization of medication related stress.","depression in form of mild exhaustion, anxious and OVD, mentally clouded, lowered sex drive and appetite",0.6579669713973999
232,"Several elements in the premise indicate relationship-related stress. The person mentions feeling abandoned by their friends and boyfriend, who they perceive as not caring about their well-being. The impending breakup with the boyfriend, lack of emotional support, and feeling of loneliness contribute to relationship-related stress.","friends know  I'm unwell, boyfriend cant handle it anymore, left me alone on new years evening",0.3792698383331299
233,"The person is seeking a distraction through talking to somebody or engaging in entertainment suggestions, indicating a feeling of alienation or disconnection from others.","need to talk to somebody, need a good distraction",0.5324148535728455
234,"The person's mental state seems to be primarily driven by relationship-related stress. The mention of past experiences with family, feelings of being socially awkward, regret over missed opportunities with people they were interested in, and specific mention of being a virgin all point towards underlying relationship-related stress and feelings of low self-worth.","come from a hard family, hate alcohol, father drunk and horrible to mother",0.27929699420928955
235,"The person's strong feelings of jealousy, worthlessness, loneliness, and inadequacy, especially related to sexual experiences and living situation, indicate relationship-related stress and feelings of inadequacy in this aspect of their life.","living with mum, working minimum wage, had sex once in past 3 years, I'm pathetic, wired, stupid, worthless, useless ,mess",0.31660881638526917
236,"The person is clearly experiencing relationship-related stress and insecurity within their romantic relationship. They express feeling worried about doing or saying the right thing to their girlfriend, and venting about things that bother them which their girlfriend perceives as picking unnecessary fights. This dynamic creates a sense of constant worry and fear of losing the relationship. The person acknowledges that their depression also plays a role in amplifying these negative thoughts and emotions, indicating a significant level of distress in the relationship aspect of their life.","absolutely  love girlfreind, tell her everything, helps get things off chest, feel ike so many guys would love to have her, constantly bug her",0.21292084455490112
237,"The person feels very lonely and expresses the need to find someone who can understand and support them. They mention that there are no real-life people they can turn to with their problem, indicating a sense of alienation and disconnection from their immediate environment.","very lonely, like to exchange messages, no real life people",0.6380975246429443
238,"The person expresses feelings of alienation and disconnection from the world around them. They describe finding solace and distraction in spending excessive time on the computer, indicating a sense of escape from their thoughts and the realities of life. They feel lost about their future, with worries about making a choice that will define their entire life until retirement. The mention of feeling broken without the computer, wanting to die when not using it, and having thoughts of giving up suggest a deep sense of alienation and hopelessness.","computer keeps from thinking of doing anything stupid, addiction, computer is my life, without it I'm broken",0.5198774337768555
239,"The person is feeling alienated and disconnected, both from their surroundings and from themselves. They mention feeling heavy, questioning the purpose of their life, and not having enough friends who care. This sense of isolation and lack of meaningful connections indicate alienation-related stress.",donít have enough friends who carer or real friends,0.21427786350250244
240,"The person is feeling alienated and disconnected from their surroundings due to the fear of losing their work permit and having to leave their home country. The uncertainty about their future and the feeling of not belonging are causing significant distress, leading to thoughts of not making it to the next year.","president -elect will undo executive orders, incude DACA, will have to go to my  rth country, donít want ot leave US",0.22573885321617126
241,"The person mentions feeling depressed for a good amount of years and describes daily suicide thoughts, nightmares, and taking antidepressants. These are clear indicators of mental health struggles that require medication and professional help, leading to the categorization of medication-related stress (C3).","so much anxiety, everything is boring, sick of afraid of people, feel like true self after getting high, sick and tired of being tired",0.4650448262691498
242,The person's description indicates a deep sense of hopelessness and helplessness which are common symptoms of severe depression. The mention of being unable to take known measures to fight depression and using substances like pot as a coping mechanism suggest that their mental state is heavily influenced by medication-related stress. The impact on work and health further supports this categorization.,"overwhelming heavyness, depleting motivation, confidence, work is being effected, health is beig effected, feel disconnected",0.588912844657898
243,"The person exhibits symptoms of alienation-related stress as they are expressing deep feelings of loneliness and lack of physical contact with other humans as a cause of their depression. They feel disconnected and isolated, which has a significant impact on their mental well-being. This sense of alienation seems to be a primary factor contributing to their depression, leading to a cycle where they are unable to break out of their isolated state, making it difficult for them to form relationships and find support to improve their mental health.","depression due to lack of human contact, feel lonely",0.6890910863876343
244,"The person seems to have experienced significant relationship-related stress throughout the year. From feeling lonely in February and seeking a girlfriend, to realizing a potential romantic interest held racist views and the subsequent impact on their belief in humanity. Additionally, they express frustration towards their mom's interference with their social life and mention feeling emotionally manipulated by their parents. The desire for independence and freedom, along with feeling oppressed and emotionally affected by their parents' behavior, further indicate relationship-related stress.","fell into deep hole, felt very lonely , really wanted to have people around me, no friends in school, mom  prevented me from befriending classmates",0.29375386238098145
245,"The person's description of feeling empty, disconnected, and seeking out moments of emotion from external sources such as TV shows or music suggests a sense of alienation. The inability to consistently feel emotions and the longing for that intense emotional release experienced while crying indicates a deeper sense of disconnection from one's own emotions and possibly from others as well.","most part I donít feel anything,last time I cried was 10 years ago, cycle of emptiness was back, feel like empty vowl",0.6052038669586182
246,"The person is experiencing relationship-related stress, specifically from personal reasons involving their ex. This has led to feelings of depression and anxiety, impacting their ability to maintain a stable job despite not finding the work itself stressful. The mention of a mental breakdown and the struggle to communicate with managers about their situation further supports the relationship-related stress as a significant contributory factor.","done a no call show second time in a row, advice o how to keep job with depression",0.34552764892578125
247,"The person who wrote the premise seems to be experiencing relationship-related stress. The individual is deeply concerned about their father's depression, which may stem from the series of tough life events and challenges he has faced. The focus on family dynamics, particularly the impact of the father's depression on other family members like the mother, the writer, and the brother, suggests a strong emotional connection and sense of responsibility towards their father's well-being. The writer's plea for help in supporting their father indicates a significant level of distress and worry regarding the family's situation and the father's mental health.","papa suffers from depression, been unemplyed sice 45, mom works to support the family, being unemplyed makes him unhappy and depressed",0.5788590312004089
248,"The person mentions a long history of medication use for various conditions such as ADHD, depression, sleep issues, and bipolar disorder. The decision to self-medicate with coffee, melatonin, exercise, and a therapy light shows a dissatisfaction or possible complications with their prescribed medication. This behavior suggests a high level of stress and frustration related to medication management and mental health treatment, leading to the self-medicating approach. Additionally, the mention of living with a physician further indicates a deep involvement with medical issues and potentially a lack of satisfaction with traditional medical interventions. The person's desire for weekend appointments in St. Paul also implies a need for convenient and flexible mental health support, further highlighting the stress and challenge associated with their medication and treatment journey.","ADHD, Depression, bipolar, sleep disorder, self-medicating",0.5820224285125732
249,"The person is experiencing alienation-related stress as they find it difficult to connect with their own interests and hobbies, leading to a sense of emptiness and disconnection. They struggle with being true to themselves and putting on a front in social situations, which reflects a feeling of alienation from their authentic self and external world. The lack of motivation and difficulty in finding purpose in life further indicate alienation-related stress.","been the kind of person to just put up a front, hate doing noting with life",0.23043085634708405
250,"The person who wrote the premise is experiencing alienation-related stress. They describe feeling disconnected from others, struggling to find joy in activities, and finding it difficult to maintain friendships. The individual expresses a deep longing for love and connection, but experiences repeated rejection, which intensifies their feelings of alienation and loneliness. The sense of feeling alone and disconnected is pervasive throughout the premise, leading to a sense of hopelessness and questioning the point of pursuing anything further. This sense of alienation is further highlighted by the individual's belief that seeking help may not make a difference, reflecting a deep-seated sense of detachment and disconnection from potential sources of support.","all I want is love, a girlfriend, someone special, ever got is rejection, no motivation for anything",0.33327817916870117
251,"The person is feeling lonely, unloved, and down because of their lack of dating experience and the feeling of being unable to connect with others, suggesting relationship-related stress.","feel lonely and unloved, zero dating experience",0.6288217306137085
252,"The person expresses feeling alienated and disconnected from their family and the things that used to bring them joy, such as music and TV. They mention that distancing themselves emotionally is easier than facing guilt and lack of understanding from their family. This sense of alienation, combined with feeling no happiness and contemplating death, suggests a deep level of emotional distress and isolation.","no hapiness in life, distanced emotionally from family, feel disgusted",0.5525493025779724
253,"The person is showing symptoms of depression but is hesitant to address it. The mention of suspecting depression, feeling down and having more bad days than good, lack of motivation, disrupted sleep cycle, and feeling lazy despite recognizing the need for help are all indicators of mental health struggles. The person's internal struggle of justifying their condition and comparing themselves to others suggest a potential denial or reluctance to accept the reality of their mental health issues, which can be common in cases of medication-related stress.","lazy, sleep cycle fucked up",0.2501979470252991
254,"The person's narrative reveals a deep sense of alienation and feelings of being an outcast throughout different stages of their life. They describe a consistent pattern of feeling alone, making friends but then losing them, struggling with self-identity and depression. The constant theme of being left behind, not fitting in, and yearning for a different life suggests an underlying sense of alienation from society and a lack of belonging. These feelings of loneliness and despair further intensify as they articulate doubts about their future, struggle with their gender identity, and express the belief that things will never get better, ultimately leading to thoughts of self-harm and a desire to end their life.","lonely in lunch break, alone in primary school,gender dysphoria, want ot end frustrating life",0.530778169631958
255,"The author's anger and rudeness towards parents, fights with parents and friends, feelings of worthlessness, suicidal thoughts, rejection from the girl they like, and frustration with their guitar teacher all point to relationship-related stress and disappointments. The inability to find solace in previously enjoyed activities also suggests that their relationships are significantly impacting their mental state.","friend, no escape from pain and angers decided wasnít their worth, rude to my parents",0.436029851436615
256,"The person expresses feelings of loneliness, alienation, and a strong desire for companionship and a sense of belonging. They talk about feeling disconnected from others, not being understood, and longing for a community that accepts and supports them. These themes suggest a sense of alienation-related stress, as the individual is struggling with feelings of being isolated, disconnected, and not being able to fully connect with others despite their efforts.","heart aches for a strong purpouse, a community, days are alone, long and empty,no one to talk to,, wish for someone to understand and relate to me, damaged person , depression, anxiety, bipolar disorder,deep sadness",0.4907510578632355
257,"The person is experiencing extreme distress and emotional turmoil due to a significant relationship issue. The situation of unintended pregnancy, communication breakdown with the partner, fear of losing the relationship, and thoughts of self-harm indicate a high level of relationship-related stress and crisis.","got my gf pregnant, 4 weeks pregnant, thinking about medical abortion,thought of killing self, feel lke running out of choice",0.4163874387741089
258,"The language used in the premise suggests a feeling of alienation, as the writer feels trapped in a pit and overwhelmed by the task of getting back to a better state. They express a sense of not knowing where to start and a desire to be happy again, highlighting a feeling of disconnection and isolation leading to the sense of alienation.","pull myself out of this pit, get out of the hell",0.29654788970947266
259,"The individual is in a relationship-related stressed state. They are experiencing confusion and uncertainty about their feelings towards their cousin, whom they have romantic feelings for but cannot pursue due to familial relationship boundaries. This dilemma is causing them to feel overwhelmed and unable to concentrate on other aspects of their life.","donít if it's love or not,  cant concentrate, my cousin, donít jnow if its legal to marry cousin, didnít tell her anything",0.5313660502433777
260,"The person mentions cognitive-behavioral therapy, antidepressants, NLP, affirmations, and other methods, indicating they are dealing with mental health issues and medication-related stress. The frustration with not making progress despite trying different therapies suggests a struggle with managing their mental health and the feeling of hopelessness.","I've had cog-med, anti-depressents, NLP,Affirmations, binaural beats, meditation",0.520760178565979
261,"The mention of doctors, medication, and electroconvulsive therapy (ECT) indicates a focus on medication-related stress. The person seems to be struggling with severe depression and expressing resistance towards hospitalization and medication changes, showing a high level of distress related to the treatment options and their current mental state.","worst I've ver been, zero hope and zero convincing reasons to want to stay alive",0.11342879384756088
262,"The description of the traumatic event involving abuse by the mother, the emotional scars that still persist, and the suicidal thoughts all indicate a deep sense of bias or abuse related stress."," playing outside with friends, threw a play toy at him, mom became instantly angery, hid under couch, mom found me ,grabbed me, I kept yelling ""god please help"", she put her knee on my arm , grabbed a pillow and put over my face, but let go, she said I was a mistake",0.3635810613632202
263,"The text suggests a deep sense of exhaustion, hopelessness, and overwhelming burden which are commonly associated with relationship-related stress. The idea of feeling forced to compete in a race one never wanted to enter, the longing for rest and refreshment, as well as the desire for a permanent break all point towards relationship-related stress and potentially the need to escape from a difficult or challenging relationship."," life is a racee, challenging and ultimately extreme, legs dragging across hard concrete, every step adding  omore baggage, its okay to give up",0.49967217445373535
264,"The person who wrote the premise seems to be in a medication-related stressed state. They are describing a friend who has gone down a depression spiral, has panic attacks, and has attempted self-harm. The friend has seen psychologists and psychiatrists, but the only thing that seems to help is medication, which the friend has refused to take properly. The writer also mentions that the friend feels terrible after taking medication. This resistance to medication and the ongoing struggles with mental health indicate a significant level of stress related to medication management and its effectiveness in treating the friend's condition.","friend has depression, psychologist and psychiatrists gave meidcation,  she cannopt work, remember things, stopped medication, biggest source is her age,spent 4 years in masters program but will not amount for job, feels wasted time, nothing to show",0.515670120716095
265,"The premise suggests relationship issues, specifically experiencing loss of friends and being cut out by a sibling. This type of social rejection and isolation can cause significant stress and emotional turmoil, falling under relationship-related stress.","lost most friends, sibling said donít want to be around negative people",0.5723464488983154
266,"The long-term struggle with weight issues, chronic pain, and depression suggests a possible reliance on medication as a coping mechanism. The mention of physical pain and difficulty moving the legs due to spine-related pain indicates a significant level of distress that may require medication for pain management. The individual's experience of temporarily alleviating the pain through weight loss further highlights the reliance on medication to address the underlying issues. The ongoing battle with depression and physical pain points towards a medication-related stress as a predominant factor in the mental state.","depressed for last one and half year, been fat all life, on a diet for 2 years, spine  and  legs hurt so much on walking, ",0.5652741193771362
267,"The person mentioned experiencing a mixture of anxiety and depression, feeling alone, sad, and self-hating, which are all symptoms of mental health conditions. Additionally, they expressed contemplating medication (Zoloft) to help with their current struggles. The individual's mention of needing psychological help and considering medication indicates a significant level of distress and the need for professional intervention. The chronic illness, past sexual abuse, and general social anxiety have likely contributed to their mental health struggles, leading to medication-related stress.","mixture of anxiety and depression, plan to see psychologist, anxiety stems from  chronic illness and being sexually abused in the past relationship, mind telling me worthless",0.5736141204833984
268,"The person is expressing frustration and disappointment with the medication that they are currently taking to manage their mental health. They mention being on a 'new cocktail of meds' which suggests they are going through a medication-related process. They describe the struggle of staying stable for 9 hours a day, coping with depression, managing anxiety, and experiencing difficulties with the side effects of the medication. The mention of being on nighttime meds further supports the notion that the individual is stressed due to the challenges and limitations imposed by the medication they are taking.","new cocktail of meds, cant make plans later in day during morning meds wear off, I hate this damn disease",0.6065265536308289
269,"The person is experiencing a high level of stress and anxiety primarily due to their mental health conditions - bipolar disorder, depression, and anxiety. The pressure of handling multiple demanding tasks, along with the added burden of working two jobs and commuting daily, has significantly contributed to their overwhelmed state. The impact of these conditions on their ability to cope with academic responsibilities and the fear of failure are indicators of medication-related stress in this scenario.","trying to work on research paper, professor turned everything I came up with, gave me a tioic and pile of books, work two jobs, commute an hour to school everyday, suffer from bipolar disorder, depression and anxiety. Part of me wants to take a ""F"", completely miserable and lost",0.4923233985900879
270,"The person is experiencing extreme stress and emotional turmoil due to a long history of being cheated on in their marriage, resulting in feelings of betrayal, worthlessness, and hopelessness. This has negatively impacted their mental state and well-being, as they express thoughts of wishing they were dead and contemplating suicide. The person's current situation of still living with their estranged spouse who is with another person, feeling stuck in the marriage due to financial constraints, and being threatened with eviction exacerbates their relationship-related stress. The lack of support from family further intensifies their feelings of alienation and isolation. Overall, the overwhelming burden of their marital struggles and inability to break free from the toxic relationship is a significant source of stress and distress.","married for 8 years, she cheated , one kid with her, cant go back to family, she's with her boyfriend ij same house, have to watch kids, cant find job, depressed and suicidal ",0.5305054187774658
271,The individual's experience at the strip club and his interactions with the stripper and bouncers have left him feeling alienated and ostracized from society. This sense of alienation is evident in his expression of not feeling like he can succeed as a convicted felon and the drastic statement about potentially taking his own life. The mention of famous felons as the only examples of successful felons further indicates a feeling of disconnectedness and lack of belonging.,"strip club for new year eve, picked and threw a striper, knocked a bouncer, 5 more came, beat me to shreds, spent new years in jail, going to be convicted of felony, if charge is felony, will kill self",0.5916686654090881
272,"The person who wrote the premise is likely under severe stress and feeling overwhelmed due to the challenges of supporting a best friend who is dealing with severe depression, suicidal thoughts, and substance abuse. The mention of the best friend's drug abuse, suicidal attempts, and mental health disorders like borderline personality disorder, as well as the pressure to engage in risky behaviors like taking Xanax, indicates a significant mental health crisis. The writer has also expressed feelings of guilt, helplessness, and sadness, as well as questioning their role in the situation. This level of emotional burden and complexity is often associated with medication-related stress, given the seriousness of the friend's mental health issues and the potential dangers involved.","friend severly depressed, borderline personlity disorder, abuses drugs, attempted suicide, snet suicide note, calls me shitty person, never been  there for her, toxic friendship",0.5608959794044495
273,"The person is experiencing extreme stress and emotional turmoil due to a series of relationship-related challenges. The breakdown of their marriage, the distance from their son, the loss of a job as a result of emotional distress, and the ongoing conflict with their ex-wife all point towards relationship-related stress being the primary cause of their mental state. Additionally, the mention of a potential divorce, the strained relationship with their mother, and the longing for intimacy with a new romantic interest further highlight the significant impact that interpersonal relationships have had on their well-being.","dumped by wife, lost job, no money had to shift to parents place, no privacy, interested in a girrl, long distance relation, fear losing her",0.5465632677078247
274,"The person expresses feelings of alienation, not knowing their place in the world and feeling lost for years. They mention trying to find their inner core and feeling incomplete without it, indicating a sense of disconnection and alienation from themselves. This sense of alienation and longing to feel whole and complete points towards Alienation related stress.","find my place in the world, I would be complete and normal, tried finding solution, waited for long, endured long",0.3336332142353058
275,"The person's mental state seems to be affected by a long and difficult journey of dealing with health issues, specifically a sinus infection that went undiagnosed for a long time. The physical symptoms from the infection, along with the challenges of finding the right treatment (such as strong antibiotics causing digestive issues), have significantly impacted the person's mental well-being. The prolonged suffering, chronic illness, and the search for effective treatments have led to feelings of anxiety, depression, and eventually treatment-resistant depression, which required the use of Adderall as an unconventional form of antidepressant. This medication-related stress has become a central theme in the person's struggle with their mental state, as they try to navigate through the complexities of managing their health conditions alongside their emotional well-being.","sinus , vomiting, saw gastroenterologist, allrgists, lost friends",0.39304620027542114
276,"The author seems to be experiencing relationship-related stress. The text indicates a deep longing for a loving and genuine connection with others, but repeatedly finding disappointment, rejection, and betrayal in relationships. The author's descriptions of feeling cursed when experiencing happiness and then losing it, as well as the patterns of sudden disappearances of people from their life, suggest a significant underlying issue with forming and maintaining meaningful relationships.","searching for particular person for years, find someonee, then all of a sudden she is gone, want real friends",0.36670637130737305
277,"The writer is dealing with a situation involving their parent's depression, which is causing them stress in their relationship with their parent. The guilt of wanting to live separately and potentially causing further distress to the parent suggests relationship-related stress.","mother depressed, said only reason she lives if for me",0.5108615159988403
278,"The individual mentions struggling with depression for about 5 years and also talks about their past struggle with bulimia, which indicates a long history of mental health issues. They further describe experiencing severe social anxiety, anxiety about social interactions, and feeling misunderstood by those close to them. The combination of these factors indicates a high level of mental health distress and likely reliance on medication to manage their conditions.","cant get out of bed, suffered mild depression, bulimia, no one understands",0.6688870787620544
279,"The person is experiencing alienation related stress. They feel a sense of isolation and disconnection due to their overwhelming fear and sadness surrounding the eventual loss of their parents and grandmother. This alienation stems from the feeling of being unable to share or relate their intense emotions with others, contributing to their negative thought patterns. They acknowledge that death is a universal experience, yet they struggle with feelings of loneliness and despair, which prevent them from fully enjoying their time with their loved ones. This alienation-induced stress is exacerbated by their depression and the inability of medication to alleviate their distress.","worry about losing parents, lost grandmother",0.48227712512016296
280,"The person who wrote the premise is experiencing a combination of severe depression and anxiety for a long period, as mentioned. Both conditions can significantly impact mental well-being and may require medication for management. The constant demand for attention from a friend with depression who is also struggling, coupled with the feeling of being unable to take care of oneself, suggests a high level of mental distress related to medication management. The mention of thoughts about self-harm further indicates the seriousness of the situation. This situation highlights the overwhelming burden and pressure the person feels to provide support to their friend while dealing with their own mental health struggles, which aligns with the category of Medication related stressed.","friend has depression, demands attention all the time",0.669636607170105
281,"The person is experiencing alienation related stress. They moved to a new place for their dream job and enjoy their work but feel isolated and like an outcast in their new environment. The lack of friends and feeling of not fitting in despite job security is causing them to drive long hours to hang out with their friends back home. The inability to connect with local social groups like meetups and subreddits has compounded their feelings of loneliness and alienation, leading to depression setting in.","live alone, feel like outcast,depression coming strong",0.474746435880661
282,"The person is experiencing feelings of depression and fear of being forced to take medication. They also express concerns about the financial aspects of seeking help, showing signs of medication related stress.","depressed, huge hospital,really embarrasing,force medication",0.5183920860290527
283,"The premise describes a person who is struggling with depression and anxiety, which are directly impacting their relationship with their boyfriend of 4.5 years. The individual feels uncomfortable with themselves and is self-conscious, leading to misunderstandings and strains in the relationship. The feeling of frustration and the concern about the impact on the relationship indicate a focus on relationship-related stress.","boyfriend of 4.5 years, he thinks Im uncomfortable around him,fact is I am uncomforatble ariund myself",0.42869359254837036
284,"The language and content used in the premise suggest a high level of self-hatred, self-criticism, and intense negative self-talk, which can be indicators of bias or abuse related stress. The person is expressing feelings of worthlessness, self-loathing, and a desire to harm themselves, all of which point towards a deep emotional distress likely stemming from internalized negative beliefs or past traumatic experiences.","I'm an asshole noone likes,no body invites to party, whinning, complaining, cynicism, pessimism",0.2951739430427551
285,"The person is experiencing relationship-related stress due to the breakdown of their marriage. They express feelings of disappointment, sorrow, and frustration about the divorce process and the emotional impact it has had on them. The mention of marriage counseling and individual therapy indicates a struggle to cope with the situation. The individual also feels isolated from their friends and overwhelmed by lingering thoughts about the failed relationship. These factors point towards relationship-related stress as the main category.","got married at 25, she called it quits, divorced, went for marriage counseling, still feel struck",0.5238609910011292
286,"The person who wrote the premise seems to be experiencing feelings of alienation and disconnection from themselves and others. They express a sense of not being authentic in their interactions, putting up a 'mask' to show a fake happiness. This feeling of living a fake life and not being able to express their struggles openly can lead to a sense of alienation and loneliness. Additionally, the individual mentions feeling that their dreams are unachievable and that they are tired of hearing motivational phrases, further reinforcing the sense of alienation and disconnection from the messages of hope and positivity around them. The feeling of not being entitled or allowed to feel depressed despite their circumstances also indicates a deep sense of alienation and isolation.","graduated high school, did not go to college, started with business, wonedring if imade worng choices, parents emapthy for unemployed graduate,consider photograpgy craft is a waste",0.17949187755584717
287,"The person is experiencing medication-related stress due to the side effects of Viibryd, such as rapid weight gain and increased anxiety. They are also concerned about the withdrawal symptoms if they decide to come off the medication. The fear of depression becoming harder to treat over time also indicates the importance of the medication for their mental health. The person's focus on the negative impact of the medication on their physical and mental well-being highlights the significant distress caused by their current medication situation.","been on Viibryd , rapid weight gain, withdrawals are horrible",0.6496244668960571
288,"The person writing the premise is experiencing medication-related stress. The individual has a history of anxiety and depression, and their experience with Celexa had a profound positive impact initially. However, after going off the medication and trying different alternatives like Wellbutrin and Effexor without success, they are now facing frustration and uncertainty in finding the right medication. The difficulties in finding the right medication and the desire to go back to the initial positive effects of Celexa indicate a state of stress related to medication management for their mental health.","anxiety and depression, took Celexa under geenral practitioners, weaned oof it, thought it was cured, tried celexa ,didnít work, put on wellbutrin",0.7851834297180176
289,"The person is experiencing extreme distress and feelings of unworthiness due to their struggle with acne, which has significantly impacted their mental state. They mention trying various medications, such as birth control, antibiotics, and Spiro, indicating a focus on medical treatments for their condition. The mention of starting Accutane and the anticipation around it providing a 'new lease on life' shows that medication plays a crucial role in their emotional journey. The individual's intense preoccupation with their skin condition and the emotional toll it has taken on them align with the category of Medication related stressed."," wake up with acne, infalmmantion,  disgusting face, tired of browing routines, regimes, diets, medications, products, want a normal face, skin disease",0.5415225028991699
290,"The person is under medication related stress due to their mother's deteriorating mental health and multiple suicide attempts. The mention of health insurance, inpatient care, and outpatient care indicates a strong focus on the medical aspect of the situation. The inability to afford proper care and the search for low-cost options also highlight the stress related to medication and healthcare accessibility.","mother's mental health deterioarted drastically, afther quit paying for health insurance, really struggleing",0.6030687093734741
291,"The person is experiencing feelings of alienation and loneliness, as indicated by the loss of friends, difficulty connecting with new people, and reliance on the Internet and video games as a comfort zone. These experiences have led to a sense of isolation and numbness, making it challenging to form meaningful relationships. The individual's perception of being left out and feeling like a ghost of their former self reflects a state of alienation-related stress.","lost majority of friends due to health issues, quiet, introverted, lonely in college, feel so numb, ghost of my typical self",0.5592509508132935
292,"The individual is expressing feelings of hopelessness, disillusionment, and alienation from their previous positive outlook on life. They have lost the excitement and joy they used to feel for everyday activities and now see everything as a blur of suffering. This sense of being helpless, constantly facing stressful situations and feeling constantly behind, suggests a state of alienation related stress where the individual feels disconnected and isolated from their previous self and the world around them.","terrible bosses, underpaid, over stressful job, dealing with terrible losses",0.2598283290863037
293,"The person expresses feelings of alienation, loneliness, and worthlessness, indicating a sense of disconnection from others and society. They mention being friendless, feeling ugly and awkward, and hearing derogatory comments from others. These feelings of alienation and being undesired by others contribute to their mental state.","poor, bald, fat, short, friendless virgin, roommates talking awkward, ugly I am, laughing hysterically",0.34602057933807373
294,"The person expresses feelings of loneliness and alienation by mentioning not having any friends to talk openly with. They also highlight the significance of the interactions on Reddit, indicating that the supportive online community helps them through each day. This sense of isolation and finding comfort in online interactions points towards alienation-related stress.",have no friends to talk openly,0.33460214734077454
295,"The person is experiencing significant stress and dissatisfaction related to their job as a technical fault/support in a call center. They mentioned being sick of working crappy shift patterns, experiencing verbal abuse from customers, feeling verbally bullied, and being spoken to like shit. These issues at work are severely affecting their mental health, causing them to be nearly in tears before every shift and feeling like this may be the worst they've been in years. The job-related stress and challenges are clearly overwhelming and have a detrimental impact on their well-being, indicating a Jobs and careers related stressed mental state.","sick of working crappy shift patterns, having no lofe outside of work due to travel time, verbally bullied all day by customers",0.5607951879501343
296,"The premise conveys a sense of longing for connection and companionship, particularly during the holiday season. The person expresses feelings of sadness and isolation, wishing for friends to celebrate with, a special someone to spend time with, and freedom from social anxiety. The difficulty in reaching out to their crush and the temporary happiness from receiving a response allude to relationship-related stress and a desire for meaningful connections. The person's yearning for lasting positive emotions and their perception of feeling like an 'illusion' that fades quickly suggest underlying relationship-related stress.","holiday painful reminder, want group of friends to celebarte, someone special to spend time with, freedom from social anxiety",0.6309277415275574
297,"The person's description of being utterly afraid, feeling unmotivated, constantly tired, and experiencing a significant loss of motivation and spark after the 'cure' of their anorexia indicates a state of medication-related stress. The mention of overcoming anorexia and subsequently losing motivation and spark suggests a strong connection between their mental state and the impact of the medication used to address their eating disorder. The struggles with motivation, fatigue, and the shift towards seeing the world in a darker, more depressive light could be attributed to the changes in medication and its effects on their mental well-being.","eating disorder, anaorexia, lack of motivation, just want to sleep",0.6107769012451172
298,"The individual is expressing feelings of loneliness, family toxicity, and suicidal ideation, which points towards intense relationship-related stress. The loss of high school friends, toxic family situation, and thoughts of self-harm indicate a deep emotional struggle in the realm of relationships.","lost all high school friends, family situation toxic, I'm dragging it, come back only for my dogs",0.3915524482727051
299,"The person expresses feelings of alienation and inadequacy, indicating a sense of not belonging and feeling weaker compared to others. They believe they cannot relate to the experiences shared in the subreddit to the same degree as others, leading to self-doubt and a sense of being a fraud. This points towards an alienation-related stress, where the individual feels disconnected and isolated from the community, leading to negative self-perception.",brat unable to pull myself through some shitty times,0.19505402445793152
300,"The person is experiencing feelings of alienation and detachment from their family and surroundings. They mention feeling misunderstood and wrongly accused of being lazy, which indicates a sense of not belonging or being disconnected. The individual's struggles with motivation, communication, and physical health, along with the desire to isolate themselves in their room, further support the alienation-related stress. The reluctance to talk about their feelings and the contemplation of seeking help independently suggest a deep sense of alienation and disconnection from their support system.","slowly getting worse and worse, struggling to communicate, have no energy ,sleepoing too much",0.32886791229248047
301,"The person who wrote the premise seems to be experiencing alienation and detachment from their surroundings and relationships. They have gone through various challenging situations such as broken relationships, struggles with mental health, substance abuse, legal issues, and homelessness. The references to losing friends, feeling disconnected, and seeking a return to a sense of normalcy suggest a deep sense of alienation and disconnection from their social environment.","smoking weed with people I thought were friends,didnít gradaute as caught up off doing drugs, broke up with girlfriend, tried jumping off the bridge",0.3520528972148895
302,"The person in this premise is experiencing feelings of alienation and social isolation. They opened up about their suicidal thoughts to their friends but were met with negative responses, causing further feelings of loneliness and hopelessness. They express a sense of not belonging and losing meaningful connections, which are typical signs of alienation-related stress.","depression, suicidical thoughts, autism is getting worse",0.33300668001174927
303,"The person is facing relationship-related stress. The interaction with their mother, who made insensitive comments about their depression, caused frustration and feelings of not being understood. This strained relationship with the mother is contributing to the person's emotional distress and their need for therapy to find understanding and support elsewhere.","tried cooking ramen, it came out frozen, mom was really annoyed and sulking, said insensitive things ",0.39455661177635193
304,"The person is experiencing alienation related stress as they feel disconnected from their previous self and the people around them. They describe feeling different from their past self and are struggling with maintaining relationships and social interactions. The fear, anxiety, and sense of being misunderstood or rejected indicate a deep sense of isolation and alienation. They express a desire to go back to who they used to be, highlighting their longing for reconnection and a sense of belonging.","I was geneuinely interested in people, now I feel the opposite, friends donít even want to talk to me, social interaction is so scary, want to be left alone",0.3926903009414673
305,"The language and tone used in the premise suggest a feeling of alienation and disconnection from others. The writer expresses difficulty in communicating honestly with people in their life and seems to seek solace and understanding on platforms like Reddit. They mention feeling apathetic and not having positive messages to share, indicating a sense of isolation and detachment from the world around them. The desire to find ways to cope with negative feelings and the struggle to maintain a supportive relationship with someone who does not show appreciation further highlight feelings of alienation and a lack of emotional connection with others.",looking forward to a very acring and supportive partner in new year,0.1868923008441925
306,"The person's lack of motivation, inability to find enjoyment in activities, difficulty in focusing, feeling overwhelmed with simple tasks, and diminished interest in creative pursuits are all symptoms commonly associated with depression. The mention of not being formally diagnosed, seeking advice in a forum, and expressing sadness about a lack of curiosity suggest a state of mental distress related to depression and the fear of its impact on their life.","unable to find motivation, mindlessley click through use less you tube videos, trouble finishing tasks,lack of curiosity, cant finish books, cant draw",0.5001920461654663
307,"The person who wrote the premise is dealing with immense stress and emotional turmoil related to their relationship with their parents. The pressure and expectations placed on them by their parents regarding their academic performance and future university plans have contributed to their feelings of inadequacy, low self-esteem, and depression. The lack of affection, support, and understanding from their parents, especially in moments of vulnerability such as seeking help for depression, has further strained their relationship and mental well-being. The person's deep feelings of self-hatred and hopelessness, along with instances of self-harm, indicate a significant level of emotional distress and strained relationships with their family members.","parents obbessed over university, lacking affection, never enciuraged but always scolded, embassred over depression test , father didnít care, bullied no one cares, no friends ,alone",0.560005784034729
308,"The person seems to be stressed due to relationship issues, specifically rejection and disappointment in romantic feelings not being reciprocated. This can lead to feelings of sadness and discouragement in dating. The mention of contemplating giving up on dating altogether indicates a strong emotional impact of the situation.",told best friend about having feelingsm she is already dating someone,0.33987683057785034
309,"The person expresses feelings of alienation and isolation despite having good grades, being academically successful, and having a loving family and great friends. They mention anxiety when thinking about the future, feeling cold and alone, and wanting everything to end, which indicates a sense of alienation from the world around them. These feelings of disconnect, despite external success, point towards alienation-related stress.",anxiety everytime I think of the future,0.5272348523139954
310,"The mention of feeling worthless and seeking recommendations to distract from those feelings suggests a state of alienation. The individual seems to be experiencing a sense of disconnection or isolation from themselves and possibly others, seeking external sources of distraction to escape these feelings of worthlessness.",worthlessness,0.5207374095916748
311,"The feelings of having so much but feeling like nothing and believing that nothing will be good enough to succeed indicate a sense of alienation and disconnectedness from one's own accomplishments and abilities. This individual may be experiencing feelings of inadequacy, emptiness, and a lack of fulfillment despite having external success or possessions.",nothing I do will be good enough to succeed.,0.27790260314941406
312,"The person's mental state seems to be heavily influenced by their experiences with depression and the ongoing struggle to find connection and understanding despite seeking treatment through talk therapy and medication since being diagnosed in 2011. The mention of seeking treatment in the form of medication indicates a focus on mental health and the challenges associated with managing depression. Additionally, the individual expresses feelings of isolation and alienation, as well as a deep sense of despair and lack of self-worth, which align with the stresses commonly associated with medication-related issues in mental health.","fear of never being understood,stern as emotionless being,hollow wound ",0.31148648262023926
313,"The person in the premise expresses feelings of alienation and detachment. Despite achieving success in academics and sports, they feel disconnected from their achievements and future goals. The strained relationship with their father, who constantly criticizes and belittles them, further contributes to their sense of alienation. The loss of passion for activities they once enjoyed, such as teaching kids how to swim, indicates a deep emotional struggle. The inability to find motivation to pursue their dream career in the Coast Guard suggests a lack of connection to their aspirations and a feeling of being disconnected from their own desires.","father called me ""f***face, reminds of being lazy and spoiled, never liveed upto to expectations",0.3340015709400177
314,"The person's mental state seems to reflect feelings of alienation and detachment from their home life and community. They express a sense of suffocation and the need for an 'out', indicating a strong desire to escape or find relief from their current environment. This sense of not being able to survive at home and the internal struggle they are facing suggests a feeling of alienation and disconnection. Furthermore, the fact that only one sibling knows about their depression also indicates a lack of support or understanding from others in their immediate circle, contributing to their feelings of isolation and alienation.","problem stem from home life and with community, might  not survive being home",0.3596920073032379
315,"The person's feelings of being alone, not being good at anything, and seeing themselves as not mattering to others indicate a sense of alienation. They believe that their life is pale and bland compared to others, which is contributing to their feeling of inadequacy and loneliness.","never felt so alone, life feels stale and blande, feel like a loser, no one cares about me, just alone",0.5826077461242676
316,"The person expresses feelings of being overwhelmed and unprepared for an upcoming important exam, which is likely causing relationship-related stress. Additionally, mentioning feelings of depression, addiction to the internet, and social isolation indicates a struggle with personal relationships and mental well-being, contributing to the relationship-related stress category.","important exam in life to , effect how successful  of a guy",0.3844090402126312
317,"The person is going through significant relationship-related stress based on the events described in 2016, such as betrayal by friends, husband leaving for a friend, and being raped. These traumatic experiences likely led to emotional detachment, impulsive behavior, and a lack of empathy towards others, which align with the behavior described in the premise. The focus on engaging in casual relationships without emotional attachment and disregarding the feelings of others, as well as exhibiting reckless and aggressive behaviors, further supports the categorization of relationship-related stress.","betrsayed by husband, dating with no intentios but sex, slept with girlfriends, hooked up",0.38465607166290283
318,"The person is going through a breakup with their girlfriend, which happened during a significant holiday (Christmas). This relationship-related stress, combined with the upcoming birthday, has caused them to feel hurt, low self-esteem, and an overwhelming sense of sadness, which is characteristic of Category 4 (Relationship related stressed).", my girlfriend broke up with me in Christmas,0.5240511894226074
319,"The mention of being drunk to gather the courage to post, along with the history of suicidal thoughts since the age of 15, and the struggle to control these thoughts despite being 23, suggests a possible reliance on alcohol or substances for coping, which could be medication-related stress.",me to be drunk,0.3328286409378052
320,"The person is experiencing severe symptoms of Seasonal Affective Disorder (SAD) which is a form of depression related to changes in seasons. The mention of feeling the 'Things would be better without me' feeling and the moment of not wanting to hit the brakes indicate a serious level of distress. Additionally, the shame and fear of admitting the need for help, despite having knowledge and background in mental health, further suggest a heightened emotional struggle. Seeking help from a significant other and finding relief in sharing the feelings highlight the impact of the medication-related stress on the person's mental state.","having to drop out of grad school,  fear and sadnes, adegree in mental helath, cant talk to boyfriend, parents about it, inccredibily scary",0.34373557567596436
321,The author's existential view that 'nothing matters' and feeling disconnected from the world indicates a sense of alienation. This mindset is affecting their ability to form functioning relationships and leads them to prioritize their own desires without regard for others. Seeking therapy reflects a struggle with this sense of disconnection and apathy towards life.,"halts ability to have functioning relationships, just existing, ",0.38469961285591125
322,"The person expresses feeling awkward and struggling with being honest about their emotions, indicating a sense of isolation or disconnection from others. They feel that sharing their true feelings might come across as melodramatic and that no one cares, leading to a feeling of alienation. This inner conflict between being truthful and feeling misunderstood reflects a state of alienation related stress.","feel like piece if s***, feel whinny and melodramatic, no one cares ",0.4309159815311432
323,"The person who wrote the premise is experiencing extreme emotional distress and grief due to the consecutive losses of close family members and loved ones, including their special needs aunt, grandfather, and pregnant sister. These traumatic events have plunged them into deep sorrow, compounded by the challenges of dealing with a family member's addiction issues and abusive relationships. The person's mention of being abandoned by friends and dumped by their boyfriend due to depression points towards significant relationship-related stress. The overwhelming burden of being the pillar of strength for their family while dealing with profound personal losses has likely heightened their feelings of isolation, helplessness, and fear of more impending tragedies, contributing to relationship-related stress. This deep sense of loss, grief, and lack of support in times of crisis is indicative of a relationship-related stressed mental state.","aunt, grandfather and sister died due to health conditions and accident, mother had a heart condition, alcoholic",0.5176591873168945
324,"The person expresses feelings of mistrust, betrayal, and being treated like dirt by people they thought were friends. They mention feeling suppressed and tired of trying to get along with people due to constant lies and betrayal. This indicates a sense of alienation and isolation from others, leading to feelings of frustration and loneliness.","friends walk all over me, have 0 friends",0.29342591762542725
325,"The person is experiencing significant guilt, self-blame, and feelings of worthlessness related to the death of their sister. They are haunted by the belief that they could have prevented the suicide by offering help and support, but they chose not to due to their own struggles and selfishness. This deep regret and self-condemnation are causing immense emotional distress and contributing to their negative self-perception. They are overwhelmed by feelings of being a failure, letting people down, and being a source of pain to others, which is indicative of relationship-related stress and trauma.","sister committed suicide, history of cutting her self, argument with father, killed a month later",0.6443284749984741
326,"The person is expressing feelings of isolation, lack of connections, and not fitting in, both offline and online. They mention having no friends or family support, spending their days alone, and feeling like they don't belong anywhere. These feelings of alienation and social disconnection are prominent in the premise, leading to thoughts of opting out of life.","terminal brain cancer, family doesnít care, no friends, spending days 100% alone",0.41801756620407104
327,"The person is expressing feelings of inadequacy and frustration surrounding their lack of romantic experience compared to societal expectations and family norms. The focus on relationships, dating, and loneliness indicates relationship-related stress."," never been in a relationship, nobody responds to message",0.38328492641448975
328,"The person expresses feelings of alienation, loneliness, depression, and PTSD, which indicate a sense of disconnection from others and a lack of support. The mention of being constantly disrespected while trying to make friends also underscores the theme of feeling alienated and isolated.",trying to make friends,0.33971673250198364
329,"The individual mentions feeling shitty for years, inability to feel anything, lack of sleep, and pills not helping, indicating possible medication-related stress. Also, the mention of a family member being diagnosed with cancer may have led to the individual feeling overwhelmed and seeking assistance through medication.","mom diagnosed with cancer, dad is mostly gone",0.5122133493423462
330,"The person is expressing feelings of loneliness, isolation, and profound sadness due to the loss of their best friend. The reminiscing about their close bond and the unanswered questions surrounding the friend's death indicate a deep sense of alienation. The lack of other people in their life who care about them further reinforces this feeling of being disconnected from support and understanding.",lost friend to suicide,0.5613847374916077
331,"The person is facing a significant mental health issue, specifically depression, and is hesitant to take medication due to the complexities of managing multiple mental illnesses. This medication-related stress is evident in their description of not being able to utilize medications that could help with their depression. This indicates a struggle with finding appropriate treatment options, leading to a sense of helplessness and loss of control.","no control  over myself, animals emotional support",0.3133363127708435
332,"The person is experiencing relationship-related stress based on the following factors: separation anxiety due to girlfriend being in another country, feeling lonely and insecure about the relationship, decrease in communication and affection from the girlfriend, fear of being left, and the girlfriend's change in behavior such as going out at night and ignoring messages. These factors have caused the person to feel sad, nauseous, have trouble sleeping, loss of appetite, and experience panic attacks. The person's focus on their relationship issues amidst the stress of upcoming exams and resits indicates that the relationship is a significant source of distress.","depression, lived with girlfriend, she went to another country for an internship,  acting distant, scared of losing her, panic and anxiety",0.5887875556945801
333,"The person is distressed about the possibility of passing on a serious health condition to their daughter, leading to feelings of guilt and overwhelming fear. This mental state is categorized under medication related stress.","scared of passing soul cancer to little girl, lonely, putting on mask",0.42424628138542175
334,"The premise indicates a deep sense of sadness, feeling of loss, loneliness, and helplessness, which are common emotions in relationship-related stress. The mention of losing the whole world and feeling alone suggests that the person is experiencing difficulties in their relationships, which can lead to emotional distress.","lost whole world, have few friends, feel alone",0.48579883575439453
335,"The person is expressing feelings of alienation and disillusionment towards society, the state of the planet, and the future. They feel disconnected from the world around them, highlighting the negative impact of global issues, societal pressures, and personal struggles on their well-being. These sentiments of isolation and hopelessness align with the category of alienation related stress.","failed in every area of life: socially, romantically, emotionally, financially , academically feel alone",0.43499621748924255
336,"The person expresses feelings of rejection, sadness, and betrayal in a relationship context. They feel unappreciated and have invested a significant amount of time and effort into a relationship that has left them feeling fragile and brokenhearted. The mention of trust issues and difficulty showing interest in others further points towards relationship-related stress."," hard to trust or have interst in other people, shatters herat to know I was never appreciated, rejected",0.5314361453056335
337,"The premise reflects deep emotional turmoil and distress related to a past relationship. The person expresses feelings of betrayal, confusion, and sadness over the way the relationship ended. The intense focus on the actions of the other person and the impact it had on their mental well-being suggests relationship-related stress as the dominant mental state.","would appreciate a response, want to hear , why spent time, why became my friend",0.34253087639808655
338,"The person expresses feelings of inadequacy compared to someone else, refers to a specific image causing distress because of a romantic or personal relationship situation, and outlines lessons learned from their negative experience with the individual. This indicates relationship-related stress and emotional turmoil.","donít get close to anyone that fast, when faced with difficult situation  soon go away",0.21379321813583374
339,"The person expresses deep relationship-related stress and distress caused by feeling betrayed by someone they were close to. The emotional turmoil, heartbreak, and sense of betrayal described in the premise suggest a significant impact on the individual's well-being and mental state, placing them in the relationship-related stressed category.","fell in love, one sided, mixed messages, grief",0.5640885233879089
340,"The person is experiencing relationship-related stress, stemming from a recent breakup and feelings of betrayal and abandonment by their ex-partner. The emotional turmoil caused by the breakup, coupled with the inability to find happiness in jobs and relationships, has led to feelings of loneliness, sadness, and a lack of self-worth. The mention of losing all friends after being kicked out of school also indicates a lack of support system, contributing to the feelings of isolation and despair. The ultimate contemplation of ending life as a means of escaping the emptiness and pain further highlights the severity of the relationship-related stress this person is facing.","she was using me, cheated , kicked out of school, no friends, feel alone and sad",0.46434640884399414
341,"The person seems to be experiencing alienation-related stress. They feel disconnected from society, questioning the value of conforming to societal expectations and norms. They express a sense of being trapped in a system where individual choices are limited and feel like they are not in control of their own life. The mention of wanting freedom, making their own choices, and not wanting to follow the same path as their parents indicates a deep sense of alienation and search for a different, more fulfilling existence.","society has no place for weak or unwilling, feelings and desire are irrelevent, accumulation of stress and sissatisfaction",0.43661999702453613
342,"The person is experiencing feelings of alienation and isolation, especially when transitioning between different social environments such as college and home. The dependence on external factors like being busy or surrounded by friends to feel good, and the negative emotions that arise when left alone, suggest a sense of disconnection and alienation from oneself and others. This feeling of being 'a pile of shit' when alone and the struggle to find positivity without external stimuli point towards alienation-related stress.","donít have friends at home, only happy when I'm busy, really sad, donít wanna exist",0.39717164635658264
343,"The mental state of the person seems to be primarily driven by medication related stress. They mention being unable to move their legs and arms in the morning, which doctors and psychologists have confirmed as not physical. The psychiatrist suggests repressed emotions, but the person attributes their feelings to stress, frustration, and anxiety related to work. This indicates a focus on the impact of medication on their mental state and daily life.","unable to move my legs, difficulty moving arms, psychologist and psychiatrist suggest it is repressed emotions",0.659811794757843
344,"The person's long history of feeling disconnected from others, difficulty in maintaining relationships, and feelings of loneliness and alienation point towards an alienation related stress. The lack of meaningful relationships, constant thoughts of suicide, and reliance on substances to cope with depression all indicate a deep sense of isolation and disconnect from others. The individual expresses a strong desire for genuine connection and a hope for a better future where they can find happiness through meaningful relationships and pursuing their interests, but the current state of alienation is clearly taking a toll on their mental well-being.","introverted, cut off from relationships, no serious friendships or relationships",0.4531305432319641
345,"The premise indicates relationship-related stress. The person is expressing fear and anxiety about losing the interest and connection of someone they care about deeply. This concern has led to feelings of insecurity and uncertainty about the future of their relationship, which is causing distress and emotional turmoil.","depression, anxiety, suicide attempt, liked a girl, asked her out, went to city, best day of life, dosent anwer",0.3500562310218811
346,"The person seems to be experiencing alienation-related stress, as they describe feelings of isolation, disconnection, and a sense of not having anyone to speak to. They mention having zero motivation and zero interest in things they used to enjoy, indicating a profound sense of detachment from their previous self. Additionally, the person describes spending time alone in bed, in the dark, crying, which further indicates a deep sense of loneliness and alienation. Seeking help and wanting to regain their old self shows a desire to overcome this feeling of alienation and to reconnect with others.","zero interest and zero motivation, work full time, barely have conversation with family, lie in bed in dark and cry",0.4684731364250183
347,"The person's description of their wife's dismissive and hostile attitude towards their depression and struggles indicates a significant amount of stress and emotional turmoil in their relationship. The constant invalidation of their feelings and experiences, as well as the blame and accusations directed towards them, are clear indicators of a relationship-related stress. The person's struggles with feeling unworthy and questioning whether they deserve to be treated this way also point towards a challenging and distressing relationship dynamic.","wife dismiss my depression, only thing keeping me is kids",0.5655298233032227
348,"The person is experiencing feelings of alienation, paranoia, and belief that others are talking about them, which are common symptoms of alienation-related stress.",belive people are capable of reading conversations,0.2527206242084503
349,"The person's focus on medication, dosage, and specific side effects like brain zaps indicate a preoccupation and potential stress related to medication usage and its effects.","what medication, curently on Effexor, horrible brain zaps",0.5355331897735596
350,"The person expresses extreme stress and negativity towards their upcoming semester, indicating a high level of jobs and careers related stress. The overwhelming workload and fear of potential failure are causing significant anxiety and despair, suggesting that the individual is in a state of jobs and careers related stress.","fall semester was one of the worst experiences of my life, barely passed",0.3870519995689392
351,"The writer is feeling extremely distressed due to their parents splitting up, which indicates they are in a relationship-related stressed mental state.","parents splitting, losing hope",0.6086928844451904
352,"The individual seems to be experiencing alienation related stress as they mention feeling disconnected from their usual hobbies and activities. They express a sense of isolation by stating that their parents do not care about them, which could be contributing to their lack of motivation and overwhelming feelings of panic.","cant make myself to study, parents donít care , never failed, panicking",0.42094099521636963
353,"The mention of starting Prozac a couple of months ago indicates that the person is likely experiencing medication related stress. The use of Prozac suggests that they may be struggling with mental health issues, and the fact that they still feel terrible despite being on medication indicates a sense of disappointment or frustration in not seeing the desired improvements in their mental state.",Prozac,0.6051536202430725
354,"The person expresses feelings of being an odd character, misunderstood, and alienated from others. They mention focusing excessively on certain things like fitness, weight lifting, gaming, and streaming as coping mechanisms for their anxiety. Additionally, they share their struggles with mental health issues, past traumas, and the feeling of not belonging in society. These feelings of alienation and disconnect from others point to a state of alienation-related stress.","anxiety, depression, hallucinations, stutter, anti-depressiants",0.4056777358055115
355,"The person's mention of feeling depressed every day, constantly thinking about suicide/homicide, and not finding relief even after trying various activities such as going to the gym and eating properly suggests a serious mental health concern that may require medication. The person's strong association of their current mental health struggles with quitting weed and the consideration of restarting it as a solution also point towards a medication-related stress. Seeking professional help and exploring appropriate medication options might be necessary in this case."," losing my job and my ex, having no savings",0.22721976041793823
356,"The writer appears to be in a state of relationship-related stress. The premise describes a deep emotional connection with a person who has changed their life but doesn't have romantic feelings for them. The writer expresses feelings of love and attachment towards this person, and their distress seems to stem from the discrepancy between their own romantic feelings and the lack of reciprocation from the other person. They also express feelings of self-blame, low self-worth, and a sense of desperation for the other person's support and presence. The writer's mental health issues, suicidal thoughts, and sense of loneliness further contribute to the relationship-related stress they are experiencing.","met somebody, changed my life,  trans dude, gender identity, drifted apart,  donít want to annoy",0.3559364080429077
357,"The person who wrote the premise seems to be experiencing extreme feelings of alienation, self-hatred, and social rejection. They express a deep sense of being different from others, feeling disconnected, and having a lack of belonging. The individual's description of being socially rejected, feeling ugly, being suicidal, and having severe mental problems all point towards a state of alienation and disconnect from society.","ugly, short , unapproportionate body, weak, bad in studies,socially awkward",0.41448819637298584
358,"The person appears to be self-reflective and aware of their mental state, which is a sign of being in a good state of mind. They are actively trying to understand the reasons behind their feelings and behaviors, showing a level of introspection and self-awareness. Despite feeling overwhelmed by ambitious goals and being affected by depression and procrastination, their willingness to seek help and learn how to control their ambitions indicates a positive attitude towards self-improvement and personal growth.","procrastinating, depressed wreck, huge ambitions, not being able to do all those big things",0.6080924272537231
359,"The writer is experiencing feelings of alienation and disconnection. They mention feeling like strange things are happening to make their life worse, feeling left out in social situations, having conflicts within their family, and struggling to connect with others. These experiences indicate a sense of isolation and detachment, which align with the category of alienation related stressed.","realtionship with family isnt very great, mother has neurological disorder, only two friends",0.3044792413711548
360,"The person mentions having anxiety attacks, chaotic thoughts, severe depressions in the past, feeling the need for medication to calm down and get back to a normal life. These are clear indicators of medication-related stress and suggest that the individual is struggling with managing their mental health and seeking help through medication.",anxiety attacks all the time and it's all chaotic inside my head,0.5711047649383545
361,"The person is feeling alienation related stress. They express feelings of being a loser, not achieving anything, and being stuck in darkness. This sense of isolation and disconnect from others and society is indicative of alienation related stress.","depression, quit job, want to transform to my former self",0.24330458045005798
362,"The person is dealing with severe depression and has been struggling with their mental health for about two years. The counselor's suggestion of taking a spring semester off with medical leave is an indication of the need for medication-related support. The fear of failure, concerns about losing momentum, and uncertainty about the future suggest a deep emotional struggle related to medication and mental health management.","severely depressed, donít want to stop school, lack energy and motivation, without crying or breaking down was a struggle",0.4773581027984619
363,"The person's narrative reflects feelings of alienation and loneliness throughout the story. They express a sense of not belonging and feeling disconnected from society, both online and offline. The individual describes being awkward around others, feeling society does not allow them to change, and ultimately ending up feeling completely alone. This sense of alienation is further emphasized by the loss of friends, both online and in reality, as well as the lack of motivation and loss of interest in activities that used to bring happiness. The individual's emotional numbness and lack of dreams are also indicative of the profound impact of alienation on their mental state.","awkward around people, ALONE, no real friends, met a beautiful girl",0.4224119782447815
364,"The person who wrote the premise is experiencing alienation-related stress. This is evident from their feelings of rejection, loneliness, and being constantly unnoticed or unappreciated by those around them. They describe putting in effort to maintain relationships and friendships, yet feeling like they are always the one giving and not receiving. The person also expresses a sense of not belonging, as seen in their experiences of not being included in significant events like their best friend's wedding or being replaced in their mother's affections by their nephew. These feelings of alienation and constant rejection are causing a great deal of emotional pain and leading the person to question their worth and purpose in social interactions.","no real friends,  nobody deserves friends, mom relpaced me with my nephew,",0.3132290840148926
365,"The person is feeling overwhelmed due to significant relationship-related stress. The conflict with their family members, especially their mother, highlights a lack of emotional support and understanding within the family dynamics. The feeling of worthlessness expressed by the mother and the lack of positive reinforcement from family members are contributing to the person's depressed state. The breakdown in communication and the absence of a supportive network have left the person feeling isolated and without anyone to turn to for help or comfort.","sister broke  remote control of drone received as present, mom shouted on me, screams on me, sister hates me, dad passed away",0.28664231300354004
366,"The person's mental state seems to be heavily impacted by their bipolar disorder, specifically experiencing rapid cycling which can contribute to extreme mood swings including intense manic episodes. The individual's actions and feelings of guilt may be exacerbated by their mental health condition, as rapid cycling bipolar 2 can lead to impulsive behavior and poor judgment. The person is struggling with feelings of self-blame and worthlessness, typical of a medication-related stress situation.","less severe form of bipolar, have a girlfriend, overreacting",0.607415497303009
367,"The person expresses feelings of disgust with themselves, fear of the future, and the desire to escape through substances and other negative behaviors such as watching porn. They also mention intrusive thoughts and a strong urge to self-harm, indicating a sense of alienation and disconnection from themselves and their surroundings. The reference to the gun store and the thoughts of ending it all suggest a deep sense of despair and hopelessness, which are common signs of alienation-related stress.","disgusted with self, have to get rid of voice ij head telling me to end the shit",0.29605743288993835
368,"The person who wrote the premise is experiencing alienation-related stress. They feel disconnected from others, lack social connections, and believe that their social and emotional issues make them fundamentally unlikeable. The sense of hopelessness and the idea of not being able to live a fulfilling life due to these issues further indicate feelings of alienation and isolation.","horribly depressed, looking internet to improve  situation, terrible social and emotional issues, have no friends, no real human connections",0.33142077922821045
369,"The person is experiencing significant relationship-related stress. They are struggling with their romantic feelings towards their straight friend, who is now married. The internal conflict between their suppressed sexuality and their love for their friend, combined with the fear of losing him forever, is causing them immense emotional turmoil. This conflict is further exacerbated by their thoughts of self-harm and desires to escape from their current situation. The person's inability to express their true feelings and their attempts to distance themselves from their friend out of guilt and shame highlight the complexity and intensity of the emotional distress they are facing in this relationship."," Asian , Gay, cannot come out, love guy friend, he moved abroad, got married, only person ever loved",0.4163464307785034
370,"The person expresses feelings of being ignored or belittled by their family, indicating a sense of alienation. They also mention hearing things that others can't hear and feeling like someone is whispering in their ear, suggesting a disconnect from reality or a feeling of being disconnected from others. The fact that the voice is telling them to harm themselves is extremely concerning and further illustrates the individual's state of alienation and distress.","family igonores or belittle me,  sounds like someone is whispeing in my ear,",0.5040104985237122
371,"The person seems to be experiencing alienation-related stress. They are feeling disconnected from their desired career path as a doctor due to the demanding nature of the job, leading to feelings of confusion and indecision. Additionally, they feel trapped by expectations from their parents and societal norms, which is causing them to doubt their own interests and talents. The mention of comparing themselves to social media stars and feeling depressed about their own future suggests a sense of isolation and disconnection from their own desires and aspirations.","took biology, chemistry , maths and philosphy, wanted to become a doctor, they work overtime, spend weekends working, keep doing medical course or change",0.3938174843788147
372,"The individual's intense emotional outburst and destructive actions during a family gathering on NYE, triggered by a small comment from their mother about the broken phone, point towards relationship-related stress. The overwhelming feeling of guilt, regret, and a deep desire to maintain family harmony despite feeling disconnected and not being able to properly express their struggles, suggests that the individual is currently experiencing significant distress in their interpersonal relationships.","always anxious person, arrived home from a trip of Slovenia with boyfried, screamed at family, got doctors appointment, depressed",0.3950693607330322
373,"The person is experiencing relationship-related stress. The strained relationships with both parents, especially the conflict with the mother over religion and the father's perceived dislike and manipulation, are contributing to the individual's mental state. The person's romantic relationship also seems turbulent, causing anxiety and restlessness, leading to a worsening drinking problem. The feeling of loneliness and the fear of being hurt and left by the person they love further exacerbate the emotional distress in relationships. The overall family dynamic, lack of support, and feelings of rejection and betrayal are key elements pointing towards relationship-related stress.","mom a hardcore muslim, forcing religion, abuse alcohol, addicted to xanax, sseing psychologist",0.3933922052383423
374,"The writer's description of their friend's situation indicates that their friend is going through a very difficult time in their life, including traumatic experiences, worsening mental illness, and lack of support from both professionals and friends. This level of crisis and distress in the friend's life suggests a relationship-related stress for the writer. The writer expresses deep concern and emotional involvement in trying to help their friend, which reflects the heavy emotional burden they are carrying due to their friend's situation."," friend depressed, house broken into, injured fighting intruder, PTSD, other friends treat them unfairly",0.5706905722618103
375,"The person is experiencing feelings of alienation and struggle to connect with others. They mention low self-esteem, difficulty in socializing, comparing themselves to others online, and feeling like they have it worse off. These are all indicative of feelings of alienation and disconnection from society.","pessimistic all the time, low self esteem, few friends, no girlfriend",0.42401644587516785
376,"The person expresses feelings of alienation, detachment, and a sense of not understanding what is happening around them. They mention feeling bad even when there are no external stressors present, having suicidal thoughts, and experiencing mood swings based on external interactions. This sense of disconnect from the world and difficulty in finding joy or comfort points towards alienation-related stress.","Feel extremely stressed and bad, nothing bad happens but feel sad, when alone I feel bad",0.44870489835739136
377,"The person who wrote the premise is experiencing relationship-related stress. This is evident from their emotional turmoil and conflicted feelings about someone they have developed strong feelings for, despite knowing that the relationship is not feasible due to the other person leaving forever. The internal struggle between their intense emotions and the rational understanding of the situation is a clear indication of relationship-related stress.","given up feelings for people, meet  this person, best at talking, share so much in comman, had to stop seeing this person, depressed",0.4381408393383026
378,"The person's narrative indicates various mental health struggles such as persistent feelings of depression, anxiety, self-hate, irrational fears, OCD tendencies, and mood swings. The mention of feeling constantly overwhelmed, being unable to concentrate, and having suicidal ideation suggests a high level of distress and the need for professional mental health evaluation and possibly medication intervention. The individual also expresses concerns about their appearance, hygiene, and doubts about their own attractiveness, which could further indicate the need for mental health support related to body image and self-esteem.","always alone, met a guy who was transgender,  grew closer, wanted to spend my life, broke up feel empty",0.26305896043777466
379,"The person seems to be feeling alienated, believing that beauty brings unhappiness and that ordinary-looking people are superior. This mindset of feeling disconnected or isolated from society and harboring a negative view of beauty can be categorized as alienation-related stress.","pretty ones are usually unhappy, how to be content with their happiness lie in someone else's life",0.41981828212738037
380,The person is mentioning depression and hoping that getting a job and earning money will help alleviate it. This indicates that they are in a mental state related to medication or mental health issues.,freshman can get a job,0.23658409714698792
381,The mention of being partially hospitalized for paranoia indicates medication related stress. The person is likely feeling a mix of relief for getting necessary help yet concerned about missing work due to their treatment.,"partially hospitalized for paranoia, unhappy to miss work",0.8224523067474365
382,"The person is feeling alienation-related stress, as they are struggling with feelings of not fitting in or being accepted by society and people around them. These feelings of isolation and loneliness have led to thoughts of not wanting to live anymore, as well as a lack of interest in hearing about others' struggles. The mention of going to a psychiatrist and not feeling cured by previous counseling also indicates a sense of disconnect from traditional sources of support.","already accepted wont have alove life, have n important exam",0.19801491498947144
383,"The person who wrote the premise is expressing feelings of extreme self-blame, guilt, and worthlessness after experiencing a traumatic and abusive incident involving sexual assault. The language used by the perpetrators to degrade and humiliate the individual reflects a clear case of bias and abuse, leading to feelings of alienation and intense emotional distress. The person is also questioning their own self-worth and struggling with the trauma of the assault. This situation requires urgent support and assistance from professionals and support networks.","older guys got me drunk and made me do sexual things, called me fat, ugly, slut, told everyone",0.31711098551750183
384,"The premise describes a situation where the author's wife is showing signs of depression and emotional distress related to various life events such as moving for the husband's career, the birth of their child, missing family, financial struggles, and feeling trapped in their current situation. The wife's reluctance to admit her depression, refusal to seek help, and expressing thoughts of suicide indicate significant relationship-related stress. The strain in the relationship is evident from the wife's constant need to be with her family, her dissatisfaction with their living situation, and the lack of emotional support from her husband. The husband's feeling of being trapped and the fear of coming home to a tense environment further highlight the relationship-related stress impacting both individuals.","wife is depressed, close to family, had to move, she miss her family , grandmother passed away, drove her to edge",0.660565197467804
385,"The person is experiencing feelings of alienation, loneliness, and lack of support from their family. They feel isolated and disconnected, wondering if there are others who feel the same way. The mention of nobody in the family knowing about their struggles further emphasizes their sense of alienation and disconnect.","student loan is creeping up, still havent graaduated, all the failed classes, cant focus anymore.",0.08332705497741699
386,"The person's mental state seems to be under the category of Bias or abuse related stress. The individual appears to be feeling overwhelmed with guilt, regrets, and self-blame due to their past actions that led to a series of negative consequences. This emotional burden is coupled with the fear of losing everything, including relationships, career, freedom, and deportation to another country. The feelings of hopelessness, isolation, and inability to enjoy previously loved activities indicate a deep sense of distress and self-punishment. The person's negative self-talk and constant reminders of their impending fate suggest a significant internal struggle and bias towards assuming the worst outcomes, resulting in a sense of abused or trapped psyche.","was happy in life, got in wrong company,started stealing, got caught, arrested, felony charges",0.3857542872428894
387,"The person is experiencing a sense of alienation and disconnection towards their current situation and future prospects. They feel a lack of direction, an overwhelming boredom, and a pervasive feeling of nothingness in their life. The desire to escape, coupled with the fear of ending up in dead-end jobs and complacency, reflects a sense of alienation from their current circumstances. This deep feeling of uneasiness and tension, combined with the uncertainty about their future and the lack of a clear calling or direction, aligns with the category of alienation-related stress.","graduated with failry low GPA due to overwhelming boredom, I donít know where to go or what to do",0.15729403495788574
388,"The author's writing suggests that they are experiencing severe depression and anxiety, which have been ongoing struggles for many years. They mention being on SSRIs for anxiety but state that it has not done much for their depression, indicating a complex medication-related stress. Additionally, the mention of a doctor's appointment to address their mental health further supports the categorization under medication-related stress. The author's feelings of emptiness, guilt, and inability to feel happiness, along with their struggles with medication and therapy, align with the challenges often faced in managing mental health conditions.","severe depression, miscarriage, trying to get pregnant, unable due to stress",0.45550471544265747
389,"The person's self-deprecating language and feeling of not deserving a gift, as well as crying alone in their room, suggest relationship issues may be a source of stress in their life.",sit in my room and cryed like a bitch,0.26989665627479553
390,"The language and behavior described in the premise suggest a situation involving bias or abuse related stress. The individual expresses feelings of guilt, confusion, and self-loathing after behaving inappropriately towards their friend. The mention of attacking their friend, violating boundaries, and potentially ruining their relationship with someone else points towards a deep internal struggle related to their actions. The self-harming thoughts and desire to prioritize the well-being of their friend over their own indicate a strong emotional distress that may be linked to a skewed perception of self and others, possibly influenced by bias or abuse-related experiences.","I'm gay, invited bisexual friend to brunch, touched him inappropriately, feeling guilty",0.3051207959651947
391,"The writer of the premise is experiencing feelings of alienation and disconnect from those around him, both in his academic environment and at work. He mentions feeling like he is being taken advantage of and not receiving the recognition or respect he believes he deserves for his efforts. This sense of alienation and lack of acknowledgement is likely contributing to his feelings of emptiness and frustration, as he sees others getting praised or supported while he feels overlooked and misunderstood.","feeling more negative than positive, doing masters ,get no pleasure,",0.4176560640335083
392,"The person's symptoms of feeling weak, shaky, having zero appetite, experiencing hallucinations, paranoia, and vivid dreams could be side effects of the medication Wellbutrin, which was prescribed 4 weeks ago. These side effects indicate a potential adverse reaction to the medication, causing medication-related stress and concern about its impact on their mental state. The person's uncertainty about whether to continue or stop taking the medication and their disappointment at not achieving the expected positive results further indicate stress and confusion related to medication.","wellbutrin, feeling weak and shaky like parkinsons, zero appetite, hallucinating",0.7071077227592468
393,"The person is experiencing symptoms of emotional numbness, disconnection, and lack of empathy towards others, which are common signs of alienation related stress. The feelings of feeling 'kind of dead' and not being able to express oneself properly, as well as the struggle to feel any emotions, indicate a sense of detachment and estrangement from oneself and others. The person's difficulty in finding joy or purpose in life, as well as the disappointment and uncertainty about the future, further suggest a deep sense of disconnection from their surroundings. The unsuccessful experience with therapy and fear of medication side effects also contribute to a feeling of helplessness and lack of direction in finding a solution to their emotional struggles.","depressed, anxious, scared, lonely, suicidal, never happy, always sad, cared for others cant feel it anymore",0.6088215112686157
394,"The person mentions having depression for over 8 years and their need to speak to someone during dark days but not being able to find anyone. This long-standing struggle with depression and the difficulty in finding support indicates a state of distress related to medication and mental health, as they express a desire to change this experience for others.","depression for long time, need to sppeak to someone",0.6851412057876587
395,"The person is experiencing alienation-related stress. Constant exposure to friends who struggle with depression might be leading to a sense of isolation and emotional distance, contributing to feelings of depression and contemplating suicide. The individual might feel disconnected from their social circle due to the heavy emotional burden of constantly supporting friends with depression without receiving adequate support in return. This sense of alienation and emotional exhaustion can lead to a decline in mental well-being.","friend depresed, feel depressed because constantly around depressed people",0.7468885779380798
396,"The person expresses intense emotional pain and mentions struggles with their depression, feeling hated, and emotional pain that even medication cannot dispel. The predominant source of distress seems to stem from relationship issues, such as feeling betrayed by the boyfriend cheating and facing negative interactions with the boyfriend's family. The mention of feeling not good enough for the partner's family, being blamed for the partner's problems, and threats from the partner's mother indicate significant relationship-related stress and emotional turmoil.","struggling with depression, medications failed to dispel emotional pain,  boyfriend cheated on, his moter speaking bad about me, tired, family does not know",0.537585973739624
397,"The person is exhibiting feelings of alienation, lack of motivation, and isolation. They feel disconnected from their peers who are going back to college and are struggling with the expectations of their parents. The sense of being stuck and not having a clear plan for the future further indicates an alienation-related stress.","dropped out of one of the best college, no motivation, cant focus on school work, have no idea what to do, completely alone",0.41290727257728577
398,"The writer's concern and helplessness in not being able to effectively support their friend with depression, along with the mentioning of school performance decline and the struggle with self-confidence, points to a mental state of medication-related stress. The writer's attempt to suggest a constructive hobby and the friend's withdrawal into isolation may indicate an underlying challenge in managing the depression symptoms despite the writer's continuous support and efforts.","friend diagnosed with depression, havent been able to help her, performance in school dropping, tried helping her, to no avail",0.6380526423454285
399,"The person expresses feelings of alienation, loneliness, and a lack of connection with others. They mention missing their family, feeling resentful towards their ex-wife who received immediate help when she left, and feeling trapped in their current living situation with roommates who do not provide emotional support. The individual longs for a sense of belonging, care, and concern from others, indicating a strong sense of alienation and isolation.","switch job abruptly, donít have a car, new job hasnít had any work for me past two weeks, want new car badly, no real friends",0.21276362240314484
400,The person is expressing deep emotions of missing someone and feeling like they can't measure up to the standards set by that person. This suggests relationship-related stress and longing for the person they love.,"miss her so much, she set the bar so high",0.23071135580539703
401,"The person mentions severe weight loss, dreams about their ex who has moved on, and feeling low due to various factors such as health issues, loss of passion for music, and the hiatus of their band. These elements point towards relationship-related stress, specifically regarding the end of a romantic relationship and the associated emotional turmoil.",leave my job due to severe weight loss.,0.19293871521949768
402,"The person mentions being diagnosed with severe depression in August, trying medication, and currently being in therapy. This indicates that the individual is experiencing stress related to medication and mental health issues.","got together wiith most beautiful girl,  so supportive and caring, broke up , depression, on mediaction and currently I  therapy",0.28594455122947693
403,"The person's mental state is categorized as Alienation related stressed. The individual expresses feelings of loneliness, low self-worth, and a sense of not belonging, which are common indicators of alienation. The mention of being the 'black sheep' and feeling disconnected from others reflects a deep sense of isolation. Furthermore, the fear of not being accepted by their family due to the conservative nature of their background adds to this feeling of alienation. The individual's self-critical thoughts and desire to self-harm can be linked to a profound sense of alienation and emotional distress.","always lonely, really want to end it, looking at myself from outsiders perspectievs",0.3657693862915039
404,"The mention of having both depression and anxiety and experiencing physical symptoms like feeling wobbly, falling frequently, and having difficulty holding things can indicate a medication-related stress. These symptoms could be side effects of medication used to treat depression and anxiety, which may be affecting coordination and balance.","depression, anxiety, clumsy, met with an accident, coulndt move, , trouble holding things up",0.5254309177398682
405,"The individual mentions being scared of losing the dark place that helps them write their best. They also stopped taking their medication (sertraline) out of fear that it might hinder their creativity. These actions indicate a strong focus on the medication and its role in their mental state, suggesting medication-related stress.","aspiring screenwriter, write best stuff when depressed, stopped medication and seeing therapist",0.38396304845809937
406,"The person who wrote the premise is experiencing stress related to alienation. They express frustration and exhaustion in dealing with their friend's behavior, feeling distanced and disconnected from him. The writer questions the authenticity of their friend's depression, feeling unsure whether their friend genuinely needs help or is seeking attention. This uncertainty and lack of understanding about the friend's mental state lead to a sense of alienation and confusion for the writer. They feel isolated from their friend's emotions and struggle to empathize with his struggles, which adds to their own feelings of distress and detachment.","friend depressed, broke up with girlfried who cheated, did not inform family, hates going to psychologist",0.340299129486084
407,"The premise indicates a high level of distress and frustration related to the relationship dynamics with the girlfriend's parents, particularly regarding their denial of the existence of depression and anxiety. This situation can significantly impact the girlfriend's mental health and well-being, leading to feelings of being misunderstood and unsupported by her parents. The writer's concern for the girlfriend's well-being and desire to help her by trying to make her parents understand the seriousness of her condition further highlights the relationship-related stress in this scenario.","girlfriend has depression, parents donít understand, want her parents to understand",0.7329675555229187
408,"The author mentions struggling with depression for about 2 years, indicates using benzodiazepines as a way to cope, and expresses thoughts of suicide, which are indicative of a mental health crisis that requires medical attention. The misuse of benzodiazepines and alcohol as a way to escape also suggests a reliance on medication and substances to deal with emotional distress, contributing to the medication-related stress category.","sell weed, blown away, in heavy debt, broke up with girlfriend, best friend demeaning",0.23726069927215576
409,"The person expresses feelings of alienation and disconnection, especially mentioning living far away from family. The sense of feeling relaxed and relieved during the week off over Christmas, followed by an increase in depression upon returning to work, indicates a struggle with alienation related stress. The desire for time off to figure things out suggests a need for connection, understanding, and a sense of purpose.",stress and chores and anxiety,0.35392338037490845
410,"The text indicates a strong focus on personal relationships and the individual's struggles within them. The person expresses feelings of unworthiness and inadequacy, especially in the context of romantic love. Their self-doubt and negative self-perception are affecting their current relationship, leading them to consider sabotaging it or distancing themselves. The mention of feeling like a 'weight' on their partner and being unable to understand their partner's love suggests significant relationship-related stress and a deep sense of insecurity in their romantic connection.","depressed, never in a relationship, met a guy Iliked, told me he loved me, want to leave him, feel alone and lost",0.2847529649734497
411,"The person expressing the premise is experiencing extreme feelings of alienation and disconnection. They feel trapped in a cycle of hating every job they try, feeling lost in finding a passion that aligns with making a living, and ultimately feeling like they do not belong in this world. The constant struggle between their interests that do not generate income and the necessity of work to survive has led them to a point of deep despair and thoughts of suicide. Despite having a good family, they cannot break free from the overwhelming sense of not fitting in and the perceived lack of purpose in their existence.","hated school and college, working as a guide, acting , every time end up hating my job, wish I were never born, life sucks",0.44340991973876953
412,"The person is experiencing relationship-related stress. The emotional rollercoaster of starting to like someone, uncertainty about the other person's feelings, the excitement of early romance, and the disappointment of setbacks like the date cancellation due to external factors (the girl's mom finding out about pot at the party) can all contribute to feelings of extreme emotions, stress, and anxiety in relationships.",I haven't talked to her since but she has seen my message,0.12479209899902344
413,"The person expressing the premise is experiencing a deep sense of alienation and disconnection from those around them. They feel lost, numb, emotionally detached, and unable to express themselves. This sense of alienation is evident in their relationships with family, friends, and even their girlfriend, where they feel misunderstood and pushed away. Additionally, their experience of constantly moving homes due to a difficult family situation, the abuse from their mother, and the alcoholism of their father further exacerbate their feelings of being isolated and disconnected. The person's overall narrative conveys a profound sense of alienation and lack of belonging.","live with father, not aware of mother's where about, extremely abusive, choked sister over bathroom tub, roomates call emotionally detached, broke up with girlfriend",0.31609439849853516
414,"The person expresses feelings of isolation and alienation, mentioning a lack of real-life connections to talk about their feelings. Despite having a girlfriend who listens, they still feel like they don't have anyone to truly connect with. This sense of detachment from others and from feeling different from people who are passionate about life and getting over depression suggests that the individual is undergoing alienation-related stress.","feel hopeless, trying to learn ways to manage negative thoughts, hard time believing depression will go away",0.41211965680122375
415,"The person expresses feelings of alienation, hopelessness, and a lack of purpose in life. They mention feeling tired of living, not seeing a point in life, regretting being born, and feeling like a burden to their parents. These thoughts indicate a sense of disconnection from the world around them, which aligns with the category of alienation-related stress.","tired of living, only ambition to earn well, love my parents but angry they created me",0.3254578709602356
416,"The writer is currently experiencing relationship-related stress due to their strained relationship with their girlfriend. This, along with the feelings of being disliked and lacking social support, is contributing significantly to their current mental state.","failed exams, retaking them, have no friends , nobody to talk to",0.23970043659210205
417,"The person is experiencing a combination of anxiety and depression, which indicates a mental health condition that may require medication. The intrusive and self-injurious thoughts, along with the escalating sleep disturbances, suggest a need for medical intervention to address these symptoms. The mention of sedating with alcohol to cope with these issues further emphasizes the severity of the situation and the potential need for medication-related support.","mix of anxiety and depression, cannot sleep, wake up in middle even when toired, OCD, no friends",0.527640700340271
418,"The individual's experiences with drug-induced psychosis, including feelings of ecstasy and paranoia, indicate a medication-related stress. The use of MDMA triggered significant changes in the person's mental state, leading to extreme euphoria followed by panic attacks and the need for hospitalization. These drastic mood swings and the subsequent challenges in functioning point towards a medication-induced crisis. The individual's struggle with expression and social interactions after this episode further emphasizes the impact of medication-related stress on their mental well-being.","drug induced, MDMA, panic attacks, real paranoia,  admitted to hospital, need to relate to people",0.7366441488265991
419,"The person expresses feelings of alienation and disconnection from meaningful social interaction after years of isolating themselves. They feel as though their identity has been controlled by others for a long time, leading to difficulties in social interactions and a sense of missed opportunities. The mention of spreading rumors about oneself and feeling like decisions were already made without their control indicate a deep sense of alienation and lack of agency in their life.","regaining my life from someone else's control, never talked to others, cant get out",0.316120445728302
420,"The person who wrote the premise is in a Relationship related stressed state. The sudden loss of their mother, especially at a young age, has deeply affected them emotionally. They express feelings of regret, guilt, and sorrow for not having shared their own struggles with their mother, which they believe may have prevented the tragic event. The overwhelming grief, longing for one last interaction with their mother, and the regret of not getting a chance to say goodbye are strong indicators of relationship-related stress and emotional turmoil.","mother collapsed, died of heart attack, disbelief,lost , just want ot hear her voice",0.5582391619682312
421,"The person expresses feeling alienated and disconnected from their human friends, highlighting a sense of lack of understanding and support from them. This feeling of being misunderstood and blamed by their best friends while finding comfort and solace in the unconditional companionship of their cat suggests a sense of alienation from human relationships, leading to the selection of category C5.","friends re fed up, donít try to understand, blameonly cat cares",0.4602057933807373
422,"The premise describes a feeling of betrayal and the aftermath of a bad breakup, indicating relationship-related stress and emotional turmoil.","bad brak up, suffered many consequences",0.2900071442127228
423,"The person is expressing feelings of alienation, worthlessness, and social undesirability. They feel disconnected from social activities that are typical for teens and have a negative self-perception. The individual also mentions enduring ongoing family problems that seem insurmountable, leading to a sense of hopelessness about their situation. These feelings of isolation and despair are indicative of alienation-related stress.","no real friends, family problems, confused about life",0.38185492157936096
424,"The person is experiencing relationship-related stress due to the breakup with his girlfriend, feelings of loss, loneliness, and the struggle to move on. He is deeply affected by not being able to forget his ex-girlfriend, constantly seeing updates about her on social media, and feeling helpless and alone. The overdose on pills also indicates severe emotional distress. The mention of his son being the one who keeps him going highlights the internal conflict he faces between his own struggles and the responsibility he feels towards his child.","gf left 7 months ago, have a son, cant get her out of mind, think about her 24/7, feel helplessno one to talk to",0.3842101991176605
425,"The person who wrote the premise seems to be expressing a sense of alienation related stress. They are feeling frustrated and irritated by individuals who display outward, excessive happiness and positivity all the time. This constant display of cheerfulness is described as obnoxious and the person feels that this behavior should also be acknowledged as a potential mental issue. The writer's anger and resentment towards these 'peppy' individuals indicates a sense of alienation or disconnect from them, as they perceive them as not being in touch with reality or experiencing emotions in a genuine way.","depressed, donít eat, sleep, shower, we are born cryin, people peppy and happy can be depressed too",0.3844936490058899
426,"The person is experiencing alienation-related stress. They feel like they have lost everyone in one swoop, mentioning that nobody likes them and they have no friends other than their best friend. This feeling of isolation and lack of support can contribute to their deep sense of despair and hopelessness, leading them to question the point of living. They also express fear of being judged in their small town, further exacerbating their feelings of alienation.","OCD, Depression, anciety OCD, nervousness, real battle ground is mind",0.2581910490989685
427,"The person mentions battling severe depression and suicidal thoughts, indicating a struggle with mental health. The mention of depression and suicidal thoughts suggests that the individual may be under significant psychological distress and may be seeking help, possibly through medication or other forms of treatment. The emphasis on the importance of changing one's mindset and the battle within the mind further reinforces the focus on mental health, which aligns with the category of Medication related stressed.","suffered from severe depresionold , donít let old habits dictate your life, real battle ground is mind",0.5224703550338745
428,"The person expresses feelings of discomfort around coworkers and mentions considering transferring, indicating a sense of alienation in their current work environment. This feeling of being 'messed up in the head' before going back to work suggests a significant level of alienation-related stress.",love job but uncomfortable around co workers,0.43769729137420654
429,"The individual's forgetfulness and inconsistent intake of antidepressants led to physical and psychological symptoms, indicating stress related to medication management.","antidepressants, keep forgettijng, nightmares",0.6275367736816406
430,"The person feels alienated and isolated from their friends despite being in their company. They struggle to connect with their friends due to introversion and feeling worn out easily, leading to a sense of betrayal and loneliness. This sense of alienation is causing emotional distress and making the person feel disconnected from their social circle.","two best friends, intoverted, hang out without me, feel like some sort of betrayal",0.4291630685329437
431,"The person who wrote this premise seems to be under extreme stress due to relationship issues. The intense emotional turmoil caused by feelings of rejection, loneliness, and inadequacy, as well as the fear of facing rejection again, point towards relationship-related stress as the primary cause of their distress.","think people make fun, met a girlbest thing ever happened, faded away, feel like dying",0.3477640151977539
432,"The person is experiencing intense emotional distress due to the aftermath of a past relationship, where their ex-girlfriend shared private and embarrassing information about them. This has led to bullying and ostracization from peers at their new sixth form/college. The continued exposure to triggering situations and the fear of facing further emotional pain is causing significant mental stress, leading to thoughts of self-harm and suicidal ideation. The sense of betrayal, humiliation, and isolation resulting from the relationship-related stress is the primary reason for categorizing this scenario as relationship-related stressed (C4).","met ex girlfriend in college, spilled private issues, calssmates and friends bullying , donít want to go back to college, feeling alone, depression, anxious",0.49110639095306396
433,"The person seems to be experiencing alienation-related stress, feeling disconnected and disillusioned with the purpose and meaning of life. They express a sense of existential dread and nihilism, questioning the significance of human achievements and the pursuit of immortality in the face of inevitable cosmic entropy. This feeling of insignificance and hopelessness often leads to existential crisis and alienation from commonly held beliefs and values.","what do we live for, we donít fear death, fear being forgetten",0.4058099389076233
434,"The person is struggling with depression, anxiety, and potentially alcohol addiction. They mentioned that cutting back on alcohol consumption may help manage their depression. This indicates a possible reliance on alcohol as a coping mechanism for their mental health issues. Additionally, the mention of using an app recommended by their therapist to track their drinking frequency suggests a recognition of the negative impact of alcohol on their well-being. Therefore, the person's mental state seems to be primarily medication related stressed due to the interplay between alcohol consumption, depression, and anxiety.","any success with alcohol consumption, drink too much, addicted",0.486203134059906
435,"The person's feelings of loneliness, depression, and seeking happiness in someone else indicate relationship-related stress. They mention feeling unloved and struggling with their interactions with someone, which suggests a significant emotional impact from these relationships. Additionally, the desire to learn how to love themselves and find happiness from within suggests a need to address underlying relationship issues and dependencies.","2016 was lowest, feel lonely derpessed, she is getting colder and colder, feel lost,unloved, depressed and horrible",0.3095510005950928
436,"The person mentioned being diagnosed with depression and anxiety, and being on SSRIs, which are medications used to treat these conditions. The feelings of emptiness, lack of motivation, worthlessness, and loss of interest in hobbies are common symptoms of depression. Additionally, the mention of feeling lost late at night further indicates a significant mental health struggle that is likely linked to medication-related stress.","diagnosed with depression and anxiety, feel  unmotivated and hollow, lost interest in all hobbies",0.6600825190544128
437,"The person is expressing feelings of alienation and a lack of fulfillment in their current lifestyle. They feel stuck in a repetitive routine and are seeking something more meaningful in life. This sense of disconnection and lack of purpose is contributing to their depressed limbo state and feelings of unhappiness. They are yearning for a change that will bring them motivation, inspiration, and a sense of fulfillment. Addressing feelings of alienation and seeking a more meaningful life beyond the mundane routine is crucial for their well-being.","sick of lonely loop, wake up, go to the gym,uni, study, come home read, life isnt fulfilling, depressed limbo, bare existence",0.5206695795059204
438,"The person expresses feelings of alienation, inadequacy, and hopelessness, indicating a sense of disconnection from oneself, their job, their partner, and their life circumstances. They feel overwhelmed by the pressure of their job, financial obligations, and internal struggles, which are leading them to consider suicide as an escape from their current situation.","went to holiday,have to go back to work,want to scream and cry and tear body apart",0.2456916719675064
439,"The individual is expressing feelings of disconnection despite having aspects of their life together such as pursuing a degree, having friends, and being with family. This sense of alienation and disconnection, along with the recurring anxiety attacks and depression, suggests a deeper internal struggle with feeling out of place or disconnected from their surroundings. This feeling of being consumed by negative emotions and slipping further into it indicates a sense of alienation and detachment from their own emotional well-being.",anxiety attack very often,0.31693539023399353
440,"The person is experiencing medication related stress, as they are relying on sleeping pills to fix their sleeping habits, indicating a potential struggle with sleep disorders or insomnia.",full sleep hours,0.30678677558898926
441,"The person expresses feelings of alienation and disconnect despite trying to improve their situation by being more socially active, pursuing education, working out, and engaging in creative activities. They mention feeling like nobody cares, even though they have friends and family support, and they feel doomed to suffer with no one being able to help. These feelings of hopelessness and lack of belonging indicate a state of alienation-related stress.","panic attacks, socialise a lot, going to gym, hate self, wnr to doctors and therapist",0.3487114906311035
442,"The person expresses feelings of alienation and a desire to be left alone, along with self-loathing and a belief that nobody understands them. These feelings of being unwanted and misunderstood align with the category of alienation related stress.","hated, left alone",0.3182355761528015
443,"The mention of being given Prozac, experiencing a possible psychotic break after starting the medication, and the subsequent confusion and erratic behavior indicates a potential medication-related stress. The individual's uncertainty about their actions and the presence of pills and a knife-like object in their possession further suggest a significant mental health concern possibly exacerbated by the medication.","mental healtg issues, given prozac, walking down the road, pocket full of pills and knife like object",0.643017053604126
444,"The premise reflects feelings of alienation and being the odd one out within the family due to being the only gay person in a very large, Catholic, and conservative family. The individual expresses fears of not being accepted by their family, particularly when it comes to their future marriage to their partner. They also mention feeling like an outcast, the black sheep, and not belonging when interacting with family members. These sentiments of isolation, exclusion, and fear of rejection point towards alienation-related stress as the dominant mental state.","have 75+ people on mom's side, only gay,adopted, donít feel like I belong, parnets conservative, non -religious, donít believe in any gods",0.3597885072231293
445,"The person is experiencing a high level of alienation related stress. They feel disconnected and isolated from those around them, including their family, friends, and therapist. The feeling of being a disappointment and not meeting the expectations of others is causing them to spiral into negative thoughts, self-doubt, and hopelessness. The fear of not being accepted for who they are, especially regarding their gender transition, is further exacerbating their sense of alienation. The person's struggles with mental illnesses, PTSD, BPD, physical health issues, and difficulties in maintaining relationships are all contributing to their overwhelming sense of alienation and loneliness. They express a strong desire to escape their current state and shed their mental illnesses, indicating a deep yearning for relief from their emotional pain and feelings of inadequacy.","complete and utter disappointment,couldnít take pressure, dropped out, evI'm faking to get out of responsibilities eryone seems mad, psych office has me on probation, family treats me like",0.35966867208480835
446,"The person is experiencing relationship-related stress. They express feelings of failure and loneliness, particularly in their love life where they mention their lack of romantic experiences at the age of 26. This sense of inadequacy and fear of awkwardness or embarrassment in potential romantic situations is causing them distress. Additionally, their mentioning of regret over a past DUI incident, the financial burden it brought, and the impact it had on their relationships further highlight relationship-related stress. The longing for emotional connection and the fear of being alone and miserable in the future suggest a deep-seated concern about their relationships and their impact on overall happiness and fulfillment.","feel like failure in multiple aspects, no love life, no work life, trying hard, hate who Iam",0.5003219842910767
447,"The person is feeling alienated and disconnected from others, finding relationships and interactions with people to be shallow and meaningless. The reference to nihilism suggests a deep sense of existential despair and detachment, which aligns with alienation-related stress.","disgusted by people, raltionships feel vain and empty, losing friends",0.47739022970199585
448,"The person feels alienated and disconnected from their parents, expressing feelings of disappointing them and being a burden. They feel empty and express a sense of hopelessness towards their future, describing their life passing by rapidly without any progress. These feelings of isolation and lack of purpose indicate a state of alienation-related stress.","parents look at me with most hand drwan plastic smile, they try their hardst to tolearte me",0.28362220525741577
449,The person is feeling relationship-related stress as they are unable to discuss their feelings with their coworker and instead apologized for interrupting their workflow.,"everything is wrong, cant talk to my coworker",0.42265886068344116
450,"The person seems to be experiencing feelings of alienation and loneliness, as they mention feeling like they have no friends to vent about their struggles. This sense of isolation and lack of support can contribute to their emotional distress and feeling overwhelmed by the challenges of being an army wife and a mom to a 4-year-old. The person's internal conflict about whether to end their life also reflects a deep sense of despair and hopelessness, which are often associated with feelings of alienation. The constant exhaustion and tiredness mentioned in the premise further reinforce the idea that the person is experiencing significant emotional strain and disconnection from others.","called military police on neighbours for loud music, felt good,  stood up for self for the first time, husband got mad, only living for son",0.37043994665145874
451,"The person is experiencing feelings of alienation and isolation from friends and family. They are struggling with mental health issues like anxiety, depression, and suicidal thoughts, which are causing them to feel disconnected from the world around them. The internal conflict between presenting a facade of a 'good life' to their parents while simultaneously battling with their own mental health issues reflects a sense of alienation and inability to authentically connect with others. The person feels like they are living a life that is drastically different from what is perceived as 'normal', indicating a deep sense of alienation and disconnection from social norms and expectations.",anxiety and depression preventing from living a normal life,0.5884600877761841
452,"The person mentions that they are struggling with depression and recently started taking Zoloft, indicating that they are dealing with medication-related stress. Depression can often lead to difficulties in maintaining everyday tasks such as keeping the house clean. The mention of feeling overwhelmed, experiencing difficulty in keeping up with habits, and the need for support or reward tracking further supports the idea that medication-related stress is a significant factor in their current mental state.","depression, inability to clean house, get overwhelmed by  having to clean a lot",0.5882524251937866
453,"The person experiences alienation related stress due to a deep-seated fear of vulnerability and self-hatred, which has led to emotional isolation. This alienation is reflected in their inability to open up to anyone in person, fear of being honest even with supportive family and friends, and hesitancy towards seeking therapy and medication. The individual's struggle with coming out as a lesbian and never being in a relationship further highlights the sense of alienation from their true self and others. The overwhelming anxiety and physical symptoms when thinking about opening up indicate a significant level of distress and disconnection from their own emotions and needs. Addressing this deep-rooted alienation and fear of vulnerability is crucial in helping the person to overcome barriers to seeking help and ultimately improve their mental well-being.","never opened upto to anyone,changed doctors, struggling, emotionally isolated due to fear of vulnearblity, came out as lesbian, never been in a relationship ever",0.6153517961502075
454,"The writer's neediness for constant communication and validation, the discomfort in current interactions, and the desire for genuine interest in conversations all suggest a state of relationship-related stress. The writer's struggle to find meaningful connections and the overwhelming feeling of neediness point towards underlying issues in personal relationships.","urge to talk to someone, but feel uncomfortable talking to, want a friend, hoe to be stop being needy",0.39680129289627075
455,"The person expresses feelings of alienation, self-doubt, and a sense of being tired of various aspects of their life. They mention feeling tired of being lazy, not being productive, being at the bottom of an artist hierarchy, and hating themselves. These feelings of disconnect, self-criticism, and exhaustion point towards alienation-related stress.","not doing something contructive, lazy",0.2182755321264267
456,"The mention of feeling unwell and experiencing symptoms like insomnia, irregular eating habits, and having a knotted stomach could indicate medication related stress or side effects.","feeling unwell, not eating, sleeping, stomach in knots",0.6836764812469482
457,"The person expresses feelings of alienation, loneliness, and a lack of connection with others. They mention being cold and untrusting, which indicates a sense of detachment from people around them. These feelings may stem from past experiences of mental illness, abuse, and lack of closeness to family and friends. The person also mentions struggling with addiction, depression, and self-criticism, which could further contribute to their sense of alienation. Overall, the language used in the premise suggests a deep feeling of isolation and a strong desire for connection and intimacy, highlighting alienation-related stress.","grew up in a family with mental illness and abuse, f**** alone, struggle with assiction to nicotin",0.3556451201438904
458,"The person is expressing feelings of overwhelming hopelessness, fear of being alone forever, and a sense of failure, which are common signs of alienation-related stress.","hopeless, terrifying",0.5031985640525818
459,"The person is clearly experiencing relationship-related stress due to a recent breakup with someone who was controlling. The feeling of loneliness, alienation from friends taking the ex-partner's side, and self-hate indicate the emotional distress attributed to the end of this relationship.",broke up,0.37784379720687866
460,"The person is in a relationship-related stressed state. They express feelings of rejection and failed attempts at relationships. Additionally, the challenges they face with their controlling parents further contribute to their relationship struggles and overall distress.","struck with controlling parenst, donít trust them, not allowing me to have friends, keep trapped in endless cycle of stress and sadness, grades have failed, no friends to turn away to",0.4198528528213501
461,The individual's description of experiencing increased sex drive and obsession with sex during periods of heightened energy while still feeling depressed suggests a potential side effect or interaction with medication. It is important to consider medication-related factors as a possible source of the observed changes in behavior and mood.,"feeling depresed, focus that energy on sex. Sex drive hightened beyond normal, sex obbessed",0.7289863228797913
462,"The premise describes a period of intense emotional fluctuations, including episodes of high energy, paranoia, sudden self-confidence, feeling out of touch with reality, increased agitation, strange delusions, racing thoughts, anxiety, work motivation, increased mistakes, memory problems, feeling disconnected from self, loss of hunger and appetite, lack of sleep, strong, strange, dangerous urges, increased creativity, apathy, fatigue, increased hunger and appetite, general feelings of hopelessness, suicidal thoughts, hatred for self, loss of energy, feelings and hope for nonexistence, and impacts on social life, school performance, and family relationships. These symptoms align closely with the characteristics of bipolar disorder. The individual's own research and observations, along with the resemblance to experiences described by others with bipolar disorder, suggest a strong possibility of medication-related stress or concern about mental health and the need for treatment."," parents fight a lot, mother went for alternative therapy, mother is the problems, impacted negatively, mental health issues, depression, anxiety panic, mmod swings suicidal thoughts",0.4529997706413269
463,"The mention of depression, panic attacks, and the inability to function at work due to mental health issues indicates that the writer is experiencing significant medication-related stress.",panic attacks,0.4757581651210785
464,"The language used in the premise implies a sense of deep dissatisfaction with oneself and a feeling of disconnect or alienation from the activity of drawing, indicating alienation related stress.",disappointed in my inability to draw decently or good at all,0.40342313051223755
465,"The person who wrote the premise is showing concern and empathy towards their friend who seems to be going through a tough time after breaking up with his girlfriend, flunking classes, feeling isolated, and being depressed. The writer is invested in helping their friend, which shows a focus on relationships and friendships. The desire to reach out, invite the friend to more social events, create a support group, and consider involving people in his college block all point towards relationship-related stress as the predominant mental state.","a great friend from high school, figured he has issues, , checked his profile on reddit, realized he broke up with girlfriend, feels lonely and depressed, want to help him",0.4995204210281372
466,The behavior of putting blankets in the dryer and pretending not to be alone may indicate feelings of alienation or loneliness. Seeking comfort in objects or routines can be a way to cope with feelings of isolation.,pretend I am not alone,0.36849188804626465
467,"The person is expressing deep feelings of betrayal, mistrust, loneliness, and sadness. The loss of a true friend who was killed in front of them has likely left a lasting impact on their mental state. The recent deaths in the family further accentuate their feelings of being alone and lacking support. The negative experiences with friends, feeling burned, and thoughts of ending their life due to the immense pain and emotional torture indicate relationship-related stress and trauma.","friend killed in front of me, PTSD, Depressed",0.6505030989646912
468,"The person seems to be going through a very difficult time with past traumas, family issues, and a looming healthcare concern. Despite these challenges, they express gratitude towards their parents and find solace in therapy. Despite feeling a pre-panic attack state, they also mention feeling a bit of relief after writing everything out. This indicates that the person is in a good mental state despite the overwhelming circumstances they are currently facing.","dealing with couple of sexual assaults, sleeping a lot smoking weed, trying ,failing, succeding at coping, therapist onvacation",0.4355641305446625
469,"The premise describes a series of events involving betrayal, breach of trust, and heartbreak in relationships. The author's narrative indicates deep emotional distress and a sense of disillusionment with people around them. The repeated instances of deception by close friends have left the author feeling like they can't trust anyone, leading to a significant impact on their mental state and perception of relationships. This relationship-related stress and the resulting feelings of betrayal, loss, and isolation are evident throughout the text, making Category 4 the most appropriate classification.","new guy in group, lot in comman, stuck up to this guy, opened up, trusted, betrayed trust, slept with girlfriend , no remorse, feel alone, donít care anymore",0.49695882201194763
470,"The person exhibits feelings of alienation and isolation, expressing a sense of disconnect and detachment from others. They feel like they are not truly cared for or valued by the people in their life, leading to a deep sense of loneliness and desolation. The mention of feeling like a pawn in others' lives and contemplating drastic actions like suicide to gauge the reactions of those around them further indicate a state of alienation-related stress.","constant suffering, know people has worse than me, , people around donít care, feel like pawn in other peoples lives, alienated, alone",0.5497738718986511
471,"The person is experiencing significant stress and emotional turmoil due to multiple losses in their family. The passing of their grandmother, along with the deaths of their aunt and the critical condition of another aunt, has left them feeling overwhelmed and unable to properly process their grief. This relationship-related stress is evident in their feelings of guilt for not calling their grandmother before she passed, their emotional breakdowns, and their sense of shutting down and losing energy to function. The person is seeking perspectives to help them cope with these losses and emotions, indicating a deep need for support and understanding in dealing with these relationship-related stresses.","grandmother passed away, one aunt died due to heartattack, another due to surgary comlications, , had breakdowns, unresolved, grief hangs over",0.6233620047569275
472,"The person expresses feelings of failure, hate from close ones, loneliness, and lack of support. These symptoms point towards relationship-related stress, as the individual is struggling with feelings of alienation, rejection, and lack of connectedness with others.","no real friends, no one to lean on to speak to",0.2902495861053467
473,"The person expresses feelings of alienation, loneliness, and a sense of being an outsider in social situations. They feel disconnected from their old friends, who seem to have formed a solid group without them. These feelings of isolation and longing for true friendship indicate a state of alienation-related stress.","trying to reach out and reconnect with old friends, feel so stiff, everyone has solid frinds, I'm an outsider",0.5313667058944702
474,The person is experiencing alienation-related stress as they feel disconnected from the traditional path of success and the pressure to achieve in academics. They express uncertainty about the value of working hard for a future that feels uncertain and question the relevance of current academic efforts. This sense of feeling detached from the conventional expectations and the system's unpredictability contribute to their feelings of pressure and lack of motivation.," I do well on exams, A average, failing 2 classes this year , donít do my homework, afaraid about future, hard to get into decent college",0.25905296206474304
475,"The person is expressing feelings of alienation and social isolation. They feel like they are not able to connect with others, and believe that people have already formed negative opinions about them, leading to a sense of being forgotten and unwanted. This alienation has caused them to retreat into activities like writing and creating videos, but they are also highly critical of their own work, further contributing to their sense of inadequacy. The person expresses a desire to give up and finds a strange comfort in that thought, indicating a deep sense of hopelessness and resignation to their current state of alienation.","not much of a people's person, people donít graviate towards me, made up their mind, alone, suck at everything, except being sad",0.4426865577697754
476,"The language used and the feeling of being used and discarded point towards a sense of alienation, where the person feels disconnected and disrespected by others, leading to feelings of worthlessness and questioning their purpose in life.","women use me to boost their self-esteem, then throw me away",0.20057980716228485
477,"The use of words like 'hate', 'depression', 'anxiety', 'hopeless', and 'nauseous' indicate feelings of alienation and disconnection from school, leading to a sense of isolation and distress.","hate  school, cause of depression and anxiety, feeling hopeless and nauseous",0.7571835517883301
478,The person seems to be experiencing alienation related stress as they are contemplating the impact of depression on their self-identity and questioning whether they would be a different person without it. These thoughts indicate a sense of feeling disconnected from their own identity and struggling with the existential question of who they would be without their struggles with depression.,self identity will be different,0.38211947679519653
479,"The person seems to be experiencing alienation-related stress. They are feeling a sense of disconnect or estrangement from themselves and others, particularly when their positive self-perception is contradicted by feedback they receive from people close to them. This constant invalidation of their self-image is causing them to feel worthless and deeply hurt.","but tell self positive things to boost esteem, people close say exact opposite, makes feel worthless",0.5174431800842285
480,"The language used suggests deep emotional distress related to relationships. The mention of family hating the person, having no friends, feeling extreme loneliness, and the sense of abandonment by everyone indicates relationship-related stress.","gt nothing, family hates me, physically, mentally, tired of suffering",0.45899614691734314
481,"The person expresses a strong sense of alienation, detachment, and disconnection from others and society in general. They feel unable to connect with people, find happiness in social interactions, or form meaningful relationships. The preference for dark and negative music reflects their inner turmoil and the comfort they find in embracing themes of death, destruction, and misanthropy, which resonate with their feelings of loneliness and dissatisfaction with social interactions. The desire for silence and even extreme thoughts like wanting to remove vocal cords further indicate a deep sense of isolation and alienation.","usually unhappy, listen to music, push people away, being lonely sucks",0.4890730381011963
482,"The person who wrote the premise is experiencing alienation-related stress. They feel lost, hopeless, lonely, and unable to form lasting connections with others, leading them to believe that they will never be happy again. They express feelings of being different from others in their class, struggling with social interactions due to social anxiety, and feeling like the odd one out. This sense of alienation is further compounded by family pressure to find a partner and get married, as well as the inability to talk to anyone about their struggles, even for less embarrassing issues. The individual's struggle to fit in, combined with feelings of loneliness, self-hatred, shame, and hopelessness, all point towards an overwhelming sense of alienation from themselves and the world around them.","social anxiety/ generalized anxiety, no self-confidence, no friends, family pressurising to have a girlfriend and get married, had no relations in past, addicted to porn",0.3518868088722229
483,"The language used indicates a high level of frustration and misery, coupled with withdrawal symptoms, which suggests a significant impact of medication related stress. Additionally, the mention of addiction and inability to enjoy anything in life further points towards a struggle with medication-related issues.","feel misreable, cant sleep, withdrawal symptoms, addicted to junk food",0.505764365196228
484,"The person mentions leaving their fiance because they felt emotionally abused and like they were never enough in their eyes. This relationship experience has had a significant impact on their mental state and self-worth, leading to feelings of being a shell of their former self and difficulty experiencing happiness. The mention of feeling severely depressed after taking online tests further supports the idea that the relationship-related stress from the past has contributed to their current state of distress.","left fiance , she was emotionally abusive, moved back to home town, living with sister, shell of my forme self due to ex.",0.4871102273464203
485,"The person is experiencing physical symptoms such as pushing sensation and tension in the head, which are common signs of stress. They mention that the symptoms are getting worse over the weeks, indicating a prolonged period of stress. Despite hating their workplace, they express a strong desire to go to work, which may suggest a high level of work-related stress and pressure to perform despite the negative feelings towards the job. This aligns with the category of Jobs and careers related stressed (C2) as the person's mental state seems to be significantly impacted by work-related stress.","pushing sensation in left side of head, getting worse and worse, donít want to go to work",0.4568774104118347
486,"The person's mental state seems to be overwhelmed with a multitude of significant past traumatic experiences and ongoing struggles. The mention of diagnosed ADHD, constant anxiety, sleep issues, intrusive thoughts of self-harm, and feelings of apathy all point towards a deep-rooted mental health concern. The individual's reliance on self-medication through repeated LSD trips also reflects an attempt to cope with their emotional distress. The lack of enjoyment in life, avoidance behavior, self-destructive thoughts, and inability to engage in self-improvement activities indicate a strong possibility of medication-related stress and the urgent need for professional help to address these complex mental health issues.","  3 major medical catastropes, mental health, stalked, abused, ADHD ",0.4173850119113922
487,"The person in the premise is expressing feeling intense social anxiety and being miserable about the idea of working, which suggests a medication related stress. They mention wanting medication to alleviate the pain, regardless of the side effects, showing a desire for relief from their current mental state.","nned to get a job if have to go to college, feels unbearable,, feel miserable",0.4281335175037384
488,"The person expresses feelings of alienation and dissatisfaction with their school environment, indicating a sense of detachment, loneliness, and lack of belonging. This is evident through their negative perception of school, themselves, and their social life, suggesting a deep-rooted feeling of disconnection and isolation.","agony and anxiety , ahte school, on probation for truancy",0.38021790981292725
489,"The person is expressing feelings of alienation and worthlessness, believing they are not valued by others and feeling left out. They mention feeling like they are not enough and that no one cares about them, highlighting a sense of disconnection and isolation from those around them.","always goofy girl,  people I cared about left, no body cares, need a hug or someone to listen to me",0.22259077429771423
490,"The individual is experiencing extreme feelings of loneliness, isolation, and alienation, which are common indicators of alienation-related stress. They mention a lack of relationships with their parents, doctor, counselor, and friends, as well as the recent loss of their dog, the only living thing they felt comfortable around. This deep sense of disconnect and inability to connect with others has resulted in feelings of hopelessness and a lack of purpose in life. These feelings of alienation are likely contributing to their struggles with social anxiety and depression.","social anxiety, depression, cant talk to parents, doctor or counselor, donít have grades for university, hate my life",0.4535799026489258
491,"The person expresses feelings of being bullied, ignored, and laughed at, which indicates a sense of alienation and social isolation. The individual mentions feeling filled with rage, sadness, and envy due to lack of friendship and support. The loneliness, desire for human connection, and the inability to find it are characteristic of alienation-related stress.","depression, bullied, ignored, looked down upon, rage sadness, envy",0.5253404378890991
492,"The person's narrative reflects a deep sense of alienation and disconnection from others. They express feeling ignored, mistreated, and socially isolated both in high school and college. The individual's experiences have led them to develop a strong distrust and hatred towards people their age, highlighting a significant level of alienation and disconnection. They feel like an outsider and believe that making friends is highly unlikely for them. These feelings of alienation and lack of belonging seem to have contributed to their current state of extreme emotional distress and thoughts of suicide.","never recover from psychological damage from school and college,abused physically, emotionally and mentally in neighbourhood, senior year porn date abandoned me , rude on prom night, no friends in high school",0.37965717911720276
493,"The person is feeling alienated and isolated due to lack of support and understanding from those around them. They express feelings of being rejected, judged, and misunderstood, leading to a sense of feeling like an outsider. This alienation is causing intense emotional distress and anger towards others.","medical condition, faint on being stressed, no one helped, repelled away ",0.3324185609817505
494,"The person is experiencing relationship-related stress. The premises describes feelings of guilt, self-doubt, and unworthiness in the context of a romantic relationship. The individual recognizes their own negative behavior towards their partner, leading to a sense of loss, loneliness, and the belief that they deserve to be alone. These emotions are common in situations where relationships are strained or ending, reflecting a deep emotional impact on the person's well-being.","going out with a girl, make her feel unwanted, need to let her out of my toxic orbit",0.21887853741645813
495,"The person is feeling alienated and disconnected from others, struggling to build relationships and find a sense of belonging. They express a sense of not fitting in or having the necessary social skills, which is leading to feelings of isolation and low self-esteem. The mention of being quiet, lacking a sense of humor, and feeling lost without their ex-boyfriend points to a deep sense of alienation. The individual's struggle to put themselves out there, hyper-analyze social interactions, and inability to make friends also aligns with the characteristics of alienation-related stress.","depression, PTSD, no personality, not good at making friends, feel like loser, feel lost",0.5112340450286865
496,"The content of the premise indicates that the individual has experienced severe trauma from childhood due to abuse and exploitation by parents. The prolonged period of abuse and the horrific experiences described suggest deep emotional scars and psychological distress, which can result in long-term effects such as depression, anxiety, flashbacks, and nightmares. These symptoms are often associated with trauma-related conditions, such as post-traumatic stress disorder (PTSD). The feelings of fear, reluctance, and uncertainty about starting therapy, as well as the belief that the childhood experiences were too messed up to overcome, are indicative of the significant emotional and psychological impact of the past trauma. The individual's desire to be 'normal' reflects a longing for healing and recovery, but the overwhelming burden of traumatic memories and the challenges of addressing them suggest a high level of bias or abuse-related stress.","mom and dad molested me as a child, dad got me pregnant at age of 11, sold off at age of 18m PTSD, Depression, anxious",0.5883684754371643
497,"The writer is expressing feeling let down and unsupported by their mother and friend when trying to talk about their struggles with panic attacks and depression. The lack of empathy and dismissive attitude from their mother and friend is likely contributing to their relationship-related stress. This can lead to feelings of worthlessness, isolation, and thoughts of seeking help, but feeling like no one cares.","panic attacks, depression gotten worse",0.3790813386440277
498,"The person expresses feelings of desperation, loneliness, and alienation throughout the message. They mention feeling distant and non-communicative both in person and online, expressing fear that no one would care or understand their struggles. They also talk about lost or damaged relationships in the past due to their depression, feeling scared of being forgotten and not worthy of being called a friend. This sense of alienation and disconnection from others indicates a state of alienation-related stress.","depression , drive people away, shitty friend to people, stess, lost damaged relationshops",0.3347172737121582
499,"The person expresses feelings of loneliness, hopelessness, and unhappiness, indicating a sense of alienation from others. The lack of close family and friends and the desire for a hug from someone highlights the underlying theme of alienation-related stress.","clinical depression, no family, no friends, tired of feeling down, no one to talk to",0.3707554340362549
500,"The writer's mental state seems to be characterized by feelings of alienation and loneliness, as indicated by their description of feeling like the 'invisible' kid in class and expressing desperation to go back to school to escape their loneliness during the holidays. The writer's sense of being isolated and left out, especially in contrast to the social interactions they observe happening around them, contributes to their alienation-related stress.","thought school was hell, holidays were were super depressed, desparate to go school, sat alone in class, no one caes, the girl I  like does not acknowlege existance",0.3873317837715149
501,"The person's description of feeling depressed, contemplating suicide, and expressing disappointment in themselves suggests a mental state related to medication stress. The mention of using nihilism to succeed and combat depression may indicate a struggle with finding effective treatment or support for their mental health issues, leading to heightened stress and feelings of hopelessness.","failure , nenevr amount ot anything, use nihilism to be happy and succeed",0.5785534381866455
502,"The person expresses feelings of alienation, mentioning that they have no friends, their family is not supportive, and they feel isolated by relying on an online platform like Reddit for emotional venting. The sense of self-hate and the perception that everyone else hates them further point towards feelings of alienation and social disconnection.","wish to talk to someone, no friends, family doesnít care, NOONE talks ",0.34784942865371704
503,"The person expresses feelings of emptiness, low self-worth, lack of motivation, and a sense of alienation from others. They feel disconnected, alone, and hopeless, indicating a state of alienation-related stress.","grades terrible, getting out of bed is struggle, no friends, fathet call me lazy, no purpose in living",0.2933247685432434
504,"The mention of stopping medication (Cipralex 15mg and aplarid 0.25 daily), feeling relief initially, but experiencing the return of anxiety symptoms indicates medication-related stress. The writer is contemplating whether to resume medication due to the anxiety issues resurfacing after discontinuation. It's essential for the person to consult a healthcare provider before making any decisions regarding their medication.","anxiety, pills, cipralex 15 mg",0.6433377861976624
505,"The individual is experiencing relationship related stress, as indicated by their struggles with building real connections, lack of friends, insecurities, limited social skills, and desire for a girlfriend. These difficulties in relationships have led to a feeling of loneliness, impacting their school performance and resulting in frustration from parents. This highlights a significant emotional strain from the lack of successful social interactions and relationships in their life.","have the looks , no social skills, sex life is once a monnth at clib with pickup girls, no friends, lonely, aprents pissed",0.3565211296081543
506,"The person expresses feelings of loneliness, isolation, and a sense of giving up on relationships, which are all indicative of alienation related stress. The mention of not having friends or family to talk to, as well as preferring to be alone, further supports the categorization into Alienation related stress.","depressed, donít have friends or family to talk to, alone",0.4012691080570221
507,"The writer is clearly experiencing significant distress and heartbreak related to the breakdown of their marriage. The emotional turmoil stemming from the divorce, as well as the regret and self-blame for the pain caused to their partner, is indicative of relationship-related stress. The writer's ongoing struggles with mental health conditions such as PTSD and major depressive disorder further exacerbate the strain on their relationship. The feelings of hopelessness, self-doubt, and thoughts of self-harm also point towards relationship-related stress as the primary category in this scenario.","disgnosed with PTSD after son taken away in custody, divorced, angry, anxious she filed for divorce, dating another man",0.5394093990325928
508,The language and tone used in the premise hint at feelings of alienation and disappointment towards friends. The reference to toxic and disrespectful people suggests a sense of feeling disconnected or alienated within relationships.,toxic and disrespectful friend,0.6692282557487488
509,"The person expresses feelings of hopelessness and dissatisfaction despite having a decent relationship with their wife, indicating relationship-related stress. They also mention past abuse experiences, which could be contributing to their negative emotions and thoughts about themselves and their life. These feelings of being unworthy and not good enough may be fueling the desire to end their life.","at wits end with my wife, even though decent relationship no desire to stay on earth, continue to be unhappy with self",0.5912184715270996
510,"The author's prolonged struggle with depression, even after a year of being on appropriate medication, indicates a medication related stress. The list of things done right, such as attending therapy, taking meds, and going to AA meetings, show a conscious effort to improve mental health. The continued feelings of low energy, hopelessness, self-criticism, and struggles with establishing connections and finding hope suggest that the medication may not be as effective as desired or further adjustments might be needed. The mentioning of uncovering past abuse and experiencing difficulty in connecting with others also point to underlying unresolved emotional issues that may be contributing to the ongoing struggles with depression.","suffered from depression entire life, it got worst last year, on medication, making progress",0.6492042541503906
511,"The person expressed feelings of alienation, worthlessness, and a lack of belonging. They feel disconnected from others and believe that they are not valued or trusted by those around them. This sense of alienation is evident in the way they feel that people do not come to them for help, that their efforts to help others are futile, and that they are unable to positively impact those around them. The mention of feeling like a hypocrite and the fear of hurting others further indicates a deep sense of alienation and disconnection from those in their social circle.","depressed, turn away people, mother has depression, crush hospiatized for suicide attempt",0.34257540106773376
512,"The person is feeling alienated and isolated, as indicated by the lack of friends, inability to socialize, and being bullied by others. These feelings of loneliness and rejection are causing significant distress and reluctance to return to school. The individual's plea for help and desperation to avoid going to school further support the alienation-related stress in this situation.","school is hell, no patience to sit for 8 hours on a chair, have no friends, cant socialize, anxious, angry , frustrated",0.5443244576454163
513,"The person expresses feelings of alienation and a sense of detachment from life. They describe life in a highly pessimistic way, feeling overwhelmed by disappointments, sadness, and problems. They also mention a lack of real reasons to live, indicating a feeling of disconnect and alienation from the purpose of life.","you are born, hdie, attend school, retire, die, so much sadness, no real reason to live",0.4225829243659973
514,"The strong emotions of fiery rage, passion, missing someone like crazy, and resorting to numbing oneself with drugs and alcohol suggest that the writer is experiencing relationship-related stress. The conflicting feelings of hatred, missing the person intensely, and longing for their presence indicate a deep emotional turmoil related to a past relationship.","miss her terribly, love her, miss her, doing drugs and alcohol to forget her",0.4876488745212555
515,"The person's long history of medication for depression and anxiety, alongside their struggles with an eating disorder, suggests a significant level of medication-related stress. The complexity of their mental health issues and the feeling of worthlessness despite trying various treatments indicate a deep-seated internal battle that may be influenced by the long-term use of medication and its efficacy in managing their conditions.","anxiety , depression,abused a s achild, abused by father of child, met wonderful but unpredictable person , left",0.3164876699447632
516,"The person mentions feeling suicidal after losing a friend, having severe anxiety, trouble sleeping, and difficulty focusing on work. These could be symptoms of a mental health condition that may require medication-related stress.","lost a frind recently, depressed, suicidal, ",0.5516027212142944
517,"The person expresses feelings of alienation by mentioning a lack of friends, a hated job, low grades, and a preference for solitary activities like video games and TV shows. Despite the negative feedback received about their life, they have found happiness in their current situation, which indicates a sense of detachment or isolation from societal norms and expectations.","donít have lots of friends, have a job I hate, actually stared enjoying miserable life",0.43323349952697754
518,The person expresses feelings of alienation and lack of motivation to attend school due to personal struggles and the absence of a supportive individual on a specific day of the week. This sense of isolation and detachment from others can contribute to feelings of depression and a lack of motivation.,"donít like school, slef-harm",0.31699231266975403
519,"The person is experiencing feelings of worthlessness, lack of energy, struggles with making friends, and ruining good things in their life. These are common symptoms of alienation-related stress where an individual feels disconnected or isolated from the world around them.","produce is worthlessness, ruin it",0.11669201403856277
520,"The premise describes vivid and painful memories from the author's childhood, focusing on the dysfunctional relationship dynamics within her family. The mention of a mother falling hard for men who then leave, the burden placed on the author to care for her younger sister and mother at a young age, and the emotional toll of witnessing such destructive patterns all point towards relationship-related stress and trauma.","saw it in her mind eye like a movie, mother unwell, lost grasp of reality, caring for younger sister, guys involved with romantically leave",0.5663756728172302
521,"The person mentions experiencing symptoms of depression, feeling lonely, lack of motivation, anxiety, and fear for their life without reason. Additionally, they express a desire to physically and/or mentally hurt others, which could be a concerning symptom. These complex mental health issues may indicate a need for medication-related stress or intervention to address the underlying psychological concerns.","donít think myself as agood perosn, want to hurt people physiaccly and emotionally, no one cares, lonely",0.35734015703201294
522,"The premise suggests feelings of loneliness, isolation, and a lack of connection with others, which are common signs of alienation-related stress. The individual is expressing a deep sense of not feeling loved or supported by those around them, which can lead to feelings of alienation from their social circle.","donít feel loved by people I know, feel lonely and unloved",0.44134798645973206
523,"The person is experiencing deep sadness due to a relationship ending, which has triggered depressive thoughts and behaviors. The emotional distress, lack of sleep, loss of appetite, and comparison to previous negative experiences indicate relationship-related stress and heartbreak.","sinking in depressive state, person I fell in love with decided that they didnít want to be around me, scarred, cant stop crying",0.5254697203636169
524,"The person is displaying symptoms of depression and self-medicating with alcohol, which indicates a medication-related stress. They mentioned feeling like a mess and breaking down into tears after reading about symptoms that resonated with them, suggesting that mental health issues are a significant factor in their current state.","retaking the test, scored another F, formally announcing giving up education, job seeking, incredible anxiety",0.2615898549556732
525,"The individual's mental state seems to be related to their medication as they express concerns about how alcohol consumption may interact with their newly prescribed medication, Citalopram. They are aware of the potential risks and are considering adjusting their drinking habits to avoid any negative effects. The focus on medication and its impact on their lifestyle indicates a stress related to managing their treatment and overall well-being.",prescribed Citalopram 20mg - started treatment today,0.45556092262268066
526,The individual is experiencing medication related stress as mentioned that they are attempting medication for depression and feeling worse than usual. This added pressure of trying medication after two years and feeling no improvement is contributing to their current mental state.,"bheavy burden, dad living in hospital, mom has angina, brother has heart problem, another one does not care, attempting medication",0.40307241678237915
527,"The person's narrative reflects feelings of alienation, inadequacy, and lack of motivation towards their academic situation. They express not feeling smart enough, struggling in English classes, and making mistakes in course selection. These negative emotions and self-doubt indicate a sense of disconnect and alienation from their academic environment and possibly themselves.","not very smart, have taken English, failed freshman Englisgh twice, had to retake sophomore  English, struggled theoruh all other English calsses, anxiety, ",0.421656996011734
528,"The person expresses feelings of loneliness, isolation, and a sense of being forgotten or overlooked by others. The mention of being alone, staying in the house 24/7, having no one to talk to, and feeling that people forget they exist suggests a deep sense of alienation. This can lead to a lack of motivation, feeling inadequate compared to others, and longing for a period of happiness without depression. The individual's yearning for connection and recognition indicates a strong sense of alienation and social disconnection.","dread being alone, no one to talk to, lack motivation",0.6250141859054565
529,"The person expresses feelings of not belonging at social gatherings and parties, wanting to be alone and avoiding festive activities. These emotions suggest a sense of alienation from the holiday season and the expectation to participate in events that are not enjoyable for them. The confusion and frustration related to not being understood by others who expect them to engage in the holiday festivities despite their inner struggles further indicate a state of alienation related stress.","just want to alone at home, donít belong to parties, melancholy blanketing me, deprssion is frustrating",0.4109746515750885
530,"The author of the premise is experiencing mental health issues including bipolar manic depression, medication aversion, and self-loathing. These factors point towards a medication-related stress, as the individual struggles with finding a solution that works for them and addresses their mental health challenges.","nervous break down, lost all confidence, filled with self-loathing, diagnosed with bipolar manic depression, on medication",0.6804711222648621
531,"The person is experiencing symptoms of anxiety, panic attacks, and depression, which indicate a mental health condition that may require medication. The individual mentions feeling uncomfortable, having panic attacks, and experiencing intense depressive lethargy, all of which are common symptoms associated with anxiety disorders and depression. The use of terms like 'anticipatory' anxiety and 'hyperventilating panic attacks' suggest an ongoing mental health struggle that is impacting the person's daily functioning and productivity. The mention of seeking advice from a depression community further supports the likelihood of medication-related stress.","looking for intership (very first job), unsure, anticipatory anxiety, dicomfort to hyperventilating",0.4104008674621582
532,"The person who wrote the premise seems to be experiencing alienation-related stress. They mention struggling with social interactions, finding it difficult to make friends, and feeling disconnected from the relationships they see others having. They express a preference for solitude and struggle with boredom and disinterest in social activities, even though they desire a girlfriend and deeper relationships. These feelings of isolation and the perceived inability to connect with others indicate a sense of alienation from the social world around them.","have few friends, I cut off quickly, especially with women, cannot socialize, want a girlfriend",0.3944385349750519
533,"The person expresses a deep longing for companionship and mentions difficulties in dating due to the fear of sharing their struggles with depression. The fear of rejection and the negative experience of opening up about their mental health to someone they were interested in show a pattern of relationship-related stress. This indicates a strong desire for emotional connection and companionship, but also a fear of potential judgment or abandonment based on their mental health struggles.","alone for 2 years, really terrible, sometimes boring, depression thing",0.37251850962638855
534,"The person is feeling stressed due to the lack of coverage for therapy, the financial burden of medical bills, and the inability to receive treatment for their chronic muscle pain condition. This situation reflects the stress and frustration often associated with medication-related challenges and barriers to accessing necessary treatments.","cant go to therapy, donít even have 2000$ medical bills, feels insurmountable",0.5223008394241333
535,"The person is experiencing relationship-related stress due to the recent breakup with their girlfriend. This has caused a significant emotional impact on their well-being, leading to feelings of brokenness, loneliness, and lack of excitement about the future. The mention of finding joy in making others happy but only being able to focus on their own problems indicates a shift in their usual behavior, which is common in relationship-related stress. The feelings of not being themselves and breaking down randomly are also classic signs of distress following a breakup.","girlfriend broke up, probably gooten worse, spening new year alone, randomly break down and cry",0.5931476354598999
536,"The person who wrote the premise is likely experiencing alienation-related stress. The feelings of being ignored, isolated, and unimportant in social interactions with friends can lead to a sense of alienation. The individual's experiences of being the 'backup person,' feeling ignored by friends, and not receiving support from teachers contribute to a heightened sense of alienation. The situation with the friend changing behavior, making hurtful comments regarding depression, and continuously choosing to play with someone else instead can exacerbate the feelings of alienation and rejection. The person's uncertainty about how to navigate the situation and seeking advice indicate a struggle with finding connection and belonging, highlighting the alienation-related stress they are facing.","live in a  small city, suffering from depresion, sit in hallway of school alone, no one cared, not even teachers, only friend ignoring",0.3307267427444458
537,"The individual is experiencing medication related stress due to the changes in dosage of escitalopram, an antidepressant. The sudden increase from 10mg to 20mg may have led to adverse effects causing emotional instability and uncontrollable crying. The individual's reluctance to seek medical help despite experiencing concerning symptoms further indicates the distress caused by the medication changes.","somebody care about is depressed, on escitalopram for years, feeling very emotional, sounds like drunk, effect of medication?",0.7231078743934631
538,"The person is currently experiencing relationship-related stress. The breakup with their boyfriend of two years has caused them immense emotional turmoil and heartbreak. They express feelings of emptiness, depression, and a sense of worthlessness. They are struggling to come to terms with the end of the relationship and are finding it difficult to move on. The person still loves their ex-partner and is grappling with feelings of self-blame and inadequacy, believing that they should have done more to salvage the relationship. These thoughts and emotions indicate a significant amount of distress related to the romantic relationship dissolution.","boyfriend of 2 yeas broke up on christmas evening, blamed me of ignoring, disappeared and vanished",0.4079660475254059
539,"The person is experiencing relationship-related stress. The interaction with their friend during the debate led to feelings of anger and annoyance, which escalated when the friend started attacking their personality. This behavior triggered a strong emotional response in the person, causing them to feel the urge to inflict pain on themselves to cope with the negative emotions. Additionally, the mention of suffering from depression and drastic mood swings indicates that the person's mental health is impacting how they perceive and react to social interactions, including conflicts with others.","enjoy non seriouds debates with people, argued with my friend, she got aggressive, made me angry and inflict pain on mmyself, suffer from depression",0.5558007955551147
540,The writer expresses a sense of alienation and an inability to be among others for any notable amount of time. This feeling of alienation and isolation is highlighted by the desire to keep to oneself and the lack of essential skills such as cooking and apartment searching. The writer's concerns about not being able to get and hold a job or graduate due to these reasons further emphasize the alienation-related stress they are experiencing. The mention of having minimal expenses and a lack of hope for the future also reflects a sense of hopelessness and isolation.,"moving back home isnt an option, cant gradute therefore cant get a job, donít want to worry about essentials",0.3682524561882019
541,The use of intense language and expression of hopelessness and self-harm suggests a possible medication-related stress. The mention of depression and the feeling of being unable to fix the situation indicate a deep struggle with mental health that could be related to medication issues.,"depression, sleep till 5 or 6, too lazy to clean the room",0.28054890036582947
542,"The person's mental state seems to be related to medication, specifically the anxiety and uncertainty surrounding the effectiveness of the prescribed medications. The individual is seeking reassurance and information about the experiences of others with similar medication, indicating a sense of stress and concern related to their mental health treatment.",prescribed Lexapro. On Busiprone as well,0.22169744968414307
543,"The person who wrote this premise shows feelings of alienation, loneliness, and a strong sense of not belonging. They mention feeling like a failure, losing friends, being betrayed, and not being able to trust people. The individual also struggles with social interactions, feeling resentful towards their boyfriend's social skills and ability to make friends easily. These feelings of isolation, rejection, and not fitting in point towards a state of alienation-related stress.","depressed, bullied, low self-esteem, withdrawal from college,parents acting bummed, boyfriend mad",0.38701894879341125
544,"The described symptoms of feeling anxious during and after meals, feeling vulnerable, and often feeling sick even though not eaten much, suggest a strong association with medication-related stress. It is possible that the person may be experiencing side effects of certain medications they are taking, which are triggering these anxiety episodes. It would be advisable for them to consult with a healthcare professional to address this issue.","horrible anxiety after meals, pit in your stomach, really unpleasant, feel vulnerable after eating",0.7626265287399292
545,"The mention of missing a friend, seeking support, and feeling like falling back into old ways, along with the disappointment of the friend not replying, indicates relationship-related stress.","miss my friend, always got my back, not responding",0.5153290033340454
546,"The person is experiencing relationship related stress due to feelings of guilt, disappointment, and a strained relationship with their mother. The guilt over not opening up about their depression, the sadness of making their mother cry, and the struggle to reconnect and rebuild the bond with their loved one point towards relationship related stress.","depression, mom upset for not spending time with her, didnít tell her it was depression",0.6070903539657593
547,"The person expresses feelings of alienation, inadequacy, and worthlessness throughout the text, indicating a deep sense of disconnection from themselves and possibly others. They feel like they do not belong, are unable to meet expectations, and struggle with self-acceptance. This alienation from themselves and their environment seems to be a significant source of stress and emotional turmoil for them.","masters student on scholarship in Europe, do not understand assignments, how to write a paper, socially awarward",0.15677621960639954
548,"The person is experiencing alienation related stress due to feeling disconnected from their own life, lacking motivation, and slipping into feelings of helplessness and guilt. They express a sense of not being able to enjoy the opportunities available to them, which is indicative of alienation from their own desires and aspirations.","got a job after 6 months of unemployment, , stressful, donít want to stop working for money",0.18485508859157562
549,"The person is experiencing deep sorrow, sadness, and grief for a considerable period, which indicates a severe mental health concern. They have been struggling with depression for the last 10 years, showcasing a long-term and persistent issue. The mention of feeling deep shame, regret, and the inability to concentrate on work further emphasizes the severity of their condition. The individual's hesitation and confusion about seeking help from a psychologist or psychiatrist, as well as their concerns about the effectiveness and side effects of antidepressants, point towards medication-related stress. The desire to find out if their condition is psychological or physiological and the uncertainty about where to start seeking help indicate a focus on medication and treatment options, aligning with medication-related stress.","live in constant agony, no human contact, feel ads and want to cry, happy for work from home, avaoid friends, feel shame and regret",0.4735661447048187
550,"The individual is experiencing multiple sources of physical pain and health issues, including caring for a sick family member, dealing with their own health concerns such as the lump in the breast, and the stress of their dad being in the hospital. These physical health concerns and the overwhelming emotional burden they are carrying contribute to the high level of mental distress and depression, which is often associated with needing medications or professional mental health support.","unending unbearable pain everyday, quit job, not paying coorectly, father hospitalizd, have to look after him, hate him, mom, unwell, brother has heart issues",0.5936383008956909
551,"The person who wrote the premise expresses deep concern and distress about their mother's depression, specifically highlighting the impact of a choice they made regarding their life partner, a girl from a different culture, which has significantly affected their mother. The writer's evident love for their mother, coupled with their feelings of helplessness and concern about the potential consequences of the depression on her life, indicate a significant relationship-related stress. The conflict between the writer's decision and their mother's traditional views, resulting in her depression, weight gain, and isolation, signifies a profound emotional strain within the family dynamic, leading to a fear of losing the mother prematurely due to the depressive state. The writer's inability to physically be there for their mother due to living away from the family adds to their feelings of powerlessness in the situation. The combination of these factors points to relationship-related stress as the predominant mental state in this scenario.","mother fallen into depression, who I  want to spend my life with hit her hard, love her to death , barely left house, gained weight in constant anger",0.5872998833656311
552,"The person's mental state appears to be greatly affected by their relationship with their mother, as expressed disappointment from her has led to feelings of failure and misery. The individual seems to be seeking approval and validation from their mother, which is impacting their self-worth and overall well-being. This relationship stress is causing them to have doubts about their future, leading to existential crisis and uncertainty about the worth of their efforts and aspirations.","failed another semester, mother disappointed in me, distract self with video games, lack of motivation, existential crisis",0.4974936246871948
553,"The presence of constant feeling of running away and longing for something unknown indicates alienation and disconnection from oneself or the world, which can cause stress and confusion.","feel like always running from something, striving and longing for something",0.7684921622276306
554,The person's anxiety about whether taking Lexapro would make them unstable and focused on getting their fix aligns with medication related stress. The mention of being on a specific medication and concerns about its potential effects on behavior indicate a focus on medication-induced anxiety.,"take Lexapro, people on any kind of drug become unsatbel",0.5320206880569458
555,"The person is feeling unmotivated, confused, and self-hating. They are struggling academically and socially, and have had thoughts of suicide and self-harm. These feelings and behaviors indicate a poor mental state, suggesting the individual is in a state of distress. It is important for them to seek help and support to improve their mental well-being."," senior at high school, very unmotivated,everyone sees me as incredibly studpid, I am not dumb, not motivated",0.29299303889274597
556,"The person is experiencing relationship-related stress due to a break-up, feeling isolated from their friend group, and being belittled by their friend. The emotional distress caused by these relationship issues has led to depression and a desire to fit in and do well in the upcoming semester.","depressed after existential crisis, isolating, failed classes, old friends group didnít even contact me",0.5211256742477417
557,"The person who wrote this premise seems to be experiencing extreme emotional distress and heartbreak due to a failed romantic relationship. The intense feelings of betrayal, hurt, longing, regret, and self-blame expressed in the text suggest a strong focus on relationship-related stress. The mention of broken promises, feeling abandoned, and a deep desire for reconciliation and love indicates that the individual is struggling with the aftermath of a significant romantic loss, which aligns with the category of relationship-related stress (C4)","you promised to stay, but leftthe most you wanted from me was pleasure, I will always want you, despaarte for evenn a message from you",0.24830849468708038
558,"The person expresses feelings of disconnection, isolation, and alienation throughout their writing. They struggle with finding enjoyment in relationships, substances, and activities, feeling different from others, not having hobbies or interests, lacking motivation, and even fantasizing about death to escape their current mental state. This sense of alienation and detachment is evident in their experiences with the girl they like, their substance use to numb emotions, their indifference towards the death of their grandfather, and their overall dissatisfaction with life.","met a girl, she likes and cares for me, got intimate but I only care for pleasure, no real friends , no hobbies, grandfather dies, doing drugs, only loud music making me happy",0.277650386095047
559,"The person's use of medications such as Prozac and Abilify for many years, combined with the observation of memory loss, suggest a potential link between the medication and cognitive effects. The concern about memory loss raised by the dietician further indicates a distress related to the impact of medication on mental health and cognitive function.","taking prozac for years, noticed failing memory",0.6825682520866394
560,"The person is expressing feelings of isolation, hopelessness, and a lack of purpose. They mention feeling like a useless number and not contributing to the world, which indicates a sense of alienation. Additionally, they talk about their friends and family not understanding them, further highlighting their sense of being disconnected from others. This alienation-related stress is compounded by their internal struggles and the external issues they perceive, such as climate change and war, which they feel powerless to change or help with.","currently in university because parents told its best for me, kicked out of apartment, failed loads, drunk too much, hate school, see news of climate change, war and horror, useless , destined to work until I die",0.1908552348613739
561,"The writer is experiencing relationship-related stress due to past experiences with their mother, two significant breakups, and negative feedback from their ex-partner. These experiences have led to feelings of worthlessness and loneliness, impacting their self-esteem and ability to trust others. The writer's sense of self-worth and emotional well-being have been significantly affected by past relationship failures, leading to a sense of hopelessness and a desire to escape their current situation.","depressed, mother never paid attention, ex accuses of making her miserable, worst break up in senior year of high school, cheated on me, dad left at 10, worst feelings, lost",0.45759308338165283
562,"The person is feeling medication-related stress due to the therapist's refusal to consider medication as part of the treatment plan, despite the individual's struggles with unbearable anxiety and worsening depression. The individual's desire for psychiatric evaluation and support indicates a need for medication, which the current therapist is not addressing. This is leading to a dilemma of whether to switch therapists to find one who aligns with the individual's medical philosophy or continue with the current therapist despite the lack of support for medication.","unvearable anxiety,  depression has gotten worse, therapist doenst believe in medication, wont refer to psychiatrist, established rapport with her but want to change therapist",0.6098712682723999
563,"The person's mental state seems to be linked to their experiences with medication. Their focus on the physical symptoms and the impact on their mood suggest a heightened awareness and concern regarding the effectiveness of their antidepressants. The ongoing trial and error process with different medications and dosages can lead to frustration and stress, especially when the expected results are not achieved. The mention of the unwell feeling in the stomach specifically tied to the medication further supports the categorization under medication related stress."," been on varirty of antidepressants, mediactions not fully working, feels unwell, cahnges mood, on Brintellix for an year, symptoms arise in early afternoon",0.5192584991455078
564,"The person is expressing feelings of alienation, worthlessness, and hopelessness. They feel like an outcast and believe that others are more successful and fulfilled than them, contributing to their sense of loneliness and insignificance. These thoughts have led them to consider the idea of death as the only way out of their perceived miserable existence.","never change, I am nothing, have nothing, never dated, no drivers licensce, never achieved anything meaningful",0.17907679080963135
565,"The person describes feeling lonely and depressed due to a lack of meaningful social connections, especially after experiencing a sense of belonging and attachment with another person. The sudden change in the relationship dynamic has left them feeling alienated and isolated. Their struggle with shyness and difficulty in socializing further contributes to their feelings of alienation and disconnection from others. The repetitive and uneventful nature of their daily life exacerbates these feelings of loneliness and boredom, leading to a sense of emptiness and longing for meaningful relationships.","got put up in a team work in a university, met a girl, got along well,, had loads of fun, she stopped chatting to me like before, converations donít last as much as they did, sitting alone at home, shy person, feel lonely",0.5247833728790283
566,"The individual who wrote the premise is experiencing relationship-related stress due to the toxic and abusive relationships they have witnessed or been a part of throughout their life. From their mother's abusive partners to their own abusive relationships, they have been exposed to a pattern of unhealthy and harmful behavior within intimate relationships. This has likely led to deep emotional scars and trauma, impacting their view of relationships and causing significant distress.","mthet with random men, not caring, changed houses and schools, counsleors help,changed foster home, put up again with mother, homeschoold, beaten, bullied and abused",0.3257977366447449
567,"The person is experiencing a deep emotional struggle and mentions feeling depressed, having suicidal thoughts, and struggling with their mental health. These feelings are likely impacting their ability to focus on their college assignments and causing them to fear judgment from others. The mention of 'my fucking head not working properly' and concerns about not being mentally capable suggest that the person is under significant stress related to their mental health. These signs point towards a medication-related stress category.","given 2 assignemts, scared of failing, being given an assignment, head not working properly, cant complete the task worried , anxious , depressed",0.4727626442909241
568,"The individual is experiencing a combination of self-destructive behaviors, emotional numbness, suicidal thoughts, and a lack of interest in seeking help or support despite having positive aspects in their life. These symptoms suggest a more serious mental health issue, possibly requiring medication, therapy, or professional help to address the underlying causes of distress.","not eaten for 2 days, smoked 2 packs, stoned, pressurized to live upto expectations, carve intiamte contact, people feel I'm disgusting, unattractive, no confidence, noting makes me happy",0.29311490058898926
569,"The person is struggling with depression, feeling at their worst and having thoughts of ending it all. They mention having a solution to their pain that might cause more pain in a different way, which could indicate medication-related stress. The individual also feels a lack of hope and is in a state of inner turmoil, which are common symptoms of depression that may require medical intervention such as therapy or medication. Additionally, the person discusses the impact of their decision on their family, particularly their father and brother, and the fear of disappointment from their family members. All of these factors point towards the mental state being driven by medication-related stress.","religion, believd in religion and chruch,chruch turned into shaming session, pointing , feel like rude a*****, father feeling like I'm failing him, lost hope , in pain, lonely",0.39893603324890137
570,"The person is experiencing a combination of anxiety, depression, and intrusive thoughts, which led to a scary episode where they contemplated suicide. They mention being on medication with Prozac, which indicates they are under medication-related stress. The person's symptoms, such as feeling odd, high blood pressure, and voice changes, are attributed to migraines, which are known to exacerbate mental health conditions in depressed individuals. The person also expresses feelings of embarrassment and being a sham, which are common responses to mental health struggles, especially in the context of seeking help and medication. Therefore, the individual's mental state aligns with medication-related stress.","anxiety, depression, prozac, intrusive thoughts, bp shot up, pulse plunged, migrane  very painful, feel ashamed and lonely",0.7147825956344604
571,"The writer's mental state appears to be relationship related stressed. They are expressing concerns and struggles related to their husband's depression and its impact on their relationship. The writer is conflicted between feelings of frustration and compassion towards their husband, indicating emotional distress related to the strain on their relationship. They are also seeking guidance on how to support their husband effectively and navigate the challenges in their relationship caused by his depression.","husband diagnosed with depression, unemployed, no degree past high school, expect him to develop a routine, help around house, try to be patient and non-judgemental, donít know ehther to be angry or compassionaote?",0.4052061438560486
572,"The person mentioned struggling with anxiety and severe depression, and trying to find the right combination of medication and the right doctor, indicating medication related stress.","anxiety, severe depression, finding combo of medicine and therapy",0.7613803744316101
573,"The person expresses feelings of alienation, worthlessness, and hopelessness, believing that they are different and do not belong. They feel rejected by others, especially in relationships, and encounter difficulties in forming connections with people. This sense of alienation and rejection contributes to their overall negative self-perception and intensifies their feelings of despair and loneliness.","ugly, fat, no talent, feel will never have a girlfriend. Every girl I met and tried starting realtion with says I am fat and ugly, want to hug a real friend",0.2659027874469757
574,"The person is discussing the symptoms of depression as if it were a physical illness, indicating a focus on the medical aspect of their mental state. They mention feeling like having a cold or flu all the time, suggesting a belief that depression is a physical condition that requires medication to overcome.","hard to overcome depression,physical illness, aches, grogginess, brain fog",0.4819549322128296
575,"The person is expressing frustration and dissatisfaction with their experience with antidepressant medications. They mention feeling good initially for a short period after starting the medication but then feeling worse once the medication levels out. This indicates a state of medication-related stress. The person is questioning the effectiveness of the medications, considering the quick shift in their well-being after starting them. They are also contemplating whether the improvement they initially feel is due to the placebo effect. Furthermore, their mention of still feeling hopeless, worthless, and having passive suicidal thoughts most days despite the medication points towards ongoing struggles with their mental health despite treatment, which adds to the medication-related stress.","best I have ever felt is while on antidepressant, feel good after medication , but feel like crap after medication levels out tired of medications",0.6497278213500977
576,"The person's emotional state seems to be heavily influenced by their past relationship experiences. The narrative indicates feelings of inadequacy, powerlessness, and mistreatment stemming from the toxic relationship with the girlfriend. This relationship has left a lasting impact on the person, leading to feelings of awkwardness, lack of self-confidence, and depression, which are all common signs of relationship-related stress.","hit the gym, lost pounds, saw a therapist, got 3.5 GPA, had a long term girlfriend, she cheated , depression is back with venegence, let her walk over me",0.23315241932868958
577,"The premise reveals a sense of alienation reflected in feelings of lack of purpose, jealousy, feeling left behind, and questioning one's existence. The individual feels disconnected from their peers who seem to have figured out their paths in life, leading to a profound sense of isolation and insignificance. These feelings of alienation and disconnect contribute to the individual's current state of mind.","no purpose, no reason to live, existential crisis, nothing feels satisfying",0.5358443260192871
578,"The person's mental state seems to be primarily influenced by medication-related stress. They have mentioned negative health effects from previous medications and their decision to stop taking them, resulting in increased crying episodes. They also provide insights into the impact of SSRIs on reducing their crying frequency in the past. The mention of dopamine and serotonin further indicates a focus on the chemical aspect of mental health. This suggests a significant concern and attention on medication-related issues, making C3 the most appropriate category.","meds affect helath negatively, anxiety with depression,cry at drop of hat, serotonin, dopamine",0.6360528469085693
579,"The emotions expressed in the premise, such as the desire to lose control, feeling like going back to old habits, shutting oneself away, and expressing embarrassment and annoyance, suggest a high level of distress related to relationships. The author seems to be struggling with feelings of inadequacy, embarrassment, and not meeting external expectations, especially from family and friends. These feelings can be indicative of relationship related stress, as the author grapples with their own self-perception and how they are perceived by others.","failed getting permit first time, felt worst, embarrased before my family, makes me feel stupid, friends say its very easy, cant handle embarrasment, annoyed",0.2552516460418701
580,"The writer's focus on physical pain and sickness, lack of interest in health, and mention of looking into anorexic tips despite being happy with their weight indicate a potential concern related to medication or physical health issues. The struggles with eating and desire to alleviate pain through extreme measures suggest a significant level of distress related to medication or physical health.","eating is very hard, pain and sickness, cant eat without feeling like vomiting, anorexia",0.6214561462402344
581,"The mention of being in the hospital and the need to take short term disability indicates a concern related to medication and health, leading to stress and anxiety.","short term disability, in hospital, scared and nervous",0.7238842248916626
582,"The person is experiencing medication-related stress due to difficulty in finding a psychiatrist and facing long wait times for an appointment. The struggle to get help and the frustration of not being able to see a psychiatrist soon is indicative of the mental health system's limitations and the challenges individuals face in accessing mental health care, especially related to medication management.","psychiatrists  are not taking new appointments, process is nrerve wrecking",0.6273203492164612
583,"The person expresses feelings of alienation and loneliness, stating that everyone around them has friends while they have been alone for a long time. This sense of isolation is causing a deep void within them, leading to a lack of motivation and happiness, to the point where they struggle to even get out of bed. This indicates a significant level of alienation-related stress.","have a great girlfriend, love her, she has friends, I donít, alone, feel void, saps my motivation and happiness",0.3153992295265198
584,"The person expresses feelings of profound loneliness, detachment, and a lack of support both from their current environment and from their past. They feel isolated in a foreign country, disconnected from their 'friends' who do not show genuine care, and apprehensive about seeking help due to fear of stigma, similar to their mother's experience. The belief that they cannot go back home without being seen as a failure highlights their sense of alienation and the pressure to maintain a facade of happiness to avoid burdening their family. These feelings of alienation and social isolation are strong indicators of the mental state being categorized as Alienation related stressed.","mom had undiagnosed depression, she tried to kill her self, feel alone , have friends who donít support me, cant move back home",0.3993293046951294
585,"The individual is in a medication related stressed state. The mention of self-diagnosing, feeling guilty about their mother's reaction to their depression, and lying about needing professional help and medication indicates a significant internal struggle with seeking treatment. The fluctuation between feeling good, content, and happy to slipping back into depression and contemplating suicide suggests a serious mental health concern that may require medical intervention. The individual's uncertainty about whether to be concerned or not, and their inability to confide in their mother to seek professional help, further highlights the stress and confusion surrounding medication and professional treatment.","self-diagnosed, confessed to mother, she felt guilty and aweful, lied donít need medication or consultation, feel terrible,",0.6431883573532104
586,"The individual in the premise is displaying significant stress and anxiety related to their family's long history of mental health issues, including bipolar disorder, OCD, manic depression, and depression. The fear and reluctance towards seeking help, as well as the concerns about being prescribed medication like their brother, indicate a high level of stress related to medication. This suggests that the person is experiencing medication-related stress, which is further emphasized by their feelings of paranoia and anxiety surrounding the thought of taking medication.","famiy has long history of mental health, thought I was expectation, sister is bipolar, OCD, brother lost fight with depression, have anxiety,5 years of downhill, exhausted, cried for 32 days straight, part of me has literally given up",0.4866693317890167
587,"The person is feeling lonely and depressed primarily due to unrequited feelings for a girl they like. The fear of rejection and the potential impact on their work relationship with the girl is causing them stress and sadness. Additionally, the mention of being self-conscious about their appearance and lack of dating experience indicates relationship-related stress and low self-esteem.","usually extrovetred and have friends, feeling lonely  and deprressed because of a girl, fat and know how bad I look, liked a girl at work , have feelings, did not confess, cant handle rejection, feel depressed and lonely",0.6435929536819458
588,"The mention of specific medications and their dosages, along with the focus on side effects and lack of desired improvement in mental state, suggests that the person is under medication-related stress. The individual is expressing frustration with the current treatment approach and seeking alternative methods to cope with depression and suicidal thoughts.","cymbalta, vraylar, lithium, side effects but nullify depression",0.485703706741333
589,"The person is exhibiting feelings of alienation and isolation in multiple aspects of their life. They feel misunderstood and pushed away both at work and within their family. They express loneliness, a lack of support, and a disconnect from the world around them. These feelings of alienation are contributing to their severe depression and making them consider drastic actions. The person's focus on feeling distant and isolated from their general surroundings further supports the categorization of Alienation related stressed (C5).","depression, only time feel not crushed is when in bed, at work everyone is against me, gossip and bicker, at home responible for younger sister, mother uninvolved due to mental illness, no girlfriend, donít sleep much, isolated",0.5416197776794434
590,"The person's feelings of alienation from society and lack of direction, along with questioning the essence of being and their own inability to make positive changes, suggest alienation related stress. The individual's detachment from conventional social norms, such as being a loner, and their contemplation of hiring someone to simulate a subconscious driving force for personal progress indicate a sense of disconnection and alienation from societal expectations and mechanisms for personal growth."," no job since out of military, selling house, neuroticism, cynicism, considering paying for expensive non-a counseling",0.28077322244644165
591,"The person seems to be experiencing a strong sense of alienation after moving to a new city away from family, friends, and their ex-significant other. This feeling of loneliness and isolation is greatly impacting their mental state, leading to symptoms of depression, disordered eating, excessive sleep, and feeling overwhelmed with work. The person's struggle to find a balance between giving up and trying to stay afloat reflects a deep sense of disconnection and alienation from their current environment and situation. It's important for them to address these feelings of isolation and seek support to navigate through this challenging period of adjustment.","moved to new city from family and friends and ex, all I did was work, thrown into job without sleeping or eating, cant help breaking down in middle of day, giving up, feel pathetic",0.5213532447814941
592,"The person is experiencing alienation related stress due to feelings of not belonging in their family and city, lack of a support system (friends), and the threat of being kicked out of their place of living. These factors are causing a sense of isolation and hopelessness, contributing to their struggle with anxiety and depression.","seems like put into a family I donít belong, never found good enough job to sustain self, got straight A's cant find job, dad calls me useless and lazy, will be thrown out if donít find a job by tomorrow",0.35858750343322754
593,"The person is feeling relationship-related stress and guilt over the breakup, accompanied by symptoms of bipolar disorder, OCD, and anxiety. This suggests a significant emotional reaction to the end of the relationship and a sense of responsibility for its failure, which are common in relationship-related stressed individuals.","she feels hapy after break up, feel like its my fault to lose her, bipolar disorder, OCD and anxiety",0.6522369384765625
594,"The use of terms like 'Lexapro/Cipralex meds,' 'emergency appointment with the doc,' 'ran out of my meds about a week ago,' and describing symptoms like 'weird pulses in my head, lots of cranial pressure and ringing in the ears' indicate a medication-related stress. The individual is concerned about the effects of running out of their medication, experiencing withdrawal symptoms, and seeking advice on the matter.","Lexapro/ Cipralex a week ago, have an emergency meeting tomorrow",0.5542615652084351
595,"The person seems to be in a relationship related stressed state, as they express a need for mutual sharing and support in dealing with problems, indicating a desire for emotional connection and understanding in a relationship context.",looking for someone to talk about their problems and hear mine,0.22926920652389526
596,The mention of unhelpful family and the struggle with maintaining fake smiles and plastic personalities suggest relationship-related stress.,"they leave you incredibily exhausted after smiling, unhelpful family tried get out off to your business, fake smiles",0.581142246723175
597,"The premise discusses feeling lonely, hopeless, isolated, and not enjoying things like dinner anymore, which are common signs of relationship-related stress. The person is expressing how trying to seek solace or validation in a romantic relationship doesn't make things better, but rather adds more pressure and contributes to feelings of loneliness and isolation.","marry you, swear their everlasting love to you, donít have freedom to break up and cry, instead go to bathroom , cry act cheery and happy",0.35400599241256714
598,"The person seems to be experiencing stress and discomfort due to medication-related issues. The initial positive impact of the new medication greatly improved their mental state, but the subsequent severe side effects caused them to discontinue it, leading to a significant decline in their well-being. The desperation expressed in the text, the mention of feeling worse off than before taking the new medication, and the emotional distress all point towards medication-related stress as the primary cause of their current state.","psychologist gave new med to try, it was amazing asked to stopas new med mess with stomach, upset stomach, making me vomit",0.5058050155639648
599,"The person is feeling alienated and disconnected from others due to various experiences throughout their life. They describe feeling different or 'slightly off' compared to others at school, being in a separate section for 'special' students, and struggling with social interactions and anxiety. These feelings of alienation and not fitting in have likely contributed to their deteriorating mental state, leading to depression, suicidal thoughts, and substance abuse as coping mechanisms. The person's use of substances like weed, alcohol, and tobacco may be a result of trying to alleviate the feelings of being an outsider and cope with their emotional distress. It is crucial for the individual to seek help and support to address these underlying issues and work towards improving their mental well-being.","getting older noticed brother called me reatrded, people looking at me wired,  wnet to alternative school for getting into trouble, second semster , put into speacial weight lifting, smoke weed twice a week",0.4571363031864166
600,"The individual is experiencing relationship-related stress and depression. They express feelings of inadequacy, dependency on their former partner for happiness, and a deep sense of loss and emptiness after the breakup. The person's thoughts of not being good enough, wanting to die because they can't be with their ex-partner, and feeling the need to be with her constantly to feel happy indicate a significant level of distress related to their romantic relationship. Additionally, they mention their inability to function without their partner and feeling like a burden to their friends, further emphasizing the impact of the relationship issues on their mental state.","feel unmotivated, loved a gril, she loved back but Iscrewed things, she's gone, broke up, smoke and drinkgot into an injury after break up, depressed, alone , confused",0.5997352600097656
601,"The person is experiencing feelings of alienation, emptiness, and lack of pleasure in activities that used to bring joy. They express a sense of detachment and disconnection from their usual interests and are struggling to find fulfillment, indicating alienation-related stress.","constantly upset , feel I have no free time, feel low, nothing gives me pleasure or makes me happy",0.5262479186058044
602,"The person who wrote the premise seems to be experiencing relationship-related stress. The individual's initial inclination towards helping and fixing people, as illustrated by their description of being a people-pleaser, likely contributed to the development of a close relationship with the complex girl they describe. The emotional investment and care put into this relationship created a vulnerability that was exploited when the girl started reverting to negative behavior. The emotional turmoil, mental breakdown, and eventual heartbreak following the breakup suggest a significant level of stress associated with the dynamics of this romantic relationship.","people pleaser, thatís how relationship started, saw complex, interesting girl, there were so many things with her behaviour, never stopped caring , went back to old ways, was being disrespectful, cycnical, feel alone",0.5979615449905396
603,"The person is experiencing relationship-related stress. The mention of feeling like letting their girlfriend down, fear of losing her, and being isolated from friends and family indicates a significant level of distress in the romantic relationship. This, coupled with the desire to become a functioning member of society, suggests a deep impact of relationship issues on their mental state.","promised girlfriend not cut self, donít want to let her down or live I fear, friends donít talk, family doesnít care",0.4159891605377197
604,"The language used and the feelings of inadequacy, loneliness, and constant exclusion suggest alienation related stress.","sad all of the times, being lonely does not help, want to be happy, friends hate me, socially awakward, ugly anfd fat",0.3717533349990845
605,"The person who wrote the premise is experiencing a deep sense of alienation and isolation in multiple aspects of their life. They feel disconnected from their school environment, unable to form close relationships with peers or have a positive experience with teachers. Additionally, they are struggling with the sudden and isolating change of moving to a remote location that they dislike, feeling alone and unhappy in their new surroundings. The lack of good internet and limited contact with their online friends contributes to their feelings of distance and disconnection from their social circle. The overall theme of feeling isolated, unheard, and unable to connect both in their physical environment and with their social circle indicates a strong sense of alienation-related stress in this individual.","junior and straight A student, abhor school, no cloase relationships with anyone, no social lifewnat to drop out, parents not know of pain and discourse they are putting me through, shifted to new property, I hate it so much, want someone to acknowledge my pain",0.4144185185432434
606,The person's hesitation to accept help from others and the overwhelming urge to run when people express support indicates a sense of alienation and disconnect from others. The act of expressing these feelings through drawing and seeking validation from strangers online further suggests a feeling of isolation and a lack of understanding or support from their immediate social circle.," hesitant to accept help from others, overwhelming urge to run   when people sextend support",0.652112603187561
607,"The language used in the premise suggests feelings of alienation and disconnect with others, as the person mentions feeling like no one listens to them and struggles to communicate face-to-face with peers. They also express difficulty in describing their emotions to the therapist and feeling misunderstood. This sense of isolation and inability to form meaningful connections with others points towards alienation related stress.","I have Touretts, wake up feeling looming ball of sadness and stress, getting Cs and Bs,, kept lieing to therapist, cant find happiness toutette is out of control",0.2981727123260498
608,"The person is expressing feelings of alienation and disconnect from their surroundings. They mention pushing away friends, feeling stuck in a mental state of gray, and feeling hurt inside. They also feel like they cannot express their true feelings and have created a reputation for themselves that adds to their sense of alienation. This sense of detachment and isolation points towards alienation related stress.","diagnosed and only 15, washed up state of grey, manages to push away all of my ""friends"", cried for 45 minutes in class, noone noticed",0.34318143129348755
609,"The person is experiencing a long-standing struggle with depression, self-medication, and feelings of loneliness. Their mention of being in and out of depression for most of their life, self-medicating with weed, and expressing the need for something drastic like considering antidepressants indicates a significant concern with mental health and the effectiveness of medication in managing their condition. The person is feeling lost, without direction in life, and is on a constant emotional seesaw between extreme lows of depression and extreme highs of serious anxiety. These factors point towards a predominant stress related to medication and the challenges of finding effective treatment for their mental health concerns.","diagnosed, slef-medicating, massive breakidown/depression, family not supportive, work at s**88 bank, feel so lonely, depression, serious anxiety",0.4860135018825531
610,"The premise indicates relationship-related stress with themes of heartbreak, isolation, and thoughts of self-harm and suicide.","you used to make me die insideyou were all I have, numb to pain ",0.23602858185768127
611,"The person's mental state seems to be heavily influenced by their struggles with severe depression, anxiety, PTSD, and the lack of proper mental health support. The individual has experienced challenges in finding effective therapy, medication, and support systems. The medication-related stress is evident in the account of ineffective treatments, misdiagnoses, and the sudden denial of care and medication coverage. These issues have likely exacerbated their existing mental health conditions and contributed to a sense of hopelessness and desperation, further highlighted by financial struggles, job rejections, impending homelessness, and the fear of losing important relationships.","severe depression and anxiety, tried therapy, nothing changed, once I found out she wasnít not a therapist but a temp",0.5329931974411011
612,"The person expresses feelings of alienation, loneliness, and low self-esteem, indicating a sense of disconnection from others and society. They mention a lack of physical touch and emotional connection, coupled with difficulty in reading emotions and connecting with people due to Asperger's. These aspects contribute to their belief that they will never find someone who can understand and accept them, leading to thoughts of self-harm and suicide as a result of prolonged social isolation and feeling disconnected from others.","diagnosed with aspergers, hard time reading emotions and connecting with people",0.6813115477561951
613,"The person is expressing feelings of loneliness and isolation by mentioning that they are in a bad low and can't reach out to anyone. This indicates a sense of alienation and disconnect from others, leading to emotional distress.",cant reach out to anyone,0.31661683320999146
614,"The person is experiencing a combination of anxiety, depression, and existential worry, and has been struggling with their mental health for some time. They have been taking multiple medications such as Zoloft and Pristiq, with no significant improvement in their mood. This indicates medication-related stress and frustration due to the lack of positive outcomes despite undergoing treatment.","incredibly frustrating and scary time of life, been on zoloft 50 mg, 25 mg for anxiety and depression, feel empty and alone, 100 mg of pristiq",0.805129885673523
615,"The person seems to be experiencing alienation-related stress. They mention feeling isolated in their hometown, lacking friends, and facing negativity from people who know them. This sense of alienation is further highlighted by their introverted nature and disinterest in socializing in typical settings like bars. The fear of things not improving elsewhere and the sense of bleakness in life also indicate a feeling of detachment and loneliness, which are common characteristics of alienation-related stress.","lucky to still live at home with caring brother and mother,people donít really know me, pushed people away, preety introverted",0.36928653717041016
616,"The use of emergency xanax indicates a medication-related stress. The individual's description of panic attacks, crying, insomnia, feeling of hopelessness, and numbness despite self-care efforts all point towards a mental health condition that may require medication intervention. The reliance on medication to manage the overwhelming emotions suggests a significant level of distress related to the mental health issue.","panic attack, crying, freaking out, insomnia, feelings of black hole of hopelessness, self-care emergency xanax, feel dead and hopeless",0.6160292029380798
617,"The person expresses feelings of betrayal, loss, heartbreak, and loneliness stemming from a significant and traumatic event involving a romantic relationship. The mention of being in 'love' and the subsequent spiral into unhealthy coping mechanisms such as excessive drinking, partying, drugs, and suicide attempts point towards relationship-related stress. The individual mentions losing true friends due to abusing their kindness and feeling abandoned by their demographic, indicating a deep emotional impact on their relationships.","lost a signifcant other to best friend who enjoyed sex with her, other friends abuse my kindness, long and lonely road",0.528051495552063
618,"The person's mental state seems to be primarily characterized by feelings of alienation and disconnect from their emotions, as well as a lack of willingness to live. They mention experiencing depression, anxiety, and suicidal thoughts for several years. The premise describes a situation where they expressed a desire to refuse treatment in the face of a serious illness, highlighting a sense of detachment from life and a deep emotional struggle. The revelation of their parents' genuine concern for their well-being and the realization that there are people who care about them seem to have had a profound impact on their perspective and emotional state. This experience has brought about a shift in their mindset, making them reconsider the importance of their life and the impact of their actions on others.","realized parents actually care for me, almost in tears",0.4076327979564667
619,"The person feels alienated and frustrated with how society treats mental health differently based on gender. They perceive a bias in the way people react when women express their feelings of depression compared to when men do. This bias leads to a sense of alienation and isolation, causing the individual to question societal norms and expectations regarding gender and mental health.","friendly with me until find out about my depression, when guys talk about feelings of depression,no one pays attention, okay if girls are depressed, not okay if boys are",0.43385714292526245
620,"The person expresses feeling hurt, angry, and longing for their ex-partner, indicating relationship-related stress. The belief that the ex-partner was their last chance at happiness and the fear of being alone forever further emphasize the relational distress they are experiencing.","angry at her for going back to boyfrien who dumped her, my last chance of happiness, doomed to be alone forever",0.4496884346008301
621,"The person is experiencing alienation related stress. They feel disconnected from their passion for music, which was supposed to bring them joy and fulfillment. Instead, they are overwhelmed by feelings of social anxiety, perfectionism, lack of trust, depression, and envy. The pressure to conform to the modern idea of following one's passion has led to disappointment and mental exhaustion, making them question the worth of pursuing their interests. Additionally, the lack of understanding and support from others further contributes to their sense of alienation and hopelessness.","job led me to social anxiety, perfectionism, lack of trust, depression, mentally exhausted",0.40577536821365356
622,"The person who wrote the premise is experiencing alienation-related stress. They feel ostracized, misunderstood, and pressured to conform to societal norms that do not align with their personal identity. The individual expresses feelings of bitterness, emptiness, and a sense of being devalued by others. They struggle with the internal conflict of wanting acceptance for who they truly are, rather than being forced to change or fit into a mold that doesn't reflect their authentic self. The pervasive sense of alienation and lack of validation from others is causing significant distress and a profound sense of isolation.","demeted perversion of darwinism suggets I'm unfit, condemned for not being endlessly adaptaple, you are a square peg trying to fit in square peg, only hope someone will value me",0.3694953918457031
623,"The person expresses feelings of alienation and not belonging due to being adopted into a white family, living in a predominantly white area, and feeling like an outsider. These experiences have contributed to the individual's sense of not fitting in and struggling with their identity, leading to a sense of alienation. The person's difficulties in social interactions, especially in the context of dating, further exacerbate these feelings of not being accepted, adding to the alienation-related stress.","Asian male adopted into a white family, felt like an outsider, love my parents, in college faced rejectionby girls, being constantly rejected is crushing me",0.5148190855979919
624,"The person expresses feelings of longing for meaningful connections and friendships, highlighting a sense of alienation and isolation. The comparison of their current lonely state to the friendship of Max and Cloe indicates a desire for genuine relationships and belonging, suggesting alienation-related stress.","long for freindship, never had close friends, spent entire life alone",0.44407883286476135
625,"The person's feelings of loneliness, concern about not having friends or a romantic partner, lack of dating experience at the age of 33, and worries about red flags suggests relationship-related stress. They believe these factors may hinder their chances of being in a relationship, leading to feelings of insecurity and a desire to focus on improving themselves to attract potential partners.","lonely person, no friends or girlfriend, never been in a relationship, no one wants to make frind with older you",0.600043535232544
626,"The premise exhibits a lot of emotional distress and pain related to a toxic and abusive relationship. The person expresses feelings of being unloved, hurt, and used, as well as struggling with self-worth and self-harm. These are indicative of relationship-related stress, particularly from the experiences described with the ex-partner who exhibited abusive behavior. The individual's sense of hopelessness, despair, and self-blame further align with the aftermath of a troubled relationship, making Category 4 the most appropriate classification.","I am damaged and unable to mintain friendships,  helped him with two abusive relations, broke up with them , aksed me out, mocked at how skinny, pale I am,,scars are noticible",0.4153224527835846
627,"The person who wrote the premise appears to be experiencing feelings of alienation and disconnect from themselves and those around them. They mention feeling like everything is wrong, questioning the authenticity of relationships, and being hesitant to burden others with their problems. This sense of not belonging, lack of self-worth, and constant doubt about interpersonal connections point towards alienation-related stress.","sit and cry for no reason, nothing feels correct, afraid of upsetting people, ",0.3147588074207306
628,"The person is experiencing feelings of emptiness, isolation, and alienation due to the breakdown of various relationships in their life, such as with friends, family, and their girlfriend. This sense of disconnection and lack of emotional response indicates alienation-related stress.","lost touch with friends, shut my paretns out mediocre relations with girlfriend who cheated on me, want to feel anger be upset",0.28266435861587524
629,"The person expressing feelings of alienation, self-doubt, self-criticism, and questioning the value of existence, indicating a sense of disconnection and isolation from others. The mention of feeling ugly, unattractive, and having a stutter further reinforces this idea of feeling disconnected from society and struggling with self-acceptance.","mom killed herself, I am ugly and unattractive, stutter, she was the only person ever in my life",0.3602961301803589
630,The person is describing symptoms related to depression and mentioned being on multiple antidepressants. The use of strong language and feelings of hopelessness and low motivation indicate high stress levels related to medication and mental health issues.,"incredibly tired and lethargic lately, on 3 anti-depressants, citalopram, wellbutrin and elavil, no motivation, at new low point in life",0.5597548484802246
631,"The person expresses feelings of alienation and disconnection throughout their college experience. They mention feeling out of place at both schools, not being able to afford the college they wanted, experiencing depression, hating the courses they tried, and feeling worse when comparing themselves to their peers who are graduating. This sense of not fitting in, lacking direction, and feeling behind can be indicative of alienation-related stress.","hated both schools, only took a couple of classes as depression hit me, still donít know what I want to major in",0.41447779536247253
632,"The person's feeling of alienation and isolation arises from the fact that they are struggling with terrible memory. This memory loss is causing misunderstandings and conflicts with peers, friends, teachers, and family members, leading to feelings of being different, inadequate, and disconnected from others. The repeated incidents of forgetting important information and failing to remember past experiences have created a sense of alienation and distress in the person.","struggle with memory, bug friends, irritate teachers, forget my age, siblings make fun",0.3736572265625
633,"The individual's discussion around taking Prozac medication, visiting a psychiatric facility, and mentioning depression as part of who they are, suggests that they are dealing with mental health issues that require medication. The individual's stress seems to be medication-related, as indicated by their reliance on Prozac to manage their depression and the unhealthy coping mechanism of drinking to release inner thoughts. Additionally, the individual's self-destructive behavior and conflicting emotions around their father's passing further point towards a medication-related stress.","prozac 60 mg,depression, dad dying,  want to be a psychiatrist like father,just want to vent",0.6453812718391418
634,"The person is in a mental state of distress due to being on medication, as indicated by the mention of starting meds, having them upped, and being given a pill to stop panic attacks. The added stress of dealing with the death of a loved one further exacerbates their emotional turmoil, leading to a sense of numbness and feeling overwhelmed. The reliance on medication and the intensity of the situation suggest a medication related stress.","started medication, doctor gave medication to reduce panic attack, dad's girlfriend died, I'm drowning",0.5308955907821655
635,"The individual is experiencing relationship-related stress due to concerns about job performance and the uncertainty of their future in the company. The pressure to excel at work while also wanting time for themselves is causing a strain on their mental well-being. Additionally, the mention of slobbing on the couch and seeking relief through watching comedies may indicate a coping mechanism to deal with the stress and uncertainty. The recent conversation with bosses about performance and the feeling of reluctance to go to work every morning are contributing factors to the relationship-related stress in this scenario.","began working in december, bosses not happy , thought I could handle criticism, had flu for 3 weeks, stressed, depressed,",0.347236692905426
636,"The person is experiencing a deep sense of alienation, feeling disconnected and unable to find meaning or purpose in a world where everyone else seems happy and motivated. This alienation is leading to a profound feeling of hopelessness and despair, making them question the value of their own existence. The person's struggle to fake emotions and reactions, coupled with thoughts of suicide, reflect a profound sense of isolation and lack of connection to others. The fear of hurting their remaining family members by ending their own life highlights the intense burden of alienation and lack of support they are currently facing.","people look like they have passions, interests and things to live on, I lack everyting, mundane, pointless, life is painful, alone",0.546745777130127
637,"The author of the premise is experiencing alienation related stress. They feel isolated, rejected, and unappreciated by their classmates and teacher. Despite their efforts to contribute positively by cleaning the classroom, they were met with ridicule, rejection, and a sense of being unwanted. The author also expresses feelings of betrayal and heartache in their interactions with someone they liked, adding to their sense of loneliness and misery. The consistent negative experiences with their peers and lack of recognition for their efforts contribute to a profound feeling of alienation in the author's mental state.","no one accepts my opinion, calls me studpid, useless person, girl I like does not reciprocate",0.13268107175827026
638,"The premise reveals a deep emotional attachment and longing for a specific person, Annie. The writer expresses feelings of love, admiration, and dependency on Annie's presence for emotional stability. The mention of fantasies of being together, feelings of despair after separation, and reliance on her for mental well-being all point towards relationship-related stress and a significant focus on their interactions with Annie.","the girl I liked does not like me,negative thinking, depression, existential crisi",0.3170819878578186
639,"The individual is experiencing alienation related stress. Despite achieving success in various aspects of life - academics, career, social interactions, the person feels a deep sense of disconnection and disillusionment with the corporate world. They express feelings of emptiness, lack of purpose, and a profound sense of detachment from societal expectations and norms. This alienation from the capitalist system and the pursuit of material success is evident in their desire for a life free from the constraints of work, money, and responsibilities. The individual is overwhelmed by the repetitiveness of their daily routine, feeling trapped in a cycle of monotony and yearning for a way out that seems elusive. These sentiments suggest a profound sense of alienation and existential crisis, leading to feelings of hopelessness and a desire to escape from the pressures of modern life.","always had depression come and go, never had close friend, can eaisly spend a month without human contact, good job,feel lonely, lost,confused",0.33962810039520264
640,"The language and sentiments expressed in the premise suggest a deep sense of ongoing struggle and frustration with trying to 'become normal' for several years, despite repeated attempts to 'reset' without success. The mention of tracking the number of days since the last breakdown and the consistent pattern of falling down after getting up indicate a long-standing mental health issue that has not been effectively addressed. The desire for divine intervention and a guiding hand also point towards a feeling of hopelessness and helplessness in finding a solution independently. These signs align with the challenges often faced by individuals dealing with long-term medication-related stress.","trying to become normal, havent found solution, cycle wont end, need divine intervention",0.5082295536994934
641,"The writer expresses feelings of self-doubt and low self-esteem, particularly in relation to friendships. The negative self-talk and belief of being a burden to others indicate a relationship-related stress.","pessimistic, depressed, drain people with sadness",0.43075114488601685
642,"The individual feels isolated and misunderstood by others, leading to a sense of alienation. They describe a situation where sharing their feelings of sadness causes others to panic and distance themselves, even professional counselors, which reinforces their fear of being sent away to a facility. This sense of not being able to connect with others and fear of being ostracized contributes to the alienation related stress.","people need to call some place to apprehend me, I scrae people even counselors, Iam scared depression will send me to jail or some facility",0.35395538806915283
643,"The writer is experiencing relationship-related stress, particularly due to feeling guilt and inadequacy towards their girlfriend because of financial constraints preventing them from getting her a birthday gift. This is causing significant emotional distress and feelings of being broken.","depression runs in the family, girlfriend calls me selfish for getiing her anything for her birthday, not even a card, she knows about debt, some of it is hers, lonely, lost, broken",0.5188211798667908
644,"The person is experiencing relationship-related stress. The loss of close relationships, including the breakup of the band, the fight with the best friend, and the end of the romantic relationship, has deeply affected their mental state. They express feelings of abandonment, lack of self-worth, and fear of forming new relationships due to the fear of being left again. This sense of loss, confusion, and emotional pain points towards relationship-related stress as the predominant factor causing their current state of discouragement and feeling trapped.","band  broke up, fought with best friend, donít deserve losing everyone, afraid to make new friends,new friends will leave me, donít want to burden people",0.45755499601364136
645,"The author expresses feelings of alienation and being overwhelmed by the negative aspects of the world. They mention feeling disconnected, losing faith in their beliefs, friends, and hopes. This sense of isolation and despair is indicative of alienation-related stress. The author's focus on societal issues and feeling upset by the exploitation and violence they see could be contributing to their feelings of being out of place in the world.","does mind rule body or body rule the mind,at  strange place, family history of depression, I see how sex is exploited, seeing hate and violence on tv gets me ",0.24257394671440125
646,"The person who wrote the premise is experiencing feelings of alienation and loneliness, as they describe themselves as a very quiet individual who doesn't get much attention. They have spent the night drinking, smoking, and crying, feeling that their 18 years of life have been dull and boring. These feelings of isolation and lack of accomplishment leading up to their 18th birthday indicate a sense of alienation from society and a desire for connection and support from a community.","very quiet person, tomorrow 18th birthday, lonely tonight so dull, spent night crying, smoking and grinking",0.664786696434021
647,"The premise describes a person who is experiencing severe depression, has frequent thoughts of suicide, and has not found help through therapy. The individual is struggling with feelings of self-hate and a sense of living for others rather than themselves. These are characteristic symptoms of a mental health issue that may require medication to manage. The person's fear of burdening others and desire to keep up a facade of happiness suggest a significant level of stress related to seeking and receiving appropriate medication for their condition.","walked first day of school as depressed kid, made some grate friends, want to kill self but concerend about friends, family and everyone in contact, keep smiling and repress emotions",0.5396376848220825
648,"The person's description of feeling like 'nothing matters' and being disgusted with aspects of life, as well as struggling to find meaning and purpose, points towards a sense of alienation and disconnect from society. The individual expresses difficulty in building meaningful relationships and finds it challenging to reach out to others in a superficial society. The feeling of dread and the desire to escape the pain by contemplating ending their suffering emphasizes the sense of being isolated and disconnected from the world around them.","brain struggles , disgusted with things like religion, no choice in existance, disgusted with life, want to socialize and build relations, unable to do sosuperficial relations dominate",0.5056710243225098
649,"The person's description of feeling emotionally numb, wanting to cry but being unable to, and feeling a lack of emotional connection along with the mention of being generally passive and dealing with self-esteem issues indicate a potential medication-related stress. The individual might be experiencing a sense of hopelessness and contemplating suicide as a way to find relief from their emotional struggles. The belief that suicide might bring eternal peace also suggests a disconnection from current reality and a possible reliance on certain beliefs or perceptions associated with their mental state.","generally depressed perosn, hyper-aware of my situation, immense pressure inside me, I need to turn valve but cant find a rigth one, super emotional, still love ex girlfriend",0.3444547653198242
650,"The person is in a state of distress and is expressing thoughts of not wanting to live. However, the fact that they reached out for help, even though it caused panic, shows that there is a part of them that desires to feel better. The kind and calming approach of the woman on the phone also indicates that there are individuals willing to support them in difficult times. Therefore, the overall mental state of the person seems more indicative of being in distress rather than directly related to a particular external factor like job, career, medication, relationship, alienation, bias, or abuse.","I am a minor, went to therapy, she called parents to inform , I panicked, donít want to live",0.35156843066215515
651,"The person seems to be experiencing relationship-related stress due to their complicated relationship with the girl they like. The mixed signals from the girl, such as being flirty with others but wanting to dance with him in private, are causing confusion and insecurity. The person is feeling hurt and unsure about the girl's intentions, leading to emotional turmoil and stress.","girl I like is flirty, thatís why we are not together, she found some one , went out with him, affected me when flirted with one of my friends,but she wanted to dance with me, girls are complicated, is she playing with me",0.4797487258911133
652,The person is going through a medication-related stress by mentioning their experience with depression and recently started taking antidepressants. The description of feeling numb and the desire to feel intense emotions indicates the impact of the medication on their emotional state.,"spent whole of last year depressed, anti depressaents, I realize foe how long I was numb for, intense feelings would be a welcome change from the void I was in",0.5699083805084229
653,"The person's mentions of depression, engaging in bad habits and behaviors as a coping mechanism, and feeling like the depression messes with anything that goes good in their life all point towards a medication related stress. The individual seems to be struggling with the impact of depression on their behavior, hindering personal growth, healing, and success. The mention of episodes and how depression affects their relationships, jobs, and family ties indicates a significant level of distress related to their mental health and the medications they might be taking or considering.","depression, started being late for work, calling in more, wont fire me, depression ruining jon=bs, family, relationships",0.5148055553436279
654,"The individual's feelings of emptiness, detachment, and the inability to experience emotions indicate a sense of alienation. They describe a long-term struggle with feeling disconnected from themselves and others, as well as with a sense of disconnection from their own emotions. The desire to feel something, even resorting to trying to provoke anger to feel alive, reflects a deep sense of estrangement and alienation.","feel like going through motions, feel nothing, like hamster in a wheel, family disappointment",0.4209550619125366
655,"The person expresses feelings of alienation, inadequacy, and frustration due to their perception of being different from others. They feel isolated and unable to relate to their friends and family who excel in school, which contributes to their negative emotions and the sense of difficulty in their current situation. The individual's longing for understanding and support, along with their struggle to meet academic expectations and societal standards, indicates a state of alienation-related stress.","worst scores in my class, no one in family is helping, want to drop out, havent been going to school, tired of staying at home",0.27848944067955017
656,"The person appears to be under Relationship-related stress. They mentioned the loss of a significant relationship that left emotional scars, loneliness, and a longing for connection. The individual also expressed feelings of disconnection from friends and family, and an inability to find solace in their company. These relationship-related struggles seem to be a major source of distress and contribute to the ongoing feelings of depression and isolation.","living with grandmother to care, lost two aunts, got out of a six year old relationship, batteling with lonliness and depression",0.5365251302719116
657,"The inability to speak fluently and experiencing speech difficulties can be symptoms of anxiety disorders, such as social anxiety. The frustration and fear associated with not being able to articulate words may exacerbate the underlying lack of self-confidence, amplifying the anxiety further. The mention of training to control breathing, slow down speech, and mentally rehearse sentences indicates that the individual is trying to cope with the issue, which aligns with the experience of someone dealing with medication-related stress in managing their symptoms.","cant get words out of mouth, social anxiety, maj=king me more scred to talk everyday, feel like vomit, random deep breaths",0.6287704110145569
658,"The person mentioned suffering from depression for 10 years, losing their girlfriend, being unable to work, having difficulty being around for their family, not being able to keep their living space clean, lacking motivation to take care of themselves, experiencing little appetite, trying a second medication without any effect, and waiting months for therapy. These details suggest that the person is feeling overwhelmed and hopeless in their struggle with depression, indicating a medication-related stress.","suffering from depression for 10 years, lost girlfriend, cant work, moved in with mother, life is wasted",0.6221750974655151
659,"The person is mentioning their struggle with depression and borderline personality disorder, indicating they are under medication-related stress.",borderline personality disorder,0.6570378541946411
660,"The individual exhibits feelings of alienation and disconnection despite having supportive relationships and material possessions. They express a sense of worthlessness and not understanding why they feel the way they do, which can contribute to feelings of alienation and disconnection from themselves and their surroundings.","parents and girlfriend really supportive,, donít understand why I feel like this makes me feel even worse",0.26105135679244995
661,"The person seems to have had a good break so far, indicating a positive mental state. They are aware of their triggers for depression and are taking steps to combat it. Although they are feeling unsatisfied and overwhelmed by the changes they want to make, they also express hope and awareness of their improving mental state, suggesting a good overall mental well-being.","school is the source of triggers ,no energy to get out of bed  ",0.14874953031539917
662,"The person is experiencing significant physical changes, such as weight loss and difficulty eating, which could be side effects of medication or a sign of underlying physical health issues. They also mention feeling depressed but not wanting to disclose it to others, which may indicate a reluctance to seek help or concern about the stigma associated with mental health. The fear of not being taken seriously or being judged for their depression leads them to express concern about being perceived as a drug addict. These factors point towards medication-related stress as the primary category.","look like a dug addict, anorexic , ",0.37727242708206177
663,The feeling of no one caring about an important event like a birthday can lead to a sense of alienation and emotional distress.,"its my birth day, no one caress",0.42877477407455444
664,"The person is feeling alone and mentioning chest pain, which could be a physical manifestation of stress related to a strained or lacking relationship. This indicates relationship related stress.",have no one ,0.14445196092128754
665,"The person expresses feelings of alienation, worthlessness, lack of confidence, and a desire to be 'normal'. They mention being unable to function, having suicidal thoughts, and feeling like everything they do is bad. This indicates a deep sense of disconnection and isolation, which are common characteristics of alienation-related stress.","feeling useless, no confidence",0.42170751094818115
666,"The person mentions suffering from depression for nearly 3 years, severe anxiety over various aspects of life including work, relationships, friendships, and money, intrusive thoughts, and having acted on those thoughts. The mention of intrusive thoughts and past actions taken due to those thoughts indicate a deeper mental health issue beyond just depression, possibly requiring medication to manage the symptoms effectively.","severe anxiety,  intrusive thoughts.",0.5925103425979614
667,"The person expresses feelings of alienation and hopelessness due to their dreams of becoming a professional singer or actor seeming unattainable. They feel disconnected from society and struggle with finding a sense of purpose or meaning in life, which is often associated with alienation-related stress."," dream is to be a professional singer, or actor, no reason to live,what you want the most in life isn't there",0.4624296724796295
668,"The person is experiencing severe depression, dwelling on a past break-up with a close friend, and feeling remorseful for their actions during the breakup. This relationship-related stress has led to feelings of emptiness, guilt, and difficulty finding happiness. The continuous impact of the breakup and the attempt to rebuild their life after it has taken a toll on their mental state, indicating a strong connection to relationship-related stress.","breakup, Need to vent ",0.5548772811889648
669,"The person who wrote the premise displays symptoms of alienation related stress. They have been socially isolated for several years, both in high school and college. They have struggled to maintain friendships, have distanced themselves from others due to anxiety and fear of social situations, and have experienced feelings of inadequacy and helplessness. The person also mentions feeling disconnected and lacking fulfillment in their life ever since they quit playing soccer, indicating a sense of alienation from activities that used to bring them joy. Additionally, the person mentions a desire to hike the Appalachian Trail alone, further emphasizing their tendency towards isolation and seeking solace in solitary activities. These patterns of behavior and emotions align with the characteristics of alienation related stress, making it the most suitable category for their mental state.","social isolation,no friends  college drop out,,no friends,playing video games all the time",0.45388633012771606
670,"The person who wrote the premise is experiencing stress related to medication due to their partner's negative experiences with antidepressants. The mention of how the medication made him worse and suicidal, as well as his reluctance to try therapy or other forms of professional help, indicates a significant focus on the negative impact of medication on his mental health. This contributes to the overall distress and difficulty in finding effective ways to support him.","breakup, Need to vent, share ",0.2478383183479309
671,"The person mentions fighting wicked depression and anxiety, indicating intense emotional distress. They also point out that they almost enjoy being caught in this daze, which suggests a complex relationship with their mental state. The self-loathing, tears, and struggles with decisions and meeting others' standards also hint towards a deep internal struggle. Overall, the emphasis on experiencing pain, stress, and thinking about the future and past aligns with someone dealing with medication-related stress.","sitting alone,allowing the pain in, music obviously amplifies it ",0.3120993375778198
672,"The person seems to be experiencing alienation related stress. They feel isolated and unable to connect with others due to past bullying experiences. This has led to a sense of paranoia and nervousness in social situations. The person finds solace in spending time alone either in the gym, at home on their ps4, or in their bed. They express feelings of being misunderstood and overlooked by their family members, highlighting a lack of emotional support and attention. The struggles with social interactions, fear of confrontation, and inability to trust others further indicate a state of alienation and disconnection from the world around them.","bullying in the pas, quit boxing, knife to my neck, ",0.3330319821834564
673,"The person expresses feelings of alienation, disconnection, and disdain towards life in general. They are fixated on escaping into fantasy worlds and find everything else unbearable. They mention feeling trapped and express a desire to kill themselves, indicating a deep sense of alienation and emotional distress.","I hate being alive ,I want to kill myself,feel so trapped",0.5247024297714233
674,"The person's description of feeling sad every day, struggling to hide it from others, feeling misunderstood by family, and being on the brink of crying indicates a sense of alienation and loneliness. The person feels disconnected from their family and roommates, struggling to express their true emotions and feeling like others perceive their struggles as laziness or excuses. This long-standing emotional pain and lack of understanding contribute to a deep sense of alienation and isolation.","wake up sad,they just see it as laziness",0.31385523080825806
675,"The person is expressing feelings of alienation, neglect, and loneliness, indicating a sense of disconnect or isolation from others, leading to emotional distress.","feel so neglected, abandoned by everybody, better of dead",0.39940088987350464
676,"The person is expressing feelings of alienation and existential despair, questioning the purpose and meaning of life. They feel disconnected from society and see life as full of hardship, disappointment, and misery. The individual struggles to find enjoyment in earthly pleasures and sees no reason to continue living, doubting the significance of survival. This sense of alienation and lack of purpose is evident throughout the premise, leading to feelings of hopelessness and insignificance.","what is the point in living, I just donít enjoy anything  ",0.4743369221687317
677,"The person's mental state seems to be heavily influenced by medication-related stress. They have been undergoing Transcranial Magnetic Stimulation (TMS) treatment, which has shown some efficacy but the person is concerned about its long-term effects and the lack of insurance approval for maintenance. The mention of Electric Convulsive Therapy (ECT) as the next step indicates a deep concern about the effectiveness and potential side effects of different treatment options. The person's focus on the impact of medications, treatments, and the uncertainty about recovery suggest a high level of stress related to medication management and treatment outcomes.","TMS has been the only thing to work ,dr drops a bomb that after this is Ect ,",0.34207606315612793
678,"The author expresses feelings of alienation and disconnect, as well as resentment towards others' happiness. This indicates a sense of alienation-related stress, where the individual feels isolated from others and struggles to connect emotionally. The author's struggles with feeling cynical, resentful, and unable to be genuinely happy for others suggest a deep sense of alienation and disconnect from those around them.","been the most cynical person, hate other peoples hapiness , when someone accomplishes something all I do is think about my failures.",0.35602396726608276
679,"The person is experiencing relationship related stress indicated by feelings of jealousy, comparing themselves to their ex and his new girlfriend, and feeling envious of the happiness of people they care about. This emotional turmoil is causing them to question their actions and rethink their priorities in life, focusing on the need to disconnect from the online world and focus on their real-life relationships and personal well-being.","looking at my ex and his new girlfriend's profile pics, begrudge them their happiness",0.48262956738471985
680,"The person expresses feelings of disassociation, alienation, and a sense of disconnect with the celebrations and activities associated with New Year's Eve. They mention feeling out of place, not being able to relate to the excitement and joy around them, and even expressing concern for the impact of celebrations on those less fortunate or on animals. This indicates a sense of alienation and detachment from the societal norms and expectations surrounding the New Year celebrations, leading to a feeling of being out of sync with others.","disassociation periods for months now,  group chat that I now leave muted ",0.25357264280319214
681,"The person's mental state seems to be heavily impacted by relationship-related stress. They have recently experienced a breakup with their girlfriend, A, which has left them feeling even more lonely and isolated. Additionally, their attempt to seek emotional support from their friend, S, was met with a lack of understanding and empathy, further exacerbating their feelings of despair and hopelessness. The individual's struggle to open up to family members due to past emotional barriers also indicates a deep-seated issue regarding relationships. The overarching theme of loneliness and longing for meaningful connections suggests a significant relationship-related stress.","well A dumped me , lonelier, suicidal thoughts, shitty life",0.4881981909275055
682,"The person expresses feelings of loneliness, separation from their partner, and struggles with being away from home after making a big move with their partner. This indicates relationship-related stress, as they are yearning for emotional support and comfort that they are currently missing in their new environment. The change in their resilience and increase in anxiety could be attributed to the adjustments and challenges that come with being away from familiar relationships and surroundings.","moved with my partner,  half way around the world, medium level of anxiety, being bored 9-5 is even more depressing

 ",0.4673048257827759
683,"The individual is experiencing extreme feelings of alienation and loneliness, as evident from the descriptions of lack of support from family, failed relationships, absence of friends, and the longing for physical touch. The mention of mental illnesses also suggests a sense of disconnection from others and society. The feeling of clinging to any attention received further indicates a deep-seated need for connection and belonging. The drastic measures taken to harm oneself and the expressed desire to end life depict a profound sense of isolation and despair, which aligns with the category of alienation-related stress.","parents,relatives, every gf,ended up breaking up with me,lost everybody",0.28642237186431885
684,"The person expresses feelings of alienation and a lack of purpose in life, struggling with the idea of ending their own life. They mention being motivated by the potential impact on their parents, which indicates a sense of detachment or disconnection from their own well-being.","think about my parents crying over my body,",0.30278751254081726
685,"The person expresses feelings of being overwhelmed by negative emotions, past experiences, and struggles with self-worth, which are indicative of feelings of alienation and disconnect from oneself and others.","abusive parents,partners,self sabotage",0.34103772044181824
686,"The person seems to be experiencing feelings of alienation and disconnection from themselves and their surroundings. They express a sense of hopelessness, lack of motivation, and a desire to escape from their current reality. The mention of wanting to end their life and feeling provoked by others' opinions indicates a deep sense of alienation and estrangement from society.","pretty obese, roommate tells me that I need to lose weight",0.14160504937171936
687,"The person expressed feelings of loneliness and isolation after moving states for grad school and losing both their friend (S) and girlfriend (A). They also shared their struggles in seeking support from these individuals, as both S and A are too busy with their own commitments to provide the needed help. The rejection and lack of support from their friend and ex-partner have left the person feeling even more isolated and distressed. These relationship-related issues and feelings of abandonment are prominent in the premise, indicating a state of relationship-related stress."," trying to talk to S and A whenever I feel down, both starting med school so they're typically busy, A dumped me on Christmas ",0.39819225668907166
688,The mention of violence and self-harm combined with feelings of wanting attention and believing one is going insane suggests a state of bias or abuse related stress. This individual may be experiencing deep emotional turmoil and potential harmful behaviors which warrant immediate intervention and support.,want the attention at least,0.1649959683418274
689,"The poem reflects feelings of sadness, hopelessness, and isolation, suggesting an alienation-related mental state. The repeated references to not feeling better despite trying various suggestions and feeling like every beginning looks like an end indicate a sense of disconnect and alienation from oneself and others.","I try and try , still want to die",0.28624969720840454
690,"The person expresses feelings of isolation and alienation throughout the text. They talk about retreating into their head, cutting off friends, and feeling like they don't fit in. This sense of alienation is also evident in their comparison to their successful friends and girlfriend, feeling like they will never achieve the same level of success. The person also mentions using humor to deflect their pain and feeling disconnected from discussions about their future. This overall theme of alienation and disconnection suggests a state of mind deeply affected by feelings of being isolated and not belonging, pointing towards alienation-related stress."," barely passed high school ,thinking about killing or hurting myself in high school, have zero plans to go to any college,",0.13816575706005096
691,"The person expresses feelings of alienation, loneliness, and lack of connection with others. They mention having no family, no religion, no friends, and relying solely on the internet for communication. This sense of isolation and disconnection from the world around them indicates alienation-related stress.","respectable leave-off, almost like a resignation letter",0.1879933774471283
692,"The person's mental state seems to be dominated by feelings of alienation and isolation. They express a lack of purpose, low self-esteem, and struggles in connecting with others. The individual mentions limited social interactions, difficulties in forming relationships, and a sense of not fitting in. This sense of alienation is further highlighted by their interests in activities that do not seem feasible as career options. The feelings of hopelessness, physical sickness, and overall dissatisfaction with life indicate a deep sense of disconnect from themselves and the world around them.","hate the subjects I'm studying, failed several subjects and my grades are shit, suffer from anxiety ,",0.2450149655342102
693,"The person's mental state seems to be related to relationship stress, specifically with their mother. The mention of feeling worse after receiving advice from their mom and the hate towards her indicates a strain in their relationship, which is likely contributing to their emotional confusion and distress.","hate my mom for trying to help me with shitty advise, makes me feel worse",0.5518524646759033
694,"The person expresses feelings of alienation and struggles with not being able to do good things in the right way, which is causing them emotional pain and preventing them from being happy. They also mention feeling like they may not be wired to experience happiness, indicating a sense of disconnection or isolation from others.","It hurts too bad, dont know how to be happy",0.2546338438987732
695,"The mention of 'resetting' a depressed brain and activating certain areas to increase feelings of wellbeing suggests a focus on medication and interventions for mental health, which could indicate stress related to medication or treatment options for mental health.","""reset"" a depressed brain ",0.8017535209655762
696,"The person expresses feelings of loneliness, being an outcast, and feeling like garbage of who they are, indicating a sense of alienation. This has led to worsening depression and an inability to feel genuine happiness, even around family. The person also mentions comparing their struggles to others and doubting the validity of their own emotions, which further highlights feelings of alienation and disconnect from their surroundings."," loneliness, being an outcast",0.5852068662643433
697,"The person is feeling alienated and disconnected from activities such as walking, shopping, and socializing. They express a lack of interest in leaving the house due to feeling incapable of enjoying these activities or connecting with new people. This sense of alienation and disconnection is causing distress and reluctance to engage in outside activities.",will rather throw myself off a high building ,0.15038689970970154
698,"The premise indicates feelings of disappointment and heartbreak related to a person, suggesting relationship-related stress. The author's focus on their expectations of happiness and validation from a girl, followed by feelings of irrelevance and inadequacy, points towards relationship issues as the underlying cause of their distress.","thought this girl was going to be the answer, instead I am chasing someone that just made me irrelevant",0.2848038673400879
699,"The person expresses feelings of alienation, isolation, and loneliness throughout the different stages of their life. The constant experience of being alone and unable to form lasting friendships has led to feelings of social awkwardness, paranoia, and bitterness. The individual perceives themselves as a burden on social interactions, leading to a sense of alienation and feeling like they drain the energy from others. This ongoing cycle of isolation and negative perceptions from others has contributed to a sense of being disconnected from society and experiencing alienation.",They either pity me or ignore me like the plague,0.25994014739990234
700,"The person is feeling alienated from their friends, experiencing a sense of disconnect and isolation. They are also struggling with feelings of being lost and not knowing how to move forward in life, leading to a deep sense of hopelessness and questioning their reason for existing.","most unemployable field, in debt,cut off ties with all friends,stay at the job out of guilt",0.2937517762184143
701,"The person is still struggling with feelings of depression despite making significant improvements in their life, such as finding an antidepressant that works, going back to school, having a steady job, going on dates, and adopting a dog. They mention that the depression never truly goes away and resurfaces in moments where they feel worthless. This indicates that the medication may not be fully addressing their underlying mental health issues, leading to continued distress despite external improvements."," antidepressant that works for me, useless waste of life",0.5183286070823669
702,"The writer's mental state seems to be related to feeling hurt and undervalued in their relationships with their friends. They express frustration at their friends only reaching out when no one else is available, which indicates a sense of being neglected and unappreciated. The writer also mentions the struggle of wanting to maintain these relationships despite the pain they cause, which reflects the internal conflict and emotional distress associated with relationship issues.","friendsù never talk to me, unless I am the only one available",0.32809293270111084
703,"The person seems to be experiencing feelings of alienation related stress. This can be inferred from the description of feeling like they can't get enough air, their heart beating loudly, and the sensation of someone holding their heart and lungs. These physical symptoms align with a sense of disconnection, isolation, and perhaps a lack of control over their own body, which are commonly associated with alienation related stress.","out of no where my chest began to tighten, heart started racing",0.3651224970817566
704,"The person who wrote the premise is experiencing relationship-related stress. They are uncertain about the status of their relationship with someone who is grieving the loss of a significant person and feeling emotionally distant as a result. This uncertainty and the lack of clarity about their relationship is causing distress and confusion, leading to the person seeking advice on how to navigate the situation."," lost someone important, t been feeling emotionless since ",0.4948958158493042
705,"The person expresses extreme self-hatred, disgust, and feelings of worthlessness, which indicate a deep sense of alienation from oneself. The individual is struggling with intense negative self-perception and an inability to find self-compassion, leading to a profound sense of disconnection from their own identity. This alienation from oneself is causing significant distress and is impacting various aspects of their life, including relationships. The person's overwhelming self-hatred and despair suggest a state of alienation-related stress.",hate every single thing about myself,0.445186972618103
706,"The person seems to be experiencing symptoms of alienation related stress. They mention feeling disconnected from their academic performance, spiraling into depression, lacking interest in anything, feeling constantly tired, and being on edge. These are all indicators of alienation from themselves and their surroundings. The reluctance to engage in activities like finding a job, the sense of dread, guilt, and overall feeling of being overwhelmed can be attributed to the alienation they are experiencing.","just barely passing my classes, failing calculus twice, Slowly spiraling into depression, my anxiety acting up,  no condition to work full-time ,  guilty",0.40239861607551575
707,"The individual's strong resistance towards seeking help for depression despite being advised by friends indicates a possible medication related stress. The resistance and irritation towards seeking help might stem from feelings of denial, fear of judgment, or apprehension towards medication and its perceived implications. This resistance is a common reaction seen in individuals facing medication related stress.","friends in the past tell me they think I have depression, this makes me irritated,want to get help even less",0.6099573373794556
708,"The individual expresses feelings of alienation, hopelessness, and a lack of support from friends, indicating a sense of disconnectedness and isolation. The mention of being so used to a 'shitty life' and feeling the need to turn to an online platform for comfort and release suggests a deep sense of alienation and emotional distress."," wanted to tell someone, my friends don't give a fuck ,thought of wanting to die, can't cry anymore ",0.36744263768196106
709,"The person expresses feelings of loneliness, rejection, betrayal, and a sense of not belonging due to conflicts between their old and new friend groups. The person is distressed about feeling forced to choose between their old friends and new friends, which has led to a deep emotional impact. This relationship-related stress is apparent through the description of the interactions and dynamics within the friend groups, causing the person to feel like an outcast and question the authenticity of their relationships.","I feel like my new friends are a cult, feel like an outcast",0.40608787536621094
710,"The plea for talking to someone suggests a feeling of alienation or social isolation, where the person is seeking connection and support from others to alleviate emotional distress.","Please, need to talk to someone",0.30699652433395386
711,"The text indicates feelings of alienation and disconnection from society. The author expresses a sense of not fitting in, being bullied and misunderstood, which has led to a deep sense of loneliness and emotional pain. The mention of starting to feel normal when away from people, wishing for things to go away, and self-harming behaviors all point towards a state of alienation-related stress.","dreaded going back to school,felt different was in 5th grade, People would make fun of me, call me stupid, tease me, call my old life weird and dumb, getting suicidal thoughts, hundreds of them everyday,  started self harming in ways that no one would notice",0.34405043721199036
712,"The person's feelings of depression and despair that intensify around New Year's Eve suggest medication related stress. The mention of feeling miserable consistently on specific dates, reflecting on past years of feeling the same, and hoping for relief in the upcoming year indicate a pattern of chronic and unresolved emotional distress that medication may not be effectively addressing.",it marks another year during which I was totally miserable ,0.47641557455062866
713,"The person's increased irritability and outbursts of anger towards loved ones, followed by feelings of self-devaluation, indicate relationship-related stress. The individual's struggle with managing anger and the impact it has on their relationships and self-worth points towards underlying issues within personal connections, possibly leading to heightened emotional reactions and a sense of losing control.","""short fuse"" personality, Each day I value myself less and less",0.3707979619503021
714,"The person is feeling unhappy about texting with their ex, dreading phone calls related to possibly strained relationships, reflecting on negative aspects of the past year, and having low self-esteem ('realizing how little I bring to the table as a person', 'the person having them is you'). These indicate relationship-related stress and insecurities.","exting with my ex, dreading all the calls ,The cycle of mediocrity isn't due to some obstacle, It's who you are,",0.486395001411438
715,The person is feeling a sense of alienation and frustration with their creative abilities. They are experiencing dissatisfaction with their current level of creativity and feel like they are stuck in a repetitive and monotonous cycle. This alienation from their own creative potential is causing them distress and making them question their abilities.,end up either hating it or changing it back to the same thing and it sucks,0.16552942991256714
716,"The person's description of experiencing panic, trouble breathing, and shaking without being able to identify specific stressors or fears, along with questioning the appropriateness of anxiety medication, indicates a mental state related to medication stress. The individual seems to be struggling with physical symptoms of anxiety despite not necessarily having identifiable stressors, which may suggest a need for adjusting or considering the appropriateness of their current medication. There is also confusion about the type of medication (SSRIs) suitable for their condition, showing a level of distress and uncertainty related to their medication regimen."," panic, trouble breathing and shaking all day for like no reason,can't even really identify anything",0.5820448398590088
717,"The person is experiencing mental health symptoms related to medication, specifically mentioning running out of their medicine, feeling out of themselves, and experiencing depersonalization without their medication. Additionally, they express the need to see their psychiatrist in order to get a refill and avoid suicidal thoughts, highlighting the significant impact medication has on their mental state.",think the cannabis is making me go crazy ,0.2511354088783264
718,"The person is expressing a desire to erase their memory, indicating feelings of isolation and loneliness. They also mention feeling alone in their experience, further emphasizing their sense of alienation.", feel so alone ,0.4373394548892975
719,"The person seems to be experiencing job and career-related stress. They express anxiety about their current career path as a line cook and fear of being stuck in it for the rest of their life. They are also uncertain about their future despite pursuing a marketing degree, indicating a lack of satisfaction or fulfillment in their current job. The pressure to transition to a 'real job' and the feeling of being trapped in their current situation contribute to the job and career-related stress category."," currently getting a marketing degree,  honestly not too sure what I will do with it,pretty anxious, so talking to people and selling things can be tough",0.4880525469779968
720,"The person who wrote the premise seems to be struggling with feelings of alienation and isolation. They express a deep sense of detachment and not feeling understood by those around them. This is evident in their frustration with not being able to live authentically, lack of support from their family, and the desire to be seen as 'normal'. The sense of not having anyone to talk to and feeling like they are 'pathetic' further indicates a strong sense of alienation and disconnection from others.","relapsed for the first time, meds are fucked, I'm a month out from seeing my doctor to get them fixed",0.0074011096730828285
721,The language and sentiments expressed in the premise indicate a frustration and dissatisfaction with medication and its perceived inability to alleviate the underlying issues. The mention of trying various medications and their limited effectiveness suggests a deep-seated concern and stress related to medication and its impact on the individual's mental state.,"hate that for most of the medications ,it doesn't take away the sad, it merely allows you to function through it ",0.5471169948577881
722,"The person expressed feelings of isolation, hopelessness, and alienation from their environment and circumstances. They mention being stuck in the middle of their family's mental illness and alcohol abuse, feeling like a failure, and struggling to find motivation. This sense of disconnection and inability to find a way out of their current situation suggests alienation-related stress.","extreme history of mental illness &am, alcohol abuse , tried therapy, medication but nothing is working ",0.4029043912887573
723,"The person is expressing feelings of guilt, knowing what needs to be done but unable to do it. They also mention feeling like they have the power to get things done but are choosing not to, indicating a sense of being stuck or unmotivated. Additionally, they talk about feeling privileged compared to others and acknowledge that they have no reason to be depressed, suggesting a level of self-awareness. Overall, these thoughts and emotions indicate a general state of being in a bad mental state.","broken, guilt ",0.4264322519302368
724,"The individual's mention of heartbreak, lack of hope for the future, emotional attachment to their dog, feeling ready to give up, and concern about leaving notes for their parents all point towards relationship-related stress. The references to depression, PTSD, and borderline personality disorder also indicate a deep emotional struggle in personal relationships, contributing to the individual's current distressed mental state.", entire life has been wasted by crippling depression and ptsd and borderline personality,0.5630553364753723
725,"The person is experiencing feelings of alienation as they mentioned that their friends have stopped responding to them, despite not knowing what they did wrong. This exclusion from their close friends and the feeling of being left out is causing them distress and they find it difficult to 'get over it'.", 5 of my closest friends from high school have stopped responding to my calls or texts,0.392845094203949
726,"The person is experiencing relationship-related stress due to being sick on New Year's Eve and unable to fulfill their plans to spend time with a friend and go out. This has added to their existing feelings of disappointment and frustration, especially since New Year's is a holiday they care about."," sick, alone",0.30938512086868286
727,"The individual expresses feelings of alienation and isolation throughout the premise, indicating a deep sense of disconnect from others and society. They mention lack of trust from others, feeling unwanted, and a pervasive sense of not belonging. These sentiments suggest a high level of alienation-related stress and emotional turmoil.","ive with my drug addict dad in the hood, I was close to being an engineer at one point in my life, cant stand my family , they are all condescending assholes",0.2338864505290985
728,"The person is experiencing relationship-related stress. The intense sadness and frequent desire to cry seem to stem from the traumatic experiences of being in a bad relationship characterized by emotional abuse and physical violence. The detailed description of a specific incident on Valentine's Day '14 reveals a deeply distressing and harmful relationship dynamic, where the person felt trapped, powerless, and constantly fearful of losing the partner's approval. These experiences have likely left emotional scars and created a sense of deep sadness and vulnerability, impacting the person's current mental state.","started getting abusive, kept telling him to stop, didn't",0.2908138036727905
729,"The person expresses feelings of constant failure in relationships with friends, lack of trust in anyone to confide in, and losing faith in their belief as a source of support. The mention of wanting to end their life indicates a significant distress in relationships, which points to relationship-related stress.", i dont have anyone to talk to anymore ,0.14818096160888672
730,The person seems to be experiencing job and career-related stress as they are feeling uncertain about the direction to take next in their digital marketing career despite investing time and effort into developing their skills.,"I've invested my time into my digital marketing skills, I don't know where to head next ",0.5887643098831177
731,"The person is feeling alienated and disconnected from their own emotions and previous sources of joy, such as celebrating their birthday. They feel guilty for not feeling happy and wanting to isolate themselves, indicating a sense of disconnection from others and possibly themselves.","shut myself off from everyone ,birthday coming up but now I just don't want to celebrate it anymore ",0.520977258682251
732,"The person's mental state seems to be greatly affected by various health issues such as lung condition, asthma, and pericarditis, leading to a feeling of hopelessness and sadness. The mention of taking high doses of medication and sleeping pills indicates a distressful reliance on medication. The thoughts of self-harm and suicide, coupled with feelings of uselessness and emotional distress, suggest a deep level of medication-related stress.","pleurisy, A lung condition,Sick and alone, started getting bitter, Negativity surrounded Me, Life seemed useless",0.37482863664627075
733,"The person expresses strong feelings of alienation, hopelessness, and resentment towards society and the world around them. They feel invisible and overlooked, with a sense of being left behind while others seem to be doing better. This sense of being ignored and marginalized, as well as the deep anger towards the perceived injustice and lack of empathy from the majority, point towards alienation-related stress.","Bad fucking credit,No education,Fucking debts,No saving,wish death and disaster, Hopelessness, have zero legitimate reasons to even stay alive",0.29722893238067627
734,"The person is expressing feelings of alienation, self-doubt, and guilt despite having supportive family, girlfriend, and friends. They feel disconnected and isolated, believing they don't deserve the good things in their life and that they are a burden to those around them. The sense of not belonging, self-worth issues, and guilt for feeling depressed despite external support indicate alienation-related stress."," failing at everything, don't deserve anything good, never be good enough, feel guilty",0.3454352021217346
735,"The person is experiencing feelings of alienation, loneliness, self-hatred, and a sense of not belonging. They express a deep desire to escape from their current situation and start anew, feeling like they have no one to turn to. These emotions are indicative of alienation-related stress, where the individual feels disconnected from others and struggles to find meaning or happiness in their life.","every fucking day of my life, put on a fake smile , can‚Äôt find my blades, gonna die one day, to end misery, need a break ,gonna break",0.2932778000831604
736,"The mental state of the person seems to be deeply affected by depression, anxiety, and low self-worth. This has resulted in a sense of hopelessness and thoughts of wanting to no longer exist. The individual has experienced significant emotional turmoil, including past suicide attempts and feeling like a disappointment to others. The focus on seeking validation and happiness from external sources, such as the girl mentioned in the story, reflects a need for affirmation and a lack of self-worth. The person is in a vulnerable state, feeling lost, sad, and distant, indicating a struggle with their mental well-being. The desire to end their existence is a clear indication of the severe distress this individual is experiencing.","been hurt and bullied to the point where i have lose any confidence,have zero-self worth,she blocked me from her social,After 4 failed attempts,just not exist, lying down tonight and never waking up tomorrow ",0.38098904490470886
737,"The person expresses feelings of alienation and loneliness, stating that they dread this time of year because they see others going out, having fun, and making memories while they will be spending it alone at home. They emphasize their lack of friends and being single, which gnaws at them, indicating a sense of isolation from social activities. Additionally, they mention feeling too old to engage in such activities and dwell on past mistakes, leading to feelings of being a loser and everything being messed up. The overall theme of loneliness, isolation, and a sense of missing out suggests alienation-related stress.","don't have friends,Single,loser,lonely ",0.4585895538330078
738,"The mention of feeling no will to live, being bored with living, and considering ending it all indicates a deep sense of despair and hopelessness, which are often associated with severe depression. The lack of appetite, low energy, and apathy towards basic needs like eating are also common symptoms of depression. The person's struggle to find a reason to continue living and the fear of becoming apathetic enough to end it all suggest a medication-related stress, as depression can be a mental health condition that requires medical treatment such as therapy or medication to manage.","really have no will to live,kind of scary, apathetic",0.44888538122177124
739,The feeling of being followed or watched wherever one goes can create a sense of alienation and paranoia.,follow me everywhere,0.3467714190483093
740,"The person is expressing deep sorrow and regret over a relationship issue, indicating relationship-related stress and emotional pain.","She's gone, just falling deeper and deeper into a hole",0.26371628046035767
741,"The person expresses feelings of alienation, disconnection, and lack of interest in social interactions. They mention feeling like a loser, not caring about celebrating, and being embarrassed to ask their few friends about their plans. This sense of disconnect, lack of motivation, and the desire to avoid social interactions point towards alienation-related stress.","a loser, we will get better",0.28650373220443726
742,"The language and emotions expressed in the premise suggest that the writer is experiencing relationship-related stress. The mention of feeling heartbroken, inability to move on, and mentioning the loss of communication with the girl all point towards distress caused by a previous relationship.","Breaks my heart, we don't talk anymore, move on",0.4490872025489807
743,"The wording and the description in the premise suggest a strong sense of disconnection and detachment from one's own feelings, dilemmas, and future, which are indicative of alienation-related stress. The individual seems to have built a defense mechanism to shield themselves from negative emotions by dissociating from their problems and embracing a sense of nihilism and hopelessness.","no hopes for the future, no escape",0.38092726469039917
744,"The writer of the premise is expressing feelings of alienation, not fitting in, and questioning the meaning and authenticity of their experiences. They also mention not knowing who they are and feeling tired of various aspects of life, which indicates a sense of detachment and disconnection from others around them.","girls flaking on me, not fitting in, Nothing has meaning",0.18890827894210815
745,"The person is experiencing relationship-related stress. They feel trapped in a marriage where their spouse's behavior is causing significant distress. The spouse's hoarding behavior and refusal to change, along with financial difficulties and lack of intimacy, are creating a sense of entrapment. The person is conflicted about the idea of divorce due to financial constraints, child support, and concern for their spouse's well-being. They are also contemplating the possibility of an affair as a potential way out, highlighting the dissatisfaction and strain in the marriage.","spouse's issues, financial mess,trapped",0.6435115337371826
746,"The person is experiencing relationship-related stress. The anticipation of meeting old colleagues and a girl who previously rejected them has stirred up emotions of disappointment and rejection, leading to a feeling of hate towards the situation.","party got cancelled,hate everything",0.21914434432983398
747,"The premise indicates a deep sense of loss and loneliness due to the end of a close friendship. The person is feeling immense emotional pain and is struggling to cope with the absence of their friend. Their reliance on this particular friend for stability, honesty, and support suggests a significant bond that is now broken, leading to feelings of depression and a sense of hopelessness. The longing for friendship and the statement 'there's nothing' after the friend's departure highlights a strong emotional impact of this relationship loss.","she's gone thereís nothing, losing a best friend/only friend, lonely, no one to talk too",0.5937871336936951
748,"The person's description of feeling dulled emotions, having unusual thoughts, and experiencing dissociative episodes could indicate a potential mental health issue like depression. The lack of feeling sad is not uncommon in certain types of depression, known as atypical depression. The person's mention of strange thoughts, such as the impulses to harm themselves or others, suggests the need for detailed evaluation and professional support. The symptoms described are not simply stress-related but indicate a deeper mental health concern that may require medication and therapy.","moved away to college this year so big life change,",0.03327357769012451
749,The person is reflecting on the passage of time and the emotions associated with the end of a year and the beginning of a new one. This is a common introspective behavior that occurs in a good mental state.,new year will begin,0.4239121973514557
750,"The person's feelings of loneliness, fear of growing up, and worries about the future indicate a sense of alienation. The lack of friends, social life, and plans, along with feeling alone despite having a bond with family members, contribute to the sense of alienation and disconnection from others.","Extremely poor family, single mother, don't have much friends, worried about growing up, so alone, no social life, so scared",0.4598405957221985
751,"The mention of pain and difficulty in typing along with emotional distress indicates a medication related stress, possibly due to side effects or an underlying health condition.","stuck in this rut, can't stop crying, much pain, can't do this anymore ",0.26664483547210693
752,"The person expresses feelings of alienation, self-hatred, and a sense of being a loser who fails at everything. They feel disconnected from others, viewing them as uncaring jerks. The individual also considers suicide as an option due to feelings of worthlessness and a lack of belonging. This indicates a state of alienation-related stress, where the individual perceives a significant gap between themselves and society, leading to intense emotional distress.","fuck up everything, failing or backfiring, hating everyone, uncaring jerks, fucking loser, jumping off a cliff now ,get a fucking a gun, kill myself",0.3203429579734802
753,"The author of the premise is expressing deep feelings of self-hatred, hopelessness, and alienation. They feel like they are repulsive, awkward, and unlikable, which is causing them to feel disconnected from others and view themselves as a burden. The strong negative self-perception and desire to end their life indicate a sense of alienation and disconnection from the people around them, leading to significant emotional distress."," hatred and hopelessness, awful person, awkward, unfunny, negative",0.4995211660861969
754,"The writer's mention of losing their best friend and feeling deep sadness and loneliness indicates that the stress is related to relationships. The loss of a close relationship can have a significant impact on one's mental state and well-being, causing emotional distress and feelings of helplessness."," lose my best friend, tough year,lose someone whom I trusted and loved",0.5613967180252075
755,"The person expresses distress related to the lack of access to mental health resources, including antidepressants and counseling, due to financial constraints and limited healthcare coverage. The mention of being diagnosed at a young age and the inability to afford mental health help despite the need indicates a significant level of stress and frustration related to medication accessibility and financial challenges in obtaining proper mental health treatment.","no healthcare, afford mental health, to do whatever makes me feel better",0.4796832203865051
756,"The person feels alienated and disconnected from their surroundings, as evidenced by the strong feelings of being cut off by someone they had feelings for, feeling unable to express their true emotions at work, and having suicidal thoughts while thinking about their mother's reaction. The sense of alienation is further highlighted by the inability to identify a specific cause for the bad day they experienced.","Suicide has been on my mind a lot recently, start crying, mom's reaction after I kill myself",0.4621134102344513
757,"The person expresses feelings of alienation, detachment, and a sense of hiding their true self from others, indicating a state of alienation-related stress.","if people saw who i really am theyd put me away in some hospital, sit here blood on my , out of the cuts",0.155369371175766
758,"The person appears to be feeling alienated and isolated, as they are seeking validation and connection through promoting their YouTube channel and sharing personal struggles with depression and bipolar disorder. They may be feeling disconnected from others and hopeful that by sharing their experiences, they can help themselves and others who are going through similar challenges.",bipolar ,0.5197740197181702
759,"The person expresses feelings of growing older without any accomplishments, failing at everything they have tried, and feeling like time is slipping away. These thoughts and emotions suggest a sense of alienation, disconnection, and a fear of falling behind in life.","kicked out of two universities, havenít accomplished anything, failed",0.11722537130117416
760,"The person is expressing strong feelings of betrayal and abandonment by their friends. This has led to a deep sense of worthlessness and alienation. They also mention feeling like they've never been friends with a girl, which indicates a struggle with forming close relationships. These relationship-related stresses are further exacerbated by feelings of being taken advantage of and being used for personal gain, leading to a sense of loneliness and isolation.","Ditched again,no one really wants to be friends, friends take advantage, fucked up relationships with family, feel worthless, turn to drugs",0.3962852954864502
761,"The individual's situation involves a suicide attempt, hospitalization in a psychiatric unit, and being on new medication. The mention of not feeling any different despite being on medication indicates that they may be struggling with the effects of the medication and uncertainty about the future. This falls under medication related stress category, as the person is experiencing challenges related to the effectiveness of their medication in managing their mental health.","attempted suicide by hanging, psychiatric unit of a hospital, on new meds, don't feel any different,",0.6605073809623718
762,"The person expresses feelings of alienation and existential despair, questioning the purpose and meaning of life. They feel mentally and physically exhausted by the repetitive nature of their work and describe a sense of hopelessness about the future. Turning to self-medication indicates a coping mechanism to deal with the overwhelming feelings of emptiness and dissatisfaction with life.","Mentally and physically exhausted, Work a job you don't want to work",0.4322665333747864
763,"The person is experiencing depression and anxiety and is currently only on anxiety medication. The mention of waiting to get medication for depression suggests a struggle with medication management. Additionally, the individual expressing concerns about feeling 'dumber,' having memory issues, and struggling with school work may indicate side effects or lack of effectiveness of the current medication, leading to stress and uncertainty about the situation.","only on medication, can't do school work good anymore",0.5102185010910034
764,"The person expresses feelings of not fitting in, not having many friends throughout life, being obscure, occasionally getting bullied, and feeling like a failure in everything they do. This sense of alienation and lack of connection with others is further highlighted by the description of faking a smile and questioning whether they have ever been truly happy. The mention of using entertainment to distract from depression and keep pushing forward till death also indicates a deep sense of alienation and disconnect from life."," Got bullied, Never had much friends, feel like a failure, just hate myself,",0.33075740933418274
765,"The person expresses feelings of alienation and disconnect from their surroundings and life in general. They mention fantasizing about dying multiple times in the past year and feeling that their life has had more terrible lows than ups. The intense experience of almost choking on food, feeling time slow down, and reflecting on the fragility of life has brought them to a realization about the preciousness of life. This episode has made them reevaluate their perspective on life and value it more, indicating a sense of alienation and existential contemplation.",possibility of taking my own life would be the most brainless decision ,0.3091985583305359
766,"The individual's statement suggests that they are experiencing symptoms of depression, as they have been feeling down for weeks and have matched almost all the symptoms of depression according to Google. However, they also mention that they still enjoy activities like playing video games and watching movies and TV series. This indicates a possible state of medication-related stress, as they are unable to afford professional help and are seeking alternative ways to determine whether they are truly depressed or not.",feeling down ,0.3968580961227417
767,"The person's description of feeling a void in their heart, loneliness, fear, and alienation from others, along with seeking temporary relief in sex, drugs, and alcohol, indicates a state of alienation-related stress. They express a sense of not being understood by others, feeling invisible in their suffering, and a desire for someone to notice their torment and provide help. This deep sense of isolation and disconnection from others is a common characteristic of alienation-related stress.","only joy I get is from sex, drugs, alcohol,  never sleep, lost, torn,  empty",0.3429548740386963
768,"The use of explicit language, intense self-loathing, and descriptions of worsening mental state over time indicate a deep sense of distress and hopelessness, which are common in medication-related stress. The emphasis on the illusion of feeling better at times and the inability of external factors to provide relief suggest a significant struggle with managing depression that may involve medication or treatment.","rock bottom ,getting lonelier, disgust for yourself",0.2981735169887543
769,"The person's depression seems to be primarily caused by difficulties in relationships, such as the betrayal by their girlfriend, the strained relationship with their mother who has cancer, and the distance of their best friend. These significant relationship challenges have likely contributed to their feelings of worthlessness, lack of trust in others, and overall depressive state.","Caught her being intimate with someone else, a number of job changes, moved between cities, struggle to make friends, workaholic, no motivation ",0.3568069338798523
770,"The person is under significant stress due to their recent diagnosis of a serious autoimmune disease and the grim prognosis associated with it. The mention of taking steroids and other drugs indicates a focus on medication to manage the disease, which aligns with medication related stress. The uncertainty surrounding their future health and the impact on their life, relationships, and even ethical dilemmas about parenting further contribute to the mental state of distress related to their medication and health condition.","serious autoimmune disease, ",0.4944878816604614
771,"The person's constant reliance on wearing earphones and listening to extreme music genres like deathcore may indicate a sense of alienation or detachment from the external world. Using music as an escape from the 'bullshit in life' suggests a feeling of being disconnected or isolated from one's surroundings, pointing towards alienation-related stress."," Bullshit in life ,music is my escape, Art Is Murder, Suicide Silence, Make Them Suffer,",0.5804358720779419
772,"The person expresses feelings of cynicism, bitterness, lack of hope, and optimism, which are indicative of alienation related stress. They feel disconnected from the festivities and the upcoming New Year, showing a sense of disconnection or isolation from the events and the world around them.","Cynical and bitter, lack of hope and optimism",0.644556999206543
773,The fear of being hurt or betrayed by others often leads to feelings of alienation and the desire to limit social interactions in order to minimize the risk of getting hurt., hurt me,0.2693861424922943
774,"The person is feeling alienated and disconnected, as evidenced by the unusual, unsettling noises they heard while trying to fall asleep. The mention of feeling that their mind is 'royally fucked' indicates a sense of isolation and a lack of connection to reality. The feelings of paranoia and confusion suggest a state of alienation-related stress.",hear weird things,0.4186846613883972
775,"The person is expressing feeling suicidal again and feeling emotionless, which indicates a medication-related stress. They are questioning the effectiveness of therapy and seeking ways to make it more valuable for them, reflecting a desire to address their mental health concerns through means other than medication.",numb and emotionless,0.43432509899139404
776,"The person's self-loathing, feelings of defectiveness, lack of worth, and desire to escape from human interactions suggest a sense of alienation and disconnect from others and themselves.","want to die, fantasies about ending all",0.2089453786611557
777,"The language and emotions expressed in the premise suggest a deep sense of anger, betrayal, and hopelessness related to interpersonal relationships. The author feels abandoned, unloved, and unsupported by their family, friends, and colleagues, leading to thoughts of suicide. This indicates a strong focus on relationship-related stressors.","got fired from my part-time job, poor, no friends",0.20635539293289185
778,"The person writing the premise seems to be expressing feelings of isolation, inadequacy, and a lack of belonging. They mention feeling tired of failing at everything, not understanding others' way of thinking, and lacking social support while growing up. These feelings of being out of sync with the norm and struggling to connect with others indicate a sense of alienation from society and potentially a deep-rooted sense of loneliness. The person also expresses uncertainty about their own abilities and intelligence, which further highlights their feelings of not fitting in and being disconnected from the world around them. The mention of a potential genetic disease causing atypical mental functioning adds another layer of perceived difference from others, contributing to their overall feelings of alienation and hopelessness.","Nor have I been parented properly,failing at everything,  so done now",0.20903483033180237
779,"The mention of depression and self-doubt about being a weak coward suggests a concern related to mental health and the uncertainty around it. This indicates a state of medication-related stress, where the person might be questioning the need for medication or feeling overwhelmed by the thought of needing it.",weak coward,0.5952517986297607
780,"The person expresses feelings of alienation and disconnection from society, as well as a lack of purpose and belonging. They mention losing friends, feeling like a disappointment, and struggling with social interactions. The individual's sense of isolation and hopelessness is evident throughout the text, indicating a deep-rooted sense of disconnection and alienation from both themselves and others.","hated myself for falling behind, do nothing, overwhelmed easily future looks so bleak and empty, anxious undergoing basic social interactions",0.5082530975341797
781,"The person expresses feelings of alienation and being misunderstood due to their mental health conditions, anxiety and ADHD. They feel that society lacks empathy and understanding towards these conditions, and they perceive themselves as being labeled as lazy failures. Additionally, the interaction with the counselor at the university further reinforces their feeling of alienation, as they believe the counselor was solely focused on avoiding negative consequences for the university rather than genuinely helping improve their quality of life. The overall sentiment of being unheard, judged, and disregarded aligns with the category of alienation-related stress."," lazy failure, quietly suffer,that's all I believe about myself",0.4491724967956543
782,"The person is experiencing relationship-related stress due to the pain of a break-up and feeling responsible for it. They are expressing deep sadness, guilt, fear, and a sense of not knowing themselves anymore. The desire for someone to come back, hold them, and help them be good again indicates a yearning for connection and support in this difficult time.","she left me, shitty brain, losing myself, alone",0.34781646728515625
783,"The writer expresses feelings of loss, emptiness, and inability to recover from the breakup of multiple relationships. This indicates that the mental state is primarily stressed due to relationship-related issues.","Everything has just slipped away, lost my friends, my love, feel so empty, living a lie",0.40053993463516235
784,"The person expresses feelings of isolation, loneliness, and a lack of genuine connection in their relationships. They feel that people only interact with them out of a sense of obligation or for their own benefit, rather than out of true care or friendship. This sense of alienation is exacerbating their negative self-perception and contributing to thoughts of self-harm.","want something from me, sex, or doing something sexual, let every one down, cut or kill yourself",0.18950700759887695
785,"The person feels alienated due to bad family relationships, a recent bad breakup, and difficulty in making friends, leading to serious social anxiety. The need for human warmth and emotional connection, despite surrounding themselves with toxic people, indicates a strong sense of alienation and a lack of genuine relationships. Seeking comfort in physical warmth through excessive bathing and swaddling in blankets can be seen as a coping mechanism to compensate for emotional coldness and isolation.","bad at making friends ,toxic people,emotionally freezing ",0.48859483003616333
786,"The person is experiencing alienation and a sense of detachment from their true self and others due to wearing a 'mask' to hide their true feelings and identity. This constant facade is causing them to feel isolated and disconnected, leading to self-hatred and confusion about their identity.","hide my feelings, pretend to be ok, hate myself ,cry,memories about hate return",0.37246274948120117
787,"The person seems to be expressing feelings of alienation or dissatisfaction with themselves, indicating a sense of disconnect or discontent with their own identity.",wish to be nothing like me,0.2711843252182007
788,"The mention of hoping to be normal and not letting depression take away happiness indicates a mental state related to medication stress, possibly dealing with issues related to mental health and seeking improvement through medication."," normal again, deserve happiness ",0.4792443513870239
789,"The person is feeling hopeless, worthless, and left out during a time when everyone else is enjoying time with family. This indicates relationship-related stress, as the person feels alone and disconnected from others.","feel so hopelessr, every minute is a waste of time, Every breath hurts,end it,worthless, alone.",0.4625440537929535
790,"The person's emotional breakdown, feelings of missing their partner, worry about dragging their partner down with their negativity, and conflicting emotions about wanting to be with their partner but not wanting to impose on their partner's plans indicate relationship-related stress and insecurities."," miss him, work different shift times,negativity",0.29976457357406616
791,"The person is feeling alienated and detached from their current situation, expressing a lack of hope for improvement or change in the upcoming year. This sense of stagnation and disappointment can lead to feelings of alienation and disconnection from oneself and others.","be someone better, improve my life",0.27249574661254883
792,"The person is experiencing relationship-related stress. They feel inadequate, unloved, and manipulated by others in their relationships with girls. This has led to feelings of depression and worthlessness, as they haven't had positive experiences in dating and relationships. The repeated negative experiences with girls have left them shattered and unable to cope, resulting in ongoing emotional distress and a sense of hopelessness."," girl left me shattered, nobody likes me, manipulated me, stay up till 4 crying myself to sleep",0.3597511947154999
793,The person expresses feelings of alienation and not being understood by others. They mention feeling like they are from a different planet and emphasize the importance of the online community in providing support and understanding that they may not receive elsewhere. This sense of alienation and the need to turn to an online platform to discuss their feelings points towards alienation-related stress.," nobody else would understand, always delete everything I post",0.14222687482833862
794,"The person is expressing feelings of alienation and disconnection from their responsibilities and surroundings, feeling like they only want unhappiness and pain. They mention neglecting responsibilities and not finding them important anymore, as well as a sense of boredom and lack of motivation to do anything. The contemplation of worsening their situation until considering self-harm suggests a deep sense of alienation and hopelessness."," unhappiness and pain ,sleep all day,neglect,kill myself",0.5650489926338196
795,"The language used suggests feelings of alienation and loneliness, and the desire to escape suffering. The mention of not being enough for someone and giving up on searching for happiness indicates a sense of disconnect or isolation from others.","don't want to do anything in life, thereís no place in this world for me, suffering",0.4506947994232178
796,"The language used suggests a negative perspective on personal abilities and an overall feeling of failure, indicating relationship related stress.",Whatever I try i fuck up ,0.22149571776390076
797,"The person's mental state is primarily impacted by their family environment and interactions, which is leading to self-harm, suicidal thoughts, and fear. The stress and emotional triggers related to spending time with family during holidays is causing a significant level of distress and contributing to their worsening mental health. This relationship-related stress is evident in their feelings of being unable to return home or be with their family without experiencing severe emotional turmoil.","constant reminders of stuff that hurt me, cut again, think about suicide again, torture",0.34753870964050293
798,The use of profanity and reference to toxic environments suggest a feeling of alienation and discomfort within a social or work environment.,"toxic enviroments,",0.525967001914978
799,"The person is expressing feelings of alienation and disconnection from their loved ones and surroundings. Despite being surrounded by family, friends, and engaging in enjoyable activities, they still feel like a 'ghost,' indicating a sense of detachment and not feeling fully present. The mention of living in depression for a long time and it becoming their 'home' suggests a deep-seated feeling of alienation and disconnection with oneself and the world around them.","never reach, not something I think I can escape anymore , talking to a ghost",0.4349190294742584
800,"The individual's long-standing struggle with depression and attempted use of various antidepressants indicates a medication related stress. The lack of effectiveness of medication, resorting to cocaine for temporary relief, and suicidal thoughts further emphasize the severity of the mental health condition and the frustration with finding the right treatment. The mention of stopping drugs to see the impact on mental health also highlights the focus on medication as a potential solution.", turned to cocaine  tried to kill myself 2 times,0.5159847140312195
801,"The person is feeling a deep sense of alienation and disconnectedness, as if their inner emotions and pain are not understood or validated by others. They feel isolated and unable to express their emotions, leading to a profound sense of loneliness and despair.","soul is crying, stuck with this pain forever, hope someone understands",0.47631412744522095
802,"The person expresses feelings of alienation, hopelessness, and a sense of existential crisis, questioning the meaning and purpose of life. They feel disconnected from society and find it hard to care about anything, leading to thoughts of wanting to die. These feelings have persisted for several years, indicating a deep sense of alienation and disconnection from the world around them.","my life purpose ,We all die anyway, not deal with the unnecessary stress of life",0.4665828347206116
803,"The use of profanity and strong language, along with the intense desire to alleviate feelings of anxiety and self-perceived negativity, suggests a mental state influenced by medication-related stress. The individual seems to be struggling with persistent anxiety and a desire to break free from negative thoughts and feelings, possibly indicating a reliance on medication to manage their mental health.","complete shit , anxious",0.2919664978981018
804,"The premise reflects a deep sense of despair and hopelessness, with multiple mentions of heartbreak, disappointment, and wanting to forget painful memories related to relationships. The author expresses feelings of being let down and crushed when trying to be happier, indicating a strong emphasis on relationship-related stress and the desire for significant improvement in this aspect of life by the next year.","make or break year, disappointing ,heart breaking",0.44683730602264404
805,"The person is expressing feelings of alienation, loneliness, and a strong desire to escape from their current mental and emotional pain. They mention feeling alone, misunderstood, and experiencing a lack of love and care from others. These feelings of isolation and hopelessness are indicative of alienation-related stress. The person also discusses thoughts of suicide and self-harm as a way to cope with their inner turmoil, which further aligns with the category of alienation-related stress.","cant escape my father, His voice is in my head every time I donít do anything perfectly, emotionally and mentally abuse me to no end",0.28989675641059875
806,"The person expresses feelings of alienation, disillusionment, and hopelessness towards relationships with family, friends, and their girlfriend. They feel disconnected from others and believe that no one truly cares about them, leading to a sense of isolation and lack of support. The mention of not wanting to burden their girlfriend and contemplating ending it all indicates a deep sense of alienation and emotional distress.","so tired of pretending,about things about university and assignments,everything is too much effort,just want to end it all, every day is stay in bed",0.20186549425125122
807,"The author's feelings of deep isolation, alienation, and inability to communicate effectively with others point towards alienation-related stress. The author expresses a profound sense of being misunderstood, rejected, and ultimately alienated from those around them. The recurring themes of loneliness, the metaphor of being an alien among humans, and the inability to connect on a meaningful level all indicate a significant level of alienation-related distress. The author's description of feeling like an emotionless enigma and being trapped in a bunker nobody can penetrate highlights the intense sense of isolation and alienation they experience on a daily basis. This persistent feeling of being fundamentally different from others and the belief that nobody will ever try to break through these walls further reinforce the categorization of the author's mental state as alienation related stressed.","Isolation plagues me, doomed, loneliness, isolation",0.6279040575027466
808,The desire for people in everyday life to care about oneself indicates feelings of alienation and the need for connection and understanding.,at school to care about me,0.3036341071128845
809,"The person's emotional turmoil, feelings of betrayal, abandonment, and loss of trust indicate a relationship-related stress. The mention of promises, feeling let down, and blaming the other person for their current state suggests that the individual is experiencing distress in the context of a romantic relationship."," ignore me. Panic, feel nothing ,only hurt",0.17981278896331787
810,"The mention of having a mental illness, experiencing drastic mood swings, and feeling like anything was possible during the manic episode suggests medication-related stress. The individual is reflecting on a noticeable change in their behavior and mood, indicating a struggle with managing their mental health condition despite experiencing moments of clarity and productivity.","mental illness, manic",0.7371039986610413
811,"The person expresses feelings of alienation, stating that they are maintaining a false image of happiness while feeling like an outsider everywhere they go. They have no close friends, hate their family, and haven't been intimate with anyone in years, indicating a deep sense of disconnection from others. The person's coping mechanism involves throwing themselves into work and fantasizing about heroic deaths to avoid being seen as a victim, highlighting a profound sense of alienation and isolation from society.","I don‚Äôt really have any close friends, hate my family, could die. seen as a victim",0.34670522809028625
812,"The person's narrative reflects a series of betrayal and loss in relationships, from deceitful former roommates to the emotional blow of losing a job they trusted in. The sense of instability and lack of trust from the people around them is evident throughout the text, indicating a significant level of stress and distress stemming from relationship-related issues.","a ton of dept, with no income, cant afford medication, the ambulance bill",-0.0042756362818181515
813,"The person is experiencing relationship related stress, feeling ashamed and embarrassed about not having been in a relationship so far. The pressure to lose their virginity by a certain deadline and the fear of facing embarrassment for not having been successful in relationships are causing distress. The person also expresses feelings of hopelessness, low self-esteem, and self-doubt regarding their ability to interact with potential partners.","feel like a loser, feel ashamed and embarrassed",0.46400022506713867
814,"The person expresses feelings of loneliness, lack of social connections, and a sense of isolation. They mention having no friends, minimal birthday wishes, and feeling deeply unsatisfied despite job success. The break of the engagement due to financial reasons and the parent's cancer diagnosis further contribute to their sense of alienation and disconnection. The accumulation of these events can lead to a deep feeling of alienation and a struggle to find hope and positivity in the upcoming year.","fiancee just broke our engagement, parent has been diagnosed with cancer, deeply unsatisfied",0.4953184723854065
815,The author expresses a sense of alienation and existential despair by referring to life as a meaningless and near endless well of suffering. The mention of depression and longing for happiness indicates a feeling of disconnection and isolation from the world and others. These feelings of alienation are further emphasized by the tone of resignation and hope for a better future.,"endless well of suffering, ",0.5504772663116455
816,"The phrasing 'amazingly depressing' and 'new low' indicates a deep sense of alienation and disconnection from one's surroundings, leading to an overall feeling of unhappiness and an inability to fake or show happiness.","new low,Can‚Äôt even pretend to be happy anymore",0.47353506088256836
817,"The person is mentioning medication names and associating their symptoms with depression and medication, indicating a concern about the impact of the medications on their mental state. Changes in dreams and sleep patterns can be side effects of certain medications, causing stress and uncertainty about the effectiveness or safety of the treatment.","medication ,wake up a lot more in the middle of the night.",0.36819684505462646
818,"The person exhibits a high level of relationship-related stress and struggles with feelings of rejection, heartbreak, and unrequited love. They are experiencing a lot of emotional turmoil due to their complicated romantic interactions with multiple individuals, including an ex and someone they have feelings for who is now in a relationship. This relationship distress seems to be a major factor contributing to their overall mental state.","break up with me, without love, life is shit ,Life in general is terrible, autism, ocd, anxiety, depression, possibly borderline personality disorder, hardly form meaningful connections with anyone, don't think I can handle it much longer",0.4669042229652405
819,"The language used in the premise suggests that the person is feeling overwhelmed by their family's harsh criticism and feels like a burden to them. They mention feeling tired of life and contemplate the idea of ending it. These thoughts and emotions indicate a significant amount of stress and strain in their relationships, particularly with their family, hence categorizing it as relationship related stressed.","health problems get bigger, motorcycle accident ,  the success is not even around ",0.11365222185850143
820,"The premise indicates that the person is feeling stressed about past hurt caused by friends, which falls under relationship-related stress. The individual is struggling with how to cope with negative feelings and interactions with these friends in social situations, particularly in situations like group work where they are forced to interact despite past conflicts. The fear of exposing their true feelings to these friends shows the depth of emotional distress and the challenge of managing those feelings in a healthy way.","Panic, bad pasts",0.35613569617271423
821,"The person is feeling overwhelmed and exhausted due to the toxic and abusive relationships within their family. They express feeling tired of being told to shut up, being laughed at, humiliated, and bullied by the very people who should provide a safe and supportive environment. The reference to wanting a moment of peace and the desire to get away from these individuals indicate a significant level of distress and strain caused by relationship-related issues.","being bullied on a daily basis, humiliated, anxious",0.5649658441543579
822,"The language used indicates feelings of isolation, alienation, and hopelessness. The individual feels disconnected from those around them and expresses a sense of being stuck in a situation without any improvement or change. This sense of stagnation and despair is a common manifestation of alienation-related stress.","stuck in my bed for days, living this useless life,miserable",0.1947302669286728
823,"The person is feeling alienated and expressing a sense of not belonging on earth, feeling too different and despised by society. This shows a mental state of alienation related stress."," don‚Äôt belong here on earth,way too different,Society despise me",0.4122120440006256
824,"The person is expressing frustration that medications and therapy have been unsuccessful in addressing their issues, indicating medication-related stress. The mention of considering ECT as the next option and feeling scared about it aligns with this category.","ECT,sick about everything ",0.1958150714635849
825,"The person expresses feelings of alienation and disconnection from traditional forms of exercise, suggesting a sense of not fitting in or feeling uncomfortable. They mention being 'gym-phobic' and lacking the energy or willpower, indicating a sense of disconnect from the activity commonly associated with health benefits. Seeking an alternative like bellydancing, a more enjoyable and personalized form of physical activity, highlights the desire to find a sense of belonging and fulfillment outside of mainstream exercise routines. Additionally, the emphasis on the mental well-being benefits and the importance of distraction from low moods point to a focus on overcoming feelings of alienation and finding a sense of purpose and achievement.",shattered self-esteem,0.2583727240562439
826,"The person's feelings of loneliness, fear of future loneliness once their children move out, and the desire for companionship indicate relationship-related stress. The person's current single status, longing for company, and lack of emotional support from friends contribute to the relationship-related stressed category.","scared, more lonely",0.42761316895484924
827,"The person's behavior of not being able to sleep, eating a lot of food late at night, and feeling self-hatred afterwards indicates a sense of alienation and disconnect from oneself. This emotional state may be leading to the person's inability to sleep and seeking comfort in food.","can't fall asleep,hate myself.",0.4246821999549866
828,"The person is expressing feelings of alienation and hopelessness in life, indicating a sense of disconnection from others and a lack of belonging. The focus on the inability to find happiness despite trying hard and feeling undeserving of it suggests feelings of alienation and isolation.","commit suicide and die, 
Life is full of pain and misery,
 just cannot find the happiness  
",0.4236202836036682
829,"The mention of opioids suggests a medication-related issue, possibly indicating a reliance on substances to cope with emotional pain.", live without you,0.08462008833885193
830,"The individual seems to be dealing with feelings of loneliness, uncertainty, and emotional numbness related to finding a romantic partner or 'the one'. This kind of struggle is often experienced in relationship-related stress."," find the ""one"" for me,spiral of emotions, emotionally numb ",0.5831208229064941
831,The person's feelings of alienation and lack of meaning in life are indicated by the statement 'feeling like nothing matters' and expressing thoughts of ending it all.," like nothing matters, better to end it all.
",0.44553494453430176
832,"The person mentions hitting rock bottom, feeling like they would never get away from it, and choosing to go out and get drunk. These statements suggest that the individual is experiencing relationship-related stress, possibly indicating problems or challenges in their personal relationships or romantic life."," toughest years of my life, hit rock bottom,feeling shit,go out and get drunk",0.48496899008750916
833,"The person seems to be under relationship-related stress as they mention feeling sad and terrible while spending time with their family on New Year's Eve due to tension between family members, particularly their uncle who hates the family because their aunt controls him. This family dynamic has created a negative atmosphere during family gatherings, causing the person distress and making them consider leaving the house if things escalate, indicating significant relationship strain."," terrible,hates my family,i don¬¥t like this sittuation",0.4064227342605591
834,"The use of the word 'happy' indicates a positive mental state, suggesting the person is in a good state.",but ,0.09576798230409622
835,"The person seems to be experiencing feelings of alienation, despite having a 'perfect life' on the surface. They express confusion and pain about why they are feeling this way, indicating a sense of disconnection or detachment from their surroundings and emotions. The mention of voices and the desire to do something drastic also suggest feelings of disconnect from reality or the self.","Why won't the voices go away, hurt so much, can't take it anymore",0.3069203197956085
836,"The person expresses deep feelings of self-hatred, worthlessness, and wanting to die, despite having positive elements in their life such as a supportive family, academic success, and a loving boyfriend. These are all common symptoms of depression that has persisted for many years. Additionally, the person mentions feeling suicidal when stressed or when faced with negativity, which indicates a severe mental health condition. The reluctance to seek help from a psychiatrist due to feeling like a burden and fearing stigma from family members further supports the categorization into medication-related stress. The mention of wanting to find someone in a similar situation rather than seeking help also suggests a sense of alienation and loneliness.","burden to anyone, cut myself,makes me suicidal",0.5354751348495483
837,"The language and expressions used in the premise suggest a sense of alienation. The author recognizes the subjectivity of depression and the uniqueness of individual experiences, indicating a feeling of disconnection from others. The mention of experiencing a sense of rush and power in a low point may stem from a feeling of detachment or alienation from their usual state of being. This alienation-related stress may be contributing to the conflicting feelings of power and sadness described in the premise.","suckiest feelings, low point",0.37506648898124695
838,"The person's impulsively stopping their medication (depakote) and experiencing negative effects like anger outbursts, headaches, tiredness, and worsened depression and hopelessness suggest medication-related stress. Additionally, the mention of being diagnosed with bipolar disorder indicates the importance of consistent medication adherence for mental health management.","bipolar, stopped,medication, impulsively, looot of anger, irritated easily and prone to anger outbursts.. 
Headaches,on medication,hopelessness, exhausted ",0.643203616142273
839,"The intense feelings of loneliness, longing for connection, and lack of communication mentioned in the premise suggest that the individual is experiencing relationship-related stress. They feel misunderstood, unappreciated, and unsupported by those around them, especially when it comes to their mental health struggles. The desire for daily phone conversations and the disappointment in the lack of effort from others to provide simple forms of support indicates a deep emotional need for connection and understanding in their relationships.",why do you say you miss me when you don't even want to talk to me,0.45661661028862
840,"The person mentioned feeling down due to trials and problems at home and school, indicating relationship-related stress."," problems at home and school,felt so down in my life",0.601293683052063
841,"The person is experiencing relationship-related stress. They are feeling guilty, like a failure, and responsible for their girlfriend's well-being. This emotional burden is likely causing them significant distress and uncertainty about how to help their girlfriend, which is a common experience in relationships where one partner is struggling with mental health issues.","guilt ,feel like a failure",0.4023502767086029
842,"The person is experiencing alienation-related stress as indicated by feelings of being unable to connect with others, struggling to fit in with their current social circle, feeling like an outsider, and finding it difficult to make new friends. They express a desire for deep and meaningful relationships but feel inhibited by social awkwardness and the fear of being judged or misunderstood. This sense of alienation has persisted over several years, impacting their ability to enjoy social interactions and leading to a sense of missing out on important social experiences.","want to have friends, so I don't feel like a total loser",0.3144056797027588
843,"The person is experiencing relationship-related stress. They are feeling deeply insecure and inadequate due to the lack of romantic experiences and rejections they have faced. This is evident from their detailed description of their efforts to find a relationship, their self-doubt about being datable, and their seeking validation from others about their attractiveness. The person's preoccupation with their perceived flaws and questioning their worthiness of love indicates a significant emotional distress related to relationships.","never had a relationship,just average-looking undatable, don't fit anyone's mold, perfect for no one,",0.4652141332626343
844,"The premise indicates a strong emotional attachment and devotion towards the person 'K.', suggesting a deep romantic relationship. The intense emotional pain, heartbreak, loss of appetite, and feeling of dread upon waking up after the confession of the affair, all point towards relationship-related stress and anguish. The sense of abandonment, feeling like life is on pause forever, and comparing the experience to death further emphasize the significant impact of the relationship on the person's mental state.","pain is my heart, pause for ever,dying feels like, the agony is inside me. never healed from the previous, ex that had cheated,no hope to heal from this",0.4422605037689209
845,"The person is experiencing relationship related stress. They describe feelings of progression and confidence due to personal achievements, but their positive emotions quickly turn into disappointment and self-blame when faced with rejection and heartbreak from a potential romantic interest. This sudden shift from elation to despair highlights the impact of the relationship event on their mental state, leading to feelings of being dragged back down despite prior progress."," my own fault, Life is cruel, theres always something that'll drag you back down",0.4299508035182953
846,"The person expresses feelings of alienation and isolation, mentioning their struggles with friendships, loneliness, and spending New Year's Eve alone for the fifth consecutive year. They also express hope for a better year ahead and mention the importance of changing attitudes and habits. This sense of disconnect and desire for change points towards alienation as the predominant mental state.","Alone, Relationships, friends, lack of, grades, lost loved ones",0.38576626777648926
847,"The person expresses feelings of alienation and disconnect due to their perceived lower socio-economic status compared to those around them. They feel ashamed and miserable about their family's financial situation, highlighting a deep sense of alienation and inadequacy when surrounded by individuals of higher economic status. This comparison and constant focus on money show a clear sense of alienation and dissatisfaction with their current circumstances.","Being poor sucks, ashamed everyday because of our poverty,feel miserable",0.4825483560562134
848,"The person seems to be feeling stressed due to relationship issues, particularly feeling hurt and ignored by their friend despite expressing their feelings multiple times. The inconsistent behavior of the friend is causing emotional distress, leading the person to question the value of the relationship. These feelings of hurt and unresolved conflict suggest that the individual is dealing with relationship-related stress.","ignores ,relationship, end",0.41408371925354004
849,"The person's inability to make up their mind and conflicting desires suggest feelings of alienation and disconnection, leading to stress.","cnt make up  my  mind with ANYTHING,tore between wanting to do things ,not wanting to do them at the same time",0.5339303016662598
850,"The person seems to be experiencing relationship-related stress. The emotional tone of the writing, focusing on a past romantic interest named Gabby, indicates a deep longing and sense of loss. The mention of missing her, wishing to talk to her, and expressing love and longing suggest a significant emotional attachment that is causing distress. The intense feelings of love and missing someone indicate relationship-related stress.","miss her so much, always love you",0.43622568249702454
851,The person is experiencing alienation related stress as they feel left out and disconnected from the joy and celebrations that others are experiencing during the New Year's Eve. The lack of companionship and the sense of not having anyone to celebrate with has contributed to their feeling of depression and lack of excitement for the new year.,dont have anyone  to celebrate ,0.44963598251342773
852,"The person who wrote the premise is experiencing relationship-related stress. This is evident from the detailed account of a close friendship that deteriorated over time due to the friend's shift in priorities towards money and neglect of personal relationships. The emotional investment in the friendship, the betrayal of trust, and the impact on the friend's girlfriend all point towards a significant level of distress related to relationships.","Cheating, group started breaking apart, left us, ignore, obcessed, blocked",0.20908574759960175
853,"The person expresses feelings of loneliness, isolation, and fear of leaving the house, indicating a sense of alienation from their surroundings and a lack of social connection. The mention of not being known by anyone in the neighborhood and spending weeks inside the house further emphasizes the theme of alienation and isolation."," lonely, will have no one to talk to,Hate this life ",0.29302942752838135
854,"The person is experiencing deep emotional numbness and a lack of ability to feel emotions even in the face of significant loss. This could be a sign of alienation and detachment from their own feelings and experiences, which may require professional help to address and cope with the situation.","No emotional pain, no excitement or happiness",0.36277058720588684
855,"The person is experiencing relationship related stress due to ending a toxic relationship. Even though they initiated the breakup, they are still encountering separation anxiety and loneliness, which are common emotional responses to the end of a relationship, especially if it was toxic."," lost a lot of family members, best friend,can't really feel anymore, emotional pain, no excitement,happiness ",0.3144829273223877
856,"The premise describes a strong association between the individual's anxiety and their past and current relationship experiences. The person highlights how anxiety from a previous relationship resurfaced in their current relationship, causing fear of making the same mistakes. Their decision to seek therapy for relationship fears, coupled with emotional numbness from medication, ultimately led to the difficult choice of breaking up with their girlfriend. The intense emotions, regrets, and sadness expressed in the premise further support the categorization of relationship-related stress.","long distance, relationship anxieties, emotional numbness, break up, self-harm, regrets",0.6069062948226929
857,"The language and sentiment expressed in the premise indicate relationship-related stress. The person mentions concerns about the potential impact on their younger siblings, parents, and friends, emphasizing the fear of causing emotional harm and trauma to their family members, especially the younger brother and sister. This reflects a deep emotional struggle pertaining to familial relationships and the impact of their actions on their loved ones, suggesting a category of relationship-related stress."," emotionally damaged, traumatised, did it
",0.37264811992645264
858,"The person who wrote this premise seems to be experiencing feelings of alienation or disconnection from others. They express gratitude towards a community that supports individuals dealing with depression, highlighting how kindness and care from strangers can have a positive impact. The emphasis on everyone facing the same problem of depression despite being different people suggests a sense of shared struggle and isolation, which points to feelings of alienation. Overall, the focus on finding solace in an online community and the acknowledgment of unseen bravery and strength in others' battles with depression indicates a mindset leaning towards alienation-related stress.","dark place, ",0.17511002719402313
859,"The premise indicates a feeling of being ignored or facing the possibility of being abandoned by someone, which points to relationship-related stress."," being ignored, be abandoned ",0.5470341444015503
860,"The person expresses feelings of misanthropy, alienation, and a lack of trust towards human beings. They describe the world as a joke and view people as disgusting aliens. This sense of alienation and disconnection from others is a key indicator of Alienation related stress.","lost my Dad, HATE life, insomnia, complete withdrawal",0.1015750914812088
861,"The person expresses a deep sense of hopelessness and despair, feeling disconnected from others and the world, which aligns with feelings of alienation and disconnection from society."," miserable, no hope,kill myself .",0.4424695372581482
862,The individual seems to be feeling disconnected or alienated from the idea of self-improvement and personal growth that typically comes with the concept of 'new year new me'. This sense of alienation or disconnection could be leading to a negative self-perception and a lack of motivation to change.," bullshit,loser,not getting my hopes up",0.17147386074066162
863,"The person is experiencing a sense of isolation, a desire to be around friends, yet feeling disconnected from them. They value their sense of desirability based on non-monetary ways and seek more meaningful connections. This indicates relationship-related stress, specifically feeling unfulfilled in their social interactions and struggling with feelings of loneliness and isolation.","Isolate, loss of interest ,heavy in each moment",0.2876127362251282
864,"The premise reflects a sense of existential dread and questioning the purpose of life, indicating feelings of alienation and disconnection from oneself, others, or the world in general.","why do we live,  certain is death ",0.43340373039245605
865,"The person is feeling alienated and disconnected from the party happening in the lobby where their friends are. Additionally, the feeling of not wanting to go back down to the party and being in bed instead shows a sense of withdrawal and alienation. The mention of being a buzzkill and feeling unable to bring themselves to get back down there also indicates a sense of disconnection from the social event taking place. The struggles mentioned in the year and the uncertainty about not being accepted to med school further contribute to feelings of alienation and isolation, making the individual feel distant from the celebratory atmosphere around them.",you are not alone,0.1507481038570404
866,"The person's description of living with depression for five years and feeling tired of coping with it indicates a state of mental stress related to medication and the struggle to afford treatment. They mention the need for money to get through depression, highlighting the financial barrier to accessing necessary treatment. The focus on the procedure and the difficulty in achieving stability due to their mental health condition further emphasize the medication-related stress in this case.","Every single day is a torture, give up, no fixing",0.24063114821910858
867,"The person's mental state seems to be heavily affected by their decision to cut down on their antidepressants. They expressed feeling unable to cope with the stress of university work, experiencing difficulty focusing, doubting their capabilities, and feeling like a failure. These are all common indicators of a medication-related stress, where a significant change in medication regimen has had negative consequences on the individual's mental well-being.","as a mistake to try and go to university,couldn't meet the deadlines, can't revise, canít focus, fail these exams",0.29699739813804626
868,"The person's mental state is related to medication and feeling stressed due to the ineffectiveness of the prescribed medication. They are contemplating quitting the current medication or seeking an alternative, indicating a level of stress and concern regarding their mental health treatment.","prescribed Mirtazapine,insomnia,everything even worse, think about quitting ",0.48761066794395447
869,"The extreme feelings of hatred, loathing, and alienation towards others, as well as the sense of life being a waste, indicate a state of alienation-related stress. The person's strong negative emotions towards people, including their success, intelligence, and family members, suggest feelings of isolation, disconnection, and alienation from society."," loath people,hate myself the most, life has always been a complete waste",0.4145112633705139
870,"The person is feeling relationship related stress due to being let down by their friends on New Year's Eve. The disappointment of being alone after making efforts for a get-together, feeling ignored by friends, and expressing sadness about having very few friends indicates a focus on relationship issues.","alone, ignore all my messages, Barely have any friends",0.3234194219112396
871,"The person expresses feelings of alienation, loneliness, confusion, and fear of the world and themselves. They mention feeling alone, scared, and judged, as well as struggling to express their emotions and maintain friendships. The inner turmoil and sense of isolation indicate a state of alienation-related stress.","feel alone, tears,rages of anger,hate myself",0.4647301435470581
872,"The person appears to be in a good mental state, expressing positivity and optimism about the new year, hopes, dreams, and reminiscing about good things that happened in the past year.",emember the good things that happened,0.3277449309825897
873,"The person appears to be experiencing relationship-related stress, specifically due to the toxic dynamic between their parents and the influence of the grandmother. The constant tension and manipulation within the family, coupled with the long-standing issues between the parents, have created a sense of hopelessness and despair for the individual. The person's wish for a happier family life, feelings of guilt for being away from home, and the dark thoughts regarding the grandmother's role in the situation all indicate a deep emotional turmoil arising from the strained relationships within the family.","Divorce, get this off my chest, distressed, unhappy this marriage has been, negative, toxic, depressed atmosphere, huge mess",0.43070343136787415
874,"The mention of being in a depressive episode related to bipolar disorder and the difficulty in performing basic tasks for work and life, along with seeking help to explain the condition to someone who is supportive but may not understand, indicates a significant level of stress related to medication and mental health management.",dealing with a depressive episode (biopolar) ,0.5090962648391724
875,"The person is experiencing relationship-related stress due to struggling with their sexual orientation, feeling unaccepted, longing for comfort from their crush, and expressing difficulty in reaching out for help. The emotional pain, suicidal thoughts, and feeling of hopelessness indicate a deep level of distress in their relationships and identity.","around 12-13 years old when I found out I was gay, suicidal thoughts, want to die, just want to get comforted by someone (I would prefer my crush lol)",0.3951124846935272
876,"The person exhibits signs of bias or abuse related stress by mentioning punching bullies, preventing broken family relationships, stopping an abusive father, and desiring to have friends. These experiences suggest a deep emotional turmoil related to abuse and bias, leading to feelings of stress and distress.","abusive father, bullies, could fix everything,broken family relationships",0.5436169505119324
877,"The mention of depression and suicide attempt, as well as feeling a weight lifted off the shoulders after sharing, indicates a mental state related to medication and possible struggles with mental health.","suicide attempt 2 months ago,so difficult to talk about but I feel like a weight is lifted of my shoulders",0.6099273562431335
878,"The person who wrote the premise is experiencing feelings of alienation and disconnection. The repeated pattern of seeking new opportunities, such as moving across the country, changing jobs, going to school, and reconnecting with friends, only to end up feeling the same sense of dissatisfaction and self-hatred, indicates a deep-rooted sense of alienation. The constant questioning of whether external achievements or relationships will bring happiness, coupled with feelings of self-hatred and hopelessness, further support the categorization of alienation related stress.","failed this semester,self hatred, self destructive, dumb spending, drunk nights, so much pain, hypocrite, liar, selfish, last year of my existence",0.34394893050193787
879,The person's mental state is likely categorized as Medication related stressed because they are struggling with finding an effective antidepressant and questioning the approach of using SSRIs. The mention of being diagnosed with Dysthymia w/ anxiety and going through multiple antidepressants without success reflects their frustration and stress related to medication treatment for their mental health issues.,"diagnosed with Dysthymia w/ anxiety,on my 4th antidepressant (zoloft, wellbutrin, lexapro, effexor), with no success",0.6942143440246582
880,"The person seems to be experiencing feelings of sadness and questioning their happiness, reflecting on the past year and feeling a sense of disconnect or alienation during the transition from the holiday season to the colder months. This sense of dissatisfaction and introspection often aligns with feelings of alienation and disconnection from oneself or others."," extremely sad feeling, asking myself if I am really happy ,cold winter period",0.641659677028656
881,"The person's description indicates a deep sense of alienation and disconnection from their own sense of identity, past, and future. They feel a unified depression from all their past experiences and future expectations, leading to feelings of hopelessness and despair. This overwhelming feeling of being disconnected from their sense of self and the world, along with the perception of everything changing for the worse, reflects a state of alienation-related stress.","who am I is gone, utter hopelessness, want to die, rid myself ,feels so heavy",0.47745072841644287
882,"The person expresses feelings of loneliness, alienation, and a sense of not being cared for by family or friends. These emotions indicate a state of alienation and disconnection from others, which can lead to increased stress, anxiety, and feelings of despair.","Struggling, alone, no one seems to care, not even my family, wanna die",0.3898884057998657
883,"The individual expresses feelings of isolation and detachment from society and the system, questioning the purpose of their efforts when they feel undervalued and insignificant. They seem to struggle with the sense of not fitting in or belonging, leading to a state of alienation."," low self-esteem, comparing ,worth very much at all",0.48128512501716614
884,"The level of alienation and loneliness expressed in the premise, along with the struggle to find a place of belonging and the fear of being alone during the holidays, suggests a deep sense of alienation and isolation. The desire to avoid being alone at all costs and the feeling of being torn between different social options indicate a strong need for connection and a fear of being left out or abandoned. The mention of self-deprecation, self-hate, and thoughts of suicide further emphasize the emotional distress and inner turmoil caused by the sense of alienation. The uncertainty about where to spend the evening and the concerns about being in social settings that may not align with personal values highlight the internal conflict and emotional struggles associated with feelings of alienation.","addictive personality, smoke weed, cocaine, very alone, self-deprecation,self-hate,thoughts of suicide",0.36484459042549133
885,"The language used in the premise suggests feelings of alienation and disconnect from others and self-doubt about social interactions. The person seems to be struggling with feeling different from others and understanding social cues, leading to a sense of worthlessness and isolation.","she replies with just emojis it shows she doesn't want to carry on the conversation, die so badly, boring pile of shit",0.2558440864086151
886,"The mental state exhibited in the premise is related to relationship stress. The person expressing the premise is deeply affected by the dramatic changes in the relationship with their cousin, especially the disturbing and abusive situation their cousin went through. This has caused emotional distress and concern for their cousin's well-being, leading to a sense of helplessness and sadness. The distress is further heightened by the cousin's current mental state and desire to lead a lifestyle that may not be safe for someone with vulnerability due to autism, adding to the complexity and strain of the relationship.",autism makes him vulnerable becoming suicidal,0.4922785758972168
887,"The person is expressing deep feelings of depression, suicidal thoughts, and a sense of hopelessness, which are often related to relationship-related stress. The mention of past years starting in a negative emotional state and how the rest of the year mirrored that indicates a pattern of relationship struggles or issues that are affecting their mental well-being.","drunk as hell, weed,paranoia,on the verge of suicide,  ",0.3112734854221344
888,"The language used in the premise shows a high level of emotional distress and anger towards the person's mother, as well as feelings of failure and being alone. The mention of wanting to end their life and the focus on loneliness and comparison with others indicate relationship-related stress and deep emotional pain.","done ,hate, mother, fucking failure , cut my veins",0.29473355412483215
889,"The person is feeling alienated and disconnected from something they love (gaming) due to not having internet access at their new home. This lack of access has caused a lot of problems and distress for them, leading to feelings of sadness and loss.","gaming ,spent thousands of hours, no internet available,all gone downhill",0.5176798701286316
890,"The person expresses feelings of alienation, self-hatred, and hopelessness. The mention of a quarter life crisis, dissatisfaction with their personality traits, struggles with depression and anxiety, and lack of accomplishment due to these issues indicate a sense of disconnection and detachment from themselves and the world around them. The desire to wake up dead tomorrow suggests a deep level of alienation and despair.","quarter life crisis, introverted and shy, haven‚Äôt accomplished, myself,hate my life,wake up dead tomorrow",0.6238416433334351
891,"The person is experiencing relationship-related stress. They mention feeling like a failure compared to their peers, struggling with financial independence, and expressing a sense of loneliness or alienation by living with 'lunatic parents'. The emotional turmoil and thoughts of not being able to afford living on their own highlight potential relationship issues, whether with family, peers, or with themselves. This relationship-related distress is further accentuated by feelings of comparison to others and a lack of fulfillment in personal achievements. The person's emotional state seems deeply affected by these relationship dynamics, contributing to their overall mental health struggles.","making a minor mistake, crushing feeling you get in your chest feelings, of hopelessnes,s fall right back down into that hole,become miserable again, garbage emotionally, mentally ,physically, midlife crisis, so far behind my peers,feeling like a colossal failure,",0.41312044858932495
892,The person expresses feeling disconnected or isolated from the general mood of celebration and happiness surrounding the new year. They find it difficult to relate to the joyous atmosphere and seem to feel alienated from it. The negative tone towards the entire year and lack of positive news implies a sense of detachment or estrangement from the societal norms or expectations during such occasions.,"worst year, personal life, has been the most bumpy ",0.36998042464256287
893,"The person's mental state is characterized by overwhelming sadness and self-doubt, which are common symptoms of stress related to academic responsibilities and deadlines. The pressure of having multiple essays due in a short period of time as a law student can lead to feelings of loneliness, self-criticism, and fear of failure. These emotions are often associated with the stress experienced in educational settings, making it fitting to categorize this situation as Jobs and careers related stressed (C2)."," 3rd (final) year law student in the middle of tons of essays due, unbearably sad,lonely, mind tells me is awful,feel like I‚Äôm in hell",0.619163990020752
894,"The writer is expressing stress and concern over the negative relationship dynamics between their friend and their friend's mother, which is evidently causing distress and depression to their friend. The focus on providing emotional support and hoping for a better outcome in the future indicates a strong emotional investment in the interpersonal relationship, leading to the categorization of 'Relationship related stressed'.","spending the night locked in their room,cutting again,unsupportive 
",0.20923388004302979
895,"The person who wrote the premise is experiencing alienation-related stress. They describe feeling like their life is a sham, lacking genuine connections with friends, and sensing a disconnect with their family due to differing beliefs. Additionally, they express struggles with fitting into social situations, avoiding interactions, and feeling ashamed of their introverted nature. Their lack of hobbies, passions, and skills further contribute to a sense of alienation. The individual's experiences of not aligning with their family's Christian beliefs, financial irresponsibility, and dissatisfaction with their professional and personal life also indicate feelings of disconnection and isolation. Overall, the theme of feeling out of place, disconnected, and struggling to find happiness amidst these challenges aligns with the category of alienation-related stress.","father treats my mother like absolute crap, dead end job, life feels like a sham, terrible financial decisions, spend money frivolously on entertainment and food, no resolve, willpower, masturbate way too frequently",0.30465036630630493
896,"The language used in the premise suggests feelings of extreme hopelessness, helplessness, and alienation. Phrases such as 'things get really bad', 'killing myself', 'no point in trying', 'tired of living like this', and 'waiting for nothing' indicate a deep sense of alienation and disconnect from life and hope for improvement.","always this voice saying it's not that bad,finally kill myself, trying so hard, tired of living like this",0.48836779594421387
897,"The person feels alienated and marginalized in social interactions, leading to self-doubt and negative thoughts about themselves. They believe that others are intentionally mistreating them, which contributes to their feeling of being different or 'the only one' targeted in such situations."," jerk cuts me off,coworker simply ignores,hating, interrupt,wimp",0.26809391379356384
898,"The person mentions having Acetylsal tablets next to them, which indicates a potential intention to take their life using medication. This suggests a medication related stress, possibly stemming from underlying mental health issues or a belief that ending their life with the medication is the best solution for their pain and dissatisfaction with themselves.","don't care about my family,live in pain everyday, just hate what am i, don't like me, hate, painful",0.2181287556886673
899,The person expresses a feeling of loneliness and isolation by mentioning spending the year completely alone. The use of vulgar language and negative imagery in describing the upcoming year suggests a sense of alienation and disconnection from society or the world around them.,"completely alone, A$$ f**king life ",0.32028132677078247
900,"The person expresses feelings of low self-worth related to their current life situation, including stagnation in personal and romantic relationships. They also mention feeling depressed, which could be exacerbated by the holiday season. These factors indicate relationship-related stress as the primary category of their mental state.","same position , Same job, feel worse , worthless,rather be gone",0.3654610216617584
901,"The person expresses feelings of alienation and detachment from others, feeling ignored or forgotten by others. This sense of disconnection and lack of meaning in life is a key indicator of alienation-related stress."," Living for the sake of being alive, can't enjoy anything,everything has lost all flavor and meaning  ",0.3732205629348755
902,"The individual expresses feelings of isolation, lack of purpose, and disconnect from the world around them. They describe a sense of emptiness and despair, highlighting a deep sense of alienation and a lack of belonging or fulfillment in life.","kids are getting older,donít really need me anymore, my body aches,see an aging, tired face, getting old,nothing left to look forward",0.24087059497833252
903,"The mention of suicide and feelings of hopelessness indicate a deep level of distress that is often associated with medication-related stress. The person seems unsure about their mental state and the potential for relapse, which suggests ongoing vulnerability and reliance on medication for support.","had got better, relapse, feeling super hopeless right now ",0.48953667283058167
904,"The person is experiencing extreme feelings of loneliness, alienation, and despair. They feel disconnected from society, lacking friends, romantic relationships, and career success. The mention of spending all their time with their parents and feeling suffocated by their presence indicates a deep sense of alienation. The person's resolution to end their suffering through suicide suggests a profound level of emotional distress and disconnection from the world around them.","old and tired, never had any true friends, end all this suffering, commit suicide",0.5487993955612183
905,"The person is experiencing relationship-related stress and turmoil. They are feeling numb towards their boyfriend, contemplating leaving him, and struggling with their feelings towards him after being together for 7 years. This emotional turmoil is contributing to their feelings of depression and anxiety. The inability to connect emotionally with their partner is causing them considerable distress and confusion about their own identity and happiness. The desire to feel like themselves again and the fear of ruining things further indicate relationship-related stress as the predominant factor in their current mental state.","scared for the future, life is falling apart, feeling numb, on meds, would like to just disappear",0.4015490412712097
906,"The mention of anxiety and depression as well as the search for motivational videos, contacts, and support groups indicates a focus on mental health and well-being, potentially related to medication and treatment for anxiety and depression.","apps,central hub for anxiety/depression motivational videos, useful contacts and support groups",0.7038007974624634
907,"The person mentioned seeking help for depression, coming out to a friend about their mental illness, and facing the possibility of being kicked out of university due to mental illness. This indicates a strong association with medication-related stress and struggles related to dealing with mental health issues.","Poor, mental illness, getting kicked out of university, truly alone",0.6204087734222412
908,The author seems to be feeling alienated and disconnected from their loved ones and the society in general. They express a sense of wanting to escape the burden of guilt and responsibility by contemplating scenarios where their death is perceived differently based on the circumstances leading to it.,"take my own life, how selfish I am and how could I do this to my family, what could I have done to help,",0.2741362452507019
909,"The person is experiencing depression and mentions feeling worse when staying in bed with nothing to do. This behavior indicates possible medication-related stress, as it is common for individuals dealing with depression to struggle with motivation and self-care, including engaging in activities that could help alleviate symptoms. Seeking ways to keep busy and actively trying to change these habits also suggest an awareness of the need for improvement, which could be influenced by the individual's current medication and treatment plan."," lay in bed,easier than doing anything at all",0.4882948100566864
910,"The language used in the premise, such as 'can't even do that,' 'just out of reach,' and 'can't force it to happen,' indicates feelings of alienation and disconnection. The sense of always feeling this way also suggests a persistent feeling of being isolated or detached from something or someone.","just out of reach,can't force it to happen ,always feel like this.",0.4809536337852478
911,"The person expresses feelings of insecurity, loneliness, worthlessness, and alienation in the social context. They mention a lack of real friends, feeling shy, difficulty in making eye contact, and struggling with talking to girls they find attractive. The mention of spending New Year's Eve alone while others are supposed to be partying further highlights the sense of alienation. The person also dwells on past events and overthinks, indicating a feeling of disconnect or estrangement from their surroundings. These factors point towards alienation-related stress as the dominant mental state.","so shy, stutter so bad, don't make eye contact, don't go out, ever, have no real friends, feeling so worthless, feeling insecure and lonely",0.42540618777275085
912,"Expressing a desire to die on the way to work indicates a significant level of stress related to jobs and careers. The individual may be feeling overwhelmed, frustrated, or unhappy with their work situation, leading them to have such a negative and extreme thought.", die on my way to work today,0.5841382145881653
913,"The person expresses feelings of being let down, exploited, and manipulated by both male and female figures in their life, who are only motivated by personal gain. They mention a lack of genuine care for their problems, only a focus on obtaining cash. This sense of betrayal and lack of empathy from individuals who are supposed to provide support could lead to feelings of alienation and isolation.","I've seen several - both male and female, don't get addicted easily, apologize in advance to any prostitute i might have offended",0.29797250032424927
914,"The person expresses feelings of loneliness, abandonment, and difficulty in forming meaningful relationships, indicating relationship-related stress. The mention of parents' breakup, feelings of being left behind by friends, and lack of courage to find a soulmate all point towards a deep sense of rejection and isolation in personal relationships. Additionally, the individual's contemplation of suicide and seeking advice for depression suggest that relationship struggles are significant factors contributing to their mental state.","parents broke up, attempting suicide, mind to be clouded",0.5397610068321228
915,"The person's thoughts indicate a feeling of being disconnected or detached from others, questioning if they would be missed or if their absence would have any significant impact on others. This suggests a state of alienation-related stress.","Would people miss me,",0.25761163234710693
916,"The difficulty in eating properly and the lack of appetite described could be symptoms of a medication-related issue, such as side effects from medication impacting one's appetite or mental state."," hard time eating lately, barely touch it, then get bored of eating ",0.44126245379447937
917,"The use of Ritalin indicates medication-related stress, as the individual may be experiencing anxiety or apprehension due to the effects of the pill, especially combined with physical exertion like biking over a mountain."," just took a ritalin pill,be fucked after the ride",0.5942013263702393
918,"The text indicates that the person is experiencing stress and challenges related to medication. The individual mentions being diagnosed with major depression disorder and anxiety disorder, as well as trying self-medication before turning to prescribed medication. They describe severe side effects with the initial medication, citalopram, and difficulties with the second medication, effexor, including a worsening of symptoms and uncontrollable anxiety. The use of counterfeit oxy and Xanax for self-medication may have interacted negatively with the prescribed antidepressants, leading to the described episodes. The focus on medication, side effects, and interactions suggests a significant level of stress related to managing mental health through pharmacological means.","self medicate,very impulsive, uncontrollable anxiety,suicidal thoughts",0.5371123552322388
919,"The person expresses feelings of detachment, loneliness, isolation, and alienation from things that typically bring happiness to others. They also mention compulsive suicidal thoughts and a sense of dread and despair from the future. These are all indicative of alienation-related stress, where the individual feels disconnected from the world and experiences intense emotional struggles that lead to a sense of hopelessness.","get over the past ,sexual abuse, being an unwanted child, compulsive suicidal thoughts, loneliness, isolation issues, dread, despair from the future, detached",0.5091044902801514
920,"The mention of using Red Bull and strong coffee as a way to manage depressive symptoms suggests a reliance on substances to cope with mental health issues. This indicates a medication related stress, as the individual may be self-medicating with stimulants to alleviate their symptoms."," drug of choice is Red Bull, Coffee, raising energy levels",0.6475878953933716
921,"The premise points to relationship related stress, specifically the feeling of being left out and experiencing social isolation during a time when the person's sisters are with their friends. The fear of being judged and the pressure to make it seem like they are not alone indicate a struggle with relationships and a sense of loneliness."," sisters, make fun of me for being by myself,playing video games ",0.3586575984954834
922,"The premise indicates the person is experiencing deep emotional pain and expressing feelings of extreme hopelessness, helplessness, and despair. The mention of hating life, wishing to kill themselves, feeling abandoned by family members, facing legal issues, and struggling to cope with the challenges of being on their own all point towards relationship-related stress, particularly relating to family dynamics and the lack of a strong support system. The person's thoughts of suicide and inability to act on them due to fear suggest a significant level of emotional distress and turmoil within their relationships and personal life.","possession of pot that wasn't mine,wished I could kill myself , both parents dead, no family support, just friends, my brother abandoned me, out drinking as a teenager, on my own,  auto school ,lost in life, a pansy,",0.4310314655303955
923,"The person expresses feelings of alienation and isolation, believing that others do not think of them or value their presence. This sense of being overlooked and unappreciated indicates alienation-related stress.",continue to ignore me,0.22393512725830078
924,"The person is experiencing relationship-related stress due to their girlfriend's depression. They feel overwhelmed and unsure of how to support their partner, leading to feelings of guilt, confusion, and a sense of inadequacy in the relationship.","girlfriend has depression, don't know how to deal with it,sad for no reason, piece of shit, crazy, felt annoyed, guilty",0.7060152292251587
925,"The use of terms like 'wage slavery,' 'individualism,' and 'materialism' suggests a sense of alienation from society and its values. The feeling of being tired of these concepts indicates a deep-seated discontent with the current state of affairs and a sense of disconnectedness from the prevailing norms and systems.","wage slavery, individualism, materialism ",0.7363049983978271
926,"The person expresses feelings of severe depression, isolation, and alienation. They mention being isolated for years with no family or friends, feeling torn apart, and having no one to talk to. These feelings of extreme loneliness and disconnection indicate a state of alienation-related stress."," No family, no friends, no life, disappointment,isolated,inner pain and struggle will end, making me want to cut myself",0.3996160924434662
927,"The person expresses feelings of extreme alienation throughout the text, mentioning experiences of rejection, isolation, and mistreatment due to their race and socio-economic status. They describe a deep sense of difference from successful black and poor individuals, feeling broken and disconnected from others. This sense of alienation has led to a lack of hope for the future and a desire to end their life, as no one seems to care about them or their well-being.","black people,poor people, so easily broken,  criminal because I looked mean and dirty, been bullied and completely friendless, drugs ,  just end it because there is no point prolonging a useless life",0.4592840373516083
928,"The person is feeling alienated and disconnected by seeing other people already moving on to the next year, which is causing them to feel a sense of dread and inadequacy about their own current situation. This feeling of being left behind or unprepared for what's to come in the new year can contribute to alienation-related stress."," unspeakable dread,  wasted this year ",0.3423406481742859
929,"The writer's feelings of being overwhelmed by past trauma stemming from a toxic family environment suggest alienation-related stress. The sense of being left to deal with the emotional burden alone points to feelings of isolation and detachment from others, which are common characteristics of alienation-related stress."," toxic environment,trauma is coming at me,",0.44852080941200256
930,The language used and the sense of failure expressed in the statement indicate job or career-related stress and frustration over perceived failure., i failed even at that,0.35506582260131836
931,The use of the phrase 'don't feel good' typically indicates a general feeling of being unwell or not in a positive mental state.,i dont feel good,0.659002423286438
932,"The person seems to be expressing a deep sense of alienation and disconnectedness from their past and present circumstances. They mention a series of regrets and unfulfilled wishes, indicating a feeling of not belonging or being out of place in various aspects of their life. This sense of alienation is evident in their reflections on family, education, relationships, and overall life choices. The wish for everything to be different suggests a longing for a sense of connection and belonging that is currently missing in their life.","Parents hadnít gotten divorced, alcohol abuse, hadn't dropped out to go to rehab",0.16973090171813965
933,"The language used indicates a sense of disconnect, disillusionment, and resentment towards societal expectations and ideals, particularly towards what is perceived as 'happy, functional families'. This feeling of not fitting in or belonging can lead to alienation-related stress."," if I don't do it I'm going to feel guilty.
",0.06220915913581848
934,"The person is expressing feelings of isolation, loneliness, and alienation. They mention being alone, having no friends, no girlfriend, and feeling like the world is passing them by, especially on holidays. They also discuss being numb in the past due to bad habits/addiction and how they are now feeling the pain of their loneliness. This sense of disconnection and alienation from others and the world around them points to alienation-related stress.","stopped bad habits, addiction,made me extremely numb feel completely alone, lonely Live alone, no friends anymore, no girlfriend just isolated",0.4257712662220001
935,"The person is experiencing stress related to relationships. They mentioned making poor decisions which may have led to their plans falling through, indicating possible difficulties in personal relationships. The mention of wanting to be like robots suggests a desire to avoid the emotional complexities and challenges that come with human relationships."," poor decisions, one shit storm after the other",0.06170034781098366
936,"The person expressed feelings of depression, lack of improvement from therapy, self-harm, loss of interest in hobbies, and a sense of powerlessness, indicating a mental state that may be heavily influenced by medication-related stress. The mention of gender dysphoria could also be a factor contributing to the medication-related stress in this case.","have a bone marrow disease, shorten my life,  spleen got bigger because of it, failed nearly all of my classes for the fifth time, have gender dysphoria, overweight, exercised less, no friends, started to hurt myself,singed my fingertips, whipped myself with a belt,hit myself, scratched myself, failed my family, failed at my life, failed myself",0.39320075511932373
937,"The person is showing signs of alienation-related stress. They mention feeling off and having high standards and expectations that lead to seeing others as inferior. This sense of superiority and inability to connect with those around them has left them feeling lonely, confused, and wrathful. The desire to be obsessed over and the willingness to make someone hurt themselves for their own validation further emphasize their feelings of isolation and disconnection from others. The person's struggle to find someone who understands them and their extreme emotions also hints at a deep sense of alienation.","seeing everyone as inferior, not worth spending time with,with high standards, irritable, possibly depressed, lonely, confused and wrathful",0.5411969423294067
938,"The person is expressing feelings of alienation and emotional exhaustion, possibly from being constantly exposed to and affected by the negative outcomes of suicides, overdoses, and death over a period of 4 years. This repeated exposure to such traumatic events can lead to a sense of disconnection or alienation from others, resulting in feelings of tiredness, weakness, and struggling to see any hope or positive outcome. The mention of hoping their post raises awareness suggests a desire to connect with others and bring attention to the impact of these experiences.","overdoses,  many suicides, tired and weak",0.4585372805595398
939,The person expresses feelings of depression and a longing for love or humor. This indicates relationship-related stress as the individual desires emotional connection and positivity in their life.,"daily battle and a war of attrition, ",0.11887197196483612
940,"The person mentions feeling anxious, suicidal, having issues with friends and roommates, and expressing self-hatred. These are all indicative of relationship-related stress, especially the strained relationships with friends and roommates. The individual's mention of feeling deeply trapped and not receiving help for suicidal thoughts further underscores the relational struggles that are causing distress.","good job delivering but quit it, was suicidal, faked being better to get out, old roommates are holding some of my stuff hostage until I pay them, hate myself. ",0.285266250371933
941,"The individual's description of feeling detached from their body, experiencing waves of sadness and feeling like they were in the background watching themselves is indicative of alienation-related stress. This sense of disconnection and feeling out of place can be a sign of alienation from oneself or the environment, leading to feelings of sadness and dread. The fact that these waves of sadness are triggered when dressing up or going out somewhere further suggests a discomfort or anxiety in social situations, contributing to the sense of alienation.","dressing up or going out somewhere, waves of immense sadness, dread, felt like i wasn't in my body, detached",0.616796612739563
942,"The premise indicates a sense of acceptance and a positive outlook despite the lack of change, suggesting a good mental state.",Nothibg will change,0.2293272316455841
943,"The person may be feeling alienated or disconnected from the usual social activities like parties, hence preferring to watch a favorite movie or TV series alone instead of celebrating the new year with others.", avoid midnight,0.2020670771598816
944,"The person is expressing feelings of alienation and isolation due to the rejection and abandonment by their friends. They had finally found a sense of belonging and happiness in a close-knit group, but that changed when they faced a difficult emotional time and were pushed away by their friends. This sudden rejection has left them feeling extremely lonely and struggling to cope with the loss of these friendships. The person's sense of belonging and social connection has been shattered, leading to a state of alienation and emotional distress.","group of three, pushed me away, don‚Äôt like being with you when you are sad because it brings the rest of us Down, Antisocial person spending all of my free time alone either watching tv or teaching myself instruments",0.4447762072086334
945,"The person who wrote this premise seems to be under relationship-related stress. The complex and strained relationship between the siblings, particularly the feelings of betrayal, anger, and rejection expressed by the brother towards the author, indicate a significant emotional burden related to family dynamics and sibling interactions. The guilt, confusion, and helplessness felt by the author in trying to navigate this difficult relationship and the desire for reconciliation despite the apparent irreparable damage suggest a deep emotional impact stemming from the strained familial relationships.","SAYS he will never talk to me, forgive me and my dad even when we turn 50, not even COME TO MY DAD'S BURIAL, wished for at least an elder sis or a younger brother, dad too does not care,considers him a major failure",0.4386346936225891
946,"The person who wrote the premise is experiencing a sense of alienation and disconnection from others. They express feelings of loneliness, lack of meaningful connections with the few people they interact with, and avoidance of social situations due to anxiety. Their struggles with initiating and maintaining conversations, as well as feeling like a 'placeholder' or 'second choice' in relationships, highlight a sense of alienation. Additionally, their discomfort in social settings, avoidance of eye contact, and the anxiety around interactions with others, particularly with a girl at the gym, further illustrate the alienation-related stress they are facing. The person's difficulty in finding joy, low self-esteem, and inferiority complex may also contribute to their feelings of alienation from society.","feel like a placeholder, second choice,avoid meeting new people, they don't converse ,don't enjoy working out, feel intimidated by eye contact, especially with girl ,inferiority, don't want to die, don't know how to live",0.5089000463485718
947,"The person is experiencing feelings of alienation and existential crisis, constantly feeling that everything is meaningless despite having positive aspects in life like friends, good job prospects, and doing well at university. This sense of detachment from the world and a constant feeling of meaninglessness is a strong indicator of alienation related stress.","clearly there is something very chemically wrong with my brain, every single thing is meaningless",0.3724188208580017
948,"The use of medication to alleviate symptoms, the mention of meds not working as expected, and feeling paralyzed with no desire to do anything can indicate a category related to medication related stress."," feels like boredom, feel bad for everyone that deals with me, they think I hate them, and that just makes me hate myself even more, don't know how to live with others ",0.31065359711647034
949,"The person expresses feelings of worthlessness, inability to find joy or purpose in their actions, and a sense of urgency leading to extreme thoughts. These are signs of alienation related stress, where the individual feels disconnected and disillusioned with life, and may be struggling to find meaning or fulfillment."," feels worthless, to distract myself, never feel better, might just as well just die.",0.5489896535873413
950,"The person is experiencing a depressive episode and mentioning a loss of motivation, which are common symptoms of mental health conditions requiring medication. They are seeking tips to increase motivation during the episode, indicating that they may be stressed about their medication and how it is affecting their daily life."," loss of motivation,",0.6107927560806274
951,"The person expresses feelings of alienation by mentioning spending the New Year alone despite knowing there are parties available to attend. They also mention feeling tired and overwhelmed by recent bad events, expressing pessimism about the future and a belief that things will only get worse. These thoughts and emotions indicate a sense of disconnection or alienation from others and a lack of hope for improvement in their situation.","Spending it alone, tired, can't deal with wearing a happy mask today, just can't, rock bottom, just more falling ",0.3146296739578247
952,"The person's extreme negative and violent thoughts towards 2017, including explicit wishes for harm and suffering, indicate a high level of emotional distress and potentially unresolved issues. This kind of intense hatred and desire for retaliation towards a year is not a typical response, suggesting a deep-seated emotional turmoil or trauma that may require professional intervention or support.","get drunk, self-loathing, gonna get dark, loved ones die in a car crash, deserve nothing",0.4027826488018036
953,"The person seems to be struggling with feelings of alienation, worthlessness, and overwhelming stress. They believe that their depression is not seen as a legitimate disability compared to physical disabilities, which may be contributing to their sense of alienation. These feelings are likely impacting their ability to cope with everyday challenges, such as the recent burst pipes, car problems, and strained relationships. The desire to take stress leave and the feeling of being completely locked down further indicate a state of alienation-related stress.","don't even have the energy to do anything, can't pull myself to keep myself going, worthlessness, can't tolerate anything anymore",0.42047742009162903
954,"The person is feeling alienation related stress as they encountered a situation where their scars were noticed and given extra attention during a massage, leading to a lingering and uncomfortable feeling. This experience has made them feel weird and uncomfortable, which could be a result of feeling alienated or different from others due to their scars.","SH scars ,just a heavy weird feeling, lingering , uncomfortable , pity or shame, just very weird ",0.6353588104248047
955,"The person seems to be experiencing feelings of alienation and escapism, wanting to hide away from reality by getting drunk alone at home and not caring about being of age to do so. This sense of wanting to escape and not feeling the need to care or be present in reality points towards a state of alienation-related stress.","drunk, alone,",0.4401688575744629
956,"The person is feeling isolated and lonely after moving away from family and friends. The mention of being all alone, having nobody, and having to get rid of their dog highlights a deep sense of alienation and disconnection, which is causing distress.","have nobody,No friends,family,all alone, new year is starting off terribly",0.44018083810806274
957,"The person expresses feelings of loneliness, lack of self-esteem, and mentions contemplating their worth and relationships with others. They also discuss their crush, feelings towards their family members, and desire to test their friendships through a birthday party. These themes point towards relationship-related stress and internal struggles with social connections.","my mom and father are separated, lack self-esteem basicaly ,mom doesnt realy care about me, Drink, lonely all of the time, survive,",0.30682551860809326
958,"The person is expressing feelings of alienation and self-doubt, questioning the validity of the field and referring to their thoughts as 'meaningless bullshit'. This suggests a sense of disconnect or estrangement from their surroundings or profession."," talk to someone who knows how to respond, hear me blabber on my meaningless bullshit",0.4552809000015259
959,The person seems to be experiencing alienation related stress as they have lost their excitement for the future and feel like they have nothing to look forward to.," have nothing to look forward too
",0.2596206068992615
960,The writer of the premise seems to be experiencing feelings of alienation and disconnection from society and life in general. They express a deep sense of unhappiness and disappointment with what they perceive as the superficiality of human interactions and the emptiness of life. The description of not being able to find happiness in the people around them and feeling repulsed by what they see could indicate a sense of alienation and disconnect from others. The writer's observation of people focusing on appearances and genetic superiority over genuine happiness and inner fulfillment contributes to their feeling of being alienated from the world around them.," how empty life really is,may as well be dead, really don't like life, nothing interests, Rant over",0.35531356930732727
961,"The person is under relationship-related stress due to feeling disconnected and unloved by their boyfriend. The mention of feeling hurt by his words, wanting to crawl into a hole, and the idea of heading to a dark place in the mind indicates relationship-related distress."," he hurts me with his words, feels no connection anymore, will ever love me the same,how hard I try everything will always end up turning to shit",0.4126814007759094
962,"The statement implies a sense of pressure and importance related to the upcoming events or decisions in the person's relationships or social life, which is likely causing relationship-related stress.", make or break ,0.07232982665300369
963,"The person is expressing feelings of depression, anxiety, helplessness, and suicidal ideation, which indicates a significant mental health issue. They mention that therapy and medication from a psychiatrist have not been effective in improving their mental state, highlighting their deep struggles with medication-related stress. Additionally, their history of multiple instances of Partial Hospitalization over the years suggests persistent mental health challenges that have not been adequately addressed, further emphasizing the overwhelming impact of medication-related stress on their well-being.","don‚Äôt have a college degree, have a part-time job, better off dead ,family is so disappointed and fed up with me, struggling with a severely broken heart, been in Partial Hospitalization",0.28002312779426575
964,The mention of depression and feeling numb indicates a potential medication related stress. The writer's experience of not feeling anything and not crying even in sad events suggests a possible side effect or lack of effectiveness of their current medication for depression.,"don't even feel anything when an event as sad as this happens, look like a freak not crying",0.4872371554374695
965,"The person's feelings of loneliness, alienation, and inadequacy are evident in the text, especially during a time when others are celebrating and socializing. The act of self-harm, seeking validation through pain, and uncertainty about self-worth all point towards symptoms of alienation-related stress.","Alone, felt empty, pocketknife, washed it, started cutting on my right arm, feel pain",0.25966113805770874
966,"The person seems to be experiencing feelings of alienation and insignificance, as they discuss the distinction between people who care about them versus people who only care of them. They express a sense of being brushed off and dismissed when trying to talk about their feelings, leading to a perception of not being valued for who they are as an individual. These feelings of not being truly cared for or understood by others align with the category of alienation-related stress.","people don't care ,aren't the kind of person who talks and listens to you",0.3618929982185364
967,"The person expresses a positive sentiment by wishing others well for the New Year, indicating a generally good state of mind. Though, they also acknowledge that things could be worse in the future, but this doesn't necessarily indicate a stressed mental state, rather a realistic outlook on potential challenges ahead.","things could be worse,everyone that's trapped in their own mind",0.3063148856163025
968,"The person is experiencing relationship-related stress due to issues with their girlfriend, father, and the loss of passion in what they do, which has led to trust issues. These relationship challenges have contributed to their depression and feeling of being overwhelmed. Seeking professional help is considered to address these relationship issues and trust concerns."," gf cheated on me, bad relationship with my dad, losing motivation ,passion, trust issues, without my parent finding out",0.47508373856544495
969,"The person expresses feelings of alienation and loneliness due to a lack of close friends and feeling betrayed by people they thought were friends. The mention of feeling paranoid, anxious, and having a hard time opening up to people further indicates a sense of alienation and disconnection from others. Additionally, the person's attempts to reach out for social connection on New Year's Eve and not receiving responses contribute to their sense of isolation and alienation.","boyfriend, friends, not entirely alone",0.3098384141921997
970,"The person expresses feelings of alienation and disconnect from others, feeling like an outcast among 'normal' people who seem happy and carefree. They mention feeling miserable, defeated, and unable to experience basic emotions like happiness, laughter, or fear. This sense of being alien and different contributes to their overwhelming feelings of shame, self-loathing, and anger. They also mention dissocating through life and feeling like their mind is a shattered vessel lost at sea, which further highlights their sense of isolation and alienation from society. The desire to be alone, the hatred towards people in general, and the inability to comprehend why others seem naturally happy all point towards a state of alienation-related stress.","failure shame, self loathing, anger, unexplainable misery, pure hatred for people in general, kill myself again,Nothing to celebrate for me",0.5190510153770447
971,"The person is feeling alienated in a social setting, expressing a sense of disconnect and feeling like a spectator rather than a participant. They mention feeling pulled in to socialize but are merely pretending to enjoy themselves, indicating feelings of isolation and not truly belonging. The person also expresses a lack of interest in engaging in typical leisure activities like playing games or watching videos, signifying a deeper sense of alienation. These feelings of not being part of the group and anticipating a bad year suggest a strong theme of alienation-related stress.","Why would anyone care, going to be a bad year, Can't go on like this,",0.21586734056472778
972,"The individual expresses feelings of worthlessness, disconnection from society, and a strong desire for human connection. The statements about feeling unfit for society, wanting to be nothing, and craving a conversation with someone normal indicate a deep sense of alienation and isolation. These feelings of loneliness and hopelessness are common in individuals who struggle with a sense of not belonging or being understood in their environment.","haven't had a friend, not fit for society ,just die",0.39910924434661865
973,"The person is experiencing significant stress due to working three jobs to support their son, which is causing overwhelming feelings of depression and anxiety. The mention of money being the root of most of their problems indicates that job-related stress is a major factor in their mental state. Additionally, the exhaustion and feeling worn out further indicate job and career-related stress as the primary category.","Money is the root of most of my problems, currently working 3 jobs, get so worn out and done with life, is a dark hole",0.40766841173171997
974,"The person who wrote the premise is experiencing relationship-related stress. They are going through a difficult emotional situation after confessing to catfishing someone they had developed feelings for. The revelation of the other person having a boyfriend and rating them as average has left them feeling lonely, inadequate, depressed, and longing for the connection they had. This breakup has triggered a sense of loss and jealousy, leading to a deep emotional struggle and a feeling of being unable to compete in the relationship.","totally broke ties with me, wanted to remain friends,had a boyfriend all a long, feel empty, alone, sense of how I looked ,was a wreak joblessness thinking about him every minute of my day, catfishing",0.5079911947250366
975,"The premise indicates a significant amount of relationship-related stress. The individual has faced challenges in various relationships throughout their life, including struggles with their parents, partners, and children. These challenges have taken a toll on the person emotionally and mentally, leading to feelings of insecurity, loss, and a sense of being overwhelmed. The mention of difficulties with maintaining relationships, such as breakups, custody battles, and financial strains due to child support, highlights the deep emotional impact of these experiences on the individual, ultimately contributing to a state of emotional distress and struggle to find stability in personal relationships."," addicted to heroin, hated the feeling of being controlled, 24  with three kid, Debts, attempted suicide, father obtained full custody of me, rarely seen my mother,lost motivation, mind is blank",0.3414689898490906
976,"The person expresses feeling stuck in an abusive relationship, which is a form of stress due to bias or abuse. The statement also indicates feelings of alienation, with the person mentioning that nobody likes them and that they feel uncared for. This combination of abusive relationship and perceptions of alienation points to a category of bias or abuse related stress."," shitty abusive relationship, always cold, nobody likes me, nor do they care, never asked to be born",0.475760817527771
977,"The person is describing feelings of alienation and disconnection from reality, not finding joy in anything, and experiencing constant feelings of sadness or anger. This indicates a sense of detachment and isolation, which are common symptoms of alienation-related stress."," lost myself,don't enjoy anything anymore,feelings of saddens, anger  ",0.45048007369041443
978,"The person expresses feelings of alienation and self-doubt, feeling like a loser and wanting to change for the best. The mention of hoping for a better year for everyone and wishing happiness to others also indicates a sense of disconnection or alienation from their own experiences and emotions, as well as a desire for a better future for themselves and others.","feel like a loser and it makes me wanna cry, change for the best",0.36975428462028503
979,"The person is expressing feelings of loneliness, frustration in their relationship, and anger towards their mother, which indicates relationship-related stress.","parents are everything nah nah may be these two could be a people who can destroy your life, Alone ,have no friends, long distance relationship ,want something to hit my head so bad so i can forget everyone,",0.4234352707862854
980,"The mention of wanting her to know it's me, and not anything she's said or done suggests relationship-related stress or misunderstanding."," want her to know it‚Äôs me, and not anything she‚Äôs said or done",0.5085107088088989
981,"The premise indicates a concern about the treatment of depression, specifically questioning why treatment is necessary even when someone is not a danger to others. This focus on the importance of treatment and medication in cases of mental health issues suggests the writer may be experiencing stress related to medication use and the necessity of seeking treatment for their depression.","depression treated,danger to others, danger to self",0.6396545171737671
982,"The person expresses feeling low for years, mentioning depression and suicidal thoughts. Their message indicates struggles with mental health and relationships, seeking connection and understanding from others. This suggests a state of relationship-related stress, possibly feeling isolated and in need of support."," been low for years now, wish I was dead the other day",0.42577221989631653
983,The person feels alienated and disconnected from their options for going out. They express a sense of not finding fulfillment in the available choices and feeling stuck in a cycle of repetitive activities. This sense of disconnection and lack of enthusiasm towards their options suggests an underlying feeling of alienation.,"Don't feel like doing anything,dwelling on it, worse",0.3143649697303772
984,"The person mentioned suffering from depression since childhood and feeling unable to muster enough focus or energy to even get started on learning new skills. They also mentioned losing interest in activities that used to bring them joy, which could be a potential side effect of medication. Additionally, the person described feeling a weight on their back that is interfering with their ability to function, indicating a significant impact of depression on their daily life. These factors suggest a medication-related stress as the category for the person's mental state."," Loosing someone I loved, really pushing my limits, find a way to function",0.13415125012397766
985,"The person's mental state seems to be primarily influenced by medication-related stress. This is evident from their mention of having a history of OCD, feeling confused and terrified after reading about Chester Bennington's suicide, experiencing intrusive suicidal thoughts, researching mental disorders online, and expressing concerns about the side effects and impact of potential medications such as antidepressants. The individual's symptoms, such as intrusive thoughts, uneasiness, fear of losing control, and a feeling of being trapped, align more closely with the side effects and uncertainties surrounding medication management rather than other stressors such as job-related issues or interpersonal relationships."," history of OCD,  uneasiness ,Feeling on the edge, stopped working,Intense feeling like trapped in life, stopped University",0.5515958070755005
986,"The mention of difficult pregnancy, severe postpartum depression, family issues, and emotional distress related to the relationship with the father and husband indicate that the person is experiencing relationship-related stress and sadness.","difficult pregnancy, severe post partum depression, Feeling sad",0.6596665382385254
987,"The person is mentioning being in the postdrome of a migraine, which indicates a medication-related stress. Migraines can be physically and mentally exhausting, and the person is feeling overwhelmed by the thought of socializing despite their current state.","don‚Äôt have the energy,want to hide",0.06489142775535583
988,"The person expresses feelings of loneliness and isolation, coupled with depression and thoughts of death. The mention of being laid off from work adds to the stress, as job loss can often have a significant impact on relationships. The feeling of not belonging anywhere and envying others for not being concerned about life's worth living indicates relationship-related stress.","entirely alone, escape sleeping, thinking about death, doing with my life, disappear",0.39582955837249756
989,"The premise indicates feelings of intense loneliness and abandonment by parents, leading to thoughts of despair and wanting to escape through death. This suggests relationship-related stress and a sense of being unwanted or unloved by close family members.","Parents ditched me again,No friends,No siblings,just me and my tears, Kill me",0.46016553044319153
990,"The mention of 'Depression' suggests that the person may be dealing with mental health issues that require medication, leading to medication-related stress.",tms,-0.03976331651210785
991,"The individual is feeling job and career related stress as they express frustration about not being able to find plans for New Year's Eve, despite having the day off, and feeling angry about the holidays. This suggests that work-related issues may be contributing to their current mental state.","have done nothing ,make me angry, did nothing but piss me off",0.261333167552948
992,"The person who wrote the premise appears to be experiencing alienation-related stress. They express feelings of isolation, loneliness, and a lack of connection with others. This is evidenced by their description of being a recluse, a hermit, and having minimal human interaction. Additionally, the individual mentions feeling like they are not a person, struggling with basic survival tasks, and questioning the point of their actions. These feelings of disconnection and lack of purpose indicate a sense of alienation from society and themselves.","been unemployed for 2 years, drinking problem, never have a family, alone, a recluse, a hermit, too frightened to make many changes to my life, even though I desperately need to, went crazy for a bit and threw out old stuff",0.2774050831794739
993,"The person is expressing feelings of alienation, dissociation, and emotional numbness, indicating a sense of disconnection and detachment from themselves and their surroundings. This detachment has been persistent for months, leading to a feeling of not being 'present' and watching themselves go about their daily life. The individual is tired and expressing a sense of hopelessness or frustration with their current state. This aligns with the category of Alienation-related stress.","Alone, drunk",0.17136627435684204
994,"The person is likely feeling overwhelmed by the close proximity of two major holidays, which is a common feeling during busy or hectic times. However, there is no indication of specific stressors such as work, relationships, or other external factors causing distress."," two major holidays,overwhelming",0.6261388659477234
995,"The escalation of worrying about something minuscule to making it feel like the end of the world, coupled with feelings of sadness, anger, and nervousness about impacting a social interaction, could indicate a medication-related stress or side effect.","worry about something miniscule, feels like the end of the world, feel sad,angry ,nervous,terrible mood ",0.684623122215271
996,"The person feels alienated and disconnected from others, believing that their emotions are invalid and that they don't have a right to feel the way they do. They express a sense of not being able to share their struggles with anyone due to a belief that others have it worse, leading to a feeling of isolation and a desire to give their life to someone they perceive as more deserving."," emotions are invalid,wasting it",0.3379977345466614
997,"The intense freezing fear described in the premise can be indicative of a medication-related stress. The mention of being diagnosed with PTSD suggests that the person may be on medication to manage their condition, and such medication can sometimes have side effects or interactions that lead to heightened feelings of fear or anxiety. In this case, the fear experienced when attempting to engage in seemingly mundane activities such as opening mail or renting a movie could be linked to the individual's PTSD diagnosis and the associated medication. Seeking professional guidance to review the medication regime and its effects on mental health could be beneficial in addressing these irrational fears."," PTSD I am diagnosed with,,overcome fear, freezing fear missing some deadlines, mundane things",0.6296922564506531
998,The individual's feeling of boredom and fear of losing their mind suggests a sense of alienation and disconnection from their surroundings and themselves.,"staring at a wall, doing nothing, feel bored ,scared, lost my mind,never be normal again.",0.43850141763687134
999,"The statement indicates a sense of alienation and disconnection from the world, suggesting a feeling of not belonging or hopelessness.",hopefully  last new years alive,0.07972817122936249
1000,"The person is expressing deep feelings of loneliness, lack of social connections, and hopelessness in relationships. The mention of not having friends, girlfriend, or social life points towards relationship-related stress, which is further highlighted by the concerns about family and feelings of burden on them. The individual's struggle with finding happiness and losing hope about everything also align with the stress related to relationships.","only alive because of my family,dont want to make them sad and to think that they're responsible, son death, really lost my hope about everything,",0.2633468210697174
