,index,text,original_reason,generated_reason,original_reason_score,generated_reason_score
0,4000,This has been happening to me recently. The dreams are very vivid and it feels like I‚Äôm back in that time. My child years were pretty decent. It feels like I‚Äôm in a different realm/world now because of mental illness which is primarily depression and dissociation.,mental illness,"The mention of mental illness, specifically depression and dissociation, suggests that the person is experiencing stress related to medication and its effects on their mental state.",80.0,40.0
1,4001,Im 15 and take a lot of different drogs and im Smoking just wanna know how can relate (sorry for my english im from Germany), take a lot of different drugs and im smoking,"The mention of taking multiple drugs and smoking at a young age indicates a potential medication-related stress. Using substances at a young age can have serious psychological and physical consequences, leading to concerns about mental health and well-being.",10.0,90.0
2,4002,"I've been there once, told everyone I'd run away and never come back, take my own life because f everything. Life got better for a short while after that but it didn't take long for me to lose everything what seemed worth to me back then. Got divorced, thrown out the flat, a whole lot of lawyer bullshit, and a lot more negative thoughts. Basically haven't been truly happy since then, and as things are turning into shit again, I am feeling that these suicidal thoughts are slowly finding their way back to me. I am on meds and seeking professional help, but I still feel very lost most of the time, feels like I am failing at every little thing I do, turning away from people I adore and not being fair to them, often feels like I am being torn apart form the inside and I am very surely getting sick of it. I've been depressed for as long as I can think of, not sure if I can hold it together for much longer.
Feels like a rant, perhaps that'll help. Thank you for the attention and time.","got divorced, turning away from people i adore and not being fair to them ","The person is describing a multitude of symptoms such as feeling lost, failing at tasks, turning away from loved ones, experiencing negative thoughts, and having suicidal ideations. These are common indicators of deep-seated depression and mental health struggles that require professional intervention and medication. The mention of being on medication and seeking professional help suggests that the individual is in a medication-related stressed mental state.",40.0,90.0
3,4003,"Im really considering suicide by overdose on march 30. I feel so pathetic and like nobody cares. Any thoughts, opinions, etc?",nobody cares,"The mention of suicide and overdose indicates a medication related stress. The person seems to be feeling low, pathetic, and like nobody cares, which could be leading to thoughts of self-harm. It is important for them to seek professional help and support as soon as possible.",,
4,4004,When you are at ur current state taking up a hard course and u foresaw that you wouldnt make it in the long run and a door out opens for you and turns out that a toxic key member of the family shuts it. And now  youre left out there to survive and all the things you had foreseen is now happening and now slowly eating your mental health away.. like why is everybody progressing except me?,toxic key memeber of family,"The premise indicates relationship related stress as it involves the struggle with a toxic key member of the family, feeling left out, and comparing personal progress with that of others, leading to mental health deterioration.",40.0,90.0
5,4005,"Throwaway account for obvious reasons. 
About two weeks ago my mom took all my meds away, u know , just in case. 
Recently I‚Äôve been feeling better, and I asked for them back. but I can‚Äôt help but feel weird about it. Like , I don‚Äôt trust myself enough to have them next to me? 
Does that sound weird? Does anyone else know what I mean? do you guys trust yourselves ?",mom took all my meds away,"The person's mental state is related to medication, as indicated by their concern and uncertainty about having access to their medication. The fact that the person's mom took away their medications and they now feel unsure about having them back suggests a level of stress and doubt related to their medication situation.",40.0,90.0
6,4006,"I'm looking for an easy way out. I'm a coward, i know. I can't take any more hearthache though. I need a quick way to kill myself. Would 750/800 mg of Doxylamine Succinate do the trick? If not is there some concoction of otc pills i can take? Please help, I'm desperate.",i'm coward,"The mention of suicidal thoughts, desire for a quick way out, seeking medical advice on overdose of medication, and desperation indicated a potential medication related stress. The use of terms like 'quick way to kill myself', 'otc pills', and specific dosage inquiries suggest a mindset revolving around medication as a solution to the perceived problems.",,
7,4007,"I'm sick. I can't get out of bed. I am stuck. Can barely read. I wish I was dead. IDK how I managed to get so far. 
I'm always tired.","i'm sick, always tired","The mention of being sick, having trouble getting out of bed, struggling to read, feeling like wishing for death, and being exhausted are indicative of a state of mental distress related to potential medication issues.",40.0,80.0
8,4008,"I've always been a negative person in life. I'm 32, and decided I wanted to change..I got a job a shelter because I love people, and hate to see people that have to live life at the lowest. Basically I got a job at a shelter, and decided I would act on what I want to do as a career. Anyways the job is awesome, and I thought the homeless people would be hard to deal with, but no, it's no them, it's the coworker's that act like high school kids talking shit about the other coworkers. So I stay neutral when people say things about other people. We have this worker, and she's real mean to the  people. It's like you'll ask yourself why is she doing this kind of work if she hates people? She i feed this lady who gets to the shelter late, and the coworker gets mad at me since it was late.. she calls me a pushover, then I tell her, ""I'm not a pushover I just have compassion. And that makes her mad! So, she says sorry at first. Then wants to have the last.word with me. So, she goes off on me, and I go.off on her. She lies and says I threaten her, and I get sent home. I try and be positive and put myself in other people shoes who have less then me, and now I'm the bad guy. I probably wont have a job, and she'll still have one. Guess it's time end it. Can't get ahead no matter what. I'm 32, and thing's are not looking good. I have a family to take care of and my wife work part time. Im.fucked. I'm drunk. Sorry about the grammar. I'm a dumb person anyways. Kids half my age have better grammar then me.","cowokrer's that act like high school kids talking shit about other other coworkers, we have this coworker, shes's real mean to the people, coworker gets mad, shes lies and says i threaten herm probably wont have a job","The person in the premise is experiencing relationship-related stress. This is evident from the negative interactions with their coworker at the shelter, who is being mean to both them and the people at the shelter. The conflict with the coworker has led to a situation where the person feels unfairly treated and is now questioning their job, their future, and their self-worth. This stress is further compounded by the responsibilities of taking care of their family and feeling overwhelmed by the situation. The feelings of being attacked, misunderstood, and struggling to make ends meet indicate a relationship-related stress.",20.0,90.0
9,4009,I‚Äôve been in a serious depressive episode for a couple months and I‚Äôve always been able to say ‚Äúat least I do good in school‚Äù. I need to do good so I can go to a good university after I graduate from this shitty community college and after studying my ass off I thought I actually did well on my midterms but I just barely scraped by. I can‚Äôt get over how awful I feel and I know I‚Äôm overreacting. I know it‚Äôs not the end of the world and I can improve my grades but I feel like a fucking idiot who can‚Äôt do anything right and I know all of my professors are probably laughing at how terrible my tests were. All I want to do is cut myself and lay in bed during spring break because I don‚Äôt deserve to do anything else. Why can‚Äôt I just think rationally about this shit instead of blowing it out of proportion? It‚Äôs probably my autism coming through. I told myself it would get better. It‚Äôs not. I planned March 20th for my suicide. I cant fucking wait.,"graduate from this shitty community college,  i thought i actually did well on my midterms but I just barely scraped by,  terrible my tests were","The person mentions being in a serious depressive episode, feeling like a failure, contemplating self-harm, and planning a suicide. These thoughts and behaviors indicate a medication-related stress, possibly due to the person's mental health condition and challenges with rational thinking, which they attribute to their autism.",,
10,4010,"ive always been an ugly kid and hated the way i looked, i envied my childhood friends because they were prettier than me and got better treatment. i developed an eating disorder when i was 12-13 yo and ive been in a restrict-binge cycle for years. lately ive gained more than i usually do while bingeing for a long period of time and it made me really depressed but i somehow coped with it. ive been realizing how ugly i really look and how far i am from how i used to think i looked, i thought i was fine, just looked weird from some angles but its way worse than that. i hate everything about my face and my body. i hate the way my skin looks. i hate everything about myself and i feel so sorry that my body is working so hard for someone who hates it. i cant afford plastic surgery and makeup doesnt do the trick anymore because i know how awful i look under it. i just want to kill myself.","always been an ugly kid and hated the way i looked, i envied my childhood friends because they were prettier than me,  i hate everything about my face and my body,  i hate the way my skin looks,  i hate everything about myself","The person is expressing extreme self-hatred, low self-esteem, and feelings of worthlessness, which are indicative of alienation-related stress. They feel disconnected from their own body and sense that they don't belong or fit in. The intense focus on physical appearance and comparing themselves unfavorably with others shows a profound sense of alienation from themselves and potentially from societal standards of beauty. The desire to end their life suggests a deep sense of despair and isolation.",40.0,90.0
11,4011,"I just don't. I feel so empty whenever I think about quitting playing videogames and smoking weed. I feel so, so burdened by having to learn things and develop skills. This is why I can't go back to school, because to be successful in school I'd have to start practicing a lot of new skills. I hate practicing skills. I hate practicing writing. I hate reading just for the sake of reading and self improvement. 
I don't care if I technically get better at stuff. It doesn't make me feel any better and it's actually a cause of suffering for me. Learning new things and going out of my way to practice skills is so un-enticing to me, that I legitimately believe my life has no hope and I'd rather be dead. There is no reward. No reward can give me back the time I lose to working diligently at something. And everything is so fucking boring. Knowing that I have to suck it up and literally CHOOSE to like things like hard work just make me want to go on a killing spree. It feels like a grave injustice. It's too late for me. I've played the videogames. I've smoked the weed. For years. I no longer reap ANY pleasure from hard work, from building connections, from sitting and reading, from studying; all this shit does is make me agitated and bored, but also hopeless, because there is no hope for me. There's no hope because I DO NOT WANT TO WORK. And I'm not talking about a fucking job. I'm talking about fucking EVERYTHING. I don't want to solve challenges in my life. No matter how hard I work anyways, nothing comes ANY fucking easier. Absolutely NOTHING. Not physically writing, not physically walking, not physically talking, none of it ever becomes second nature. I'm fucked. I just want to smoke and die.","can't go back to school, because, need skills, feel empty, burdened, studing, work, job","The person exhibits feelings of emptiness, burden, lack of motivation towards learning new skills, and lack of interest in self-improvement activities. They express a strong sense of alienation and disconnection from the idea of working hard and developing themselves. This alienation and lack of hope are evident in their words, indicating a deeper emotional struggle with finding meaning or joy in any form of effort or growth.",20.0,90.0
12,4012,"I dont talk to people about my issues, anxiety, depression, implosions, ect. Because I feel like everyone else has much worse problems and mine are trivial and stupid. I dont feel worthy of the help I receive either, because a lot of people can't get a therapist. It makes me feel so awful. I am not worthy of help!",don't feel so worthy,"The person is experiencing alienation-related stress as they feel like their issues are trivial compared to others, and they feel unworthy of help because they perceive that others have more severe problems or lack access to therapy.",40.0,90.0
13,4013,All my friends and family are so confused by my increasingly poor life decisions lately and I never have a good excuse. What am I supposed to tell them? That I‚Äôm so upset that it feels impossible to prioritize even the most important tasks. That I feel so lost that I don‚Äôt give a fuck about the future consequences because of how much pain I‚Äôm in now? And why I don‚Äôt bother telling anyone? Why I just keep it to myself and don‚Äôt even want to use the word depression to describe myself? Because I honestly feel like a little entitled bitch trying to use mental health as an excuse for being lazy but I truthfully have not been content with anything in my life for the past 3 years and it feels like there‚Äôs no escape from my mind. I‚Äôve fantasized my suicide several times a day everyday for the last few months even though I have no plans of doing so. It gives me disturbing comfort. It makes me feel justified for making such a mess of my life. I once truly considered myself depressed. But now I don‚Äôt consider myself depressed I don‚Äôt think. There is no longer a root to my problems. I feel utterly broken.,"poor life decisions, feels impossible to prioritize even the most important task","The person is exhibiting feelings of alienation and isolation from their friends and family, as indicated by the statement 'All my friends and family are so confused by my increasingly poor life decisions lately'. The person expresses a sense of disconnection and detachment from their loved ones and society in general. This sense of alienation is further emphasized by the reluctance to share their struggles with anyone, feeling lost, and not wanting to use the word 'depression' to describe themselves. The person's contemplation of suicide and the feeling of justification for the mess in their life also point towards deep emotional alienation and disconnection.",40.0,90.0
14,4014,I can't fucking do anything right. I'm a dumbass that keeps finding new ways to ruin everything for myself despite anything I do. I just keep messing everything up. I can't even do basic stuff that's easy for everyone. I'm pathetic.,"i can't do anything right, I'm a dumbass, i just keep messing everything up, can't even do basic stuff, i'm pathetic","The language used in the premise indicates feelings of alienation and self-deprecation, suggesting a sense of disconnect or isolation from others and a lack of self-worth.",20.0,80.0
15,4015,"I‚Äôm 22. I‚Äôve dealt with depression since Highschool, and I thought I got better for...I was doing great, went to college, got a job...But recently my anxiety has gotten really bad again...I dated this girl for a little over a year, then I felt myself slipping back into that depression (it was a long distance relationship, I‚Äôm in Cali, and she‚Äôs back home across the country) anyway...I started getting bored I guess with the relationship because it was just like being in a relationship with facetime...We would try to meet up every now and then...But maybe saw each other about 3 to 4 times a year, and the distance just got in the way, and we decided mutually to sorta break it off. We would still FaceTime everyday, we‚Äôd pick a movie to watch together and it was just like we were dating still, but I couldn‚Äôt tell her I love her anymore. And that‚Äôs when my depression started coming back...Well, fast forward a few months, it‚Äôs Christmas I‚Äôm home, and she spends my whole first day with me and my family. We wound up sleeping together that night, then the next day she has to leave because she has a job in a different state...We talked about what had happened, and she said it didn‚Äôt mean anything. And I thought we were going to get back together again. But that never happened. Now, more recently...She started telling me about this other guy she‚Äôs dating, and I try to be supportive she‚Äôs moving on, so why can‚Äôt I? All I can think about is them together, and him making her happier than me, like I wasn‚Äôt good enough for her, but if she‚Äôs happy with another guy then why do I want her to be unhappy with me? And I just keep having this one thought of them sleeping together. And that won‚Äôt get out of my mind. It‚Äôs all I think about every time she tells me they‚Äôre hanging out. The thoughts don‚Äôt stop, so I drink, and when I drink I cut, and I don‚Äôt wanna cut anymore so I stopped drinking, and started scratching my fingers to the point it bleeds and scabs over, and it‚Äôs only when I get panic attacks, but I get panic attacks every time I think about her, because when I think about her I think about him, and when I do that I see them ‚Äútogether‚Äù and what if he‚Äôs better than? This is dumb I know because we broke up, but she‚Äôll still call me when she gets off work, or answer when I call her, but she just tells me about the guy, or she could just be talking about anything...But I just see them, and we hang up, and I want to cut, but I don‚Äôt. I haven‚Äôt cut in about two weeks now, and it‚Äôs hard to get over her. Everyone has the one they let get away, and that was mine, and now I just regret not being there for her enough, I don‚Äôt know what else I could‚Äôve done though, I only get so much vacation days, and I‚Äôm sorta broke all the time...And I want to do something for her but I can‚Äôt I just feel so alone and worthless all the time. I keep obsessing over the two of them together, and I just trigger my own panic attacks and I hate this. I wouldn‚Äôt actually commit suicide, but the thoughts have started surfacing again...And I know it‚Äôs not that I want to die, I just want not to feel this way, and I know it‚Äôll happen in time, but these past few weeks I‚Äôve stopped eating, I‚Äôve stopped sleeping, I just have trouble focusing on things I‚Äôm smoking waaay more than I normally do, and I just need help. I can‚Äôt get obsessing over this. 
Sorry this is so long, I just don‚Äôt really have anyone to talk to, and figured I‚Äôd just vent everything in front of strangers","date this girl, started getting bored with relationship, mutually decided to break it off, regret not being there for her enough","The person is experiencing relationship-related stress, specifically stemming from a long-distance relationship that ended. The individual is struggling with feelings of rejection, inadequacy, jealousy, and regret related to their past relationship with their ex-girlfriend. This has led to a cycle of negative thoughts, panic attacks, self-harm behavior, and suicidal ideation. The constant obsession over the ex-partner being with someone else is causing a significant amount of emotional distress and impacting the person's mental health.",40.0,90.0
16,4016,"I've got a lot of work to do, but I can't do anything. The voice in my head says that even if I tried, I wouldn't get anywhere, I wouldn't succeed. That's why I always delay things, even though I have to do it at that time. The worst part is that I'm aware of this situation, and I'm still not doing anything about it. Time's going too fast and idk what to do. My anxiety gets worse at times like this and when it gets worse, I can't even sleep, let alone do anything.
I'm so tired of feeling this way, but like I said, I don't know what to do. I don't have anyone to talk to and I really need advice.
[English is not my first language, so I hope you can understand]","the voice in my head says that even if I tried, i wouldn't get anywhere, i wouldn't succeed","The person is expressing feelings of alienation and isolation, mentioning that they don't have anyone to talk to and feeling lost without advice. This sense of disconnection and lack of support is contributing to their feelings of anxiety and helplessness.",60.0,90.0
17,4017,"It‚Äôs just constant fucking stress. I literally would rather die than deal with this for one more day. I can‚Äôt even afford my bills. I had to go on a subreddit and beg for money. Luckily someone helped me out. But that is not sustainable. I don‚Äôt know what to do anymore. I moved across the country to ‚Äústart over‚Äù and all I did was put myself way behind where I was in life. I had $5000 saved up to move and it‚Äôs all gone. The job I lined up before I got here is complete shit. I only get eight hours a week. Eight fucking hours. That‚Äôs down from twenty when I first started. And I‚Äôve applied for every fucking job in this town with no calls back. I thought I was doing something wrong until I heard other people from work talking about having the same problem. It‚Äôs a college town so every job is a competition with like 20,000 students. 
I don‚Äôt know what the fuck to do anymore. I miss being able to go out and do things. Or even just handle my own problems as they come up. My snake had to go to the vet and I had to call and ask my grandparents to loan me money. Its so depressing. I just paid rent and now I have $20. That has to last until my next shift which is in like five days and in that time I have to buy cat litter and pay my electric bill. 
I‚Äôm fucking sick of life","can't even afford my bills, beg for money, had $5000 saved and its all gone, job is complete shit","The individual is experiencing significant stress related to their job and career. They mentioned feeling overwhelmed by financial difficulties, being unable to afford bills, having to beg for money, and feeling behind in life after moving across the country for a new start. The frustration with their current job, the lack of hours given to them, and the unsuccessful job applications in a competitive college town all point towards job and career-related stress as the dominant factor in their mental state.",60.0,90.0
18,4018,"this loneliness is killing me inside. i can‚Äôt take it anymore. i don‚Äôt know what I did to deserve everything going wrong for me. i‚Äôm going to die alone, might as well do it now","loneliness is killing me inside, alone","The person is experiencing loneliness and alienation, feeling completely isolated and disconnected from others. They express despair and hopelessness about their situation, indicating a strong sense of alienation and disconnection from the world around them.",40.0,90.0
19,4019,"I'm 16 F diagnosed with depression. I'm thinking of killing myself tonight. Tried yesterday, failed. One of reason behind this is that I'm being burden on my family. I don't have mental capacity to think clearly. So I'm asking you. 
Dropped this year boards because I wasn't able to study at all. Its near beginning to next session, and I haven't recovered a bit. Because my parents this is happening because of some sort of supernatural evil thing. After diagnosis they didn't took me to therapy ever again. Rather they took me to get rid of that evil thing. I'm not gonna be able to to study and waste all their money again. They also have to give dowry for my marriage and pay for my education. And waste my life, and their money. We have financial problems too.
I think it's justified to commit suicide.
But what if ruin their mental health.
My mom had BPD, and schizophrenia. My sister is 10. I think this will ruin their life. But we aren't close emotionally. They might also be better without me.
My reality is mess, I think I can never recover, and waste my life, and live like this for 60 years, which is so scary. My mom doesn't go to a doctor because she thinks this is because of that evil thing. I'm scared for her. She doesn't eat because she thinks her enemy is gonna kill her if she does so. No matter how much we insist to take her to a doctor, she refused.
I'm stuck.
I'm scared of all the suffering there are in the world. I've seen street dogs die because of road accident, and there's no one to even take care of the dead body. His hide was there at the road. 
Please don't say not to commit suicide, just because of your moral obligation. Please answer if my family would be better without me. 
If you took your time to read all this, I can't thank you enough.","I'm being burden on family,  my parents this is happening because of some sort of supernatural evil thing, ey didn't took me to therapy ever again,  they also have to give dowry for my marriage and pay for my education","The individual is in a mental state of medication-related stress due to several factors. Firstly, they have been diagnosed with depression and have mentioned a failed suicide attempt. They express feeling overwhelmed by their family's expectations and financial burdens, as well as their own struggles with studying and recovery. Moreover, their family's belief in supernatural causes for mental health issues has led to a lack of appropriate therapy or treatment. This has contributed to a sense of hopelessness and helplessness, with concerns about the impact of their actions on their family's mental health. The individual's fear, anxiety, and perception of a grim reality further indicate a deep emotional turmoil exacerbated by the lack of proper mental health support and understanding from their family.",60.0,90.0
20,4020,"i‚Äôm 17, im a senior in high school. i wake up, i go to school, i come home, i do my homework, i do chores around the house, i take care of the pets, i take care of myself, i eat when i should and i shower and i keep my room clean. i go to the gym and i actively produce art. i listen to music, i play guitar, i spend time with my mom and friends. im not unhappy, my life just feels so dull and gray. i‚Äôm not sad or angry, i‚Äôm not upset about anything. 
there have been previous years of my life that were overcome by anxiety and major depression and self harm and even a suicide attempt. but then i was sad, i was angry and confused and disgusted. i‚Äôve suffered ptsd since age 12, and that affected me a lot. it still affects me, especially now that i have a form a physical ptsd (that‚Äôs how my doctor described it, i don‚Äôt know what else to call it) from overdosing 2 years when i tried to kill myself. 
but trauma aside, i don‚Äôt feel anything negative. of course i have my bad moods like anyone else, but really i‚Äôd say i have more good moods than bad moods. i laugh, i smile, i joke (a lot, i‚Äôm the comedian of my circle). 
i tell you all of this because it‚Äôs so odd that i live my life on autopilot, doing everything i should and being more positive than i used to be. but almost every hour of my day is filled with thoughts of suicide. i fantasize of slicing my wrists open to watch the blood pool in the tub beneath me. i imagine driving to the old hanging tree on the other side of town in the middle of the night and leaving my body dangling for someone to find in the morning. walking on the sidewalk i laugh to myself as i think about jumping in front of the cars rolling by. 
i don‚Äôt self harm. i don‚Äôt cry. it‚Äôs all funny to me. it‚Äôs all a game.","physical pstd from overdosing, trauma, blood poll in the tub beneath me","The person seems to be experiencing alienation related stress. Despite not feeling sad or angry, they describe their life as dull and gray, and mention living on autopilot. The constant thoughts of suicide and dark fantasies suggest a disconnect from their own experiences and emotions, leading to a sense of detachment or alienation from their own life and surroundings.",40.0,90.0
21,4021,"Another shitty summer, another Christmas...I can't do it. I lost my job. Most friends are gone. Parents don't speak to me. Most recent humiliation was a guy from my past. Noone loves me. I wanna go.",lost my job,"The person is feeling relationship-related stress because they mentioned losing friends, lack of communication with parents, and experiencing humiliation from someone in their past. These factors indicate a feeling of isolation and emotional distress related to their relationships with others.",20.0,90.0
22,4022,"I don‚Äôt know if I‚Äôm overreacting about my feelings or not. I‚Äôve contemplated about suicide several times. I don‚Äôt want to live, but I‚Äôm too scared to actually try and kill myself. And then I feel like a piece of shit because I feel like I‚Äôm mocking the people who have actually attempted suicide, saying that I don‚Äôt want to live when I‚Äôm too much of a pussy to try ending it myself. I don‚Äôt know if I‚Äôm actually depressed, or going through that ‚Äòedgy teen phase‚Äô. I‚Äôm too scared to get it diagnosed, as I‚Äôm too afraid of what the results might say. 
I‚Äôve told my dad around 2~3 months ago about how I felt, but I don‚Äôt think he really cared. We basically had a small chat, and that was all. I think he thought I was overreacting about he whole thing. And so, even I don‚Äôt know if what I feel is as serious as I think it is.","feel like i am mocking, i'm too much of a pussy","The individual's description of feeling disconnected, confused about their emotions, and having concerns about whether their experiences are valid or not indicates a sense of alienation and internal conflict. They express a fear of being judged or misunderstood, as well as a lack of support from their immediate family, particularly their father. These feelings of isolation and self-doubt are common themes with alienation-related stress.",20.0,90.0
23,4023,"Basically I‚Äôve always been a little listless and sad, even in elementary school. I got ok grades, didn‚Äôt really excel at sports. I started getting really great grades in college and joined a magazine, volunteered for the local Democrats, had a barista job etc. But still, even when I was seen as ‚Äúok‚Äù I was miserable. But, I have a lot of friends, I am kind and funny and have a nice time speaking to people. 
Now I‚Äôm three years out of post grad and I‚Äôm really suffering. I have been a poor performer at every job I‚Äôve done post grad from the internship, agency, to the tech job I have right now. I have been put on a 30 day performance review and probably getting fired.
I don‚Äôt know what I want to do. I don‚Äôt know why I make these mistakes and fuck up my entire life. I feel like I‚Äôm broken, how will I ever make money?? I‚Äôm really on my own. I have rent and bills to pay. I could get another job, but I can‚Äôt deal with sucking and getting fired at the next one. 
I am on Prozac now so I am hoping this will help. I feel like being up for being fired was a wake up call. I am so ashamed I let this happen.
Everyone else says I‚Äôll get back on my feet but I‚Äôm really not ok and I have no idea what to do.  
Has anyone‚Äôs life changed on SSRIs? There‚Äôs something wrong with me and I fear there‚Äôs no hope","always been little listless and sad, even in elementary school, didn't really excel at sports, probably getting fired, im broken, how will i ever make money","The person mentions being on Prozac, which is a medication typically used to treat conditions such as depression and anxiety. The individual expresses feeling broken, making mistakes, and being unsure about their future, which are common signs of medication-related stress. Additionally, the mention of being on a 30-day performance review and the fear of getting fired further indicate stress related to the impact of their mental state on their career.",40.0,90.0
24,4024,"I have been diagnosed with anxiety and depression right now and I have been taking prescription meds for the last couple weeks. It really helps! 
A little background- I got out of a 6 year relationship due to not seeing a future with my ex in December 2019. And then one person who I thought was really close friend of mine, decided he did not want to be friends with me anymore and cut all contacts with me. I get emotionally attached wayyy too easily and this led to me having anxiety, panic attacks and depression - which eventually led to insomnia, IBS, migraines and constant body aches. 
I started therapy in feb 2020 and have been since going to my therapist every week. And my therapist suggested I look at options for medication and try it. So since the last 2 weeks, I‚Äôm on Lexapro (SSRI) and my psychiatrist did tell me that it is going to take a few weeks to see changes. But for the last 3/4 days I have been observing that my energy levels have increased because I have been able to sleep well and it is so much better. My IBS has decreased and I haven‚Äôt got any migraines. I‚Äôm really really glad the medication is helping. If anyone is out there looking of options, and one the fence of trying medication, go for it. I‚Äôm sure if it working and it will help.","got out o 6 year relationship, close friend of mine decided he did not want to be friends with me anymore","The person has been diagnosed with anxiety and depression, and is currently taking prescription medication (Lexapro) for their condition. They mentioned that the medication has been helping them by improving their energy levels, sleep, IBS symptoms, and migraine episodes. This indicates that medication has played a significant role in managing their mental health issues. Therefore, the individual seems to be under medication-related stress.",60.0,90.0
25,4025,"This post won‚Äôt make sense, and you don‚Äôt have to read it but i need to vent so here it goes.
i fee so alone and useless, im not good at anything, i‚Äôm suppose to graduate uni next year, i‚Äôll be 21 next month and have never had a job, the only friends i have are the ones i made in high school because i‚Äôm incapable of making friends now, i can‚Äôt have a conversation with anyone for more than two mins because i‚Äôm not interesting, i have nothing to say because my life is boring because i have no friends. none ever genuinely wants to talk to me, none ever texts me first, and in person they just talk to me because i‚Äôm /there/ not because they want to.
i just feel so alone and i‚Äôm tired","i feel so useless, i am not good at anything, I'm not intresting","The person expresses feelings of loneliness, uselessness, and alienation, indicating a deep sense of disconnection from others. They mention having difficulty making friends and feeling isolated despite having acquaintances from high school. This sense of alienation from their peers and feeling unnoticed or unwanted by others suggests that the individual is experiencing alienation-related stress.",60.0,90.0
26,4026,"Depression and anxiety have taken over my life, I've been signed off work and all I do is lay in bed i havent left my house in 2 weeks l. I've shut myself off from my friends and family as it's just so hard to talk about how i feel. I've lost my best friend because of it as they are going through the same things as me but I just havent been the best person to talk to. My meds make me feel less and less like me every day and the void inside me is just getting bigger and bigger ever day. I've spoke to my doctor and they asked if I'm suicidal and I told them I was, they then asked if i made any ""concrete plans"" which I responded no. They then basically said coke back in a week and see how you feel. It's like no one even cares if I had concrete plans to kill myself I wouldn't be going to the doctors would I? My depression has consumed me and I feel like there isnt enough of me left to fight back. People say that it does get better but in all honesty there is no guarantee that it will and I'm not sure if I want to spend the next 60 years of my life fighting a battle I cant win. I'm not sure what i want from this post i just wanted to get it all out and if i do end up taking my own life atleast this will be here so family will have some insight into how I was feeling.","I've shut off myself from my friends and family, feel less and less like me every day and the void inside me is just getting bigger and bigger ever day","The person is going through a severe mental health crisis as they are experiencing intense depression, anxiety, and suicidal thoughts. They mentioned being on medication which is making them feel less like themselves, indicating a struggle with finding the right treatment. The focus on medication, doctor's appointments, and feeling like there is no guarantee of improvement suggests a deep sense of distress related to medication and treatment, categorizing their mental state as Medication related stressed.",40.0,90.0
27,4027,":(( not sure wats wrong with me. i think i‚Äôve been feeling ok lately, content. now i‚Äôm having bad thoughts again. i‚Äôm overwhelmed. i feel so alone... no one actually gives a shit about how i feel. it won‚Äôt end :( i think i was meant to commit suicide. i feel stupid for trying to be positive. I got an actual 60% on this assignment at school and it fucked with me. i cried in the bathroom stall and cut myself up like the pathetic idiot i am. i‚Äôm so tired of myself.","feels like theres a lump in my throat and a weight on my chest, I know i need to get this work done but thinking about it makes me anxious","The person is articulating feelings of being overwhelmed, alone, and uncared for. They express thoughts of suicide, self-deprecation, and self-harm, indicating a sense of alienation and possibly a lack of support or connection with others. These feelings of loneliness and despair may stem from a perceived lack of understanding or concern from those around them, leading to a profound sense of isolation.",20.0,90.0
28,4028,"Been married about 17 years, my wife has had varying levels of depression right throughout that, and I think I‚Äôve got ‚Äòdepression fatigue‚Äô. 
I just made up that term, I‚Äôm sure theres probably a real medical term for it.
I just can‚Äôt deal with it anymore. It‚Äôs consumed every piece of happiness, smile, laughter and fun I‚Äôve had in me. We‚Äôve got 4 kids and it‚Äôs affecting them too.
I can‚Äôt deal with her complaining anymore
I can‚Äôt deal with her moods anymore
I can‚Äôt deal with her bias anymore
I can‚Äôt deal with being used as her verbal and emotional punching bag
I can‚Äôt keep doing everything around the house
I can‚Äôt keep dreading every time my phone rings and it‚Äôs her, wondering what it will be about, will she be losing her shit on the other end of the phone,
I can‚Äôt keep coming home and wondering what sort of mood she‚Äôs in.
I can‚Äôt dread her waking up in the morning, knowing she‚Äôs in a shit mood 13 out of 14 days
I can‚Äôt walk in or out of the house, say hi/bye, give her a kiss to be told to fuck off, I hate you, you‚Äôre a piece of shit, a cunt, or that she wishes I get hit by a train, have a car accident or similar.
I can‚Äôt be told I don‚Äôt do anything around the house, or about all the things I ‚Äòdon‚Äôt do‚Äô.
I can‚Äôt be told that I‚Äôm a shit father, and about all the things I don‚Äôt do with them, even though I‚Äôm with them every night and weekend when she‚Äôs at work, I take them to school, make their lunches and dinner.
I can‚Äôt be told how crap my family is, and that my dad who dies 3 years ago was a lazy piece of shit.
I can‚Äôt fight with her every time my mum is in town and wants to see us and the kids, especially as she‚Äôs moving to the same town this week so she can see more of us.
I can‚Äôt be told how she doesn‚Äôt have any time for herself, yet she directly controls how she spends every minute of her day.
I can‚Äôt her her complain about the house anymore, no it‚Äôs not a display home, but it‚Äôs FAR from dirty!
I can‚Äôt hear her complain about the kids and how much they fight - where do you think they learnt that behaviour from?
I can‚Äôt hear about finances, when we spend SO much on takeaway food or fresh food that gets thrown out because it‚Äôs gone off uneaten.
I can‚Äôt hear her complain about her weight, you got the op done, lost heaps of weight and haven‚Äôt been to the gym to tone.
I can‚Äôt hear her complain about not going to the gym and having paid for the membership for the last 8 months, you‚Äôre in control of your days and how you spend it.
I can‚Äôt hear you say to me I‚Äôm different towards you today/tonight, did you forget how you told me today what a piece of shit I am, you wish you never met me and you‚Äôre going to go and find someone to give you attention.
I can‚Äôt be told how much I repulse you when we have sex, and that you have to think of someone else to orgasm.
I can‚Äôt be told that I‚Äôm just here to look after the kids and support you and them financially.
I can‚Äôt hear again how your money is your money, and that I should be grateful you got a job at nights/weekends, I look after the kids yet when you bought me a present with ‚Äòyour money‚Äô (the first in 10 years) I have to hear all the time about how I don‚Äôt deserve it.
I‚Äôll likely edit and add more. Not looking for responses, just had to get it out.","wife has had varying levels of depression, cannot deal with her complaing anymore, cannot deal with her moods anymore, cannot deal with her bias anymore, cannot deal with being used as her verbal and emotional punching bagm cannot keep doing everything around the house, cannot keep dreading every time my phone rings, cannot keep coming home and wondering what sort of mood she's in, I cannot be told that I‚Äôm a shit father, I cannot be told how crap my family is","The person is exhibiting signs of extreme emotional distress and exhaustion due to the continuous strain of being in a long-term relationship with a partner who is suffering from depression. The feelings of being constantly berated, emotionally abused, and unappreciated by the partner have taken a toll on their mental state, leading to a sense of helplessness and despair. The mention of struggles with intimacy, feeling repulsed during sex, and being made to feel unworthy further indicates a deep relationship-related stress and strain.",40.0,90.0
29,4029,"I am in a very dark place right now. I'm 32. I've been unemployed since last October after getting laid off (not due to performance, my whole team and 15% of my company got let go) and do not have a firm idea of what to do with my life. I have started to interview again over the past few weeks but they are mostly for the same type of work (which is pretty niche, not a ton of jobs available) and I just don't know if this is what I want to be doing for the rest of my life. In the meantime, I have been getting dicked around by recruiters and just feel like I'm getting left out to pasture even though I feel like I have a good background and interview well.  
Simultaneously, I am finishing up a part-time MBA program which I feel like has been a colossal waste of time, money, and energy. I honestly feel like I had better luck getting responses to job applications BEFORE starting my program. I have been slogging through my final semester, struggling to find the motivation to do my work. I finish in about 2 months, at which time I may or may not be employed again. I just don't know. It's extremely stressful. I will need to begin paying my college loans within 6 months of graduating and don't know how I am ever going to save for a down payment. I immensely regret going to business school.  
Add to this the fact that, for whatever reason, I seem to be getting ignored by just about every therapist I've reached out to for counseling. Maybe I need to start leaving messages that I'm thinking about ending it. I feel like I am losing my mind, and the only thing that keeps me feeling sane is my girlfriend, who without I'm not sure what I'd do. Unfortunately, she doesn't know about my compulsive  masturbation/porn addiction which seems to be consuming my life at the moment. I'm a \*\*\*\*ing mess and I don't know what to do.   
It's hard for me to think about actually killing myself, but I find myself thinking about it often. It gives me some sort of dark solace knowing that I could end it, donate everything I have (which isn't much) to some charity, and be remembered as more than a living nobody, which I feel like I am today.","unemployed, struggling to find the motivation to do my work, immensely regret going to business school","The person is in a state of job and career-related stress. The individual expresses feelings of being unemployed, unsure about their career path, disappointment in their current academic pursuits, and struggling with the job search process. Additionally, the mention of feeling 'left out to pasture' and the financial concerns such as college loans and saving for a down payment indicate a significant level of stress related to their job situation and future prospects.",60.0,90.0
30,4030,"I just need to vent out. I have no friends to talk with, my family doesn‚Äôt care or are too busy to care, and those people I message are too centered in themselves to notice.
I‚Äôve been feeling down, really down and sad. No matter what I do nor how many funny memes I see I cannot bring myself to be cheered up.","have no friends to talk, family doesnt care","The person expresses feelings of alienation and loneliness, mentioning lack of friends to talk to, family members who are not available or caring, and people in their contacts who are self-absorbed. This sense of being isolated and unsupported contributes to their current state of feeling down and sad.",40.0,90.0
31,4031,"I'm so lonely that I can tear up just by playing and realising I'm alone. I'm playing a lot of Apex Legends lately on ps4 and wanted to be stronger for the ranked. But sometimes you can't just do everything alone. I have no one to play with and I'm always left behind by everyone so video games are my only hobby since I can't go to school anymore because I'm too anxious and my body hurt me when I went to school. I hate myself and just want to die, it's not a life to stay in my bedroom playing all days and nearly broke my hand because I lost hours of playing due to when you launch a game, you lost points until you kill at least five peoples or stay alive long enough but sometimes I'm just really bad and my random team mates doesn't help. I just wanted to vent this so sorryif it sound childish or dumb and thanks to maybe someone that read this.","alone, noone to play with, it's not a life to stay in my bedroom playing all days","The person expresses feelings of extreme loneliness, alienation, and a sense of being left behind by others. This is indicated by statements such as 'I have no one to play with', 'I hate myself', 'I'm always left behind by everyone', and 'I just want to die'. The individual mentions spending long hours playing video games alone as their only hobby, indicating a lack of social connection. This sense of isolation and alienation is further reinforced by the inability to attend school due to anxiety and physical pain, leading to a cycle of negative emotions and self-perception.",60.0,90.0
32,4032,"I maintain this cheery personality but in reality, I'm just barely getting along. No one cares about me, and I don't want to attempt suicide (for the third time). The first two attempts sucked, and I hate myself everyday for even trying. The first time, I lost nearly all of my memories from the past (retrograde amnesia), so I couldn't recognize most people that I knew. The second time was at a hospital and I was placed on suicide watch. Needless to say, my parents were/are scared ASF.
I use drugs to cope. Weed, Adderall, lean, alcohol, Xanax, Ambien, and LSD.
Writing that all out is a relief. I know that people count on my existence, which is why I live. But I swear sometimes it feels like time goes by and I can't control my mind.","retrograde amnesia, use drugs to cope, weed, adderall, lean, alcohol, xanax, ambien, lsd","The person expresses feelings of alienation, loneliness, and lack of care from others. They also mention struggles with their mental health, suicidal thoughts, and dependency on various drugs to cope with their emotions. These reflections indicate a sense of disconnection from society and inner turmoil, which align with Alienation related stress.",20.0,90.0
33,4033,"Hey, i'm Anwen, I have a dissociative personality disorder aka DID. I guess that's just important info, i'm hella depressed, I don't enjoy anything anymore, I don't want to talk to people, friends have started leaving me because my disorder is getting worse, nobody knows or understands my disorder, I hate my situation overall and I genuinely want to die...","dissociative personality disorder, disorder is getting worse","The person expresses feelings of alienation, lack of enjoyment, isolation from friends, and a desire to die. These feelings suggest a deep sense of disconnection from themselves and others, leading to a state of alienation.",60.0,90.0
34,4034,"I can't forget her. I love her. I want her so much 
But she hates me. Blocked for a year.
I'm 25 and never had a relationship 
I feel humiliated that I never got a proper chance 
If I can't be with her, I will kill myself","can't forget her, shes hates me, blocked me, never had relationship","The person is experiencing relationship-related stress. They are deeply attached to someone who they love but are faced with rejection and heartbreak. This unrequited love has led to feelings of humiliation and desperation, as well as thoughts of self-harm if the situation does not improve. The intensity of emotions and the focus on the romantic relationship suggest a significant impact on their mental state.",40.0,90.0
35,4035,"Ok so I suffer with seasonal depression, and this winter has been significantly worse than last. Last winter I was around friends, and family. I was at home. This year I'm in a new city. I moved last summer for university, to try and get away from what/who I once was. I have met some amazing people here, but nobody seems to have any time to care for me. 
Heres a quick rundown of my 2020 so far:
I got a shoulder injury, had time out of the gym, was unable to compete because I was too weak. 
My girlfriend of 2.5 years and I split up. 
I developed a drug addiction to cope with the pain. 
I've hated my body more than ever and have lost all appetite and stopped eating. 
Sex drive has plummeted. 
Started hooking up with a girl but couldnt maintain an erection- realised I was using her for hugs and kisses to numb the feeling of loneliness.
I want to go to a doctor but my brain keeps telling me I'm feeling sorry for myself and this is all for attention. I even feel like this writing this post. 
I hate myself and genuinely don't want to die but I can't see any other options. I just want someone to love me","nobody seems to have any time for me, girlfriend split up, want someoen to love me","The individual is experiencing relationship-related stress. The references to the breakup with their girlfriend, feelings of loneliness, seeking comfort in physical intimacy, and desire for someone to love them all point towards a significant emotional struggle in the realm of relationships.",60.0,90.0
36,4036,"Today I came home and was excited to play a video game. But it just...didn't feel right. I felt like I hadn't played it in a long time even though I played yesterday. I felt like I did when I was a kid and really sad over the summer doing nothing all day. I felt really weird.
Anyone else experience this?",felt like i hadn't played it in a long time even though i played yesterday,"The feelings of detachment, nostalgia, and longing for a past time could indicate a sense of alienation. The person seems to be struggling with a disconnect between their expectations and reality, which can lead to feelings of strangeness and unease.",40.0,80.0
37,4037,"I want to talk to somebody. I don‚Äôt have any friends anymore and my parents ‚Äúhate the new me.‚Äù I don‚Äôt show up to school half of the time and I don‚Äôt have any friends to sit with at lunch. I don‚Äôt even cry anymore. There‚Äôs no reason to go on, but I‚Äôm too much of a pussy to kill myself. My self esteem is so low I‚Äôm scared to even post this. Hope others can relate.","don't have friends anymore, my parents hate the new me","The person is feeling alienated and disconnected from others, experiencing loneliness, lack of social support, and low self-esteem. They express feelings of not having friends, feeling hated by their parents, and not finding a reason to go on. The use of derogatory language towards themselves ('pussy') and fear of posting indicate a deep sense of alienation and disconnection from society.",60.0,90.0
38,4038,"I have been so paralyzed with depression that I often cannot do basic tasks for myself. I just want to stay in bed all day and stay in my pajamas. Even dressing myself is hard and my partner has to help me sometimes.
Lately in therapy I have been learning about how depression impacts the brain. I have been learning about how it impacts concentration and memory. Well, I experienced that completely yesterday. 
Yesterday I took a shower. It was my first shower in a few days. I was dreading it because it seems so hard now. I know it sounds stupid but it just freaking is. Anyway, I was going through the motions but felt so out of it. I completely forgot to wash my hair. WTF? I have been showering myself for the past 25 years and I just forget?
Ergg &gt;=O","paralyzed, cannot do basic task for myself, first shower in a few days i was dreading it because it seems so hard now","The person's description of being paralyzed with depression, struggling to do basic tasks, and experiencing memory issues aligns with symptoms commonly associated with medication-related stress. The mention of being in therapy and learning about the impact of depression on the brain further supports this categorization.",80.0,40.0
39,4039,"The last couple of months    ,             I've been tired . 
 I wanna die. Really badly. I don't wan't to cause the people that somehow still love me this pain, they need me here. But I am just so tired, so fucking tired.  I'm tired of this sad, mean, world. I feel like I can succeed, but I don't see the point if I still will not be happy. On the other hand I get the point, try to make family happy, and spend the little time we have with the ones we love. Someone of you may say, ""at least you are lucky you have people that love you this much"", and that is true. If it wasn't for them, I would not be here a long time ago. However, perhaps the feeling that brings within me the most pain and sorrow is: what if that love is not reciprocated? Don't get me wrong, I love these people. But I don't love spending time with anyone. I don't even love spending time by myself. I don't know what I want or what will make my day better. The thought of going through the same cycles of just trying to find some little piece of happy in the day for me and my loved ones for the rest of my life makes me not want to live through it. I find the bad in every activity, see the negative flaw of every person, while at the same time try to keep 'face' as much as possible. I think I can summarize this feeling into: I feel guilty for the pain that I cause my loved ones, but at the same time I am so fucking selfish. I just can't take it anymore. I feel like I am loosing my shit, I don't even know if I am depressed, crazy, bipolar, i don;t know. It just hurts. I want it to stop. \*I wanted better for myself
&amp;#x200B;
Overall, I don't know why I am writing this. 
I don't even want any help or input{
I just want this sadness to go way, I can't go around another day with my head down and my eyes filled with tears. I just feel like I wasn't born to act like this, I wanted to be strong physically and mentally in order to provide for my loved ones, not tear them down with my negativity. 
everyone problem is bigger than mine. I am just a selfish bitch who is too much of a pussy to deal with his own fucking emotions. There are people in this world who have gotten a much shittier hand. yet here i am fucking wanting to die. how does this make any sense?
It's also really hard to hide being so fucking sad; I am 6'6, live with my loving girlfriend, and trying to be social in years when I still had hope means there are still people who think I want friends in my life that try to reach out once in a while. Only to receive an excuse/ insult/ rambling when I try to avoid them. 
&amp;#x200B;
No matter how much effort I put into happiness, I can't seem to get close without cheating. Sure, some things make me happy, but as soon as they do, my mind almost tries to find the negative in the situation. 
&amp;#x200B;
To end this shit, I wanna make a wish.   
I wish for the kids who have to be strong, to have bull sized balls, and help every person in need. 
Because the false sense of protection is the last thing that they need. 
If you can't do it, don't say you can. Because when you don't, or aren't here, they will stay behind wondering why you every left. 
&amp;#x200B;
Stay strong everyone, 
I am ok with being weak, I already have been for years. This will just be the nail in the coffin.","feel like i can succeed but i don't see the point if i still will not be happy,  rest of my life makes me not want to live through it, can't take it anymore, mo matter how much effort i put into happiness, i can't seem to get close without cheating","The person expresses feelings of being tired, sadness, guilt, selfishness, worthlessness, and negativity, but still shows concern for their loved ones and wishes for strength for those in need. This emotional complexity and the conflicted thoughts indicate that the person is in a good mental state, despite feeling overwhelmed and exhausted.",90.0,20.0
40,4040,"It's 4 am for me. Stuck alone in my room with my thoughts and I don't know why I'm even posting about any of this but I just have no one to turn too.
A little background information about me to help paint a picture. I'm 21 and gay and I am depressed, alone, filled with anxiety, and extremely suicidal. There really hasn't been a day that has gone by where I don't think about killing myself, negative thoughts about myself, just bursting into tears alone in my room or just in public.
The pain that I am feeling is completely unbearable, I'm just so tired of even living and moving forward in this life when I just don't think worth it. My whole life I just have been faced with pain and pain and pain again and I just keep trying and I'm just so tired. I'm tired of this life. Tired of the pain and just tired with myself.
I have come to the realization that no matter what I do, no matter how hard I try, or how hard I try to become someone else. I just will never be good enough, that has always been what my life has been about. I don't even know who I am anymore, I look in the mirror and I just don't recognize who I am anymore let alone know who I am anymore. Sounds weird, I know. It's just I was never happy with who I was as a person and that always fucked me up then I try being other people and that always fucked me up so I just never win. It's just so fucking disheartening and gruesome to just always be put back in this hellish place of just never being enough, uglyness, trying so hard and getting fucked and this whole stupid ass existence.
I just don't see a future anymore. I don't want to see tomorrow anymore. I'm constantly wishing for death. Hoping I get run over by a car, get in an accident, OD on anything. Just something that will take this pain away.
I have been feeling this way for years and years and I just never seem to get a break, not even for a single moment. I am always brought back here. This is all I never know. I don't deserve love or happiness or even a glimpse of joy. I'm always there for others and I try my best to be supportive to show my love and care but when it come's to me I just don't get it.
I'm ready to go. I say that every day and yet I'm still here.... I don't know why that is though. But at the same time I just feel like i'm one step closer to pushing the trigger and ending it all. Sorry for my foolishness. I probably will delete. But hey if I ever end up doing it, my thoughts will be here.
&amp;#x200B;
Infinitely yours,
Luthien.","negeative thoughts about myself, I'll never be good enough, never happy with whoo i was as a person, uglynessm","The person who wrote the premise is experiencing extreme feelings of alienation, loneliness, and worthlessness. They express a deep sense of disconnection from themselves and others, feeling like they don't belong and are not understood. The feelings of not being good enough, trying to be someone else, and never finding happiness or satisfaction indicate a profound sense of alienation from their own identity and existence. Additionally, the thoughts of constant pain, wishing for death, and feeling undeserving of love or happiness further emphasize the theme of alienation and extreme emotional distress.",40.0,90.0
41,4041,"I tried to kill myself in school..I realized a caring girlfriend would be equal to 100 friends.So except trying to get things you wouldn‚Äôt like,I‚Äôm searching for a girlfriend.I prefer online since no one would be interested in me with my social skills and the red in my neck",no one would be intresting in me with my social skills and the red in my neck,The writer's mention of trying to kill themselves in school and connecting the idea of a caring girlfriend being equal to 100 friends suggests a deep sense of loneliness and a longing for emotional support. The writer's preference for finding a girlfriend online and the negative self-perception regarding social skills and physical appearance indicate relationship-related stress and a desire for connection and acceptance.,40.0,90.0
42,4042,"I don't know how much longer I can keep this lie of ""everything's gonna be fine"" going. It's been 10+ years of telling myself the same thing over and over and over, nothing ever changes. This depression is eating me alive. I have a few good days here and there but it's mostly all shit. I've been wanting to cut myself so badly again too, maybe just deep enough to make me feel like I'll actually accomplish something worthwhile for once. Pretty sure the only thing stopping me from doing that is my boyfriend and we've even been at each others throats a bit recently. I dunno. I almost feel like just ending it all now before my life takes another turn for the worse because it 100% will. I just wanna die and be at peace for once in my life. Maybe take one shitty person out of this world, that can be my 1 good deed I think.","been 10+ years of telling myself the same thing over and over and over, nothing ever changes,  few good days here and there but it's mostly all shit","The text indicates a deep sense of hopelessness, despair, and worthlessness, which are common emotions experienced in relationship-related stress. The mention of a strained relationship with the boyfriend and thoughts of self-harm in the context of potentially losing this relationship suggest a strong connection to relationship issues.",,
43,4043,"I feel horrible. I‚Äôm too scared to open up to anyone because I‚Äôm worried they‚Äôll just go tell the office and boom, I have to run another lap through the system that has done virtually nothing for me the first two times. Same deal with my parents. You can‚Äôt open up about suicide without consequences, and I‚Äôm sick of the ones. I feel guilty because I know I‚Äôd worry everyone because of course they don‚Äôt want me to die, if they care about me or not they don‚Äôt want somebody to kill themselves regardless. I feel so bad for feeing like this regardless of what anyone does to try and help me, even if it‚Äôs gotten better since the last time I went through the system, suicide still feels most optimal even though I really don‚Äôt want to die.","scared to open up, same deal with parents can't open up about suicide, ","The person expresses feelings of fear and reluctance to open up to others due to concerns about potential consequences, especially with the office and parents. They mention guilt, worry about worrying others, and feeling bad despite attempts to help, reflecting relationship-related stress and struggles in their interpersonal connections.",40.0,90.0
44,4044,"I really do not understand why I am isolated for ""coming across"" a certain way. People will judge you based off your innate defense mechanisms, but then the next day, it's like when I hit reset and try again to get to know someone, I can't. I'm a permanent smear of my mistakes. (I'm human, others aren't I guess?) I guess depression has made me ""unapproachable"". Which I don't grasp, because I am constantly in the presence of people who treat me like dirt (which obviously puts me in the offensive).
A lot of people around me also get defended by their friends when they face trials, I.E. ""they're having a hard time, just try to understand them"".  But I get told to change. As if I don't deal with my own? It makes no sense.
Does anyone else do this? Face isolation because people misunderstand their emotional turmoil? This has caused me great hardship, stress, and mental breakdown. It'd be nice to feel normal. 
Thank you for reading.","isolated for coming across a certain way, people will judge, i'm a permanent smear of my mistakes,, people misunderstand thier emotional turmoil","The language used in the premise indicates a sense of alienation and feeling misunderstood by others. The individual expresses a deep sense of isolation due to feeling judged and smeared for their mistakes, leading to feelings of being unapproachable and not being treated with understanding like others facing trials. This sense of alienation, emotional turmoil, and desire to feel normal suggests that the person is experiencing stress related to alienation from those around them.",60.0,90.0
45,4045,"I don't have a heart, I never ever get that feeling when you like/care about someone. I don't care about my family, friends, acquaintances, people, no one. What joy is there to live if you cant feel?","I never ever get that feeling when you like/care about someone, I don't care about my family friends acquaintances people no one",The person expresses a lack of emotional connection with others and feels isolated and detached from their social relationships. This sense of alienation is causing them distress and making them question the purpose of living without the ability to feel emotions towards others.,20.0,90.0
46,4046,"My heart hurts from the pain, I wish I could just disappear, my parents have gone through so much because of me, they do so much to make me happy ,Even my siblings are jealous, I feel so guilty they have to deal with me, see their child try to kill themselves everyday, crying from depression. I just want them to know I love them so much, I can‚Äôt even describe how much I love them, and I‚Äôm so sorry for what I‚Äôm doing, what I am feeling, what I am going to do in the future, I would love to change  but I can‚Äôt.
I just wish there is something I can do to feel happy again.",my parents have gone through so much because of me,"The person expresses feelings of alienation and guilt towards their family, feeling like a burden and a source of pain for them. They mention wanting to disappear and feeling unable to change, which are common indicators of alienation-related stress.",40.0,90.0
47,4047,It hurts..but I remembered the feelings I had last time I went and saw you. It hurt..I cried myself to sleep. I went to bed hurting and I woke up hurting. Once again I‚Äôm left looking dumb to go out of my way to see you. I crossed many busy roads and climbed many tall mountains to just try and please you and I still believe you truly don‚Äôt care. It‚Äôs hard letting go of the one person that once made you the happiest you had ever been in life. Looking back at when I had you I looked so different. I literally had a glow within me. You gave me that glow that made me shine so bright..you also took it away without any hesitation. I‚Äôve never been the same since then. I‚Äôm not sure why I‚Äôve kept you around for 2 more years after we broke up. I know deep down you will never be able to make me shine like you used to..I will never have that glow again. I will never be able to feel that love again..and it simple as to why not..because you don‚Äôt love me..you don‚Äôt care about me..It‚Äôs funny how life works. How the people you would do anything for in this world will do nothing for you. How the ones that once made you so happy now bring darkness into your life. When will one day someone fight for me..fight to keep me seeing me glow...fight to keep me happy..Hopefully soon..but for now as I wait I‚Äôve decided to not cross any busy roads for you or climb any mountains..for now I will stay here even though it hurts I‚Äôm safer here by myself than with you.,"broke up, i went and saw you it hurt i cried myself to sleep i went to bed hurting and i woke up hurting","The premise indicates a deep emotional pain caused by a past relationship. The person expresses feelings of hurt, sadness, and betrayal related to the past relationship. The mention of crying, feeling different after the breakup, and longing for the glow and love they once had with the person all point to relationship-related stress and emotional turmoil.",40.0,90.0
48,4048,"It makes me feel like I won't be able to find new friends in the future, because people see me as different, and they treat me in a more childish or condescending way.
How could I make my mom or psychologist understand? I don't want them to think I'm doing this to burden them or something like that...","people see me as different, treat me in a more childish way","The person is feeling alienated and struggling with the perception of being treated differently by others, which is causing distress regarding forming new friendships. This sense of alienation and concern about being judged can be an isolating experience, impacting one's mental state.",60.0,90.0
49,4049,"I had an open cosmetic rhinoplasty 4 months ago and since then I've been experiencing symptoms that have been fairly debilitating for me. A few weeks post-op I noticed that my air flow was different in each nostril and there was a slight pain in my left but I chalked it up to swelling.  
Now, 4 months later there is no more pain but I feel like there is a blockage in my left nostril and I can't sense airflow at all in either nostril which is keeping me up at night.  
I'm on sleeping pills which is barely helping me get a few hours throughout the night. I'm really scared and did not expect to go through this scary journey - all I wanted was a refinement. How would I know if I have empty nose syndrome or if I should wait longer to see if my issues are resolved naturally? 
Please help anyone who has gone through something similar or knows someone who has gotten better as I've become a shell of myself.. going from perfect breathing to feeling like I'm walking around with a bag over my head all day is devastating and the real kicker is I'm not even happy with the cosmetic result but at this point I just want to breathe again,,,","open cosmetic rhinoplasty, air flow was dfferent in each nostril, slight pain in my left but i chalked it up to swelling, on sleeping pills, empty nose syndrome","The person is experiencing symptoms related to their nose surgery, including air flow issues, lack of sensation in the nostrils, and difficulty breathing, which are all linked to the medication or treatment received during the cosmetic rhinoplasty. The mention of being on sleeping pills further indicates a reliance on medication to cope with the symptoms, suggesting a state of stress related to medication usage and its consequences on their well-being.",40.0,80.0
50,4050,"have been feeling incredibly self conscious, depressed and terrible about my own self and my self as a sexual being. I constantly compare myself sexually with other partners my s/o has had Bc she will talk about them (not trying to hurt me) but I am so extremely self conscious that I can‚Äôt even masturbate. It‚Äôs enough to ruin my day sometimes and even bleed into other parts of my life and relationships. I feel so terribly low that I don‚Äôt feel the love from my s/o even though she tries her hardest. I love her and want to propose but I can‚Äôt do that right now Bc of how im feeling. I want to feel loved and not so bad about myself. I can‚Äôt seem to find a direction in life either and don‚Äôt know or have any idea of what my future will look like. I‚Äôm at a point of giving up and I don‚Äôt know what to do to even help myself. I‚Äôve tried medicines and therapy for over 2 years but it‚Äôs just not helped me for some reason. Is there anything you guys could share with me on how I can help myself?","feeling depressed and terrible, i am so extremely self conscious, i feel so terribly low, i can't seem to find a direction in life","The person is experiencing extreme self-consciousness and emotional distress related to their partner's past sexual experiences and their own self-perception. This has led to feelings of inadequacy, low self-worth, and impacts their ability to engage in intimate activities. Additionally, the person's struggle with finding direction in life and uncertainty about the future further exacerbates their relationship-related stress. The desire to propose to their significant other but feeling unable to do so due to their current state reflects a deep emotional turmoil in the relationship aspect of their life.",40.0,90.0
51,4051,"I‚Äôve been depressed for at least 6 years and I truly feel like I‚Äôm alone. I‚Äôve always had unique traits and or opinions that people would give me crap for. I always try to find a balance in situations but no matter which side I pick I make enemies who will hurt me mentally. I‚Äôm just surprised I‚Äôve gone this far in life and I‚Äôll be honest, I don‚Äôt know how much more longer I can take it.","i feel i am alone, people would give me crap","The person expresses feelings of loneliness, having unique traits and opinions that others criticize, and making enemies who hurt them mentally. This suggests a sense of alienation and disconnection from others, leading to significant distress and feelings of being alone in the world.",30.0,90.0
52,4052,I was literally driving my girlfriend to this store and traffic was so insane. I kept getting cut off and people almost hit me. Eventually I just thought ‚Äúthanks god she‚Äôs here because I just wanna drive off this fucking road‚Äù. The slightest inconvenience is starting to set me off and it kind of worries me.,"literally driving my girlfriend to this store and traffic was so insane, the slightest inconvenience is starting to set me off, worries me",The person's heightened emotional response to traffic and feeling like they want to drive off the road indicates relationship related stress. The frustration caused by the traffic situation while driving his girlfriend suggests a possible strained relationship or emotional turmoil impacting their mental state.,20.0,80.0
53,4053,"I'm aware of why I'm doing it. I hate my life right now, and I am scared of the future. The past is a warm safe blanket full of photos, videos, and messages to remind me of what used to be, and the people who used to be in it. I hate getting older. I want to reach out to some of these old friends from 10 years ago. Is it even worth it? They've all moved on, but I haven't. I don't want to delete these memories, but I feel like I have to at this point. Any other suggestions?","i hate my life right now, i am scared of the future,  i hate getting older, i feel like i have to at this point.","The person seems to be experiencing relationship-related stress. They are feeling disconnected from their past, nostalgic about old friendships, afraid of the future, and contemplating letting go of memories to move forward. These feelings are often associated with relationship issues such as loneliness, fear of abandonment, and longing for connection.",40.0,90.0
54,4054,"I‚Äôve grown disgusted with myself and hating myself. Nothing i can say can seem to right the wrongs i‚Äôve done, and i‚Äôm paying for it now by losing relationships with all the ones i love. I don‚Äôt see any future where things can be mended. I‚Äôm out of ideas, and don‚Äôt want to go on anymore.","disgusted with myself, hating myself, now by losing relationships with all the ones i love, i don't see any future where things can be mended.","The person's self-disgust, self-hatred, and feeling of being unable to right the wrongs they've done, leading to the loss of relationships with loved ones and lack of hope for the future, suggests relationship-related stress.",40.0,80.0
55,4055,"This is kinda a vent; I need to look myself in the mirror for a few minutes and try to restart my downward cycle. If you want to have a conversation, I‚Äôm here for it, otherwise nothing to see here haha.
I‚Äôve been so low the past couple weeks I haven‚Äôt felt like myself at all. I‚Äôve felt a fair amount of that apathy I read about on this sub often, and it‚Äôs scary.
I know the things I need to do in order to overcome this depression - the tools I can reach for. Exercise, nutrition, therapy, group therapy, being open with friends and family, volunteering, strong social connections, medical health, and on and on. The laundry list is long and tough to grapple with all at once. But having a couple of weeks of pure hell makes me realize that I‚Äôm really not working on any one of those things strongly. 
What have I done to really move forward in the last year? I feel like I haven‚Äôt really reached for any of those huge steps since I started therapy in 2015. I‚Äôve been going for over four years, and it‚Äôs been life-changing, but what other healthy steps have I taken? 
Last summer my dental health became overwhelming, something I must take care of. I went back for my first appointment in years. Gradually I took care of my pain and the rot in my mouth was alleviated. I lost a tooth in the process but a huge weight was lifted as well. 
I need some similar weight lifted now, but most of all I want to be able to reach for it. I crave some discipline; the dental work came as a result of time running out as it were, reactive not proactive. I want to be strong enough to work thru this shit at a healthy pace, not leave things go awry for months on end, until a consequence happens. But I suppose in order to get there I have to first admit that I AM weak and I DO need help. I can‚Äôt do it all on my own like I tell myself I must. 
I‚Äôd really like to get an exercise bike. I can see all the positives: cardio health/body positivity/motivation to hike more/overall getting in shape. For someone healthy, buying a bike (putting in the research, going to stores, asking people for advice) would be doable. Simple tasks like that are fucking hard for me because I‚Äôm not healthy.
So how do I get there? Ask my sister to take me shopping one day? This post is a good start: question why I‚Äôve failed in the past and talk through the doable steps, remind myself of the positive outcomes in working thru it. Maybe I need to meditate again: breathe thru the pressure in my chest when I think about going to a bike store or talking to people on Craigslist. 
I wish I could work thru these things easily like a normal person. I guess my win today is admitting I‚Äôm broken and depression is at fault. Maybe if I admit that more often I‚Äôll see it‚Äôs ok to ask for help and beat myself up less.
I‚Äôve never really lost love for myself because I know I‚Äôm a good man. My therapist told me that purpose can be looked at as two halves: BEing and DOing. Right now I‚Äôm happy with my self-philosophy and who I am when I‚Äôm NOT depressed. That person is good. It‚Äôs time to accept that I‚Äôm not healthy enough to DO good yet. At least not to the degree that I hope my future holds. It‚Äôs hard to reconcile how much depression is holding me back. I hope I can look myself in the mirror this deeply in the next little while and reach for more of that help that I need to pick myself up off the ground. Maybe it can start with the exercise bike.","I haven't felt like myself at all, I wish I could work thru these things easily like a normal person, I've never really lost love for myself because I know I'm a good man, I need to pick myself up off the ground","The person is expressing feelings of self-doubt, low self-worth, and struggling with personal growth. They mention their struggles with depression, apathy, and difficulty in taking positive steps to improve their mental health. The individual reflects on past experiences where they put off necessary self-care (such as dental health) until they faced severe consequences. They also express a desire for help and acknowledgment of their weaknesses. This indicates a strong sense of relationship-related stress and a need for self-acceptance and self-love. The mention of therapy and seeking help from friends and family further supports the categorization under relationship-related stress.",40.0,90.0
56,4056,"I have been through a very hard life, from my single parent mother being addicted to drugs, being in Foster care for 7 years, to being homeless for 6 years. I have and had finally gotten myself where I needed to be. I got a puppy I love dearly and has been my Emotional Support animal. I do everything in life for him now. I finally got my own place after 4 years. I have a great job that I am happy to go to and I can afford to pay my bills and all of my habits/ needs. Today I got a notice to vacat after spending months fighting over Landlord Obligations. I lost my old job a month ago because of the emotional distress that  I was in. I literally told my manager ""How can i care about someones remote not working and sit with all sincerity to trouble shoot, and I go home everyday to no heat and my dog shaking uncontrollable, but keeps a smile on his face for me?"" I was unable to pay my electric bill, so they are trying to evict me on the premise of breaking the lease. All of this is breaking my faith. I am trying so hard, but everytime I get a head there's something trying to break me. Today I have fallen back into my depression and cant help but say it's better to give my pup away to someone more stable and kill myself. I cant keep going and dealing with uncertainty or being homeless. I try so hard everyday, to just get pushed back into the void. It took me losing myself and being at the end and seeing the darkness as a comfort, for me to get to where I am now. Yet, it seems life wants me to go back there. I am numb and ready.","lost my old job a month ago, I was unable to pay my electric bill, uncertainty or being homeless","The person expressed feelings of alienation, hopelessness, and numbness throughout the premise, which are indicators of alienation-related stress. The individual feels disconnected from society, experiences a sense of not belonging, and struggles with the feeling of being pushed back into the void despite their efforts to overcome challenges. This deep sense of despair and contemplation of giving away their beloved pet and harming themselves are strong signals of alienation-related stress.",60.0,90.0
57,4057,"I have been a chronic sufferer of gad all my life. Thanks to klonopin my worries symptons anxieties were gone. But now, the side effects of overdosing on it (which I dont understand cause I only take 2 a day maybe its because my inept doctor upped the dose from 0.5mg to 1) has made my emotions go haywire.
I'm constantly euphoric, spontaneous feeling of deep rage and an impulse to punch and scream. On top of that, being ticked off by little things and become explosive. 

If the price to pay to not feel worried all the time is explosive behaviour Id rather take the other. I have recurred to smoking to calm myself. Right now Im a step away of losing control over and really lose myself go in a blind beastly rage. 

Since I cant see my inept doctor (the only doctor i can afford) till last day of march. I decided to cut down the pill to one dose a day and Im cosidering splittling the dose myself to see if their are improvements.","I have been a chronic sufferer of gad all my life, i'm constantly euphoric, spontaneous feeling of deep rage and an impulse to punch and scream","The use of Klonopin (clonazepam) to manage symptoms of Generalized Anxiety Disorder (GAD) suggests a medication-related stress. The person's concerns about the side effects of the medication, the dosage increase by the doctor, and their decision to self-adjust the dosage indicate a focus on the impact of medication on their mental state.",60.0,90.0
58,4058,"My gf is upset because of her gpa, weight, job prospects, finances and is very depressed and she‚Äôs telling me I‚Äôm going to find her dead one day. I‚Äôve tried talking to her and it‚Äôs not helping and I don‚Äôt know what to do. I don‚Äôt think she has a plan but I‚Äôm not sure if she would tell me. I can‚Äôt live without her please I need advice","my gf is upse, I've tried talking to her and it's not helping, don't know what to do, can't live without her","The person is showing signs of significant distress due to the multiple relationship-related issues their girlfriend is facing, including GPA, weight, job prospects, and finances. The mention of depression and thoughts of self-harm indicate a deep level of emotional strain within the relationship. The person's fear of losing their girlfriend and uncertainty about her intentions highlight the intensity of the situation and the impact it is having on their mental state.",30.0,90.0
59,4059,"So I‚Äôve been dealing with this since the day I started medical school which was about 5 months ago . I‚Äôve done my best to handle it all by myself but I‚Äôm fucking done . There‚Äôs no one around to talk to about it . I was diagnosed with Bell‚Äôs Palsy in 2015 , it recovered to some extent but didn‚Äôt go away . For the past 5 years every stranger I‚Äôve met has in one way or another made fun of me , it was bad but in University it‚Äôs beyond fucked up . I haven‚Äôt had a single day when nobody laughed at me because of how FUCKED UP MY FACE IS . 
I used to be a pretty attractive person , I can‚Äôt hold my tears while writing all this . I still remember the time when I used to be pretty confident because of the way I looked . Now it‚Äôs just a dream . Every stranger I‚Äôve met has in one way or another made fun of me . I am forced to stay alone everyday in school , my anxiety won‚Äôt let me move a muscle . Whenever or if ever  a stranger approach me with a smile , the moment I do the same they get confused and literally the first thing I‚Äôm asked is ‚Äúwhat the fuck is wrong with your face?‚Äù
No body wants to be friends with me because they think I‚Äôm just a fucking retard who somehow made it into med school . 
Dating is just a whole another set of nightmares . I get rejected hardcore because of my face which completely disturbs my mental health . 
I feel helpless right now . Sometimes I get bullied to a point where Its feel like the only way to avoid all this is if either I commit suicide or the person trying to bully is gonna have to pay with their life . I have no fcking idea what to do about it . Someone Please help me out for fuck sake.","i get rejected hardcore, i feel helpless right now, i have no idea what to do.","The person expresses feelings of alienation and isolation due to their appearance, which has led to continuous ridicule and bullying from strangers. This has severely impacted their self-esteem and mental health, making them feel helpless and consider extreme solutions such as suicide. The repeated negative experiences with strangers, rejection in dating, and lack of support from friends or classmates indicate a deep sense of alienation and disconnection from society.",40.0,90.0
60,4060,"Im 13m and i have severe depression and anxiety, my parents are extremly strict and Ive lost all my friends. My self esteem is at a zero and I can't handle the pain anymore. I tried to talk to my parents but they both said that this isn't the way I feel, Ive just convinced myself it was. I almost ended it last year but a friend helped me keep going, but this time is different. I have no one to stop me.","my parents are strict, i have lost all my friends, my self esteem is at a zero, i have no one to stop me","The premise describes a situation where the person is experiencing severe depression and anxiety, feeling isolated from friends, and has extremely strict parents who may not be providing the necessary support. The lack of understanding and support from parents in such a critical situation can lead to relationship-related stress, contributing to the person's current mental state.",40.0,90.0
61,4061,"I‚Äôm having doubts about wanting to keep going. I just turned 25, I‚Äôm a girl from the US who is disabled (I have depression, BPD, anxiety, ADD and I have bad tremors as a result of these issues) and my parents treat me like I‚Äôm a little girl. I have not worked a proper job very much in my life and I‚Äôm a little immature for my age. 

Basically, where I am now, I feel mentally and physically unwell to work - the tremors go in and out and I collapse of exhaustion at least twice a month from them. My parents, my mum especially- are pressuring me to work, she gives me jobs I know I wouldn‚Äôt be able to handle and I apply to them to make her happy, though I never hear back. She is a social worker and when I say I‚Äôm too unwell to work she goes *‚ÄùI‚Äôve worked with people with Down‚Äôs syndrome, who were severely disabled, they had jobs.‚Äù* or *‚ÄùI worked with a schizophrenic woman once, that‚Äôs worse than what you have, and she held down a 9 to 5 job.‚Äù* and so fourth. I think I should be on disability but my mum sees that as ‚Äúgiving up‚Äù and says that they won‚Äôt accept me because I ‚Äúhaven‚Äôt showed signs of trying‚Äù IE my small work history - the majority of money I‚Äôve made over the years is from my music, but that comes few and far between.
Because I don‚Äôt have a job, my mum makes it my ‚Äújob‚Äù in the house to be the only person who ever cleans our cats‚Äô litter box, and when my tremors are going this is bad because I can‚Äôt hold the bag straight and I get litter and cat droppings everywhere, but she‚Äôs so insistent on sticking it to me that I‚Äôm not working that this doesn‚Äôt matter. 
I Have two girlfriends, my parents only know I‚Äôm dating one of them. One lives in Canada, I have wanted to run away there but my mum said if I even tried to visit her she would get Canadian police to come get me since I‚Äôm mentally unwell (my Canadian girlfriend also struggles with that and my parents like her but says she‚Äôs a ‚Äúbasket case‚Äù and that I shouldn‚Äôt  date her) but I  kinda don‚Äôt have a passport anyway.

My other girlfriend lives in the Midwest US and my mum says if I moved there I‚Äôd never contact the family ever again even though I told her I would, and that I would become ungrateful towards my girlfriend and get an ‚Äúattitude‚Äù with her - my parents say I have a short temper but I‚Äôm quite mellow, it‚Äôs just that years of verbal bias from my father - who to his credit is finally doing something about this - has gotten me very damaged.


Anyways, I like tried to stab myself in the stomach but was stopped and the knife was taken from me. I feel  stuck, and I really want to keep going but it‚Äôs getting really difficult. I don‚Äôt want to break my girlfriends‚Äô hearts. I don‚Äôt know what to do anymore. I don‚Äôt know if I‚Äôm just unstable or if my parents are really mistreating me.","i am disabled girl, i am too unwell to work ,  i feel  stuck","The author of the premise is expressing feelings of alienation, confusion, and distress in various aspects of their life. They mention feeling stuck, having doubts about their future, and experiencing mistreatment from their parents, who seem to belittle and pressure them. The author's struggle with mental health issues, lack of work experience, and conflicts within their family contribute to a sense of alienation and disconnection from their surroundings. The feelings of not being understood by their parents, being restricted from pursuing relationships, and contemplating self-harm suggest a deep-rooted sense of alienation and isolation, leading to a state of distress and uncertainty in the individual's mind.",40.0,90.0
62,4062,I'm sitting here with a very strong desire to cry and I'm just trying to hold it in. I have no friends and I don't want to be like this for the rest of my life.,"i have no friends, i don't want to be like this","The person feels alienated and isolated due to having no friends, which is contributing to their strong emotional response and desire to cry. This sense of loneliness and feeling like they don't want to be in this state for the rest of their life points towards alienation-related stress.",20.0,90.0
63,4063,Most nights I struggle to sleep and sometimes I wish I don‚Äôt even wake up. I‚Äôm so tired of feeling like this. Even when I have a good day one thing always drags me down. I don‚Äôt think I‚Äôll ever come out of this. Good night I guess.,"i am so tired, i don't think i'll ever come out","The mention of struggling to sleep, feeling tired of the situation, and expressing hopelessness could indicate a mental state that is medication related stressed. The person might be feeling overwhelmed and possibly considering the lack of improvement in their condition, leading to this state.",40.0,80.0
64,4064,"I've never posted before but I feel at a loss and can't seem to find anything online similar so figured I'd post. 
Bit of backstory my boyfriend (5 years) had called me while I was at work on Monday saying that he was checking himself into a mental health hospital. I knew roughly why he would be there but it was still such a shock to me. It wasnt until a few days later that he opened up to me and said that he had made a plan and chose out the weapon but decided after his therapy session that he didnt want to do it anymore. So it's a weird in between spot. While he didnt necessarily attempt suicide he was damn close. Closer than I ever could have imagined.
I had just started a new job with a bakery about a month ago and then this happened. I've had a hard time coping with everything and so I told my boss I probably wouldn't be back until the following Monday. Fast forward to Friday I get a call from one of my friends who helped get me the job and she's saying that my work team is trying to be understanding but that they think and my friend thinks I'm being immature and irresponsible for not going to work. My friend even went far enough to say that maybe I wasn't strong enough for my boyfriend since I couldn't find it in myself to go to work through this. 
I guess I'm asking for advice. My friend said my work is talking about cutting my hours since now I've shown I'm not reliable even though before this happened I had never so much as shown up late before or called out. What would you do? I feel at a loss because yes I realize I should be working but I don't know how to face my work after this especially knowing they are annoyed with me.","my boyfriend called he was checking into a mental hospital, i wasn't strong enough for my boyfriend, i feel at a loss","The person is experiencing relationship-related stress. The sudden and shocking situation of their boyfriend's mental health crisis and the almost attempt at suicide has put them in a difficult emotional spot. The pressure from their work and friends to continue as if nothing happened, along with the judgment and questioning of their actions, is adding to their distress and confusion. The person is seeking advice on how to navigate these conflicting emotions and expectations, highlighting the significant impact this relationship event has had on their well-being.",40.0,90.0
65,4065,"You always hear how women fear they won‚Äôt love their child if it‚Äôs adopted which in most cases isn‚Äôt true. But in our case it seems to be true. Thank you for all the nice Christmas gifts you gave me. But you never gave the sense you cared about me. You were never there for me. I‚Äôm always getting blamed for things and It always feels like you just shrug me off. I never felt comfortable coming to you for advice and you never asked. Why is the connection between us nonexistent? You taught me about my period, you gave me a book that explained puberty. You never taught me about sex. You never ask if I have a boyfriend. You never ask me anything. You don‚Äôt really know me at all. I try to talk to you and you seem annoyed when I do. I come to you for guidance about what I should major in and you just judge me for not being able to make up my mind. You‚Äôre always petty when I give you attitude but you don‚Äôt ask why. I‚Äôve been depressed since I was 12 years old and you never noticed. You never helped me with school and hated that I wanted my license and I‚Äôm trying to get my citizenship and you couldn‚Äôt care less that I‚Äôm not one. When I didn‚Äôt have health insurance you didn‚Äôt care. When I wanted braces you never helped me until I finally became old enough to do it myself. I don‚Äôt have anyone to tell my secrets to. I don‚Äôt have anyone to guide me and I feel bad because you‚Äôre always alone but it doesn‚Äôt seem like you care and want me near you. You get offended Everytime I hang out with dad but never want to do anything with me. I don‚Äôt know if you think you‚Äôre a good parent but you‚Äôre not familiar to me. I just want a mother. And maybe you do care about me, maybe but it doesn‚Äôt seem like it. And I love you and I just wish you showed you love me","want a mother, never felt comfortable coming to you, care about me, shrug me off, never ask, never helped, alone","The premise reflects relationship-related stress as the writer expresses feelings of neglect, lack of care, and unfulfilled emotional needs towards their mother. They mention a plethora of instances where they feel unloved, unsupported, and unappreciated by their mother, which has led to feelings of alienation and longing for a closer relationship. This strong emotional disconnect and the desire for a more nurturing maternal figure indicate a significant level of relationship-related stress in the writer's mental state.",40.0,90.0
66,4066,"I've seen people question this before, but never identified with it enough to pay attention until now. So, here is the post.

I will frame unnecessary explanations with ""//"", in case anyone reading wants to skip. Although I'd like to warn you that this post is somewhat long regardless, as I like to explain things.

I've been considering myself unworthy (of a real friend, of feeling better, of complaining) since a long time, as I have a nice life, or because that I'm not feeling as bad as many other people who are said to be depressed. I obviously never wanted to be sad, nor to experience bad things, but I wanted to be worthy of some certain things I felt I needed. Over time I began feeling worse and worse, to a point where I compare myself more than I used to do, where almost everything upsets me. 

//For example, let's say there is a character I relate to and am happy about being alike. That used to be a source of motivation. Now when I see this character, I can only think of how much better this said persona is compared to myself, and how I can never be like them. When I look at something I value, rather than being happy I feel worried of what might happen to them. Or, when entering a new season I mourn the previous, alongside all the time I wasted.//

I'm mostly worried, stressed, or sad. The thing is that there is no clear reason for me to feel so. I sometimes question if I myself feel that way..



I also am having a hard time figuring my feelings for over a year. There are some occasions where I thought I didn't feel anything, but couldn't help crying.

The reason I'm writing this post is that, while watching a show, a character explained a 'negative' habit of the other, which I ultimately related to. It's not something I consider to be really bad. However, after that scene I couldn't somehow focus to the episode. My interest faded to a point. It was almost as if I was reacting to what was said, but I don't even care that much. The character cared, but not me. Was I impersonating his emotions? Or am I just faking all these to feel worthy? I cannot understand this. Am I really sad or am I just kidding myself?

I can barely read my own feelings, beliefs, and thoughts at this point. Like, I still know what they are, but I can't feel that. Not always, but mostly it's like a colourless, pitcureless page of information. ""I feel this, I think that."" but, do I really? Am I even myself, or am I just pretending?","considering myself unworthy, feel worried, feeling worse, negative habit, interest faded, hard time, upsets me","The person is experiencing feelings of unworthiness and a sense of alienation from their own emotions and thoughts. They mention comparing themselves to others and feeling worse over time, as well as struggling to understand their own feelings. This sense of disconnection and confusion about their true emotions and identity align more closely with the category of Alienation related stress.",40.0,90.0
67,4067,"I want to talk to someone who understands this feeling. I'm tired of hearing ''it's going to be okay''. I even tire myself saying it. I just want someone to hug me ad cry about this shitty life with me.... but I can't... I'm alone in this... at least physically. 

There's a reason why this subreddit has thousands of members. At least I'm not ''completely'' alone.","want to talk to someone, want someone to hug me, cry about this shitty life","The person expresses feelings of alienation and loneliness, indicating a sense of disconnect from others and a longing for understanding and emotional support. The mention of wanting someone to hug them and cry about life together highlights the desire for a deep connection and shared experiences, which they feel unable to achieve physically.",60.0,90.0
68,4068,I‚Äôm sad. I hate myself. Hi,hate myself,"Expressions of self-hatred and sadness suggest relationship-related stress, possibly stemming from issues with self-esteem or personal relationships.",20.0,80.0
69,4069,"So I‚Äôve suffered some heavy depression for a long time, my ex that I absolutely loved to the max just got along so well, she was so gorgeous, caring, loving and nice. She was the first girl I actually loved in a long long time. Me and her were so good for each other I thought. She knew I was suffering from depression but the crazy part is every day I was with her I was improving. She was the support I used to slowly walk up the steps to getting better. I was happy as can be to have a girl like that and for myself to climb out of that depressed hole I was in for so long. Well we got into an argument before our breakup because I thought we were being pretty distant and she blew up. She told me ‚ÄúI just can‚Äôt handle it anymore‚Äù and left me, I was heartbroken. She couldn‚Äôt handle my depression anymore and that‚Äôs what hurt the most. I loved her with my whole heart and now she looks at me like I‚Äôm some stranger on the streets. She never truly explained to me why everything happened and she won‚Äôt talk to me at all now. I thought I was making us stronger by opening up to her and having her help me but she never told me how much I was hurting her with my depression. She saw me improve so much and deciding to leave outta no where made no sense to me. Well here we are today, all that progress lost. I feel worse than I ever have in my life. It really fucking hurts to know the one person I loved most couldn‚Äôt handle me at my worst and left me to rot. I don‚Äôt even know what to do. I‚Äôve deadass just been hooking up with girls at parties and drinking with my friends until I blackout. I don‚Äôt know if I can trust another girl with any of my emotions again or even trust myself to love someone again. I just wanted to give her the world but I ruined it for her and us. I‚Äôm a piece of shit I know, but i just want her to see that I was improving and for her to come back.","breakup, heartbroken, argument, ruined it, suffered, hurt the most, person i loved the most couldn't handle me","The person is experiencing relationship-related stress due to the breakup with their ex-partner. The intense emotions of heartbreak, feeling abandoned because of their depression, and the longing for reconciliation indicate a significant impact on their mental state caused by the failed relationship.",40.0,90.0
70,4070,"Yesterdays brawl is enough for me. Just another reason to do it, and to be honest main reason of all the bad things happening, it's better to be abandoned, rather than have a ""family"" like that, if you can even call 1 parent that hates you, and blames for everything, a ""family"". 

I must admit, it felt good to say what I said, and do what I did. It feels so good to know it's soon to be over, I fear death, and pain, but the peace that comes afterwards is what I have been waiting all my life, honest smile. 

It's moments like that, that we are waiting for, a spark that lights the shit up, and helps it explode.

Desireless - Voyage Voyage, I love this song. Time to prepare! I wasn't expecting to be that long here, but the time has come, I remember every single time I did something. 

I will only miss my cat, but cats are traitorous by nature, unlike a dog I never had. 

PL, CK, PJP - 13.12.1987","it's better to be abandoned, rather than have a ""family"" like that, if you can even call 1 parent that hates you, and blames for everything, will miss my cat","The author's words suggest deep emotional distress related to family relationships. They express feelings of being abandoned, hatred, blame, and a sense that their family is not nurturing or supportive. The desire for peace after all the turmoil and the references to longing for an honest smile indicate a strained relationship within the family. The comparison between cats and dogs also hints at feelings of betrayal or lack of loyalty, possibly stemming from family relationships.",60.0,90.0
71,4071,"I‚Äôve been feeling the exact same way for years. I get momentary feelings of happiness and then they just disappear. I have little to no energy anymore and I‚Äôm not excited to talk to anyone. I don‚Äôt think any of my friends care about me and I can‚Äôt depend on my family for any support. I‚Äôm on a waiting list for a mental health service but it‚Äôs going to take a while but I don‚Äôt know how long I can keep feeling like this.

I got my first job the other day and although I‚Äôve met some nice people, I still feel like shit. My parents think I‚Äôm instantly cured because of the fact I‚Äôm now working but in truth I‚Äôm thinking about just ending it all. Nothing is going to change or help.

Sorry.","don't think any of my friend care about me, can't depend on my family for any support, got first job but still feel shit, ","The person expresses feelings of loneliness, lack of energy, and lack of excitement in interacting with others. They also mention feeling like their friends don't care about them and not being able to depend on their family for support. These are common signs of alienation-related stress, where the individual feels disconnected from social relationships and support systems.",60.0,90.0
72,4072,Besides drinking and crying until I pass out.,"drinking, crying","The mention of drinking and crying in response to a situation suggests a relationship-related stress, as these behaviors are commonly associated with coping mechanisms for emotional distress in relationships.",20.0,90.0
73,4073,"Been struggling so much with work &amp; anxiety with how complicated i find it.

How I flip flop about whether I‚Äôm ok where I am I‚Äôm this job, I think not but some days I get by just about ok &amp; maybe it‚Äôs not so bad.

Been having suicidal ideations a lot  more frequently lately. 

Think the only solace in life atm other than cannabis is my girl &amp; unexpectedly tonight I found out it‚Äôs likely to end soon. I also work under her dads management so it‚Äôs gonna be awkward anywayZ I know it‚Äôs selfish for me to feel like this compared to some people‚Äôs pain but here I am just thinking about the perfect place to jump off.","struggling with work, only solace in life is my girl, found out it's likely to end soon","The person's struggle with work, anxiety, suicidal ideations, and potential relationship breakup all point towards relationship-related stress. The mention of finding solace only in the partner and the anxiety resulting from the upcoming end of the relationship indicate a significant emotional turmoil in the relationship aspect of the person's life.",60.0,90.0
74,4074,"They keep demanding shit from me, I've had enough... I might do it, just to piss them off. Hell... they won't even be pissed off, they will be relieved that ""the piece of shit"" is dead already. Thanks Mom and Dad... Thank you very much! .... Fucking assholes.","keep demanding, have had enough, they will be relieved, thanks mom and dad","The language and content of the text suggest a lot of anger and frustration towards family members, specifically the parents. This intense negative emotion towards loved ones indicates relationship-related stress.",20.0,90.0
75,4075,I wish I knew no one. I wouldn't think twice about it then. I don't want to hurt my family.,don't want tohurt my family,"The mention of not wanting to hurt family members suggests relationship-related stress. The desire to not know anyone may stem from a place of wanting to avoid causing any harm or distress to loved ones, indicating internal conflict and emotional burden within relationships.",60.0,90.0
76,4076,"I have been diagnosed with major depression and anxiety years ago. Hi, I'm a 41 year old male with a good job, make good money, why should I be hurting? Depression, anxiety and suicide runs in my family. I have been committed to a 72 hour hold twice for being suicidal and planning my suicide. I do self harm. I think about suicide weekly, sometimes daily. I don't want medication but I self medicate with alcohol, work obsession or high risk sports. I'm embarrassed because I can't fit in with life, I'm broken with no fix. I suffer in silence as I don't want to bother my family, friends and girlfriend. I have planned my suicide many times, even tonight. Yes, I have written many suicide notes as well.

If I tell someone, they lock me up without shoelaces. This is not what I need, this causes me to hide it even more. I'm broken with no fix. I already go through cycles of being numb, angry, and sad. I don't want to feel numb from medication (I've been there before, what is the purpose.). I don't trust anyone to talk about this with, they respond with ways that make me hide my what I truly feel.

I want this pain to stop, the pain I've been feeling for years. Why am I broken? Besides not waking up, I don't know what else is the answer. I understand why my family member committed suicide, I get it, it isn't selfish, it is to stop the pain that many can't understand.

I don't know what to do. Do I end it, hide in silence and keep everyone happy, or say something and be even more miserable and in turn become more numb? Who really cares? I know alcohol doesn't help, but it helps me sleep, or if I don't drink here I am wide awake trying to make my brain quiet. I do high risk sports, secretly hoping that I will die.

I spent last night at the emergency room alone, I didn't contact my family, friends and erased a message for my girlfriend (I wasn't sure if it was a heart attack and didn't want to die alone but didn't want to bother anyone). My girlfriend saw some erased messages, so I told my girlfriend that it was some chest pain I wanted to make sure wasn't anything, I never told my family or friends and never will.

I don't know what to do, I need this to stop. This is my cycle, I'm numb or angry at everyone and push everyone way. If I wake up tomorrow, I will think whoever wrote this is an idiot and stupid, numb and ignorant to the pain I feel. Cycle repeats.

Help.","embarrassed because i can't fit in with life, broken with no fix, don't want to bother family, friends, girlfriend, push everyone away","The premise indicates significant mental health struggles, including major depression, anxiety, suicide attempts and self-harm, which have not been effectively managed. The individual expresses reluctance towards medication and a tendency to self-medicate with alcohol, work obsession, and high-risk sports. This behavior suggests a stressful relationship with medication, reflecting concerns and challenges related to medication management. The individual's experiences with self-harm, suicidal thoughts, and suicide planning further emphasize the complexity of their mental state and the need for professional intervention. The resistance towards seeking help and the fear of being locked up without autonomy over their treatment also align with the theme of medication-related stress.",80.0,95.0
77,4077,"I just feel like something put there is telling me to kill myself. It just keeps throwing shit out me till I give up. I think I can finally take a breather. And then theres something else to stress about. This time, I was about to be late on rent. But I did all I could to get the money together. (I'm not even gonna say all the things I did to get the money) but then. I just got off work. And I was about to swing by the bank to withdraw the money to lay rent. But then my car wouldn't start. And I'm completely alone in this state. So I had to call someone to come out and jump me. But it wouldn't jump. So I had to spend money to get it towed. Then the damn mechanic shop jerked me around, and ended up fighting with them alot ( I use to be a mechanic so I know when I'm getting jerked around) but they were so incompetent, that it took them 6 hours to basically figure out that the battery needed to be replaced and then do it. They lied to me when they told me the tested the battery when they first pulled it in the bay. They put a new starter on, without telling me until after the fact. And then told me my engine was seized up due to there being 0 oil in it. Which I dont know if I believe, because I just got my oil changed about a week and a half ago. And I know I dont have a leak. So either they were lying or the technician at the luge shop didnt put oil back in my car. But anyway, long story short. They forced me to pay 600$ for basically a battery change. And then I had to go back to work 2 hours later, with no sleep since my last shift. So that was great. But that 600$ was going to be for my rent. No I dont have any money. And I'm not sure what I'm going to do. I think I've finally reached my breaking point.","about to be late on rent, car wouldn't start, forced me to pay 600$, back to work 2 hours with no sleep, don't have money, reached the breaking point","The person is under extreme stress due to a series of unfortunate events related to financial struggles, car troubles, and dealing with incompetent mechanics. These situations have led to a feeling of being overwhelmed and reaching a breaking point. Relationship-related stress often involves financial difficulties and feeling alone or unsupported, which is evident in this scenario.",60.0,85.0
78,4078,"I met this girl month ago and i feel in love very quick. She is from Portugal and i am from Slovenia.. And we thought about having a long distance but she feels like its not gonna work. We talked about it 2 days ago and i told her i cant be there just friends because im only making myself suffer, she seems to have no problem with it, but i just cant get over myself and watching somebody drift away while i wait. It hurts so much and the things she said about me how amazing i am and how bad she wants me to stay there, but i just cant im falling into depression again. I told her im gonna stay but i dont know if im capable im just hurting myself. 3 years of this and just when you think you get out of it it crawls back so fast ahhhhh. And i feel like the most egoistical, needy piece of shit that i cant get over the fact its over. Fuck this shit and fuck life.

Thanks for listening ‚ù§Ô∏è","met his girl and fell in love, long distance not gonna work, told her can be there just friends, she wants me to stay there, feel like most egostical ","The person is experiencing intense emotional distress related to a romantic relationship. The long-distance nature of the relationship, combined with the uncertainty and heartbreak of their partner's decision to not continue, has led to feelings of hurt, self-doubt, and depression. The person is struggling with letting go and is feeling devastated by the thought of their partner drifting away. This relationship-related stress is causing significant emotional turmoil and self-criticism, leading to a sense of hopelessness and despair.",40.0,90.0
79,4079,"There is utter absence of meaning in my day to day life. I would love nothing more than to feel or do anything other than artificial emotions and automated actions, but alas must take that pill or else it will all crumble, oh and that pill, and maybe these 3 too. 

It‚Äôs a fine line between authentic peace and self destruction that I‚Äôve been on for what feels like a life time, but unfortunately it‚Äôs only been a year and that life time is all I have to look forward to.","utter absence, loving nothing, self destruction, artificial emotions",The mention of taking multiple pills and the feeling of relying on medication in order to function suggests that the person is experiencing stress related to medication.,20.0,80.0
80,4080,"I'm 28, I still live with my parents, I'm trapped at a shitty dead end job because I couldn't finish college (and can't go back either), every girl I try to date leaves, I have almost zero friends and the ones I do have all push me down their priority list, they never check in on me when I'm upset, my parents don't understand ANYTHING about how I feel and just tell me to get over myself instead of actually talking to me, and now today the girl I've been seeing just up and blocked me for no goddamn reason on EVERY SINGLE SITE/APP we had any contact on.  I don't know how to deal with all of this anymore plus I'm worried about my health (I feel like I'm in a 50 year olds body at times) and it's all becoming too much.  I've never felt more alone in my life than I do right now and I have nowhere to turn to anymore...I guess I'm just posting this to get my feelings out in the open somewhere where hopefully others can relate I guess. Or at least I won't feel too judged disclosing this info here. But in all seriousness I don't know what to do cuz my list of reasons to live is slowly shrinking.","zero friends, parents don't understand, dead end job, couldn't finish college, alone","The person is experiencing relationship-related stress, as evidenced by the difficulties in maintaining romantic relationships, feeling unsupported by friends, and struggling with family dynamics. These relationship challenges are contributing to feelings of loneliness and a dwindling sense of purpose or hope, as indicated by a decreasing 'list of reasons to live'.",40.0,80.0
81,4081,"I am a caucasian male , age 30. I wont get into complete vivid details of the numerous conditions i have ( childhood exc ) , this started happening when i was around 27. An ex and i whom spent well over 10 years together had broken up due to her unfaithfulness exc. Something happened and although i have spoken to many people and therapists. I feel like the real me is dead. And i am a walking multiple personality basket case , im always being someone im not , no freinds , all that which i had motivation for and excitement for is nothing. I am an empty shell. We got back together and she informed me that she was pregnant by a fling , which was planned , please note that we tried for kids for 6 years prior and she was found out to be infertile unless on fertility meds , long story short she aborted that child and got pregnant with me. Given that the situation prior was hard enough , the trauma and pure gut wrenching pain of questioning the pregnancy as well as my family questioning took its tole , work deterriorated and personal happyness was destroyed.

I dont know why , but i feel that its the logical thing to do. Given my situations. Im always being someone im not , multiple people. I make rash decisions that have and ruined my life. I have always wanted to be a police officer and thats thrown out due to tatoo policys , people have always avoided me because im either creepy or just weird. My family has abandonned me legit. I just work and sit in a basement. My suicide will commence in july 15th 2020. I plan to make it as suddle as possible , maybe an accident. I dont consider it suicide because you have to be someone , an individual to kill that thing. I consider this a multiple account deletion.","broken up, her unfaithfulness, no friends, rash decisions, wrenching pain, empty shell","The person is expressing feelings of alienation and detachment from their true self and their surroundings. They mention feeling like a walking multiple personality basket case, always being someone they are not, and experiencing a loss of motivation and joy in things they once found exciting. This sense of emptiness, lack of friends, and feeling like an empty shell further points towards a state of alienation. Additionally, the mention of being perceived as creepy or weird by others, family abandonment, and planning for a subtle 'multiple account deletion' further signify deep-seated feelings of disconnect and isolation from society and oneself.",60.0,90.0
82,4082,In scrubs waiting for the Psychiatrist.  Haven‚Äôt been able to eat or sleep for 2 days  after my trauma from 28 years ago was triggered.  Not sure what the Psychiatrist will do for me.  I still have no appetite.  Hoping that I can get something to get me to sleep.  Pray for me.,"haven't been able to sleep after my trauma, no appetite ","The person is experiencing mental distress related to a past trauma, which has caused them to lose their appetite and sleep. They are seeking help from a psychiatrist and hoping to find a solution to help them sleep. This indicates medication related stress, as they are looking for medical assistance to alleviate their symptoms.",60.0,90.0
83,4083,"I messed up. I screwed up the trust I've built with my boyfriend who has paranoia.

My entire life I was afraid of confronting people. I got it from my parents. I would either get yelled at asking for help or they would help. It scared me that I couldn't confront normally as anyone else would. My boyfriend had problems carrying from toxic relationships he's had and I felt like he was bringing it into ours. I wanted to help him but instead of confronting him first I confronted a friend and told them what was up. The promises I've made to him, broken. I wanted to help him first and I felt that it was necessary. Then, because of all of this, my best friend and he argued and argued and they broke off, a lot of details here are not added because it's personal but I just felt like I'm at the bottom of the food chain. Why be here if I just destroy everything. I broke the trust I've built into him, I ruined a friendship I've had and one of the ones my boyfriend had. I feel like I just don't deserve to exist and I've always felt like that from all the mistakes I make. I just wanted to help but instead, I bring misery. I'm sorry for posting this and dabbling on but I felt like I needed to just choke something out because my heart just hurts from repeating the same thoughts in my head that I'm the worst and it would've been better if my suicide attempt two years ago worked. Guilt is eating me out and I don't know what to do. I want help but I don't know what to do. I can't get therapy until September and I feel like even if I did, nothing would change what I do and how I hurt everyone around me.","ruined a friendship, broke the trust, screwed up, boyfriend, guilt, afraid of confronting, i bring misery, get yelled, heart just hurts","The individual is experiencing relationship-related stress. The premise highlights feelings of guilt, self-blame, and sorrow due to damaging the trust with their boyfriend and causing friction with their best friend. The mention of past toxic relationships and the fear of confrontation from upbringing further emphasize the relationship dynamics at play. The individual's overwhelming sense of responsibility for the break in trust aligns with relationship-related stress and a deep desire to seek help and forgiveness in the context of their personal relationships.",30.0,90.0
84,4084,"Ive been really depressed lately... My math subject at school failed, i keep thinking i wont graduate, i have no energy to go to school anymore so i fake everything and go to a nearby computer cafe even though i only have enough money to commute to my school. I know lifes hard but theres something in my brain that broke... Im not crazy though just uncaring. But i noticed i suddenly grew an interest on one of our kitchen knives, not like to hurt people, its just an odd interest where you imagine the knife killing you painlessly.
But the thing is, i have a phobia of sharp things so i grew up cautious with sharp objects including knives... Its not really bad, i just do stabbing motions on myself, but the point is i consider doing that normal.
I also keep daydreaming while walking and oddly enough i daydream about me getting in a car crash or something similar, which i has a  high chance of happening considering im daydreaming. Another point is my fake laughter, i dont know why i keep doing it. I know im probably mentally ill but i have no why of knowing since psychiatrists and therapists costs very much in my country. Anyway im just rambling about my problems but i have a feeling itll all end soon. Just a feeling...","failed, won't graduate, fake everything, life's hard, day dream","The individual's description of feeling depressed, having concerns about their mental well-being, and exhibiting self-harming behavior with the kitchen knife indicates a state of mental health-related stress. The mention of growing an interest in a knife, along with phobia of sharp objects, and engaging in self-harming actions suggest a need for psychiatric or therapeutic intervention, which the individual feels unable to access due to cost concerns in their country. Therefore, the mental state described here falls under medication-related stress.",40.0,90.0
85,4085,Got rejected twice today lowest score in my class and lost my last friend i could talk to. My parents say that if i dont get good enough grades they will kick me out ive tried tinder in search of maybe someone i went to 11 likes but found out the hard way people could unlike you. The ones i did match never responded. The only thing keeping me from my own knife is the fact that im too much of a pu55y to do it,"got rejected twice, lowest score, kick me out, lost last friend, match never responded","The person is experiencing relationship-related stress due to multiple rejections and feeling isolated after losing their last friend. The mention of using Tinder, getting likes but not matches, and feeling too scared to harm themselves indicates a distressing relationship situation.",40.0,90.0
86,4086,Yesterday I was having such a great clear headed day. I was genuinely happy and having a good time just going out and about. Today. I woke up. Skipped class. Glued to my bed for 5 hours. Finally managed to get up and make a sandwich.  I need to go to the gym more than anything but. I just can‚Äôt. So I‚Äôm back in bed. I‚Äôm so down but no particular reason. Just anxious as hell and hopeless. I have loads of school work I need to be doing but I cannot bring myself to begin. I‚Äôm just overwhelmed. I‚Äôve lost my spunk,"anxious, hopeless, lost my spunk, overwhelmed","The person describes feeling genuinely happy and clear headed one day, but then suddenly experiencing feelings of overwhelming anxiety, hopelessness, and lack of motivation the next day. This sudden emotional shift and the presence of overwhelming feelings despite no specific reason could indicate a transient episode of feeling down, anxious and overwhelmed, which are common symptoms of being in a mentally distressed or 'not good' state.",20.0,80.0
87,4087,"I feel like a lot less bad things would happen to people around me if I wasn‚Äôt around. I feel like a burden.

I feel like I just always end up causing bad things to happen to everyone around me, which I try -so- hard to prevent. 

But even the things that are out of my control, still feel like they wouldn‚Äôt have happened, if I wasn‚Äôt around to cause that string of events to happen. And I always blame myself.","feel like burden, blame myself, hard to prevent","The person expresses feelings of alienation and self-blame, believing that their presence causes negative events to occur. They feel like they are a burden and believe that bad things happen because of their presence, leading to a sense of alienation from others.",60.0,90.0
88,4088,"as I was getting ready for an interview for a new job, i was thinking ""what if i kill myself? wouldn't that be easier?"". I've never been diagnosed with depression or even anxiety because... I've never told doctors about it, about what I'm feeling and thinking, etc. so I don't want to kind of self diagnosed myself as depressed while there is people out there who has been and theirs may be more severe than mine. but... there's period where i constantly feel bad about myself and I just want to end it all.
I just want to know if some of you here feel that way sometimes (or everytime), and how do you live with it? is ever going to change?
(also, sorry I'm French so my english isn't perfect...)","getting ready for an interview for a new job, there's period where i constantly feel bad about myself","The person is expressing thoughts of suicide and discussing feelings of constant self-doubt and wanting to end it all. They mention that they have never been diagnosed with depression or anxiety due to not disclosing their feelings to doctors. This reluctance to seek help and self-diagnose demonstrates a level of stress related to medication and mental health, as the person is unsure about their own mental state and how to address it properly. The thoughts of self-harm and consistent negative self-perception indicate a need for professional guidance and support.",20.0,90.0
89,4089,"I‚Äôve cut myself with many different things over the years. First my nails, then scissors, then razor blades. It just kept going downhill. I didn‚Äôt think it would get this bad, but I have a three week streak of cutting right now. I go deep every time, and I‚Äôm happy when I see blood. I‚Äôm addicted, but scared. I‚Äôm going to a friends place next weekend, and I‚Äôm supposed to bring a bathing suit. I don‚Äôt know if I can hold off until then. Even now I want to go do it. I still have ones that are healing, I know those will be visible but not that bad. I cut my legs, specifically ankles and shins, because I wear socks every day and to sleep. My friend doesn‚Äôt know and I don‚Äôt want to go through the trouble of explaining it and making things weird. How do I stop? They‚Äôre just cuts I tell myself, but I know there‚Äôs some emotional damage. Even if they heal in two weeks I won‚Äôt. I don‚Äôt know how to put my razor down. Anyone know what to do?","cut myself, addicted, emotional damage, scared","The individual seems to be engaging in self-harm behavior by cutting themselves with various objects, and it has escalated to a point where they are experiencing addiction and fear. The mention of finding happiness when seeing blood and the struggle to stop despite being aware of the emotional damage suggests a deep-rooted issue. This behavior could be a manifestation of underlying mental health concerns or emotional distress, which may require medication or professional intervention to address.",40.0,90.0
90,4090,"I just need to know someone is there for me. At the time of posting, I'm deep in a depressive episode with no ending in sight.

I missed a single day of my Sertraline and I feel like I've hit rock bottom. This isnt the first time I've forgotten my pills but I'm worried now. I only missed one dose and I'm worried if I actually ran out. Is this not rock bottom? I know it cant be, because I'm still here. 

Nothing sounds better to the dark part of my brain than self harm. My go to during breakdowns has been clawing at my arms, some bad enough to leave scars. 

God I need a smoke, please. 

At the time of posting, I have taken my current dose and trying to relax in bed. But the tears keep coming and my mind wont stop.","need to know someone is there for me, nothing sounds better to the dark part of my brain, leave scars, breakdowns","The mention of missing a dose of Sertraline and the subsequent impact on their mental state indicates a concern related to medication. The individual is experiencing a deep depressive episode and is worried about the effect of missing a single dose, implying a significant reliance on medication for managing their mental health. This heightened focus on medication and its impact on their well-being points towards medication related stress.",40.0,90.0
91,4091,This guy and I that I have known for two years have spent time together every day this week and last week. I usually spent the night at his house and we had sex a lot. I texted him and asked him if he wanted to hangout tonight. He told me he can't because he has to go to his parents' house tonight. I just feel so sad and hurt and I don't know what to do. I feel like throwing the friendship ring he gave me on my birthday in the trash or flushing it. I'm 25 and he's 29.,"this guy and I that I have known for two years have spent time together everyday, usually spent the night,  had sex a lot, asked him he told me he can't, feel so sad","The person is experiencing relationship-related stress, as they are feeling sad, hurt, and contemplating ending a friendship after being intimate with someone who is now unable to spend time with them. The emotional attachment formed through spending time together and engaging in a physical relationship has led to feelings of rejection and confusion. This situation is causing distress and inner turmoil, which is why it falls under the relationship-related stressed category.",40.0,90.0
92,4092,"It‚Äôs only freshman year and already I‚Äôve been bullied, cut from every team I‚Äôve tried out for, my grades are slowly falling, my homecoming date literally ditched me for another guy, and I‚Äôm being made fun of dating because she‚Äôs only a year younger than me. Why must people so terrible.","freshman year and i've been bullied, my grades slowly falling, homecoming date ditched me for another guy, fun of dating, she's a year younger","The person is experiencing relationship related stress such as being bullied, rejected by peers, and facing ridicule in dating. These negative experiences with others are causing emotional distress and feelings of inadequacy.",20.0,80.0
93,4093,I know it‚Äôs not much but as a student living on his own for the first time and being diagnosed with anxiety and depression (I haven‚Äôt gone out in more than a week) actually getting out of bed to do something feels like an accomplishment as I would normally starve in my bed wondering why I even exist in the first place.,"as a student living on his own, being diagnosed, why i exist in first place","The mention of being diagnosed with anxiety and depression, along with the struggle of getting out of bed and feeling like existence is questioned, indicates a mental state related to medication stress.",20.0,70.0
94,4094,"Eating healthy, exercising, socializing, cleaning, meditating, getting sunlight, talking to a therapist, etc. 

None of them have made a noticeable difference in how I feel, and I'm tired of trying to do them all when it's just more adding to my struggle.","Struggle, noticeable difference","The individual has tried various methods to improve their mental state, including therapy and medication, but none have been effective. The frustration and exhaustion from trying multiple treatments indicate a stress related to medication.",40.0,80.0
95,4095,"I don't know what to say anymore. All the meaning in my life has felt like it left with her. The funeral is today.

&amp;#x200B;

Edit 1: Thank you for the encouragement. I don't expect to really ever get over it, to be honest. I feel like the best I can do is just mask it better with time.","meaning in my life has left with her, funeral is today","The person is expressing intense emotional distress after the loss of a loved one, indicating a relationship-related stress, likely related to grief and heartache.",40.0,90.0
96,4096,"Waking up doing the same thing every day, lie in bed for hours, watch some series or game, feel like shit every time I eat, thinking about how things could've been so much better if things went differently. This is every single day. 

I just feel like shit when I wake up, when I go to sleep, when I interact with friends, it's so painful to exist, I can't keep going on like this, my life is pointless as it is now, and I don't have any motivation to change it, I just want to stop. I want the pain to stop. 

I'm a burden to friends, and to the family I have, I feel so lonely in a house of 4. I'm so lonely in general. I miss my friends but I'm too scared to go outside, I hate myself so much.","Hate myself, painful, feel like shit, pointless, lie in bed","The person is expressing feelings of alienation, loneliness, self-hatred, and a sense of pointlessness in life. The repetition of negative emotions and thoughts, along with a lack of motivation to change the current situation, indicate a deep sense of disconnection from oneself and others. The individual also feels like a burden to friends and family, further emphasizing the theme of alienation and loneliness. These feelings of being lonely in a house of 4 and missing friends but being too scared to go outside are all indicative of alienation-related stress.",40.0,90.0
97,4097,"I‚Äôm 16 years old, go to a private high school, and by all means should be happy. The only thing wrong in my life is my emotionally and verbally abusive father. However I cannot feel anything. Only sadness and pain. I‚Äôm a medically diagnosed psychopath. I have severe depression and nothing to live for in my eyes. I have no self esteem, no redeeming qualities, nothing about me is good. I cannot feel happy unless I‚Äôm cutting or abusing drugs. I‚Äôve never been loved and never been able to love anyone. I‚Äôm not worthy of love, and I‚Äôll never be loved. This isn‚Äôt a cry for help or for comfort. I don‚Äôt know by I‚Äôm posting this to be honest. I just wanted some like minded people to know and sympathize with me while I live my final day on Earth.","emotionally and verbally abusive father, have no self esteem, nothing about me is good, cannot feel happy unless i'm cutting or abusive drugs, nevr be loved ","The writing exhibits a deep sense of alienation and disconnect from oneself and others. The person feels unworthy of love and lacks self-esteem, which are common feelings associated with alienation stress. The mention of not being able to feel anything except sadness and pain, along with a sense of hopelessness and a desire for self-harm or drug abuse, further points towards an alienation related stressed state.",40.0,90.0
98,4098,i can't bare to get out of my bed in the morning. i can't look at myself in the mirror without feeling like i am about to throw up. i have no long term plans and even though there is a couple things i don't wanna miss out i know i won't last enough. the wait won't be worth it.,can't look myself in the mirror without feeling i'm about to throw up,"The person's feelings of not being able to get out of bed, self-loathing when looking in the mirror, lack of long-term plans, and mentioning not being able to last enough indicate symptoms of alienation and disconnection from oneself and the world. These feelings suggest a sense of being isolated, dissatisfied, and disconnected from their surroundings, leading to a state of alienation-related stress.",20.0,80.0
99,4099,Alone because of a lack of self confidence ‚Ü™Ô∏è Not being able to give nor receive love and affection ‚Ü™Ô∏è Feeling of being unwanted/undesired ‚Ü™Ô∏è Loss of self confidence intensifies ‚Ü™Ô∏è Isolation : no more opportunities to meet new people ‚Ü™Ô∏è Depression ‚Ü™Ô∏è Feeling of being worthless ‚Ü™Ô∏è Not achieving anything : ashamed of yourself üîÇ,"alone, lack of self confidence, feeling of unwanted, isolation, not achieving anything ","The person is expressing feelings of alienation, isolation, and worthlessness, which indicate a sense of disconnection from others and society. The lack of self-confidence and inability to give or receive love further contribute to the feeling of being unwanted and undesired, intensifying the sense of alienation. This cycle of negative thoughts and emotions can lead to depression and feelings of worthlessness, ultimately resulting in a state of alienation-related stress.",40.0,90.0
100,4100,"I just don't know how to be normal anymore. The littlest things can set me off. I'm always hurting peoples feelings with jokes I make, then I always say ""Don't be so sensitive"" when I know for sure it was MY fault they got offended. It's hard for me to take responsibility.

I also feel very alone, and I don't mean the sense of friendships. I'm talking about romantic relationships. I've had about 4 or 5 concussions, and I say that because I know I've definitely had some that weren't diagnosed as I used to box. It's just really hard for me to say what I want to say. I fumble my words a lot, and I noticed that after my most recent concussion about a month ago.

For example, one thing I said that I regret was calling a girl a ""dyke"" because she said something rude to me. What I said was so uncalled for, especially since I knew she was bisexual. I feel like trash because I don't say things like this (homophobic) all the time per-say, but that is just an example of how offensive and unregulated the stuff that comes out of my mouth on the daily.

I constantly have to be high on marijuana most of the time to keep my mood up and I don't want to be like that. The weed just makes things worse for me when I'm not high because I get even more irritable then I was before I smoked and I go through bad anxiety and psychosis episodes.

I also feel like a failure. I am in my senior year of high school and I feel hopeless. My grades are all F's and I don't know what to do anymore. I plan on going to trade school after this year but I probably won't follow through on that because I never follow through on anything I want to do,  as my anxiety prevents me from doing lots of stuff.

I think about suicide but the thought scares me and it's just and endless cycle of just that and it sends me down a dark hole in my thoughts. I feel hopeless like nothing can help me anymore.

Also, I don't want to sound pathetic but its what I am. I told the girl I like that I liked her. She said doesn't reciprocate those feelings but it hurt when she said she liked me 2 years prior. It especially hurt because I liked her back then as well. Once again my anxiety prevents me from being happy and thats all I want, is too be happy again. It's been at least 4 years of feeling like this.

Sorry for the rambling at the end.","constantly high on marijuana, i don't mean the sense of friendship, romantic relationship, feel alone, feel trash","The person expresses feelings of alienation, both in terms of social relationships and romantic relationships. They mention feeling alone, having difficulties in forming connections, and struggling with their communication skills which might be linked to the concussions they have experienced. Additionally, the person exhibits behavior that leads to conflicts and misunderstandings with others, showcasing a sense of disconnect from those around them. This sense of isolation and inability to maintain healthy relationships contributes to the overall feeling of hopelessness and helplessness.",20.0,90.0
101,4101,"Hello everyone. I'm sorry for taking your time, but I need help. 

A bit of a back story to my life: I come from a not-so-well-off family, mom left me (9at the time) and my sister (14 at the time)in my father's care (she left the country), to earn more so we could at least have a bread on the table. My sister took her frustrations on me, was being bullied at school gor not having a functional family, my father distanced himself from us... life generally sucked. I was also getting (at the time undiagnosed) migraines, which my sis and dad kept insisting that I'm lying about for attention, was even punished for it. So I stoped talking. After a long 2 years, my mother had applied for divorce, mainly due to my father's threats and mental bias. By what I saw, my father was threatening my mother to throw me and my sis in the streets if she didn't send more money. The divorce was messy and a lot of shit throwing at eachother. It ended with my sis insisting that we need to stick toghether and since she was older, she insisted that we stay in my home country with my dad, also to spite my mother, who she now hated. The next years were rough, a lot of screaming, bullying, hitting, starving... list is long. (Just on a side note, I ended up climbing trees from windows to grab aome nasty fruit for my class mates and trading them and homework for sandwiches. Did I care I was millimeters away from dying, NAH!) Highschool was worse with the bulying, mom was still away but now, she had someone (she met the guy before the divorce, but I can't blame her. She was alone in a country where my people were, and still are, very hated). We tried to get mom to get cuatody of me, but for reasons I still can't wrap my head around, it failed. Well, her (now) husband lost his crap, and kept repeating to me and making me feel like pure shit because the process failed. It did fail because of me, yes, but as I said previously, I still don't remember why I said what I said and what happened. Years later, they decide to go to a better place, Australia! After 4 years of struggles and 3 lost cases, I finally get to get my (20 y/o) ass there with my mother. I get a boyfriend, her husband turns out to be the dickhead of the year and, long story short, I get kicked out of the house after only 1 year living with them, and end up with extremely severe anxiety because of him.

This year I turned 24. I still live with my boyfriend, who took me in. But here is where the problem is. I want to end it. So much stuff is going on, and all I can say is that it's too much. I was diagnosed (discovered by accident) with clinical depression at the age of 16, and was never addressed. I always felt like something was wrong, but every time I tried to look for help, was told to suck it up by the counselors and psycologists (admittedly, I only worked the courage to go 3 times in my life).

But in the past 3 years, I felt lost. I've been depressed and can't seem to get over it. I find no joy in life or any of the things I used to love. I have no reason, energy or motivation to move on. I drive to work, I work, put a fake smile, drive back, sleep, agrue, sleep, repeat. I feel so angry all the time, I ended hating myself more than ever, and I don't know why! I feel my partner is not there, he's stuck in his games and not engaging, and I think this is because I put too much pressure on him. I can't see my mother to talk to her, my sister doesn't talk to me and I had to go full no contact with my father. And whenever anyone asks me how I am, all I can do is repeat ""I'm fine"" and smile. I hate it... I hate it all....

Sorry for putting this all out, but I had enough of this. I want to smile, to enjoy things, but I can't... I need help. I knew I had to write this after I watched some reddit reading and was crying like an idiot at how accurate and true the things said in said reading were (the topic was ""What do you wish more people knew about depression"")

Once again, I'm sorry for taking your time, but if you read it all, thank you. Thank you so much for listening.

Also, dear moderators, if this is not in accordince to the rules, please do delete it. Thank you.","not so well family, mom left, sister left, father distanced himself from us, live with my boyfriend, here is where the problem is, find no job in life","The person's narrative indicates a deep sense of alienation and detachment from their family members, as well as feelings of isolation and disconnection from their partner. The individual expresses a profound sense of loneliness and a lack of support from those closest to them. This prolonged sense of alienation and lack of meaningful connections with others has contributed to their severe anxiety and depression, making them feel lost and unable to find joy in life. The person's difficulty in opening up to others and seeking help further highlights their feelings of being disconnected and alone.",20.0,90.0
102,4102,"Im just so done. Her comment threw me into a spiral and Im not doing well mentally. I have no support system outside of her or my dad, so idk what to do anymore. Im thinking of quitting school since Ive been doing college work for 3 years and Im nowhere close to a degree yet - Im still in CC.","So done, spiral, no support system, nowhere close to degree","The person is expressing feelings of being thrown into a spiral and not doing well mentally due to a comment made by someone, indicating relationship-related stress. Additionally, the mention of having no support system outside of the person who made the comment and the person's dad further highlights the importance of relationships in causing stress. The contemplation of quitting school after three years of college work without attaining a degree also suggests a significant impact on their state of mind due to relationship-related stress.",20.0,90.0
103,4103,"See, to start things off I want to say that I dont think I'm depressed, but many of my friends opinions and other things make me worry. I'm not suicidal or do any self harm, just one thing really scares me and that's desensitization. I'm only 14-15 and I haven't felt any heavy feeling in a good 1.5 years now, I feel void. I'm fairly scared of coming out because I feel I wont be taken seriously, I truely have no clue what to do.","feel void, friends options and other things make me worry, scares me that's desensitization ","The mention of feeling void, lack of heavy feelings, and fear of not being taken seriously despite having concerns suggest a sense of alienation and disconnection from others. The fear of desensitization and the worry caused by friends' opinions indicate feelings of isolation and detachment, which are common indicators of alienation-related stress.",40.0,90.0
104,4104,"I had a baby recently and regret ever getting pregnant so much. My PTSD is back after giving birth full force and my life is unlivable. My body is ruined. Maybe i'm stupid but I didn't know it would destroy my body or I would have aborted. And I know that's horrible and sounds super vain. But it's not vain. I don't care how i look in clothes or what other people think of how I look. I just need to feel comfortable in my body and like it belongs to me. And I don't. As a result I can't not wear a bra even in my own home because I have so much anxiety about it. Even if it's just me and the baby at home. So i'm always uncomfortable. If someone rings the buzzer i jump and scream. I can't let my partner see my body at all. The thought sends me into a panic attack. So we can't shower together, I sleep fully clothed, I have to go to a different room to change and close the door. No sex ever again. I know he's just going to hate me one day and leave anyway because me being so messed up will drive him away. I can't live my life like this. I can't be a mom like this. 

I'm waiting to talk to my therapist again on Monday to explain it all and see if he can help with the PTSD. I have ppd too but that's not even a big deal. I have had PTSD and depression all my life. I can cope with some moderate depression. But these body issues I will never be able to get over. 

I'm waiting to see how my body ""settles"" but that's going to take 6 months to 2 years. If I can't live with it i'm going to kill myself. I can't live the rest of my life like this in agony every day. It's only been 2 months but I don't know how much longer I can wait.  I don't know if I can make it to 6 months.","PTSD, regret, panic attack, hate me, anxiety, vain ","The person is experiencing extreme distress and self-loathing after giving birth, feeling regretful about their decision to have a baby and expressing a deep sense of dissatisfaction with their body post-pregnancy. This intense emotional turmoil, anxiety, and panic attacks surrounding their physical appearance and the fear of being rejected by their partner suggest a significant relationship-related stress. The mention of not being able to be a mom in this state also points towards the impact of the situation on their maternal role and family dynamics.",20.0,90.0
105,4105,"I can do errands and generally go to work. I can make myself go to therapy for now. I'm exhausted the whole time, and it's hard to concentrate, but I can do it. I will admit I've called into work 7 or 8 times this year though. I usually only call in once or twice a year. Whoops. 


So I can generally do what I need to do. I can't cook or maintain my personal hygiene though. I've just been microwaving leftovers that someone else made or eating fast food. I haven't showered in 4 weeks. I only brush my teeth once a day, and even then it's half-assed. I haven't brushed my hair in a few days. I lay around when I'm not running errands/working/going to therapy and it makes my body sore as hell.


I've been getting about 4 hours of sleep on average a night. I haven't hung out with anybody in about a month and a half. I text friends, but can't talk about anything other than...ugh. How I feel. It's pathetic. 


Am I really depressed if I can ""function""? I mean, really. I can do the big things I need to do. Just not the small things.","pathetic, hard to concentrate, can't cook or maintain anything, my body sore as hell","The person mentions exhaustion, difficulty concentrating, neglect of personal hygiene, lack of sleep, sore body, and inability to engage in leisure activities with friends, all of which are symptoms commonly associated with depression. Additionally, the person expresses guilt and self-doubt about their level of functioning, indicating a stress related to medication or treatment for mental health.",60.0,90.0
106,4106,"i just want to leave this world. i‚Äôm tired of being told that i‚Äôm no help, tired of feeling guilt and shame. i don‚Äôt want my mother and brother to feel the overwhelming feelings of sadness though. i don‚Äôt know what to do anymore. there‚Äôs no one to turn to, nothing left to do in this miserable life.","nothing left, i don't want my mother and brother to feel the overwhelming feelings of sadness, tired of feeling guilt ","The person expresses feelings of alienation and hopelessness, indicating a sense of disconnection from others and the world, as well as a lack of purpose or meaning in life.",60.0,90.0
107,4107,"I can‚Äôt keep going.

I try and try to be a good person and every time I turn around the world takes something from me. I can‚Äôt afford to live anymore. The state of the world makes me sick. My family is so splintered. I lost my dad and my mother is so beyond done dealing with my messed up self it makes my chest hurt.

I never wanted to be this. I wanted to make my family‚Äôs life better but here I am a failed 38 year old man who can‚Äôt even support himself let alone help those I love.

I don‚Äôt know where to turn. Doctors push so many drugs on me and I feel like I can not even think because of it therapy just wants me to blame my father and I do t want to do that, I loved him and he loved me. 

I hate myself and who I have become. I want a normal life. I want to support myself and help my loved ones. I was the rock and now I‚Äôm just a pile of shit.

I can‚Äôt do this. I hate it, I hate me. I do not remember a time when my chest did not hurt from this. I‚Äôm so tired. I want to love someone, I want to be better. I‚Äôm going to die like this and I can‚Äôt stand the thought.

How can I legally die? I just want to stop being the burden. People will forget me quickly, I provide nothing to this world. 

I‚Äôve never kissed a woman. I‚Äôm a damn loser.

I can‚Äôt even imagine having a child because I would never want this to pass down to them. The thought of that makes me sick. I just want love, of any type. I just want to hold someone.

I hate myself so much and I can‚Äôt stop.","family, splintered, lost dad, lost mother, drugs, doctors, pile of shit, loser","The writer's use of phrases like 'Doctors push so many drugs on me' and 'I do not even think because of it therapy just wants me to blame my father' indicates a strong sense of distress and frustration towards medication and therapy. This suggests that the person is under medication-related stress, feeling overwhelmed by the pressure to rely on drugs and therapy for their well-being but not finding the relief or support they need from these treatments.",20.0,80.0
108,4108,"I have been struggling a great deal lately. I suffered an injury and then had to have surgery and then suffered complications. I continue to be in pain everyday. Since the injury happened at work, I was forced to resign my position in order to get a worker's comp settlement. I used the money to pay rent and bills and medical expenses but now it's gone. I have been looking for work since November. And I mean really looking. Every single day. I have had several interviews, but literally have been told multiple times that I was their second choice
I am completely out of money. I am almost out of food. All of my utilities are so far behind, every day I expect them to be turned off. I have received a 3 day notice for my rent. I an about to be homeless. 
I do not have any family. I have been sick for so log now, I have very few friends left. I have tried every agency that I can for help and I an repeatedly turned away because they don't have the funds to help me. And they say even if they did, what about next month? They are right. There is no point.","injury happened at work, looking for work, had several interviews, out of money, about to be homeless","The person is struggling due to a series of unfortunate events starting from the injury at work, resulting in surgery and complications, leading to financial instability. The stress of being forced to resign, losing income, facing rejection in job interviews, and being on the brink of homelessness all point towards significant job and career-related stress.",60.0,90.0
109,4109,Everyone at work is against each other. I‚Äôve been trying to be a happy medium for weeks and it‚Äôs all turned to shit. I‚Äôm tired of it. I ready for peace again. Peace = you know,"everyone at work is against each other, shit, tired, want peace","The person's statement indicates a feeling of alienation and emotional exhaustion due to the toxic environment at work where everyone is against each other. The mention of trying to be a happy medium and the desire for peace suggests a sense of disconnection and isolation in their current situation, leading to feelings of alienation-related stress.",20.0,90.0
110,4110,"I took some time off from college to chill out myself, but I need money. I feel lost that I can't fucking find a job. All the interviews that I got, I was rejected.","Need money, can't find a job, was rejected",The individual's mental state seems to be jobs and careers related stressed. Taking time off from college to relax but feeling the need for money and facing rejection in job interviews can be highly stressful and contribute to jobs and careers related stress.,,90.0
111,4111,"Can't shake the thoughts. Sometimes I just go outside at night and look at the moon, hoping that she's lookin too. Anything to convince myself there's still some connection. No need to respond just getting thoughts out of my head. It helps a bit.","Can't shake the thoughts, out of my head","The person is feeling a sense of disconnect and is seeking validation or connection, possibly indicating relationship-related stress.",20.0,90.0
112,4112,"I don‚Äôt think there‚Äôs any original part about me 
I‚Äôm just a patch work of other people over what‚Äôs there to make it seem interesting
Just a bunch of tacky patches on a worn out denim jacket","Patch of work, worn out","The language used in the premise suggests feelings of alienation and lack of uniqueness. The person seems to feel disconnected from their own identity, as if they are just a collection of borrowed traits from others, which can be a sign of alienation related stress.",20.0,90.0
113,4113,"These days I don't feel anything to do. I feel completely empty. I still remember I used to enjoy music, having a time in terrace, enjoying the wind and climate. I think I have depression.",completely empty,"The mention of feeling empty, loss of interest in activities that were once enjoyable, and the suspicion of having depression indicate a mental state related to medication. Depression often requires medication to address the chemical imbalances in the brain that contribute to the symptoms described.",20.0,80.0
114,4114,"I don't wanna live like this. I'm typing as I'm sobbing cause it's just hit me that it won't ever get any better. This is it for me.
I promised myself that I would hold on until I could leave my family in a better financially. 
Until my grandma passed away so I couldn't save her up the pain.

But I'm suffering so much. No one fucking likes me. And I don't say anything but god it hurts. 

It hurts being alone. 

It hurts being rejected. 

I've tried to keep going. And perhaps tomorrow I'll wake up and go to work like nothing happened.

But tonight I wanna pretend I'm dying. That when I fall asleep it'll be the last time I see this fucking planet. That when I wake up I won't remember anything. I'll be free.","hold on until i could leave my family in better financially, no one likes me, hurts being alone, hurts being rejected","The language used, such as feeling alone, rejected, and the desire to escape from this planet, all indicate feelings of alienation and disconnection from others. The person expresses deep emotional pain and a sense of hopelessness in their current situation, which suggests a state of alienation-related stress.",40.0,90.0
115,4115,I have a reoccurring day dream where I have to grab all my belongings and food and live in a room in my house for the rest of my life and I find it very hard to snap out of it. Normally it's the bathroom because it's the smallest room and my brain hates me. Even when I type this I get a boost of happy from my brain to tell me I'm a fucking liar idiot but if I delete it I would feel even stupider for wasting my time so I'm going to post it anyway.,"fucking liar idiot, hates me, snap out of it","The person expresses feelings of alienation, detachment, and a sense of disconnection from reality through their day dream of isolating themselves in a small room for the rest of their life. The mention of feeling like a liar and an idiot, along with the struggle to snap out of the day dream, further indicates a state of alienation-related stress.",20.0,90.0
116,4116,"I'm 38 and always felt like a screw up.

I'm one of those people that when things start looking good, I'll always fund a way to mess it up and end up back at square one. 

I'm constantly down and always thinking about ending my life, like every day.

All that's holding me back is the thought of leaving my 2 young kids, but it also depresses me more knowing how much of a loser their dad is.

I've tried 3 overdoses with Zopiclone which did nothing but I have been practicing with hanging while sitting, I came close to passing out 3 days ago with belt in door but fought to save myself as I knew mrs and kids were due home.

I cant shake the thoughts.

Debt + gambling addiction + pure unhappy","debt, gambling addiction, 3 overdoses with zopiclone, end up back at square one ","The person's feelings of inadequacy, self-sabotage, and thoughts of ending their life point towards relationship related stress. The mention of their children and the impact of their actions on them indicate a deep emotional struggle within the family dynamic, which is causing significant distress.",,
117,4117,"I just can not keep doing this anymore. I keep reaching out for help, doctors push pills on me (I'm on five now) and therapists just try to push me into blaming my dead father. 

I can't afford my home. I can't afford my bills. I can't afford food and even the subreddits that claim to offer help just delete my posts because I lurk and my account doesn't have hundreds of karma.

I do not know what to do. I cry constantly. I hate my life and myself. I can't sleep I can't eat. 

I try to open up to people and they look at me like a monster.

I am a monster.

I'm about to lose my home and I have nothing left to sell to try to hang on to it. I sold all my dads belongings to make ends meet, he left those to me so I could have a good fun life and here I am a piece of garbage who can't even work a part time job to buy groceries. 

The state turns me away because I have income ($944/mo in disability).

I'm done. I can't do this. Why am I fighting? For who? I'm alone. My chest hurts, my eyes hurts. My head spins and I do not even know if any of this makes sense. I just can't keep this up. I have been fighting since I was a child, I'm a 38 year old man (ha) now. What do I have to offer to this world? All I am is a leech. I have no skills. I was never good in school because of my mental illness and no one would diagnose it.

I hate myself and so does the world. I'll never be more than this.","can't aford home, can't afford bills, can't afford food, about to lose home, have nothing left to sell, can' t work part time","The person in the premise is expressing feelings of alienation, hopelessness, self-hatred, and worthlessness. They feel disconnected from others and feel like they are not understood or accepted by society. The mention of being turned away by the state, struggling with reaching out for help, not being valued by others, and feeling like a leech all point towards a mental state of alienation-related stress.",60.0,90.0
118,4118,"I feel really worthless because The only thing keeping me alive is a video game coming out in 15 days (DOOM eternal) and it won't even last for long. I've been told to tell CAHMS if anything is bothering me but anxiety tells me no.

I'm considering jumping off the only skyscraper in my city when I finish the game because there will nothing else to make me happy. I'm just glad that there is something in the world that will make me happy, that is only for a short while though","I feel really worthless because The only thing keeping me alive is a video game coming out in 15 days, I finish the game because there will nothing else to make me happy","The person is feeling worthless and isolated, finding solace only in a video game release. The fact that they are considering drastic measures once the game is over highlights a deep sense of disconnection from real-life sources of happiness and fulfillment, leading to feelings of alienation.",,
119,4119,"I'm freaking out. I feel so empty and worthless and depressed. I don't have insurance so I called the er to see how much it would cost. They told me to call some office between 8-5 on the weekdays to find out, so idk.

I dont wanna hear call the helpline, because I've called several and no one gives a shit and they really dont help.

I'm looking to just getting drunk enough to the point where killing myself wont be so scary to do.

I'm really fucking lost. I'm fucking done.","i feel empty an worthless, I dont wanna hear call the helpline, because I've called several and no one gives a shit and they really dont help","The person expressed feeling empty, worthless, and depressed, which are common symptoms of mental health issues. Additionally, the mention of not having insurance and trying to figure out the cost of seeking help indicates medication related stress. The mention of wanting to get drunk to numb the pain further suggests a coping mechanism that pertains to medication related stress.",60.0,90.0
120,4120,"I have nothing but negative thoughts all the time, I can remember when it started but it has gotten so bad I tend to cry myself to sleep if I even can sleep. I don't know who to talk to and don't really have anyone to talk to so I just want to dump everything here and maybe get some guidance before I do something to make the pain go away. I never see my parents due to my mom and step dad being too busy with work and running a business and my dad is probably somewhere rotting in Arizona. My sister is deployed in the navy and the other ran away a few years ago and haven't heard from her, and my older brother is a drug addict that cut ties with us a long time ago. 

I don't want to message a suicide hotline out of fear they will send an ambulance or force me into a hospital forcing bills on me that I can not afford, and I have no one close to talk to about it. My situation is, growing up my parents both lived in different bad areas with little money. I was never smart or talented at anything besides having an over active imagination. I always had a learning issue both with paying attention and remembering information regardless of how hard I tried. Didn't have a lot of friends and ended up dropping out of high school. About 3 years ago I went back and got my Adult Diploma with the hopes it would be enough to get me on my feet. I'm now almost 26 and just a few months ago after I saw someone about my mental health I found out I have ADD. So some things where answered there, but it didn't help much. 

The small amount of friends that I have, have become aware of my increasing depressed emotions and have tried to help but for the most part, they seem to pay no mind to it. I've working dead end jobs for most of my adult life until recently when I took a boot camp course in the Information Technology field. I then interned for 5 weeks and after got a position working for a small company as an IT help desk technician under a 3 month to perm contract. Or that's what they told me during the interview. I never did anything IT related and the contract was constantly extend by 3 months until my 9th month there. In that time, I've worked for some bad companies, but I have never worked somewhere that treated there (specifically the US employees) so poorly. They then after promising to increase my pay hired me on full time as salary, and cut my pay thinking I wouldn't notice. I then secretly started looking for new positions starting last July until November of last year when I was tired of they way they have treated me for over a year and without thinking, just left, even though I have monthly bills. 

On top of the learning problems, I also have extreme anger problems and am very VERY impatient. As far as work goes, I have applied to countless IT positions since last July, with professional help updating resumes and cover letters, and re learning (trying to) as much IT knowledge as I can after using pretty much none of it at my last job and forgetting almost all of it, but I've gotten nothing. I have had 2 companies interview me and reject me after the 2nd or 3rd interview, and all of the other countless companies I've applied to have either flat out rejected me or have not said anything. I have next to nothing left with money and if I don't find something soon, I will lose everything and I can only imagine how bad my credit will be and the law suits to follow. Other than job things, I have never been in a real relationship, I never see my family even though I literally live with my mom and step dad, I almost never see my friends, I have an extreme hate for people I'm assuming due to everything I've had to go through over the years, and every day I spend hours trying to teach myself new things and applying for any position available that could possible help me with my situation, but since the last interview rejection and the constant no reply and email rejections, I can't anymore. 

I've tried so hard to make things better for myself, seeking medical help, close support from family and friends, and will power, but it's always one step forward and then being launched back. I'm tired of starting over, I'm tired of only knowing rejection and being ignored not just from jobs but from everything. I have become so angry and hate filled that I can't see happiness in anything. I used to love movies and video games and can't find joy in those. The only piece of escape I have day to day is music, because it almost thinks for me. I'm listening to it but I feel like it's also listening to me, feeling my constant pain and emotional wreck. Everyone says it will get better, but I've been at this for so long and it only keeps getting worse. I have put the effort in but it's like some deity is purposefully trying to prevent me from being happy or making myself successful, and over the past few weeks, I can't stop thinking of killing myself. Making this awful pain go away and not feeling anything anymore. The only thing that holds me back is the thought of what comes after. Possible non existence which I can't even comprehend. Just not knowing is the only thing holding me back, but even that fear is starting to go away and taking an early exit seems more and more like the best option.

I apologize for the extremely long post, maybe just a way to leave a small mark on existence to make myself feel a little better. I don't seem myself feeling any better even if my hard work eventually gets me anywhere, a family, a job that actually pays enough for me to live on my own, not constantly worrying if I have enough for food and water or if I have to cut that out to make my payments. It's hard to feel happy or accomplished when all you know is failure and loss. There is more but I feel like I've said enough if anyone even reads this. I've re read this and gone over it a few times and I just keep feeling worse and adding more to it. Thank you to whoever takes the time to read this","i never see my parents due to mom and step dad being too busy with work, my dad is probably some where rotting in arizona, my sister is deployed in the navy, my older brothr is a drug addict, i have no one close to talk to about it","The person who wrote the premise appears to be experiencing alienation-related stress. They express feelings of loneliness, isolation, and a lack of connection to others throughout their narrative. They describe having no one close to talk to, feeling ignored by friends, living with family members but not seeing them, and having strained or absent relationships with family members. This sense of alienation and disconnection from others has significantly impacted their mental well-being, contributing to their negative thoughts, emotional breakdowns, and thoughts of suicide. The lack of emotional support and meaningful connections in their life has led them to a state of hopelessness and a pervasive feeling of being alone in their struggles.",60.0,90.0
121,4121,"I got way too attached and when she ghosted me I wanted to hate her, but I couldn‚Äôt. So I hated myself. At one point the only thing holding me back was the thought of living if I failed. 
Fast forward a year out of no where she attempts suicide. It made me realize how much I still cared about her. I don‚Äôt feel like I deserve to be as broken down as I am though. I cared so much about her and she probably didn‚Äôt even think of me for a moment. I was just another stupid dude to her. Everything about it is fueling my self hatred.","still cared about her, i don't feel like i deserve to be as broken down, she probably didn't even think of me for a moment","The person's mental state seems to be primarily influenced by relationship-related stress. The intense attachment to someone who ghosted them, the self-hatred, feelings of not being deserving, and the emotional turmoil upon learning about the other person's suicide attempt all point towards relationship-related issues playing a significant role in their distress.",60.0,90.0
122,4122,"Just a little insight about my life 


3 years ago I lost the last vehicle I would ever own

3 years ago I lost the I only place i had to live

Ive lost at least 2-3 jobs in a 3 year span

2 years ago I lost the girl i loved

1 year ago I lost a career I was failing in

6 months ago i was eating good, showering daily I got a job and started fixing my life made plans fo get another car pay some debt

Today I am jobless, homeless, hungry don‚Äôt shower often dont eat much, isolate my self



Because I miss life. I miss going out and being able to socialize and I miss like dating and stuff and wearing clean clothes paying bills on time and not being behind miss having a drivers license and not being in fear everytime I get behind the wheel, miss having the Apartment for having girls just come over when ever they want, I miss eating good I miss shopping for things, 

Im barely living  and have been doing that for the past 3 years 

Everytime I get a job I try and fix my credit, and I can never seem to keep with it

I have to live my life with zero payments and buy everything with cash because I clearly can not keep up with them 


Do things really get better with time?","i lost my only place i had to live, lost at least 2-3 jobs in 3 years span, i lost a girl i loved, i lost a career, i was failing, i am homeless, jobless, hungry","The person expresses feelings of loneliness, isolation, and a deep sense of missing out on various aspects of life such as socializing, dating, and having a stable living situation. The repeated losses of jobs, relationships, a place to live, and personal belongings have led to a significant sense of alienation and disconnection. This ongoing cycle of loss and struggle has left the person feeling hopeless about the future and questioning if things will improve over time.",40.0,90.0
123,4123,"I don't even know how to start, I always thought about one thing that always tortures my brain: Everyone are the same, but I am not. When I was a child, being child was the perfect excuse to hide my condition: I don't know how to talk to people, I don't know how to prolong a conversation, I don't know anything about being sociable. In the other hand, I was (and I am) really smart, but I don't really qualify myself about something special, because people are so stupid to think about being self-centered, instead of thinking about the personality itself, that's maybe one of the thing I don't even comprehend about society, well I continue, being able to do whatever you want its something amazing, I felt (I feel) I got the most powerful superpower, being able to think about something interesting to do and make it real, make it like I was professional on something, but if you can't even talk, even express yourself, your brain, all of your amazing ideas are taking down to trash, to something miserable, how much kids, teens worried about the things other people say (I worry too), but I'm 100% sure they can shine if they are with the correct people, ask me, I'm 22 now, in 22 years, Why didn't I find anyone like me?, anyone who I can talk about interesting things and not about superficial and stupid things, anyone who takes the life like a poetry, with right values, anyone who understands me, anyone who I can be myself

I hated my school partners, and they always thought about things on how to ruin my day, I didn't understand why being so small, being so tiny they were so disrespectful to each other, I lived on a city that I can't even pronounce it's name because is the reason of all my misfortunes, people so damn vulgar, so damn low they can't even teach their kids how to be kind, how to be respectful to anyone. I learn about pride, that keep me away from bullying, they don't even know why they bullied me, bullies tend to attack people about their body, about if they are stupid, about a condition, they just attack me because it was me, and I know, they smell it like dogs, possessed maybe, because I didn't find a reasonable reason to understand what they bullied me, but in the middle of that, I thought why just can't we be friends? Why do we attack to each other? Only because I can't be vulgar like you? They is the reason why I hate my ethnicity, this stupid language called spanish talked only by freaking stupid people, because I learned about they, every single piece of word they say, why my country is infested with third-world-people, they are way too worried about lgbt and inclusiveness, why didn't they included me on society?

There was a guy, Alvaro C. was and still is his name, he was the most disgusting, profane, putrid and revolting person I ever met, he was just a compulsive masturbator, obsessed with pornography, I remember when he checked the teacher computer just for looking for sexual content, when he masturbates in class, I couldn't care less about his life except for one thing, he didn't let me breathe one miserable day when I was in school, he just looked for me to having some daily fun, let's make this piece of s**t even more s**t than he actual is he thought, I cried trying to understand why me? what did I got in myself that makes me so despreciable?, he didn't know about what thing inserted in my mind, now I'm him, now it's me who have a problem with porn addiction

When I was 14, I decided to play guitar, not only that, now I'm feeling that I'm able to put some music on the radio with some effort and money, but I don't have the energy left to do something, actually I just don't have energy to do nothing more than just laying in my bed and watching these repulsive videos that I hate, but I can't left behind for some reason, this thing is just consuming my brain, all my abilities, my smartness, my heart, my soul, I want to leave it but I'm thinking that I have no reason to do that, because for me now life is just pointless, is just about being stupid, thinking stupid, talking stupid, living stupid, don't try to be some special for this world because this world will take you and make you descend down to their level, descend down to hell, and if you make it to the top maybe it's because you are like they by default, I got ideas, still have some beautiful ideas, but I'm alone, waiting for someone to help me that will never come, suicide is just a boring option, I know if I just die no one will notice and I hate that, I will not take that option because I don't want to give them the pleasure of that, it's freaking hypocrite when these criminals of society cry to a fallen relative, cry is a emotion just for good people so you know now why they don't cry me but instead cry to themselves, you may not believe in God, but you can make sure the Devil is in one of us waiting just for destroy everyone else and every piece of you, disguised as everything you know, the more you think everything is normal, the more you are far away from comprehend that life, this world f***ing hates you, that's not a advice, that's what I understood in 22 years.","i dont't really qualify myself about something special, i hated my school partners, ","The person expresses a strong sense of alienation and disconnection from society throughout the text. They feel different from others, unable to connect with people, and frustrated by the lack of understanding and companionship. The individual's experiences with bullying, feeling out of place in their environment, and the lack of meaningful connections with others contribute to a deep sense of alienation and isolation.",20.0,90.0
124,4124,I had posted a little while ago but honestly I feel like this applies to me now. I don‚Äôt trust myself and I‚Äôm scared and I can‚Äôt talk to my parents but I don‚Äôt wanna call the hotline because I don‚Äôt wanna go back to the hospital. I‚Äôm sorry. I‚Äôm scared,"i don't trust myself an i am scared, i can't talk to mu parents beacause i don't wanna go back to the hospital","The use of the phrase 'I don't wanna go back to the hospital' suggests that the person might have had negative experiences with medication or treatment in the past, leading to medication-related stress and fear of seeking help through traditional channels like hotlines or parents.",40.0,90.0
125,4125,"As an individual who is friends with or have family members that suffer from depression, Ive always wondered, what is something that can help depression that a therapist is lacking? From my personal experience, Ive always heard that having a therapist to treat your depression can be helpful sometimes but many times, from what I hear, the patient continues to suffer from depression. What is something that others can do to help a victim of depression? From your personal experience, what do you believe could be extremely helpful when treating or helping those with depression? I am genuinely curious and eager for ANY feedback due to my desire of assisting others.","have family member that suffer from depression, ","The person expressing the premise seems to be experiencing alienation-related stress as they are worried about their friends or family members suffering from depression. They express a sense of helplessness and curiosity about how to effectively support individuals dealing with depression, which may stem from feeling disconnected or estranged from the experiences of their loved ones.",20.0,80.0
126,4126,"My bedroom and bathroom look like a hurricane struck them and I can‚Äôt even eat normally, if at all. I can barely move. That‚Äôs not an exaggeration, just doing simple tasks feels like agony. I haven‚Äôt self-harmed in almost a year, yet I feel like relapsing. I just want to give myself alcohol poisoning or jump off of a bridge over an interstate. I feel like a burden on my fianc√©. I know he loves me and that he‚Äôs concerned but he has his own problems and I‚Äôm only adding to his. I don‚Äôt recognize myself anymore. I don‚Äôt know who the fuck I am. I dread the future. Watching my boomer parents suffer from addiction, depression and loneliness and struggle to afford retirement doesn‚Äôt give me high hopes. I despise the fucking world. I want no part of any of this cruel, selfish, violent, disgusting place. I don‚Äôt have the energy to partake in this rat race just to survive. 

If you‚Äôve read this far, thanks for taking the time. Sometimes all someone needs is to vent and not hold back their real thoughts and feelings.","feel like a burden on my fiance, struck , can't move or eat normally ","The language used in the premise indicates a deep sense of despair, hopelessness, and self-harm ideation, which are often associated with mental health issues requiring medication. The mention of feeling like a burden on loved ones, not recognizing oneself, and dreading the future suggest a state of mental distress that may necessitate medication-related intervention.",30.0,90.0
127,4127,"Welp, just got done with another batch of doctors visits and the results are in, I will be crippled for the rest of my life.

But that's not what bothers me, I've had plenty of time to come to terms with my condition and the affect it will have on my quality of life and my life expectancy. 

What bothers me is the soul crushing loneliness, I havent had a girlfriend in years and I haven't been physically touched in what seems like forever. 

I spend all day in a shitty little side room by myself writing and hardly see hide nor hair of another person besides my dad most of the time. 

I'm pretty done with it all to be honest, I don't really see any reason to continue living like this.","doctors visit, soul crushing loneliness , don't see any reason to continue living like this","The person expresses feelings of soul-crushing loneliness, alienation, lack of physical touch, and isolation. These emotional struggles indicate a state of alienation-related stress, as the individual feels disconnected from meaningful social connections and lacks a sense of belonging or companionship in their life.",60.0,90.0
128,4128,"If someone can give me a link that would be nice. I might fit in more or i can talk to other people, I don't know.",might fit in ,The premise suggests feelings of alienation and uncertainty about fitting in or connecting with others. The mention of looking for a link to potentially help with fitting in or talking to others indicates a sense of disconnectedness and a desire for belonging.,40.0,90.0
129,4129,"Fuck everything I‚Äôve worked so hard and prayed so much and it‚Äôs all still going so bad.

I don‚Äôt know what to do anymore I can‚Äôt even wake up without crying I hate this"," worked so hard , don't know what to do , can't wake up without crying",The language used in the premise suggests a high level of emotional distress linked to relationships or personal circumstances. The feelings of disappointment and despair expressed in the text indicate that the individual is facing challenges in their relationships or personal life.,20.0,80.0
130,4130,"For a few years now i‚Äôve been having these 4-5 month periods of just malaise and insecurity. I feel so selfish writing this. My parents refuse to get me tested for depression, So i can‚Äôt say that I have it. I am ugly. No one wants to talk to me because i‚Äôm not cool enough. If they are seen with me theyre automatically labeled as un-cool. I hate everyone. theyre so fucking selfish and fake. To me it hurts more to be rejected by a potential friend than a potential girlfriend. The only friends I have see that i‚Äôm sad or im not motivated, and they try and force me to open up, and when they finally force me to they try to become my therapist. Then I become a burden to them and they feel the need to check up on me. And then they use my problems against me if I make them mad. I am so fucking selfish and everyone lies to me. Recently one of my only friends, a girl, i fell in love with, backstabbed me. She had been for many months now. I confessed my love for her 7 months ago and we‚Äôve been ‚Äúmore than friends‚Äù for a while.. I realized that she only did this because she felt bad for me. She leaked my affectionate love notes and my personal problems to my only friends, who then laughed at me, called me a simp and stopped talking to me. I‚Äôm too affectionate with people. My past relationships have always failed because i‚Äôm not a strong independent man. I‚Äôm a needy baby when it comes to the relationship and no girl wants a needy baby let alone an ugly fuck like me. I see girls at my school who look exactly like the girl who backstabbed me and it fucking eats me away inside knowing I have no chance. I want out. I just want to press escape and quit. I‚Äôm too scared to jump off a building and I only would feel comfortable with a gun. But I don‚Äôt know if this is for real or just angst..? I just want to stop going to school everyday seeing everyone have friends, girlfriends, good looks, making experiences knowing I cant achieve that. Its like my life is just showing me what I cant have and I want it to stop. Its eating away at me."," insecurity, ugly, hate everyone , sad, not motivated","The author of the premise is experiencing intense feelings of rejection and betrayal in their relationships, particularly with the girl they fell in love with. This has led to feelings of insecurity, self-doubt, and a sense of worthlessness. The author's negative experiences with friendships and romantic relationships have contributed to their belief that they are unlovable and undeserving of genuine connection. The overwhelming desire to escape from their current situation and the contemplation of self-harm indicate a deep emotional pain and distress caused by relationship-related stress.",20.0,90.0
131,4131,"Recently, im going through a severe depressive episode and I did some things I would not have otherwise done that are now affecting my mental health further and affecting someone I love. 

I would like to hear those with severe depression talk about whether they feel they have the ability to consent and make decisions on sensitive matters during severe depressive episodes.

It feels like society tells everyone that it is their fault if they make a bad decision, that they are responsible for their choices, and most dont understand mental illness properly and to me its not that black and white. 

I want to know whether you think you truly have the capacity to be at fault for a decision youve made if it is something you would not have done outside an acute depressive episode.

Four abilities are usually assessed with decision making when I was looking around. The only studies I found were for research purposes (which saddens me, but thats a whole other topic).

The four abilities:
Understanding
Appreciating
Reasoning
Ability to express a choice

Now I cant say I know the exact ways to interpet these 4 things right now without further research but, do you feel you possess these abilities during a severe depressive episode? Do you possess some and not others? Does it vary? 

My answer would be during a severe depressive episode, I do not possess any of these reliably at every moment. It is not consistent enough for me to able to say I possess any of them during these times.

Thank you for reading ‚ô°","acute depressive episode , affecting mental health ","The person is in a severe depressive episode which is affecting their mental health and decision-making abilities. During such episodes, individuals may experience impairments in their cognitive functions, including understanding, appreciating, reasoning, and expressing a choice. These impairments can be a result of the depression itself or any medication they might be taking to manage it. The person expresses a lack of reliability in possessing these decision-making abilities during depressive episodes, indicating a level of stress and concern related to medication and mental health issues.",20.0,80.0
132,4132,One of my best friends recently lost a friend to suicide &amp; it is rlly affecting his mental health. I never met his friend but he seemed like a great guy. I don‚Äôt think I have ever lost anyone to suicide &amp; my friend is rlly struggling with coping with this atm &amp; I‚Äôm worried about him. What can I do to make this easier for him ?,recently lost a friend to suicide,The writer is expressing concern and worry about their best friend who is struggling with the loss of a friend to suicide. This indicates that the writer is experiencing relationship-related stress due to their friend's mental health issues and the trauma of losing someone to suicide.,60.0,90.0
133,4133,"I just turned 20 and am beginning college this year since I haven‚Äôt had money for it and I don‚Äôt count with my moms support in any way. Last year a lot of things happened that made me spiral into a terrible depression and lost my job because of it. Since then things have just progressively gotten worse and I can‚Äôt find a new job. Where I live there isn‚Äôt much places to work at since it‚Äôs a small town yet I can‚Äôt seem to find in one place. It makes me super sad to see that everyone is doing fine while I‚Äôm doing nothing with my life and it makes me feel like a failure. I know I could be doing so much better and greater things but I just don‚Äôt know where to start. I wish I had my moms support like other kids do but it‚Äôs not the case and I have to do things on my own, but I feel like everything is a giant and I‚Äôm a speck of dust, what can I do to better my situation or feel better and more positive about it?"," lost my job, can't fine a new job have to do things by own","The person expresses feelings of alienation, inadequacy, and loneliness, highlighting a sense of being disconnected from others and society. There is a strong feeling of not fitting in and being left out, particularly in comparison to others who are perceived as doing well. This sense of isolation and failure is causing distress and a lack of direction in life, leading to a desire for support and guidance. The individual's focus on their perceived insignificance and inability to find a job or pursue their aspirations reflects a state of alienation-related stress.",40.0,90.0
134,4134,"on the morning of February 16 2020 i took my cat to the emergency vet to have her checked out. she was extremely skinny and was not moving and hadnt eaten or used the bathroom in 2 days. she barely wanted to be around anyone and her muscules were so weak she couldnt even use her back legs or stand. she would just drag herself to where she wanted to go then lay down exhausted. i thought she was going to die the night before but miraculously she survived but was still extremely weak and exhausted looking.

i put her in her pet cage and drove to the emergency vet. the vet examined her and immediately became accusatory and critical of me and how my kitty got into the position that she was in, asking me every question under the sun what did i give her to eat? whats her past medical history? and maybe about 40 other questions.  even calling my cat a train wreck. she was in horrible condition and he kept telling me things such as ""well if you wouldve taken her to your regular vet and had checkups sooner, all of this couldve been prevented"" ""you should've given her her medicine. hyperthyroidism is manageable and bc you didnt do this and that your cat is in the condition that shes in""   which just made me feel so damn guilty. i wanted to take her away right then and there. he then tells me that he couldnt feel her liver and that she only had 25% of her kidneys working and that she was extremely dehydrated.

he mentioned giving her medicine and iv drips and changing her diet but because of the state she was in, he said it wouldn't do much at all at this point because her kidneys would eventually fail. so then he suggests euthanasia. and my heart dropped like a rock. i didnt want to do it. i wanted to give her the medicine i was hell bent on it. ill pay it now, i dont care what the price is ill pay it now! but he kept pushing me and my sister to sign up for a credit plan to pay for it because he simply ""didnt want to be the bank"" he even said that we could give her all of the medicine and change her diet etc and theres a possibility that it still wont work at all because of how debilitated she was. 

eventually our family made the decision to have her put to sleep on the same day as the visit. we had a previous cat who passed away due to kidney failure and we didnt want her to go through the same thing. we all snuggled her, kissed her and pet her until she breathed her final breath on the table. it was heart wrenching. we didnt want to bring her home because we all live with out 80 year old grandmother who prior to having her put to sleep, my grandmother would see her dragging her legs and see how weak and exhausted she looked and would start crying and saying how she didnt want to see the cat suffer like that anymore.  we didnt want to bring her home because we didnt want anything to happen to grandma so  we had everything done in one day and it all happened so fast. im still torn about it. i feel like i can go back in time and pull her away from the table, and bring her to present day. 

i miss you so much misty,  my little baby. it felt like we all yanked you out of this world too soon and thats what drives me crazy. the regular vet i tookher to long ago when we first found out about it told us all that she had hyperthyroidism. all 3 of us were in charge of making sure she got her medicine until she finished it, and then it dwindled down to just me having the responsibility. i was in a very stressed out mindset between my shit job with no set hours,  and  taking care of my grandmother who has dementia.we have to make sure she dosent wander outside or anything. and had completely forgotten/ was counting on other family members to give her her medicine because i was not home. i had forgotten that she even took  medicine at all because she was doing so well. she was eating, and playing until about last year when i went to have her ears checked. thats when they reminded me. and it all went downhill. 

so again i gave her her medicine and she  finished it. only to find out this year she would have to be put to sleep. i never intended to hurt you misty, i never wanted you to get so sick. every morning i cry my eyes out wishing you were here with me on my bed or licking my hand or even meowing that cute little ""hello"" meow you used to do. every day i think about the what ifs and the if onlys. i cant even smell or look at certain things anymore, i cant smile or be happy anymore without my baby. 
i bought a box cutter last week because i was seriously contemplating ending my own life because of the horrible guilt. i feel like i murdered that cat. i feel like i purposefully let her get sick and die . i felt like she didnt need to be euthanized. it was my responsibility to make sure you got your medicine and i fucked up so bad. i dont want to live anymore feeling like this. im so sorry my sweet baby kitty.   how can i help my grandmother if i failed to help you? i feel like im the only one in the world dealing with this situation. i  know im not, but i just want to fucking die. i hate existing. everyday i wake up im reminded that my cat is gone. my best friend, my baby is dead and i caused it and i want to throw up. i hate living i want to die and just not feel anything im so sorry misty im so sorry","contemplating ending my own life because of the horrible guilt, i murdered, cat","The person who wrote the premise is experiencing a deep sense of guilt, remorse, and overwhelming grief after having to make the difficult decision to euthanize their cat. The individual is blaming themselves for the deteriorating health and eventual loss of their beloved pet. The guilt and regret are causing immense emotional distress, leading to thoughts of self-harm and a strong desire to end their own life. The person is also struggling with feelings of failure in not being able to properly care for their cat due to their job stress and the responsibility of taking care of their grandmother with dementia. The intense emotional pain and self-blame are indicative of relationship-related stress, specifically the loss of a cherished pet and the perceived failure to provide proper care and treatment, ultimately culminating in a desire to end their own suffering.",40.0,90.0
135,4135,"I am sorry for any error, english not my first language and I'm very anxious right now. It's a long story and it's kind of confusing, but here we go.

I am depressed since ever, I don't know when it started or how it started, the only thing that I know is that I am depressed since I was a kid and things is getting worse and worse. I was in big crisis in the last two years, life was not what I was expecting to be and things are so complicated, I tried, tried and I am still being fucked by things. So my cousin lives in another country and I asked her if I could stay with her for 3 months until things get better and I can organize myself to live here. So I moved here one month ago and I am trying to build things to live here. Maybe another country, another life maybe things get better, I don't know, I am trying.  
When I asked her if I can stay in her home she was really kind and supportive, it was in august/2019. Then I got here last month and she isn't nice at all. She wakes me up on purpose, she says bad things like ""I can watch my tv cause you are sleeping on the couch"" (the couch is ""my bed"" now). She insinuated that I should find a place for me since the day I arrived here. I try the most to help with things, I clean the house, I wash her clothes, I go the supermarket, I buy the food, I cook the food, I try to be outside the most so I give her a space. And still she's acting bad towards me. I don't know what to do since I asked her to be here for 3 months and after one month things are bad like this. The thing is that I feel so lonely right now and then I tried to talk with her yesterday and she was so mean, she say things like ""people are lonely"", ""grow up that life is hard"", ""cut off this depressed shit"" and others things really mean. The she got out and get really really really drunk with her friends and when she got home, she was another person, she was fun, making jokes, making me laugh, we watch a movie together and I was so fucked up with all the shit that I didn't sleep at all this night. Then she wakes up and starting a argument with me cause the dishes are dirty, but it was her, she used this last night when she was drunk, I tried to talk with her and she just said something like ""I hate that you here"". Now I am really confused. I know that I am not the asshole at all, but will I be the asshole if I kill myself now? I don't wanna kill myself because of her, I just wanna end it all cause I am so full of this shitty life. Will I be the asshole if I kill myself now here, away from my family, without saying goodbye, without people knowing what really happened to me?","so full of this shitty life , away from my family","The person's mental state seems to be primarily affected by relationship-related stress. They are experiencing significant turmoil due to the strained relationship with their cousin who initially appeared supportive but is now displaying unkind behavior. The person feels lonely, unappreciated, and even questioned the idea of ending their life due to the overwhelming negative interactions within this relationship. This turmoil in the relationship is causing immense distress and is the predominant source of their current mental anguish.",40.0,90.0
136,4136,I was getting better... until I ruined everything. Now everyone hates me. I have nobody to turn to until my therapy appointment on Saturday...it‚Äôs too far away...how am I supposed to show my face in school tomorrow when even my best friends hate me now? I‚Äôm failing chemistry. My teachers a pervert. I want to die soon. I‚Äôm done.,"failing chemistry, teacher a pervert , i ruined everything , everybody hates me ","The person is feeling overwhelmed due to relationship issues, as they mention feeling hated by everyone, having nobody to turn to, and struggling with their friends and teacher. These relationship-related stressors are causing them to feel like a failure and even mentioning thoughts of self-harm.",40.0,90.0
137,4137,"I think of myself as a spiritual person. I also think of myself of not ever belonging in this world. I don‚Äôt understand why I was even born and placed into a life where I would be met with great obstacles. People, even family have been against me. I just want to go back to wherever my soul came from. I‚Äôm so tired. I‚Äôm so exhausted with life. I don‚Äôt want to live anymore.","even family have been against me, exhausted with life, not ever belonging in this world , want to go back to wherever my soul came from","The person expresses feelings of alienation, not feeling like they belong in the world, and a desire to go back to where their soul came from. This sense of disconnection and tiredness with life indicates alienation-related stress.",40.0,90.0
138,4138,"Every night it‚Äôs ‚Äúyou guys want ice cream?‚Äù After dinner. Everyone turned him down so he just got an ice cream sandwich for himself. Tonight he stared at me and made sucking noises while eating his ice cream sandwich. I got up and left the room and watched the game alone. 

I‚Äôm tired of my dad being a pervert and my mom being oblivious or pretending not to notice. Their marriage is over anyway so she doesn‚Äôt give a shit. I‚Äôve talked to her about it and she just acted clueless and said she‚Äôd keep an eye out and then never spoke of it again. 

I just have to move out and be alone.","tired of my dad being a pervert, my mom being oblivious, pretending not to notice, their marriage is over anyway, she doesn‚Äôt give a shit. ","The writer is feeling relationship-related stress due to the uncomfortable and inappropriate behavior exhibited by their father. The presence of perverted actions from the father, coupled with the mother's indifference, suggests a strained family dynamic, leading to the desire to move out and be alone.",80.0,95.0
139,4139,"I would like to say that I was shook, but I knew she has the habit of consuming a lot of sleeping pills just for not having to deal with the daily problems...

Aside from trying get professional help I dont really know what to do, I feel guilty about this", consuming a lot of sleeping pills just for not having to deal with the daily problems,The mention of someone consuming a lot of sleeping pills indicates a concern about medication usage. The guilt expressed about the situation also suggests a level of distress related to the potential harm caused by the medication consumption and the uncertainty about how to handle the issue. This aligns with a category of medication related stress.,40.0,90.0
140,4140,"I can't take this anymore. I've been wanting to buy a pocket pistol or similar weapon to off myself with for the past few days now, and I've been doing the research. I live in SE Michigan, drive for money (can't afford a living), and have been studying to get a certification for IT so I can maybe get a job at a geek squad. Also been looking at getting a job as a Pharmacy tech. Yes, my dad is autistic, so I may not consume the media that you do, but I assure you I will be far from a burden in your life, if you so choose to... adopt me... I'm running out of steam and ideas, and I refuse to let myself become a burnout when I had nothing but good intentions.","studying to get a certification for IT, get a job at a geek squad, looking at getting a job as a Pharmacy tech, I'm running out of steam and ideas, refuse to let myself become a burnout, wanting to buy a pocket pistol or similar weapon to off myself ","The person's mention of wanting to buy a weapon to harm themselves, feeling overwhelmed with life circumstances, and struggling with their mental health indicates a state of distress possibly related to medication. The person's mention of a certification in IT and job as a Pharmacy tech could suggest a focus on seeking help or treatment for their mental health struggles.",,
141,4141,I feel like people are controlling every aspect of my life. My anxiety is so severe I can‚Äôt leave the house and all I want to do is find a way to end it. Can someone help me find an easy way out?," people are controlling every aspect of my life ,  help find an easy way out","The person is expressing feelings of alienation and helplessness, believing that others are controlling their life. This sense of powerlessness and isolation can lead to severe anxiety and the desire to escape. It's important for the person to seek support and professional help to address these feelings of alienation and find healthier ways to cope.",,
