,index,text,original_reason,generated_reason,original_reason_score,generated_reason_score
0,4050,"have been feeling incredibly self conscious, depressed and terrible about my own self and my self as a sexual being. I constantly compare myself sexually with other partners my s/o has had Bc she will talk about them (not trying to hurt me) but I am so extremely self conscious that I can‚Äôt even masturbate. It‚Äôs enough to ruin my day sometimes and even bleed into other parts of my life and relationships. I feel so terribly low that I don‚Äôt feel the love from my s/o even though she tries her hardest. I love her and want to propose but I can‚Äôt do that right now Bc of how im feeling. I want to feel loved and not so bad about myself. I can‚Äôt seem to find a direction in life either and don‚Äôt know or have any idea of what my future will look like. I‚Äôm at a point of giving up and I don‚Äôt know what to do to even help myself. I‚Äôve tried medicines and therapy for over 2 years but it‚Äôs just not helped me for some reason. Is there anything you guys could share with me on how I can help myself?","feeling depressed and terrible, i am so extremely self conscious, i feel so terribly low, i can't seem to find a direction in life","The person is experiencing extreme self-consciousness and emotional distress related to their partner's past sexual experiences and their own self-perception. This has led to feelings of inadequacy, low self-worth, and impacts their ability to engage in intimate activities. Additionally, the person's struggle with finding direction in life and uncertainty about the future further exacerbates their relationship-related stress. The desire to propose to their significant other but feeling unable to do so due to their current state reflects a deep emotional turmoil in the relationship aspect of their life.",90,95
1,4051,"I‚Äôve been depressed for at least 6 years and I truly feel like I‚Äôm alone. I‚Äôve always had unique traits and or opinions that people would give me crap for. I always try to find a balance in situations but no matter which side I pick I make enemies who will hurt me mentally. I‚Äôm just surprised I‚Äôve gone this far in life and I‚Äôll be honest, I don‚Äôt know how much more longer I can take it.","i feel i am alone, people would give me crap","The person expresses feelings of loneliness, having unique traits and opinions that others criticize, and making enemies who hurt them mentally. This suggests a sense of alienation and disconnection from others, leading to significant distress and feelings of being alone in the world.",90,100
2,4052,I was literally driving my girlfriend to this store and traffic was so insane. I kept getting cut off and people almost hit me. Eventually I just thought ‚Äúthanks god she‚Äôs here because I just wanna drive off this fucking road‚Äù. The slightest inconvenience is starting to set me off and it kind of worries me.,"literally driving my girlfriend to this store and traffic was so insane, the slightest inconvenience is starting to set me off, worries me",The person's heightened emotional response to traffic and feeling like they want to drive off the road indicates relationship related stress. The frustration caused by the traffic situation while driving his girlfriend suggests a possible strained relationship or emotional turmoil impacting their mental state.,70,90
3,4053,"I'm aware of why I'm doing it. I hate my life right now, and I am scared of the future. The past is a warm safe blanket full of photos, videos, and messages to remind me of what used to be, and the people who used to be in it. I hate getting older. I want to reach out to some of these old friends from 10 years ago. Is it even worth it? They've all moved on, but I haven't. I don't want to delete these memories, but I feel like I have to at this point. Any other suggestions?","i hate my life right now, i am scared of the future,  i hate getting older, i feel like i have to at this point.","The person seems to be experiencing relationship-related stress. They are feeling disconnected from their past, nostalgic about old friendships, afraid of the future, and contemplating letting go of memories to move forward. These feelings are often associated with relationship issues such as loneliness, fear of abandonment, and longing for connection.",70,90
4,4054,"I‚Äôve grown disgusted with myself and hating myself. Nothing i can say can seem to right the wrongs i‚Äôve done, and i‚Äôm paying for it now by losing relationships with all the ones i love. I don‚Äôt see any future where things can be mended. I‚Äôm out of ideas, and don‚Äôt want to go on anymore.","disgusted with myself, hating myself, now by losing relationships with all the ones i love, i don't see any future where things can be mended.","The person's self-disgust, self-hatred, and feeling of being unable to right the wrongs they've done, leading to the loss of relationships with loved ones and lack of hope for the future, suggests relationship-related stress.",90,85
5,4055,"This is kinda a vent; I need to look myself in the mirror for a few minutes and try to restart my downward cycle. If you want to have a conversation, I‚Äôm here for it, otherwise nothing to see here haha.
I‚Äôve been so low the past couple weeks I haven‚Äôt felt like myself at all. I‚Äôve felt a fair amount of that apathy I read about on this sub often, and it‚Äôs scary.
I know the things I need to do in order to overcome this depression - the tools I can reach for. Exercise, nutrition, therapy, group therapy, being open with friends and family, volunteering, strong social connections, medical health, and on and on. The laundry list is long and tough to grapple with all at once. But having a couple of weeks of pure hell makes me realize that I‚Äôm really not working on any one of those things strongly. 
What have I done to really move forward in the last year? I feel like I haven‚Äôt really reached for any of those huge steps since I started therapy in 2015. I‚Äôve been going for over four years, and it‚Äôs been life-changing, but what other healthy steps have I taken? 
Last summer my dental health became overwhelming, something I must take care of. I went back for my first appointment in years. Gradually I took care of my pain and the rot in my mouth was alleviated. I lost a tooth in the process but a huge weight was lifted as well. 
I need some similar weight lifted now, but most of all I want to be able to reach for it. I crave some discipline; the dental work came as a result of time running out as it were, reactive not proactive. I want to be strong enough to work thru this shit at a healthy pace, not leave things go awry for months on end, until a consequence happens. But I suppose in order to get there I have to first admit that I AM weak and I DO need help. I can‚Äôt do it all on my own like I tell myself I must. 
I‚Äôd really like to get an exercise bike. I can see all the positives: cardio health/body positivity/motivation to hike more/overall getting in shape. For someone healthy, buying a bike (putting in the research, going to stores, asking people for advice) would be doable. Simple tasks like that are fucking hard for me because I‚Äôm not healthy.
So how do I get there? Ask my sister to take me shopping one day? This post is a good start: question why I‚Äôve failed in the past and talk through the doable steps, remind myself of the positive outcomes in working thru it. Maybe I need to meditate again: breathe thru the pressure in my chest when I think about going to a bike store or talking to people on Craigslist. 
I wish I could work thru these things easily like a normal person. I guess my win today is admitting I‚Äôm broken and depression is at fault. Maybe if I admit that more often I‚Äôll see it‚Äôs ok to ask for help and beat myself up less.
I‚Äôve never really lost love for myself because I know I‚Äôm a good man. My therapist told me that purpose can be looked at as two halves: BEing and DOing. Right now I‚Äôm happy with my self-philosophy and who I am when I‚Äôm NOT depressed. That person is good. It‚Äôs time to accept that I‚Äôm not healthy enough to DO good yet. At least not to the degree that I hope my future holds. It‚Äôs hard to reconcile how much depression is holding me back. I hope I can look myself in the mirror this deeply in the next little while and reach for more of that help that I need to pick myself up off the ground. Maybe it can start with the exercise bike.","I haven't felt like myself at all, I wish I could work thru these things easily like a normal person, I've never really lost love for myself because I know I'm a good man, I need to pick myself up off the ground","The person is expressing feelings of self-doubt, low self-worth, and struggling with personal growth. They mention their struggles with depression, apathy, and difficulty in taking positive steps to improve their mental health. The individual reflects on past experiences where they put off necessary self-care (such as dental health) until they faced severe consequences. They also express a desire for help and acknowledgment of their weaknesses. This indicates a strong sense of relationship-related stress and a need for self-acceptance and self-love. The mention of therapy and seeking help from friends and family further supports the categorization under relationship-related stress.",80,95
6,4056,"I have been through a very hard life, from my single parent mother being addicted to drugs, being in Foster care for 7 years, to being homeless for 6 years. I have and had finally gotten myself where I needed to be. I got a puppy I love dearly and has been my Emotional Support animal. I do everything in life for him now. I finally got my own place after 4 years. I have a great job that I am happy to go to and I can afford to pay my bills and all of my habits/ needs. Today I got a notice to vacat after spending months fighting over Landlord Obligations. I lost my old job a month ago because of the emotional distress that  I was in. I literally told my manager ""How can i care about someones remote not working and sit with all sincerity to trouble shoot, and I go home everyday to no heat and my dog shaking uncontrollable, but keeps a smile on his face for me?"" I was unable to pay my electric bill, so they are trying to evict me on the premise of breaking the lease. All of this is breaking my faith. I am trying so hard, but everytime I get a head there's something trying to break me. Today I have fallen back into my depression and cant help but say it's better to give my pup away to someone more stable and kill myself. I cant keep going and dealing with uncertainty or being homeless. I try so hard everyday, to just get pushed back into the void. It took me losing myself and being at the end and seeing the darkness as a comfort, for me to get to where I am now. Yet, it seems life wants me to go back there. I am numb and ready.","lost my old job a month ago, I was unable to pay my electric bill, uncertainty or being homeless","The person expressed feelings of alienation, hopelessness, and numbness throughout the premise, which are indicators of alienation-related stress. The individual feels disconnected from society, experiences a sense of not belonging, and struggles with the feeling of being pushed back into the void despite their efforts to overcome challenges. This deep sense of despair and contemplation of giving away their beloved pet and harming themselves are strong signals of alienation-related stress.",75,90
7,4057,"I have been a chronic sufferer of gad all my life. Thanks to klonopin my worries symptons anxieties were gone. But now, the side effects of overdosing on it (which I dont understand cause I only take 2 a day maybe its because my inept doctor upped the dose from 0.5mg to 1) has made my emotions go haywire.
I'm constantly euphoric, spontaneous feeling of deep rage and an impulse to punch and scream. On top of that, being ticked off by little things and become explosive. 

If the price to pay to not feel worried all the time is explosive behaviour Id rather take the other. I have recurred to smoking to calm myself. Right now Im a step away of losing control over and really lose myself go in a blind beastly rage. 

Since I cant see my inept doctor (the only doctor i can afford) till last day of march. I decided to cut down the pill to one dose a day and Im cosidering splittling the dose myself to see if their are improvements.","I have been a chronic sufferer of gad all my life, i'm constantly euphoric, spontaneous feeling of deep rage and an impulse to punch and scream","The use of Klonopin (clonazepam) to manage symptoms of Generalized Anxiety Disorder (GAD) suggests a medication-related stress. The person's concerns about the side effects of the medication, the dosage increase by the doctor, and their decision to self-adjust the dosage indicate a focus on the impact of medication on their mental state.",80,90
8,4058,"My gf is upset because of her gpa, weight, job prospects, finances and is very depressed and she‚Äôs telling me I‚Äôm going to find her dead one day. I‚Äôve tried talking to her and it‚Äôs not helping and I don‚Äôt know what to do. I don‚Äôt think she has a plan but I‚Äôm not sure if she would tell me. I can‚Äôt live without her please I need advice","my gf is upse, I've tried talking to her and it's not helping, don't know what to do, can't live without her","The person is showing signs of significant distress due to the multiple relationship-related issues their girlfriend is facing, including GPA, weight, job prospects, and finances. The mention of depression and thoughts of self-harm indicate a deep level of emotional strain within the relationship. The person's fear of losing their girlfriend and uncertainty about her intentions highlight the intensity of the situation and the impact it is having on their mental state.",70,90
9,4059,"So I‚Äôve been dealing with this since the day I started medical school which was about 5 months ago . I‚Äôve done my best to handle it all by myself but I‚Äôm fucking done . There‚Äôs no one around to talk to about it . I was diagnosed with Bell‚Äôs Palsy in 2015 , it recovered to some extent but didn‚Äôt go away . For the past 5 years every stranger I‚Äôve met has in one way or another made fun of me , it was bad but in University it‚Äôs beyond fucked up . I haven‚Äôt had a single day when nobody laughed at me because of how FUCKED UP MY FACE IS . 
I used to be a pretty attractive person , I can‚Äôt hold my tears while writing all this . I still remember the time when I used to be pretty confident because of the way I looked . Now it‚Äôs just a dream . Every stranger I‚Äôve met has in one way or another made fun of me . I am forced to stay alone everyday in school , my anxiety won‚Äôt let me move a muscle . Whenever or if ever  a stranger approach me with a smile , the moment I do the same they get confused and literally the first thing I‚Äôm asked is ‚Äúwhat the fuck is wrong with your face?‚Äù
No body wants to be friends with me because they think I‚Äôm just a fucking retard who somehow made it into med school . 
Dating is just a whole another set of nightmares . I get rejected hardcore because of my face which completely disturbs my mental health . 
I feel helpless right now . Sometimes I get bullied to a point where Its feel like the only way to avoid all this is if either I commit suicide or the person trying to bully is gonna have to pay with their life . I have no fcking idea what to do about it . Someone Please help me out for fuck sake.","i get rejected hardcore, i feel helpless right now, i have no idea what to do.","The person expresses feelings of alienation and isolation due to their appearance, which has led to continuous ridicule and bullying from strangers. This has severely impacted their self-esteem and mental health, making them feel helpless and consider extreme solutions such as suicide. The repeated negative experiences with strangers, rejection in dating, and lack of support from friends or classmates indicate a deep sense of alienation and disconnection from society.",70,90
10,4060,"Im 13m and i have severe depression and anxiety, my parents are extremly strict and Ive lost all my friends. My self esteem is at a zero and I can't handle the pain anymore. I tried to talk to my parents but they both said that this isn't the way I feel, Ive just convinced myself it was. I almost ended it last year but a friend helped me keep going, but this time is different. I have no one to stop me.","my parents are strict, i have lost all my friends, my self esteem is at a zero, i have no one to stop me","The premise describes a situation where the person is experiencing severe depression and anxiety, feeling isolated from friends, and has extremely strict parents who may not be providing the necessary support. The lack of understanding and support from parents in such a critical situation can lead to relationship-related stress, contributing to the person's current mental state.",90,95
11,4061,"I‚Äôm having doubts about wanting to keep going. I just turned 25, I‚Äôm a girl from the US who is disabled (I have depression, BPD, anxiety, ADD and I have bad tremors as a result of these issues) and my parents treat me like I‚Äôm a little girl. I have not worked a proper job very much in my life and I‚Äôm a little immature for my age. 

Basically, where I am now, I feel mentally and physically unwell to work - the tremors go in and out and I collapse of exhaustion at least twice a month from them. My parents, my mum especially- are pressuring me to work, she gives me jobs I know I wouldn‚Äôt be able to handle and I apply to them to make her happy, though I never hear back. She is a social worker and when I say I‚Äôm too unwell to work she goes *‚ÄùI‚Äôve worked with people with Down‚Äôs syndrome, who were severely disabled, they had jobs.‚Äù* or *‚ÄùI worked with a schizophrenic woman once, that‚Äôs worse than what you have, and she held down a 9 to 5 job.‚Äù* and so fourth. I think I should be on disability but my mum sees that as ‚Äúgiving up‚Äù and says that they won‚Äôt accept me because I ‚Äúhaven‚Äôt showed signs of trying‚Äù IE my small work history - the majority of money I‚Äôve made over the years is from my music, but that comes few and far between.
Because I don‚Äôt have a job, my mum makes it my ‚Äújob‚Äù in the house to be the only person who ever cleans our cats‚Äô litter box, and when my tremors are going this is bad because I can‚Äôt hold the bag straight and I get litter and cat droppings everywhere, but she‚Äôs so insistent on sticking it to me that I‚Äôm not working that this doesn‚Äôt matter. 
I Have two girlfriends, my parents only know I‚Äôm dating one of them. One lives in Canada, I have wanted to run away there but my mum said if I even tried to visit her she would get Canadian police to come get me since I‚Äôm mentally unwell (my Canadian girlfriend also struggles with that and my parents like her but says she‚Äôs a ‚Äúbasket case‚Äù and that I shouldn‚Äôt  date her) but I  kinda don‚Äôt have a passport anyway.

My other girlfriend lives in the Midwest US and my mum says if I moved there I‚Äôd never contact the family ever again even though I told her I would, and that I would become ungrateful towards my girlfriend and get an ‚Äúattitude‚Äù with her - my parents say I have a short temper but I‚Äôm quite mellow, it‚Äôs just that years of verbal bias from my father - who to his credit is finally doing something about this - has gotten me very damaged.


Anyways, I like tried to stab myself in the stomach but was stopped and the knife was taken from me. I feel  stuck, and I really want to keep going but it‚Äôs getting really difficult. I don‚Äôt want to break my girlfriends‚Äô hearts. I don‚Äôt know what to do anymore. I don‚Äôt know if I‚Äôm just unstable or if my parents are really mistreating me.","i am disabled girl, i am too unwell to work ,  i feel  stuck","The author of the premise is expressing feelings of alienation, confusion, and distress in various aspects of their life. They mention feeling stuck, having doubts about their future, and experiencing mistreatment from their parents, who seem to belittle and pressure them. The author's struggle with mental health issues, lack of work experience, and conflicts within their family contribute to a sense of alienation and disconnection from their surroundings. The feelings of not being understood by their parents, being restricted from pursuing relationships, and contemplating self-harm suggest a deep-rooted sense of alienation and isolation, leading to a state of distress and uncertainty in the individual's mind.",80,95
12,4062,I'm sitting here with a very strong desire to cry and I'm just trying to hold it in. I have no friends and I don't want to be like this for the rest of my life.,"i have no friends, i don't want to be like this","The person feels alienated and isolated due to having no friends, which is contributing to their strong emotional response and desire to cry. This sense of loneliness and feeling like they don't want to be in this state for the rest of their life points towards alienation-related stress.",80,95
13,4063,Most nights I struggle to sleep and sometimes I wish I don‚Äôt even wake up. I‚Äôm so tired of feeling like this. Even when I have a good day one thing always drags me down. I don‚Äôt think I‚Äôll ever come out of this. Good night I guess.,"i am so tired, i don't think i'll ever come out","The mention of struggling to sleep, feeling tired of the situation, and expressing hopelessness could indicate a mental state that is medication related stressed. The person might be feeling overwhelmed and possibly considering the lack of improvement in their condition, leading to this state.",80,90
14,4064,"I've never posted before but I feel at a loss and can't seem to find anything online similar so figured I'd post. 
Bit of backstory my boyfriend (5 years) had called me while I was at work on Monday saying that he was checking himself into a mental health hospital. I knew roughly why he would be there but it was still such a shock to me. It wasnt until a few days later that he opened up to me and said that he had made a plan and chose out the weapon but decided after his therapy session that he didnt want to do it anymore. So it's a weird in between spot. While he didnt necessarily attempt suicide he was damn close. Closer than I ever could have imagined.
I had just started a new job with a bakery about a month ago and then this happened. I've had a hard time coping with everything and so I told my boss I probably wouldn't be back until the following Monday. Fast forward to Friday I get a call from one of my friends who helped get me the job and she's saying that my work team is trying to be understanding but that they think and my friend thinks I'm being immature and irresponsible for not going to work. My friend even went far enough to say that maybe I wasn't strong enough for my boyfriend since I couldn't find it in myself to go to work through this. 
I guess I'm asking for advice. My friend said my work is talking about cutting my hours since now I've shown I'm not reliable even though before this happened I had never so much as shown up late before or called out. What would you do? I feel at a loss because yes I realize I should be working but I don't know how to face my work after this especially knowing they are annoyed with me.","my boyfriend called he was checking into a mental hospital, i wasn't strong enough for my boyfriend, i feel at a loss","The person is experiencing relationship-related stress. The sudden and shocking situation of their boyfriend's mental health crisis and the almost attempt at suicide has put them in a difficult emotional spot. The pressure from their work and friends to continue as if nothing happened, along with the judgment and questioning of their actions, is adding to their distress and confusion. The person is seeking advice on how to navigate these conflicting emotions and expectations, highlighting the significant impact this relationship event has had on their well-being.",85,95
15,4065,"You always hear how women fear they won‚Äôt love their child if it‚Äôs adopted which in most cases isn‚Äôt true. But in our case it seems to be true. Thank you for all the nice Christmas gifts you gave me. But you never gave the sense you cared about me. You were never there for me. I‚Äôm always getting blamed for things and It always feels like you just shrug me off. I never felt comfortable coming to you for advice and you never asked. Why is the connection between us nonexistent? You taught me about my period, you gave me a book that explained puberty. You never taught me about sex. You never ask if I have a boyfriend. You never ask me anything. You don‚Äôt really know me at all. I try to talk to you and you seem annoyed when I do. I come to you for guidance about what I should major in and you just judge me for not being able to make up my mind. You‚Äôre always petty when I give you attitude but you don‚Äôt ask why. I‚Äôve been depressed since I was 12 years old and you never noticed. You never helped me with school and hated that I wanted my license and I‚Äôm trying to get my citizenship and you couldn‚Äôt care less that I‚Äôm not one. When I didn‚Äôt have health insurance you didn‚Äôt care. When I wanted braces you never helped me until I finally became old enough to do it myself. I don‚Äôt have anyone to tell my secrets to. I don‚Äôt have anyone to guide me and I feel bad because you‚Äôre always alone but it doesn‚Äôt seem like you care and want me near you. You get offended Everytime I hang out with dad but never want to do anything with me. I don‚Äôt know if you think you‚Äôre a good parent but you‚Äôre not familiar to me. I just want a mother. And maybe you do care about me, maybe but it doesn‚Äôt seem like it. And I love you and I just wish you showed you love me","want a mother, never felt comfortable coming to you, care about me, shrug me off, never ask, never helped, alone","The premise reflects relationship-related stress as the writer expresses feelings of neglect, lack of care, and unfulfilled emotional needs towards their mother. They mention a plethora of instances where they feel unloved, unsupported, and unappreciated by their mother, which has led to feelings of alienation and longing for a closer relationship. This strong emotional disconnect and the desire for a more nurturing maternal figure indicate a significant level of relationship-related stress in the writer's mental state.",95,100
16,4066,"I've seen people question this before, but never identified with it enough to pay attention until now. So, here is the post.

I will frame unnecessary explanations with ""//"", in case anyone reading wants to skip. Although I'd like to warn you that this post is somewhat long regardless, as I like to explain things.

I've been considering myself unworthy (of a real friend, of feeling better, of complaining) since a long time, as I have a nice life, or because that I'm not feeling as bad as many other people who are said to be depressed. I obviously never wanted to be sad, nor to experience bad things, but I wanted to be worthy of some certain things I felt I needed. Over time I began feeling worse and worse, to a point where I compare myself more than I used to do, where almost everything upsets me. 

//For example, let's say there is a character I relate to and am happy about being alike. That used to be a source of motivation. Now when I see this character, I can only think of how much better this said persona is compared to myself, and how I can never be like them. When I look at something I value, rather than being happy I feel worried of what might happen to them. Or, when entering a new season I mourn the previous, alongside all the time I wasted.//

I'm mostly worried, stressed, or sad. The thing is that there is no clear reason for me to feel so. I sometimes question if I myself feel that way..



I also am having a hard time figuring my feelings for over a year. There are some occasions where I thought I didn't feel anything, but couldn't help crying.

The reason I'm writing this post is that, while watching a show, a character explained a 'negative' habit of the other, which I ultimately related to. It's not something I consider to be really bad. However, after that scene I couldn't somehow focus to the episode. My interest faded to a point. It was almost as if I was reacting to what was said, but I don't even care that much. The character cared, but not me. Was I impersonating his emotions? Or am I just faking all these to feel worthy? I cannot understand this. Am I really sad or am I just kidding myself?

I can barely read my own feelings, beliefs, and thoughts at this point. Like, I still know what they are, but I can't feel that. Not always, but mostly it's like a colourless, pitcureless page of information. ""I feel this, I think that."" but, do I really? Am I even myself, or am I just pretending?","considering myself unworthy, feel worried, feeling worse, negative habit, interest faded, hard time, upsets me","The person is experiencing feelings of unworthiness and a sense of alienation from their own emotions and thoughts. They mention comparing themselves to others and feeling worse over time, as well as struggling to understand their own feelings. This sense of disconnection and confusion about their true emotions and identity align more closely with the category of Alienation related stress.",90,95
17,4067,"I want to talk to someone who understands this feeling. I'm tired of hearing ''it's going to be okay''. I even tire myself saying it. I just want someone to hug me ad cry about this shitty life with me.... but I can't... I'm alone in this... at least physically. 

There's a reason why this subreddit has thousands of members. At least I'm not ''completely'' alone.","want to talk to someone, want someone to hug me, cry about this shitty life","The person expresses feelings of alienation and loneliness, indicating a sense of disconnect from others and a longing for understanding and emotional support. The mention of wanting someone to hug them and cry about life together highlights the desire for a deep connection and shared experiences, which they feel unable to achieve physically.",90,95
18,4068,I‚Äôm sad. I hate myself. Hi,hate myself,"Expressions of self-hatred and sadness suggest relationship-related stress, possibly stemming from issues with self-esteem or personal relationships.",50,90
19,4069,"So I‚Äôve suffered some heavy depression for a long time, my ex that I absolutely loved to the max just got along so well, she was so gorgeous, caring, loving and nice. She was the first girl I actually loved in a long long time. Me and her were so good for each other I thought. She knew I was suffering from depression but the crazy part is every day I was with her I was improving. She was the support I used to slowly walk up the steps to getting better. I was happy as can be to have a girl like that and for myself to climb out of that depressed hole I was in for so long. Well we got into an argument before our breakup because I thought we were being pretty distant and she blew up. She told me ‚ÄúI just can‚Äôt handle it anymore‚Äù and left me, I was heartbroken. She couldn‚Äôt handle my depression anymore and that‚Äôs what hurt the most. I loved her with my whole heart and now she looks at me like I‚Äôm some stranger on the streets. She never truly explained to me why everything happened and she won‚Äôt talk to me at all now. I thought I was making us stronger by opening up to her and having her help me but she never told me how much I was hurting her with my depression. She saw me improve so much and deciding to leave outta no where made no sense to me. Well here we are today, all that progress lost. I feel worse than I ever have in my life. It really fucking hurts to know the one person I loved most couldn‚Äôt handle me at my worst and left me to rot. I don‚Äôt even know what to do. I‚Äôve deadass just been hooking up with girls at parties and drinking with my friends until I blackout. I don‚Äôt know if I can trust another girl with any of my emotions again or even trust myself to love someone again. I just wanted to give her the world but I ruined it for her and us. I‚Äôm a piece of shit I know, but i just want her to see that I was improving and for her to come back.","breakup, heartbroken, argument, ruined it, suffered, hurt the most, person i loved the most couldn't handle me","The person is experiencing relationship-related stress due to the breakup with their ex-partner. The intense emotions of heartbreak, feeling abandoned because of their depression, and the longing for reconciliation indicate a significant impact on their mental state caused by the failed relationship.",85,90
20,4070,"Yesterdays brawl is enough for me. Just another reason to do it, and to be honest main reason of all the bad things happening, it's better to be abandoned, rather than have a ""family"" like that, if you can even call 1 parent that hates you, and blames for everything, a ""family"". 

I must admit, it felt good to say what I said, and do what I did. It feels so good to know it's soon to be over, I fear death, and pain, but the peace that comes afterwards is what I have been waiting all my life, honest smile. 

It's moments like that, that we are waiting for, a spark that lights the shit up, and helps it explode.

Desireless - Voyage Voyage, I love this song. Time to prepare! I wasn't expecting to be that long here, but the time has come, I remember every single time I did something. 

I will only miss my cat, but cats are traitorous by nature, unlike a dog I never had. 

PL, CK, PJP - 13.12.1987","it's better to be abandoned, rather than have a ""family"" like that, if you can even call 1 parent that hates you, and blames for everything, will miss my cat","The author's words suggest deep emotional distress related to family relationships. They express feelings of being abandoned, hatred, blame, and a sense that their family is not nurturing or supportive. The desire for peace after all the turmoil and the references to longing for an honest smile indicate a strained relationship within the family. The comparison between cats and dogs also hints at feelings of betrayal or lack of loyalty, possibly stemming from family relationships.",90,95
21,4071,"I‚Äôve been feeling the exact same way for years. I get momentary feelings of happiness and then they just disappear. I have little to no energy anymore and I‚Äôm not excited to talk to anyone. I don‚Äôt think any of my friends care about me and I can‚Äôt depend on my family for any support. I‚Äôm on a waiting list for a mental health service but it‚Äôs going to take a while but I don‚Äôt know how long I can keep feeling like this.

I got my first job the other day and although I‚Äôve met some nice people, I still feel like shit. My parents think I‚Äôm instantly cured because of the fact I‚Äôm now working but in truth I‚Äôm thinking about just ending it all. Nothing is going to change or help.

Sorry.","don't think any of my friend care about me, can't depend on my family for any support, got first job but still feel shit, ","The person expresses feelings of loneliness, lack of energy, and lack of excitement in interacting with others. They also mention feeling like their friends don't care about them and not being able to depend on their family for support. These are common signs of alienation-related stress, where the individual feels disconnected from social relationships and support systems.",80,90
22,4072,Besides drinking and crying until I pass out.,"drinking, crying","The mention of drinking and crying in response to a situation suggests a relationship-related stress, as these behaviors are commonly associated with coping mechanisms for emotional distress in relationships.",80,95
23,4073,"Been struggling so much with work &amp; anxiety with how complicated i find it.

How I flip flop about whether I‚Äôm ok where I am I‚Äôm this job, I think not but some days I get by just about ok &amp; maybe it‚Äôs not so bad.

Been having suicidal ideations a lot  more frequently lately. 

Think the only solace in life atm other than cannabis is my girl &amp; unexpectedly tonight I found out it‚Äôs likely to end soon. I also work under her dads management so it‚Äôs gonna be awkward anywayZ I know it‚Äôs selfish for me to feel like this compared to some people‚Äôs pain but here I am just thinking about the perfect place to jump off.","struggling with work, only solace in life is my girl, found out it's likely to end soon","The person's struggle with work, anxiety, suicidal ideations, and potential relationship breakup all point towards relationship-related stress. The mention of finding solace only in the partner and the anxiety resulting from the upcoming end of the relationship indicate a significant emotional turmoil in the relationship aspect of the person's life.",90,100
24,4074,"They keep demanding shit from me, I've had enough... I might do it, just to piss them off. Hell... they won't even be pissed off, they will be relieved that ""the piece of shit"" is dead already. Thanks Mom and Dad... Thank you very much! .... Fucking assholes.","keep demanding, have had enough, they will be relieved, thanks mom and dad","The language and content of the text suggest a lot of anger and frustration towards family members, specifically the parents. This intense negative emotion towards loved ones indicates relationship-related stress.",70,85
25,4075,I wish I knew no one. I wouldn't think twice about it then. I don't want to hurt my family.,don't want tohurt my family,"The mention of not wanting to hurt family members suggests relationship-related stress. The desire to not know anyone may stem from a place of wanting to avoid causing any harm or distress to loved ones, indicating internal conflict and emotional burden within relationships.",80,95
26,4076,"I have been diagnosed with major depression and anxiety years ago. Hi, I'm a 41 year old male with a good job, make good money, why should I be hurting? Depression, anxiety and suicide runs in my family. I have been committed to a 72 hour hold twice for being suicidal and planning my suicide. I do self harm. I think about suicide weekly, sometimes daily. I don't want medication but I self medicate with alcohol, work obsession or high risk sports. I'm embarrassed because I can't fit in with life, I'm broken with no fix. I suffer in silence as I don't want to bother my family, friends and girlfriend. I have planned my suicide many times, even tonight. Yes, I have written many suicide notes as well.

If I tell someone, they lock me up without shoelaces. This is not what I need, this causes me to hide it even more. I'm broken with no fix. I already go through cycles of being numb, angry, and sad. I don't want to feel numb from medication (I've been there before, what is the purpose.). I don't trust anyone to talk about this with, they respond with ways that make me hide my what I truly feel.

I want this pain to stop, the pain I've been feeling for years. Why am I broken? Besides not waking up, I don't know what else is the answer. I understand why my family member committed suicide, I get it, it isn't selfish, it is to stop the pain that many can't understand.

I don't know what to do. Do I end it, hide in silence and keep everyone happy, or say something and be even more miserable and in turn become more numb? Who really cares? I know alcohol doesn't help, but it helps me sleep, or if I don't drink here I am wide awake trying to make my brain quiet. I do high risk sports, secretly hoping that I will die.

I spent last night at the emergency room alone, I didn't contact my family, friends and erased a message for my girlfriend (I wasn't sure if it was a heart attack and didn't want to die alone but didn't want to bother anyone). My girlfriend saw some erased messages, so I told my girlfriend that it was some chest pain I wanted to make sure wasn't anything, I never told my family or friends and never will.

I don't know what to do, I need this to stop. This is my cycle, I'm numb or angry at everyone and push everyone way. If I wake up tomorrow, I will think whoever wrote this is an idiot and stupid, numb and ignorant to the pain I feel. Cycle repeats.

Help.","embarrassed because i can't fit in with life, broken with no fix, don't want to bother family, friends, girlfriend, push everyone away","The premise indicates significant mental health struggles, including major depression, anxiety, suicide attempts and self-harm, which have not been effectively managed. The individual expresses reluctance towards medication and a tendency to self-medicate with alcohol, work obsession, and high-risk sports. This behavior suggests a stressful relationship with medication, reflecting concerns and challenges related to medication management. The individual's experiences with self-harm, suicidal thoughts, and suicide planning further emphasize the complexity of their mental state and the need for professional intervention. The resistance towards seeking help and the fear of being locked up without autonomy over their treatment also align with the theme of medication-related stress.",90,95
27,4077,"I just feel like something put there is telling me to kill myself. It just keeps throwing shit out me till I give up. I think I can finally take a breather. And then theres something else to stress about. This time, I was about to be late on rent. But I did all I could to get the money together. (I'm not even gonna say all the things I did to get the money) but then. I just got off work. And I was about to swing by the bank to withdraw the money to lay rent. But then my car wouldn't start. And I'm completely alone in this state. So I had to call someone to come out and jump me. But it wouldn't jump. So I had to spend money to get it towed. Then the damn mechanic shop jerked me around, and ended up fighting with them alot ( I use to be a mechanic so I know when I'm getting jerked around) but they were so incompetent, that it took them 6 hours to basically figure out that the battery needed to be replaced and then do it. They lied to me when they told me the tested the battery when they first pulled it in the bay. They put a new starter on, without telling me until after the fact. And then told me my engine was seized up due to there being 0 oil in it. Which I dont know if I believe, because I just got my oil changed about a week and a half ago. And I know I dont have a leak. So either they were lying or the technician at the luge shop didnt put oil back in my car. But anyway, long story short. They forced me to pay 600$ for basically a battery change. And then I had to go back to work 2 hours later, with no sleep since my last shift. So that was great. But that 600$ was going to be for my rent. No I dont have any money. And I'm not sure what I'm going to do. I think I've finally reached my breaking point.","about to be late on rent, car wouldn't start, forced me to pay 600$, back to work 2 hours with no sleep, don't have money, reached the breaking point","The person is under extreme stress due to a series of unfortunate events related to financial struggles, car troubles, and dealing with incompetent mechanics. These situations have led to a feeling of being overwhelmed and reaching a breaking point. Relationship-related stress often involves financial difficulties and feeling alone or unsupported, which is evident in this scenario.",90,95
28,4078,"I met this girl month ago and i feel in love very quick. She is from Portugal and i am from Slovenia.. And we thought about having a long distance but she feels like its not gonna work. We talked about it 2 days ago and i told her i cant be there just friends because im only making myself suffer, she seems to have no problem with it, but i just cant get over myself and watching somebody drift away while i wait. It hurts so much and the things she said about me how amazing i am and how bad she wants me to stay there, but i just cant im falling into depression again. I told her im gonna stay but i dont know if im capable im just hurting myself. 3 years of this and just when you think you get out of it it crawls back so fast ahhhhh. And i feel like the most egoistical, needy piece of shit that i cant get over the fact its over. Fuck this shit and fuck life.

Thanks for listening ‚ù§Ô∏è","met his girl and fell in love, long distance not gonna work, told her can be there just friends, she wants me to stay there, feel like most egostical ","The person is experiencing intense emotional distress related to a romantic relationship. The long-distance nature of the relationship, combined with the uncertainty and heartbreak of their partner's decision to not continue, has led to feelings of hurt, self-doubt, and depression. The person is struggling with letting go and is feeling devastated by the thought of their partner drifting away. This relationship-related stress is causing significant emotional turmoil and self-criticism, leading to a sense of hopelessness and despair.",85,95
29,4079,"There is utter absence of meaning in my day to day life. I would love nothing more than to feel or do anything other than artificial emotions and automated actions, but alas must take that pill or else it will all crumble, oh and that pill, and maybe these 3 too. 

It‚Äôs a fine line between authentic peace and self destruction that I‚Äôve been on for what feels like a life time, but unfortunately it‚Äôs only been a year and that life time is all I have to look forward to.","utter absence, loving nothing, self destruction, artificial emotions",The mention of taking multiple pills and the feeling of relying on medication in order to function suggests that the person is experiencing stress related to medication.,70,85
30,4080,"I'm 28, I still live with my parents, I'm trapped at a shitty dead end job because I couldn't finish college (and can't go back either), every girl I try to date leaves, I have almost zero friends and the ones I do have all push me down their priority list, they never check in on me when I'm upset, my parents don't understand ANYTHING about how I feel and just tell me to get over myself instead of actually talking to me, and now today the girl I've been seeing just up and blocked me for no goddamn reason on EVERY SINGLE SITE/APP we had any contact on.  I don't know how to deal with all of this anymore plus I'm worried about my health (I feel like I'm in a 50 year olds body at times) and it's all becoming too much.  I've never felt more alone in my life than I do right now and I have nowhere to turn to anymore...I guess I'm just posting this to get my feelings out in the open somewhere where hopefully others can relate I guess. Or at least I won't feel too judged disclosing this info here. But in all seriousness I don't know what to do cuz my list of reasons to live is slowly shrinking.","zero friends, parents don't understand, dead end job, couldn't finish college, alone","The person is experiencing relationship-related stress, as evidenced by the difficulties in maintaining romantic relationships, feeling unsupported by friends, and struggling with family dynamics. These relationship challenges are contributing to feelings of loneliness and a dwindling sense of purpose or hope, as indicated by a decreasing 'list of reasons to live'.",80,90
31,4081,"I am a caucasian male , age 30. I wont get into complete vivid details of the numerous conditions i have ( childhood exc ) , this started happening when i was around 27. An ex and i whom spent well over 10 years together had broken up due to her unfaithfulness exc. Something happened and although i have spoken to many people and therapists. I feel like the real me is dead. And i am a walking multiple personality basket case , im always being someone im not , no freinds , all that which i had motivation for and excitement for is nothing. I am an empty shell. We got back together and she informed me that she was pregnant by a fling , which was planned , please note that we tried for kids for 6 years prior and she was found out to be infertile unless on fertility meds , long story short she aborted that child and got pregnant with me. Given that the situation prior was hard enough , the trauma and pure gut wrenching pain of questioning the pregnancy as well as my family questioning took its tole , work deterriorated and personal happyness was destroyed.

I dont know why , but i feel that its the logical thing to do. Given my situations. Im always being someone im not , multiple people. I make rash decisions that have and ruined my life. I have always wanted to be a police officer and thats thrown out due to tatoo policys , people have always avoided me because im either creepy or just weird. My family has abandonned me legit. I just work and sit in a basement. My suicide will commence in july 15th 2020. I plan to make it as suddle as possible , maybe an accident. I dont consider it suicide because you have to be someone , an individual to kill that thing. I consider this a multiple account deletion.","broken up, her unfaithfulness, no friends, rash decisions, wrenching pain, empty shell","The person is expressing feelings of alienation and detachment from their true self and their surroundings. They mention feeling like a walking multiple personality basket case, always being someone they are not, and experiencing a loss of motivation and joy in things they once found exciting. This sense of emptiness, lack of friends, and feeling like an empty shell further points towards a state of alienation. Additionally, the mention of being perceived as creepy or weird by others, family abandonment, and planning for a subtle 'multiple account deletion' further signify deep-seated feelings of disconnect and isolation from society and oneself.",90,95
32,4082,In scrubs waiting for the Psychiatrist.  Haven‚Äôt been able to eat or sleep for 2 days  after my trauma from 28 years ago was triggered.  Not sure what the Psychiatrist will do for me.  I still have no appetite.  Hoping that I can get something to get me to sleep.  Pray for me.,"haven't been able to sleep after my trauma, no appetite ","The person is experiencing mental distress related to a past trauma, which has caused them to lose their appetite and sleep. They are seeking help from a psychiatrist and hoping to find a solution to help them sleep. This indicates medication related stress, as they are looking for medical assistance to alleviate their symptoms.",90,85
33,4083,"I messed up. I screwed up the trust I've built with my boyfriend who has paranoia.

My entire life I was afraid of confronting people. I got it from my parents. I would either get yelled at asking for help or they would help. It scared me that I couldn't confront normally as anyone else would. My boyfriend had problems carrying from toxic relationships he's had and I felt like he was bringing it into ours. I wanted to help him but instead of confronting him first I confronted a friend and told them what was up. The promises I've made to him, broken. I wanted to help him first and I felt that it was necessary. Then, because of all of this, my best friend and he argued and argued and they broke off, a lot of details here are not added because it's personal but I just felt like I'm at the bottom of the food chain. Why be here if I just destroy everything. I broke the trust I've built into him, I ruined a friendship I've had and one of the ones my boyfriend had. I feel like I just don't deserve to exist and I've always felt like that from all the mistakes I make. I just wanted to help but instead, I bring misery. I'm sorry for posting this and dabbling on but I felt like I needed to just choke something out because my heart just hurts from repeating the same thoughts in my head that I'm the worst and it would've been better if my suicide attempt two years ago worked. Guilt is eating me out and I don't know what to do. I want help but I don't know what to do. I can't get therapy until September and I feel like even if I did, nothing would change what I do and how I hurt everyone around me.","ruined a friendship, broke the trust, screwed up, boyfriend, guilt, afraid of confronting, i bring misery, get yelled, heart just hurts","The individual is experiencing relationship-related stress. The premise highlights feelings of guilt, self-blame, and sorrow due to damaging the trust with their boyfriend and causing friction with their best friend. The mention of past toxic relationships and the fear of confrontation from upbringing further emphasize the relationship dynamics at play. The individual's overwhelming sense of responsibility for the break in trust aligns with relationship-related stress and a deep desire to seek help and forgiveness in the context of their personal relationships.",85,95
34,4084,"Ive been really depressed lately... My math subject at school failed, i keep thinking i wont graduate, i have no energy to go to school anymore so i fake everything and go to a nearby computer cafe even though i only have enough money to commute to my school. I know lifes hard but theres something in my brain that broke... Im not crazy though just uncaring. But i noticed i suddenly grew an interest on one of our kitchen knives, not like to hurt people, its just an odd interest where you imagine the knife killing you painlessly.
But the thing is, i have a phobia of sharp things so i grew up cautious with sharp objects including knives... Its not really bad, i just do stabbing motions on myself, but the point is i consider doing that normal.
I also keep daydreaming while walking and oddly enough i daydream about me getting in a car crash or something similar, which i has a  high chance of happening considering im daydreaming. Another point is my fake laughter, i dont know why i keep doing it. I know im probably mentally ill but i have no why of knowing since psychiatrists and therapists costs very much in my country. Anyway im just rambling about my problems but i have a feeling itll all end soon. Just a feeling...","failed, won't graduate, fake everything, life's hard, day dream","The individual's description of feeling depressed, having concerns about their mental well-being, and exhibiting self-harming behavior with the kitchen knife indicates a state of mental health-related stress. The mention of growing an interest in a knife, along with phobia of sharp objects, and engaging in self-harming actions suggest a need for psychiatric or therapeutic intervention, which the individual feels unable to access due to cost concerns in their country. Therefore, the mental state described here falls under medication-related stress.",85,95
35,4085,Got rejected twice today lowest score in my class and lost my last friend i could talk to. My parents say that if i dont get good enough grades they will kick me out ive tried tinder in search of maybe someone i went to 11 likes but found out the hard way people could unlike you. The ones i did match never responded. The only thing keeping me from my own knife is the fact that im too much of a pu55y to do it,"got rejected twice, lowest score, kick me out, lost last friend, match never responded","The person is experiencing relationship-related stress due to multiple rejections and feeling isolated after losing their last friend. The mention of using Tinder, getting likes but not matches, and feeling too scared to harm themselves indicates a distressing relationship situation.",80,90
36,4086,Yesterday I was having such a great clear headed day. I was genuinely happy and having a good time just going out and about. Today. I woke up. Skipped class. Glued to my bed for 5 hours. Finally managed to get up and make a sandwich.  I need to go to the gym more than anything but. I just can‚Äôt. So I‚Äôm back in bed. I‚Äôm so down but no particular reason. Just anxious as hell and hopeless. I have loads of school work I need to be doing but I cannot bring myself to begin. I‚Äôm just overwhelmed. I‚Äôve lost my spunk,"anxious, hopeless, lost my spunk, overwhelmed","The person describes feeling genuinely happy and clear headed one day, but then suddenly experiencing feelings of overwhelming anxiety, hopelessness, and lack of motivation the next day. This sudden emotional shift and the presence of overwhelming feelings despite no specific reason could indicate a transient episode of feeling down, anxious and overwhelmed, which are common symptoms of being in a mentally distressed or 'not good' state.",90,95
37,4087,"I feel like a lot less bad things would happen to people around me if I wasn‚Äôt around. I feel like a burden.

I feel like I just always end up causing bad things to happen to everyone around me, which I try -so- hard to prevent. 

But even the things that are out of my control, still feel like they wouldn‚Äôt have happened, if I wasn‚Äôt around to cause that string of events to happen. And I always blame myself.","feel like burden, blame myself, hard to prevent","The person expresses feelings of alienation and self-blame, believing that their presence causes negative events to occur. They feel like they are a burden and believe that bad things happen because of their presence, leading to a sense of alienation from others.",95,90
38,4088,"as I was getting ready for an interview for a new job, i was thinking ""what if i kill myself? wouldn't that be easier?"". I've never been diagnosed with depression or even anxiety because... I've never told doctors about it, about what I'm feeling and thinking, etc. so I don't want to kind of self diagnosed myself as depressed while there is people out there who has been and theirs may be more severe than mine. but... there's period where i constantly feel bad about myself and I just want to end it all.
I just want to know if some of you here feel that way sometimes (or everytime), and how do you live with it? is ever going to change?
(also, sorry I'm French so my english isn't perfect...)","getting ready for an interview for a new job, there's period where i constantly feel bad about myself","The person is expressing thoughts of suicide and discussing feelings of constant self-doubt and wanting to end it all. They mention that they have never been diagnosed with depression or anxiety due to not disclosing their feelings to doctors. This reluctance to seek help and self-diagnose demonstrates a level of stress related to medication and mental health, as the person is unsure about their own mental state and how to address it properly. The thoughts of self-harm and consistent negative self-perception indicate a need for professional guidance and support.",80,95
39,4089,"I‚Äôve cut myself with many different things over the years. First my nails, then scissors, then razor blades. It just kept going downhill. I didn‚Äôt think it would get this bad, but I have a three week streak of cutting right now. I go deep every time, and I‚Äôm happy when I see blood. I‚Äôm addicted, but scared. I‚Äôm going to a friends place next weekend, and I‚Äôm supposed to bring a bathing suit. I don‚Äôt know if I can hold off until then. Even now I want to go do it. I still have ones that are healing, I know those will be visible but not that bad. I cut my legs, specifically ankles and shins, because I wear socks every day and to sleep. My friend doesn‚Äôt know and I don‚Äôt want to go through the trouble of explaining it and making things weird. How do I stop? They‚Äôre just cuts I tell myself, but I know there‚Äôs some emotional damage. Even if they heal in two weeks I won‚Äôt. I don‚Äôt know how to put my razor down. Anyone know what to do?","cut myself, addicted, emotional damage, scared","The individual seems to be engaging in self-harm behavior by cutting themselves with various objects, and it has escalated to a point where they are experiencing addiction and fear. The mention of finding happiness when seeing blood and the struggle to stop despite being aware of the emotional damage suggests a deep-rooted issue. This behavior could be a manifestation of underlying mental health concerns or emotional distress, which may require medication or professional intervention to address.",90,100
40,4090,"I just need to know someone is there for me. At the time of posting, I'm deep in a depressive episode with no ending in sight.

I missed a single day of my Sertraline and I feel like I've hit rock bottom. This isnt the first time I've forgotten my pills but I'm worried now. I only missed one dose and I'm worried if I actually ran out. Is this not rock bottom? I know it cant be, because I'm still here. 

Nothing sounds better to the dark part of my brain than self harm. My go to during breakdowns has been clawing at my arms, some bad enough to leave scars. 

God I need a smoke, please. 

At the time of posting, I have taken my current dose and trying to relax in bed. But the tears keep coming and my mind wont stop.","need to know someone is there for me, nothing sounds better to the dark part of my brain, leave scars, breakdowns","The mention of missing a dose of Sertraline and the subsequent impact on their mental state indicates a concern related to medication. The individual is experiencing a deep depressive episode and is worried about the effect of missing a single dose, implying a significant reliance on medication for managing their mental health. This heightened focus on medication and its impact on their well-being points towards medication related stress.",75,90
41,4091,This guy and I that I have known for two years have spent time together every day this week and last week. I usually spent the night at his house and we had sex a lot. I texted him and asked him if he wanted to hangout tonight. He told me he can't because he has to go to his parents' house tonight. I just feel so sad and hurt and I don't know what to do. I feel like throwing the friendship ring he gave me on my birthday in the trash or flushing it. I'm 25 and he's 29.,"this guy and I that I have known for two years have spent time together everyday, usually spent the night,  had sex a lot, asked him he told me he can't, feel so sad","The person is experiencing relationship-related stress, as they are feeling sad, hurt, and contemplating ending a friendship after being intimate with someone who is now unable to spend time with them. The emotional attachment formed through spending time together and engaging in a physical relationship has led to feelings of rejection and confusion. This situation is causing distress and inner turmoil, which is why it falls under the relationship-related stressed category.",90,95
42,4092,"It‚Äôs only freshman year and already I‚Äôve been bullied, cut from every team I‚Äôve tried out for, my grades are slowly falling, my homecoming date literally ditched me for another guy, and I‚Äôm being made fun of dating because she‚Äôs only a year younger than me. Why must people so terrible.","freshman year and i've been bullied, my grades slowly falling, homecoming date ditched me for another guy, fun of dating, she's a year younger","The person is experiencing relationship related stress such as being bullied, rejected by peers, and facing ridicule in dating. These negative experiences with others are causing emotional distress and feelings of inadequacy.",90,85
43,4093,I know it‚Äôs not much but as a student living on his own for the first time and being diagnosed with anxiety and depression (I haven‚Äôt gone out in more than a week) actually getting out of bed to do something feels like an accomplishment as I would normally starve in my bed wondering why I even exist in the first place.,"as a student living on his own, being diagnosed, why i exist in first place","The mention of being diagnosed with anxiety and depression, along with the struggle of getting out of bed and feeling like existence is questioned, indicates a mental state related to medication stress.",40,85
44,4094,"Eating healthy, exercising, socializing, cleaning, meditating, getting sunlight, talking to a therapist, etc. 

None of them have made a noticeable difference in how I feel, and I'm tired of trying to do them all when it's just more adding to my struggle.","Struggle, noticeable difference","The individual has tried various methods to improve their mental state, including therapy and medication, but none have been effective. The frustration and exhaustion from trying multiple treatments indicate a stress related to medication.",70,85
45,4095,"I don't know what to say anymore. All the meaning in my life has felt like it left with her. The funeral is today.

&amp;#x200B;

Edit 1: Thank you for the encouragement. I don't expect to really ever get over it, to be honest. I feel like the best I can do is just mask it better with time.","meaning in my life has left with her, funeral is today","The person is expressing intense emotional distress after the loss of a loved one, indicating a relationship-related stress, likely related to grief and heartache.",90,95
46,4096,"Waking up doing the same thing every day, lie in bed for hours, watch some series or game, feel like shit every time I eat, thinking about how things could've been so much better if things went differently. This is every single day. 

I just feel like shit when I wake up, when I go to sleep, when I interact with friends, it's so painful to exist, I can't keep going on like this, my life is pointless as it is now, and I don't have any motivation to change it, I just want to stop. I want the pain to stop. 

I'm a burden to friends, and to the family I have, I feel so lonely in a house of 4. I'm so lonely in general. I miss my friends but I'm too scared to go outside, I hate myself so much.","Hate myself, painful, feel like shit, pointless, lie in bed","The person is expressing feelings of alienation, loneliness, self-hatred, and a sense of pointlessness in life. The repetition of negative emotions and thoughts, along with a lack of motivation to change the current situation, indicate a deep sense of disconnection from oneself and others. The individual also feels like a burden to friends and family, further emphasizing the theme of alienation and loneliness. These feelings of being lonely in a house of 4 and missing friends but being too scared to go outside are all indicative of alienation-related stress.",90,100
47,4097,"I‚Äôm 16 years old, go to a private high school, and by all means should be happy. The only thing wrong in my life is my emotionally and verbally abusive father. However I cannot feel anything. Only sadness and pain. I‚Äôm a medically diagnosed psychopath. I have severe depression and nothing to live for in my eyes. I have no self esteem, no redeeming qualities, nothing about me is good. I cannot feel happy unless I‚Äôm cutting or abusing drugs. I‚Äôve never been loved and never been able to love anyone. I‚Äôm not worthy of love, and I‚Äôll never be loved. This isn‚Äôt a cry for help or for comfort. I don‚Äôt know by I‚Äôm posting this to be honest. I just wanted some like minded people to know and sympathize with me while I live my final day on Earth.","emotionally and verbally abusive father, have no self esteem, nothing about me is good, cannot feel happy unless i'm cutting or abusive drugs, nevr be loved ","The writing exhibits a deep sense of alienation and disconnect from oneself and others. The person feels unworthy of love and lacks self-esteem, which are common feelings associated with alienation stress. The mention of not being able to feel anything except sadness and pain, along with a sense of hopelessness and a desire for self-harm or drug abuse, further points towards an alienation related stressed state.",90,95
48,4098,i can't bare to get out of my bed in the morning. i can't look at myself in the mirror without feeling like i am about to throw up. i have no long term plans and even though there is a couple things i don't wanna miss out i know i won't last enough. the wait won't be worth it.,can't look myself in the mirror without feeling i'm about to throw up,"The person's feelings of not being able to get out of bed, self-loathing when looking in the mirror, lack of long-term plans, and mentioning not being able to last enough indicate symptoms of alienation and disconnection from oneself and the world. These feelings suggest a sense of being isolated, dissatisfied, and disconnected from their surroundings, leading to a state of alienation-related stress.",100,95
49,4099,Alone because of a lack of self confidence ‚Ü™Ô∏è Not being able to give nor receive love and affection ‚Ü™Ô∏è Feeling of being unwanted/undesired ‚Ü™Ô∏è Loss of self confidence intensifies ‚Ü™Ô∏è Isolation : no more opportunities to meet new people ‚Ü™Ô∏è Depression ‚Ü™Ô∏è Feeling of being worthless ‚Ü™Ô∏è Not achieving anything : ashamed of yourself üîÇ,"alone, lack of self confidence, feeling of unwanted, isolation, not achieving anything ","The person is expressing feelings of alienation, isolation, and worthlessness, which indicate a sense of disconnection from others and society. The lack of self-confidence and inability to give or receive love further contribute to the feeling of being unwanted and undesired, intensifying the sense of alienation. This cycle of negative thoughts and emotions can lead to depression and feelings of worthlessness, ultimately resulting in a state of alienation-related stress.",80,95
50,4100,"I just don't know how to be normal anymore. The littlest things can set me off. I'm always hurting peoples feelings with jokes I make, then I always say ""Don't be so sensitive"" when I know for sure it was MY fault they got offended. It's hard for me to take responsibility.

I also feel very alone, and I don't mean the sense of friendships. I'm talking about romantic relationships. I've had about 4 or 5 concussions, and I say that because I know I've definitely had some that weren't diagnosed as I used to box. It's just really hard for me to say what I want to say. I fumble my words a lot, and I noticed that after my most recent concussion about a month ago.

For example, one thing I said that I regret was calling a girl a ""dyke"" because she said something rude to me. What I said was so uncalled for, especially since I knew she was bisexual. I feel like trash because I don't say things like this (homophobic) all the time per-say, but that is just an example of how offensive and unregulated the stuff that comes out of my mouth on the daily.

I constantly have to be high on marijuana most of the time to keep my mood up and I don't want to be like that. The weed just makes things worse for me when I'm not high because I get even more irritable then I was before I smoked and I go through bad anxiety and psychosis episodes.

I also feel like a failure. I am in my senior year of high school and I feel hopeless. My grades are all F's and I don't know what to do anymore. I plan on going to trade school after this year but I probably won't follow through on that because I never follow through on anything I want to do,  as my anxiety prevents me from doing lots of stuff.

I think about suicide but the thought scares me and it's just and endless cycle of just that and it sends me down a dark hole in my thoughts. I feel hopeless like nothing can help me anymore.

Also, I don't want to sound pathetic but its what I am. I told the girl I like that I liked her. She said doesn't reciprocate those feelings but it hurt when she said she liked me 2 years prior. It especially hurt because I liked her back then as well. Once again my anxiety prevents me from being happy and thats all I want, is too be happy again. It's been at least 4 years of feeling like this.

Sorry for the rambling at the end.","constantly high on marijuana, i don't mean the sense of friendship, romantic relationship, feel alone, feel trash","The person expresses feelings of alienation, both in terms of social relationships and romantic relationships. They mention feeling alone, having difficulties in forming connections, and struggling with their communication skills which might be linked to the concussions they have experienced. Additionally, the person exhibits behavior that leads to conflicts and misunderstandings with others, showcasing a sense of disconnect from those around them. This sense of isolation and inability to maintain healthy relationships contributes to the overall feeling of hopelessness and helplessness.",75,90
51,4101,"Hello everyone. I'm sorry for taking your time, but I need help. 

A bit of a back story to my life: I come from a not-so-well-off family, mom left me (9at the time) and my sister (14 at the time)in my father's care (she left the country), to earn more so we could at least have a bread on the table. My sister took her frustrations on me, was being bullied at school gor not having a functional family, my father distanced himself from us... life generally sucked. I was also getting (at the time undiagnosed) migraines, which my sis and dad kept insisting that I'm lying about for attention, was even punished for it. So I stoped talking. After a long 2 years, my mother had applied for divorce, mainly due to my father's threats and mental bias. By what I saw, my father was threatening my mother to throw me and my sis in the streets if she didn't send more money. The divorce was messy and a lot of shit throwing at eachother. It ended with my sis insisting that we need to stick toghether and since she was older, she insisted that we stay in my home country with my dad, also to spite my mother, who she now hated. The next years were rough, a lot of screaming, bullying, hitting, starving... list is long. (Just on a side note, I ended up climbing trees from windows to grab aome nasty fruit for my class mates and trading them and homework for sandwiches. Did I care I was millimeters away from dying, NAH!) Highschool was worse with the bulying, mom was still away but now, she had someone (she met the guy before the divorce, but I can't blame her. She was alone in a country where my people were, and still are, very hated). We tried to get mom to get cuatody of me, but for reasons I still can't wrap my head around, it failed. Well, her (now) husband lost his crap, and kept repeating to me and making me feel like pure shit because the process failed. It did fail because of me, yes, but as I said previously, I still don't remember why I said what I said and what happened. Years later, they decide to go to a better place, Australia! After 4 years of struggles and 3 lost cases, I finally get to get my (20 y/o) ass there with my mother. I get a boyfriend, her husband turns out to be the dickhead of the year and, long story short, I get kicked out of the house after only 1 year living with them, and end up with extremely severe anxiety because of him.

This year I turned 24. I still live with my boyfriend, who took me in. But here is where the problem is. I want to end it. So much stuff is going on, and all I can say is that it's too much. I was diagnosed (discovered by accident) with clinical depression at the age of 16, and was never addressed. I always felt like something was wrong, but every time I tried to look for help, was told to suck it up by the counselors and psycologists (admittedly, I only worked the courage to go 3 times in my life).

But in the past 3 years, I felt lost. I've been depressed and can't seem to get over it. I find no joy in life or any of the things I used to love. I have no reason, energy or motivation to move on. I drive to work, I work, put a fake smile, drive back, sleep, agrue, sleep, repeat. I feel so angry all the time, I ended hating myself more than ever, and I don't know why! I feel my partner is not there, he's stuck in his games and not engaging, and I think this is because I put too much pressure on him. I can't see my mother to talk to her, my sister doesn't talk to me and I had to go full no contact with my father. And whenever anyone asks me how I am, all I can do is repeat ""I'm fine"" and smile. I hate it... I hate it all....

Sorry for putting this all out, but I had enough of this. I want to smile, to enjoy things, but I can't... I need help. I knew I had to write this after I watched some reddit reading and was crying like an idiot at how accurate and true the things said in said reading were (the topic was ""What do you wish more people knew about depression"")

Once again, I'm sorry for taking your time, but if you read it all, thank you. Thank you so much for listening.

Also, dear moderators, if this is not in accordince to the rules, please do delete it. Thank you.","not so well family, mom left, sister left, father distanced himself from us, live with my boyfriend, here is where the problem is, find no job in life","The person's narrative indicates a deep sense of alienation and detachment from their family members, as well as feelings of isolation and disconnection from their partner. The individual expresses a profound sense of loneliness and a lack of support from those closest to them. This prolonged sense of alienation and lack of meaningful connections with others has contributed to their severe anxiety and depression, making them feel lost and unable to find joy in life. The person's difficulty in opening up to others and seeking help further highlights their feelings of being disconnected and alone.",85,95
52,4102,"Im just so done. Her comment threw me into a spiral and Im not doing well mentally. I have no support system outside of her or my dad, so idk what to do anymore. Im thinking of quitting school since Ive been doing college work for 3 years and Im nowhere close to a degree yet - Im still in CC.","So done, spiral, no support system, nowhere close to degree","The person is expressing feelings of being thrown into a spiral and not doing well mentally due to a comment made by someone, indicating relationship-related stress. Additionally, the mention of having no support system outside of the person who made the comment and the person's dad further highlights the importance of relationships in causing stress. The contemplation of quitting school after three years of college work without attaining a degree also suggests a significant impact on their state of mind due to relationship-related stress.",90,95
53,4103,"See, to start things off I want to say that I dont think I'm depressed, but many of my friends opinions and other things make me worry. I'm not suicidal or do any self harm, just one thing really scares me and that's desensitization. I'm only 14-15 and I haven't felt any heavy feeling in a good 1.5 years now, I feel void. I'm fairly scared of coming out because I feel I wont be taken seriously, I truely have no clue what to do.","feel void, friends options and other things make me worry, scares me that's desensitization ","The mention of feeling void, lack of heavy feelings, and fear of not being taken seriously despite having concerns suggest a sense of alienation and disconnection from others. The fear of desensitization and the worry caused by friends' opinions indicate feelings of isolation and detachment, which are common indicators of alienation-related stress.",90,95
54,4104,"I had a baby recently and regret ever getting pregnant so much. My PTSD is back after giving birth full force and my life is unlivable. My body is ruined. Maybe i'm stupid but I didn't know it would destroy my body or I would have aborted. And I know that's horrible and sounds super vain. But it's not vain. I don't care how i look in clothes or what other people think of how I look. I just need to feel comfortable in my body and like it belongs to me. And I don't. As a result I can't not wear a bra even in my own home because I have so much anxiety about it. Even if it's just me and the baby at home. So i'm always uncomfortable. If someone rings the buzzer i jump and scream. I can't let my partner see my body at all. The thought sends me into a panic attack. So we can't shower together, I sleep fully clothed, I have to go to a different room to change and close the door. No sex ever again. I know he's just going to hate me one day and leave anyway because me being so messed up will drive him away. I can't live my life like this. I can't be a mom like this. 

I'm waiting to talk to my therapist again on Monday to explain it all and see if he can help with the PTSD. I have ppd too but that's not even a big deal. I have had PTSD and depression all my life. I can cope with some moderate depression. But these body issues I will never be able to get over. 

I'm waiting to see how my body ""settles"" but that's going to take 6 months to 2 years. If I can't live with it i'm going to kill myself. I can't live the rest of my life like this in agony every day. It's only been 2 months but I don't know how much longer I can wait.  I don't know if I can make it to 6 months.","PTSD, regret, panic attack, hate me, anxiety, vain ","The person is experiencing extreme distress and self-loathing after giving birth, feeling regretful about their decision to have a baby and expressing a deep sense of dissatisfaction with their body post-pregnancy. This intense emotional turmoil, anxiety, and panic attacks surrounding their physical appearance and the fear of being rejected by their partner suggest a significant relationship-related stress. The mention of not being able to be a mom in this state also points towards the impact of the situation on their maternal role and family dynamics.",90,95
55,4105,"I can do errands and generally go to work. I can make myself go to therapy for now. I'm exhausted the whole time, and it's hard to concentrate, but I can do it. I will admit I've called into work 7 or 8 times this year though. I usually only call in once or twice a year. Whoops. 


So I can generally do what I need to do. I can't cook or maintain my personal hygiene though. I've just been microwaving leftovers that someone else made or eating fast food. I haven't showered in 4 weeks. I only brush my teeth once a day, and even then it's half-assed. I haven't brushed my hair in a few days. I lay around when I'm not running errands/working/going to therapy and it makes my body sore as hell.


I've been getting about 4 hours of sleep on average a night. I haven't hung out with anybody in about a month and a half. I text friends, but can't talk about anything other than...ugh. How I feel. It's pathetic. 


Am I really depressed if I can ""function""? I mean, really. I can do the big things I need to do. Just not the small things.","pathetic, hard to concentrate, can't cook or maintain anything, my body sore as hell","The person mentions exhaustion, difficulty concentrating, neglect of personal hygiene, lack of sleep, sore body, and inability to engage in leisure activities with friends, all of which are symptoms commonly associated with depression. Additionally, the person expresses guilt and self-doubt about their level of functioning, indicating a stress related to medication or treatment for mental health.",90,100
56,4106,"i just want to leave this world. i‚Äôm tired of being told that i‚Äôm no help, tired of feeling guilt and shame. i don‚Äôt want my mother and brother to feel the overwhelming feelings of sadness though. i don‚Äôt know what to do anymore. there‚Äôs no one to turn to, nothing left to do in this miserable life.","nothing left, i don't want my mother and brother to feel the overwhelming feelings of sadness, tired of feeling guilt ","The person expresses feelings of alienation and hopelessness, indicating a sense of disconnection from others and the world, as well as a lack of purpose or meaning in life.",90,85
57,4107,"I can‚Äôt keep going.

I try and try to be a good person and every time I turn around the world takes something from me. I can‚Äôt afford to live anymore. The state of the world makes me sick. My family is so splintered. I lost my dad and my mother is so beyond done dealing with my messed up self it makes my chest hurt.

I never wanted to be this. I wanted to make my family‚Äôs life better but here I am a failed 38 year old man who can‚Äôt even support himself let alone help those I love.

I don‚Äôt know where to turn. Doctors push so many drugs on me and I feel like I can not even think because of it therapy just wants me to blame my father and I do t want to do that, I loved him and he loved me. 

I hate myself and who I have become. I want a normal life. I want to support myself and help my loved ones. I was the rock and now I‚Äôm just a pile of shit.

I can‚Äôt do this. I hate it, I hate me. I do not remember a time when my chest did not hurt from this. I‚Äôm so tired. I want to love someone, I want to be better. I‚Äôm going to die like this and I can‚Äôt stand the thought.

How can I legally die? I just want to stop being the burden. People will forget me quickly, I provide nothing to this world. 

I‚Äôve never kissed a woman. I‚Äôm a damn loser.

I can‚Äôt even imagine having a child because I would never want this to pass down to them. The thought of that makes me sick. I just want love, of any type. I just want to hold someone.

I hate myself so much and I can‚Äôt stop.","family, splintered, lost dad, lost mother, drugs, doctors, pile of shit, loser","The writer's use of phrases like 'Doctors push so many drugs on me' and 'I do not even think because of it therapy just wants me to blame my father' indicates a strong sense of distress and frustration towards medication and therapy. This suggests that the person is under medication-related stress, feeling overwhelmed by the pressure to rely on drugs and therapy for their well-being but not finding the relief or support they need from these treatments.",75,90
58,4108,"I have been struggling a great deal lately. I suffered an injury and then had to have surgery and then suffered complications. I continue to be in pain everyday. Since the injury happened at work, I was forced to resign my position in order to get a worker's comp settlement. I used the money to pay rent and bills and medical expenses but now it's gone. I have been looking for work since November. And I mean really looking. Every single day. I have had several interviews, but literally have been told multiple times that I was their second choice
I am completely out of money. I am almost out of food. All of my utilities are so far behind, every day I expect them to be turned off. I have received a 3 day notice for my rent. I an about to be homeless. 
I do not have any family. I have been sick for so log now, I have very few friends left. I have tried every agency that I can for help and I an repeatedly turned away because they don't have the funds to help me. And they say even if they did, what about next month? They are right. There is no point.","injury happened at work, looking for work, had several interviews, out of money, about to be homeless","The person is struggling due to a series of unfortunate events starting from the injury at work, resulting in surgery and complications, leading to financial instability. The stress of being forced to resign, losing income, facing rejection in job interviews, and being on the brink of homelessness all point towards significant job and career-related stress.",90,95
59,4109,Everyone at work is against each other. I‚Äôve been trying to be a happy medium for weeks and it‚Äôs all turned to shit. I‚Äôm tired of it. I ready for peace again. Peace = you know,"everyone at work is against each other, shit, tired, want peace","The person's statement indicates a feeling of alienation and emotional exhaustion due to the toxic environment at work where everyone is against each other. The mention of trying to be a happy medium and the desire for peace suggests a sense of disconnection and isolation in their current situation, leading to feelings of alienation-related stress.",90,95
60,4110,"I took some time off from college to chill out myself, but I need money. I feel lost that I can't fucking find a job. All the interviews that I got, I was rejected.","Need money, can't find a job, was rejected",The individual's mental state seems to be jobs and careers related stressed. Taking time off from college to relax but feeling the need for money and facing rejection in job interviews can be highly stressful and contribute to jobs and careers related stress.,80,95
61,4111,"Can't shake the thoughts. Sometimes I just go outside at night and look at the moon, hoping that she's lookin too. Anything to convince myself there's still some connection. No need to respond just getting thoughts out of my head. It helps a bit.","Can't shake the thoughts, out of my head","The person is feeling a sense of disconnect and is seeking validation or connection, possibly indicating relationship-related stress.",75,85
62,4112,"I don‚Äôt think there‚Äôs any original part about me 
I‚Äôm just a patch work of other people over what‚Äôs there to make it seem interesting
Just a bunch of tacky patches on a worn out denim jacket","Patch of work, worn out","The language used in the premise suggests feelings of alienation and lack of uniqueness. The person seems to feel disconnected from their own identity, as if they are just a collection of borrowed traits from others, which can be a sign of alienation related stress.",90,95
63,4113,"These days I don't feel anything to do. I feel completely empty. I still remember I used to enjoy music, having a time in terrace, enjoying the wind and climate. I think I have depression.",completely empty,"The mention of feeling empty, loss of interest in activities that were once enjoyable, and the suspicion of having depression indicate a mental state related to medication. Depression often requires medication to address the chemical imbalances in the brain that contribute to the symptoms described.",70,95
64,4114,"I don't wanna live like this. I'm typing as I'm sobbing cause it's just hit me that it won't ever get any better. This is it for me.
I promised myself that I would hold on until I could leave my family in a better financially. 
Until my grandma passed away so I couldn't save her up the pain.

But I'm suffering so much. No one fucking likes me. And I don't say anything but god it hurts. 

It hurts being alone. 

It hurts being rejected. 

I've tried to keep going. And perhaps tomorrow I'll wake up and go to work like nothing happened.

But tonight I wanna pretend I'm dying. That when I fall asleep it'll be the last time I see this fucking planet. That when I wake up I won't remember anything. I'll be free.","hold on until i could leave my family in better financially, no one likes me, hurts being alone, hurts being rejected","The language used, such as feeling alone, rejected, and the desire to escape from this planet, all indicate feelings of alienation and disconnection from others. The person expresses deep emotional pain and a sense of hopelessness in their current situation, which suggests a state of alienation-related stress.",80,90
65,4115,I have a reoccurring day dream where I have to grab all my belongings and food and live in a room in my house for the rest of my life and I find it very hard to snap out of it. Normally it's the bathroom because it's the smallest room and my brain hates me. Even when I type this I get a boost of happy from my brain to tell me I'm a fucking liar idiot but if I delete it I would feel even stupider for wasting my time so I'm going to post it anyway.,"fucking liar idiot, hates me, snap out of it","The person expresses feelings of alienation, detachment, and a sense of disconnection from reality through their day dream of isolating themselves in a small room for the rest of their life. The mention of feeling like a liar and an idiot, along with the struggle to snap out of the day dream, further indicates a state of alienation-related stress.",70,90
66,4116,"I'm 38 and always felt like a screw up.

I'm one of those people that when things start looking good, I'll always fund a way to mess it up and end up back at square one. 

I'm constantly down and always thinking about ending my life, like every day.

All that's holding me back is the thought of leaving my 2 young kids, but it also depresses me more knowing how much of a loser their dad is.

I've tried 3 overdoses with Zopiclone which did nothing but I have been practicing with hanging while sitting, I came close to passing out 3 days ago with belt in door but fought to save myself as I knew mrs and kids were due home.

I cant shake the thoughts.

Debt + gambling addiction + pure unhappy","debt, gambling addiction, 3 overdoses with zopiclone, end up back at square one ","The person's feelings of inadequacy, self-sabotage, and thoughts of ending their life point towards relationship related stress. The mention of their children and the impact of their actions on them indicate a deep emotional struggle within the family dynamic, which is causing significant distress.",80,90
67,4117,"I just can not keep doing this anymore. I keep reaching out for help, doctors push pills on me (I'm on five now) and therapists just try to push me into blaming my dead father. 

I can't afford my home. I can't afford my bills. I can't afford food and even the subreddits that claim to offer help just delete my posts because I lurk and my account doesn't have hundreds of karma.

I do not know what to do. I cry constantly. I hate my life and myself. I can't sleep I can't eat. 

I try to open up to people and they look at me like a monster.

I am a monster.

I'm about to lose my home and I have nothing left to sell to try to hang on to it. I sold all my dads belongings to make ends meet, he left those to me so I could have a good fun life and here I am a piece of garbage who can't even work a part time job to buy groceries. 

The state turns me away because I have income ($944/mo in disability).

I'm done. I can't do this. Why am I fighting? For who? I'm alone. My chest hurts, my eyes hurts. My head spins and I do not even know if any of this makes sense. I just can't keep this up. I have been fighting since I was a child, I'm a 38 year old man (ha) now. What do I have to offer to this world? All I am is a leech. I have no skills. I was never good in school because of my mental illness and no one would diagnose it.

I hate myself and so does the world. I'll never be more than this.","can't aford home, can't afford bills, can't afford food, about to lose home, have nothing left to sell, can' t work part time","The person in the premise is expressing feelings of alienation, hopelessness, self-hatred, and worthlessness. They feel disconnected from others and feel like they are not understood or accepted by society. The mention of being turned away by the state, struggling with reaching out for help, not being valued by others, and feeling like a leech all point towards a mental state of alienation-related stress.",80,90
68,4118,"I feel really worthless because The only thing keeping me alive is a video game coming out in 15 days (DOOM eternal) and it won't even last for long. I've been told to tell CAHMS if anything is bothering me but anxiety tells me no.

I'm considering jumping off the only skyscraper in my city when I finish the game because there will nothing else to make me happy. I'm just glad that there is something in the world that will make me happy, that is only for a short while though","I feel really worthless because The only thing keeping me alive is a video game coming out in 15 days, I finish the game because there will nothing else to make me happy","The person is feeling worthless and isolated, finding solace only in a video game release. The fact that they are considering drastic measures once the game is over highlights a deep sense of disconnection from real-life sources of happiness and fulfillment, leading to feelings of alienation.",80,90
69,4119,"I'm freaking out. I feel so empty and worthless and depressed. I don't have insurance so I called the er to see how much it would cost. They told me to call some office between 8-5 on the weekdays to find out, so idk.

I dont wanna hear call the helpline, because I've called several and no one gives a shit and they really dont help.

I'm looking to just getting drunk enough to the point where killing myself wont be so scary to do.

I'm really fucking lost. I'm fucking done.","i feel empty an worthless, I dont wanna hear call the helpline, because I've called several and no one gives a shit and they really dont help","The person expressed feeling empty, worthless, and depressed, which are common symptoms of mental health issues. Additionally, the mention of not having insurance and trying to figure out the cost of seeking help indicates medication related stress. The mention of wanting to get drunk to numb the pain further suggests a coping mechanism that pertains to medication related stress.",70,85
70,4120,"I have nothing but negative thoughts all the time, I can remember when it started but it has gotten so bad I tend to cry myself to sleep if I even can sleep. I don't know who to talk to and don't really have anyone to talk to so I just want to dump everything here and maybe get some guidance before I do something to make the pain go away. I never see my parents due to my mom and step dad being too busy with work and running a business and my dad is probably somewhere rotting in Arizona. My sister is deployed in the navy and the other ran away a few years ago and haven't heard from her, and my older brother is a drug addict that cut ties with us a long time ago. 

I don't want to message a suicide hotline out of fear they will send an ambulance or force me into a hospital forcing bills on me that I can not afford, and I have no one close to talk to about it. My situation is, growing up my parents both lived in different bad areas with little money. I was never smart or talented at anything besides having an over active imagination. I always had a learning issue both with paying attention and remembering information regardless of how hard I tried. Didn't have a lot of friends and ended up dropping out of high school. About 3 years ago I went back and got my Adult Diploma with the hopes it would be enough to get me on my feet. I'm now almost 26 and just a few months ago after I saw someone about my mental health I found out I have ADD. So some things where answered there, but it didn't help much. 

The small amount of friends that I have, have become aware of my increasing depressed emotions and have tried to help but for the most part, they seem to pay no mind to it. I've working dead end jobs for most of my adult life until recently when I took a boot camp course in the Information Technology field. I then interned for 5 weeks and after got a position working for a small company as an IT help desk technician under a 3 month to perm contract. Or that's what they told me during the interview. I never did anything IT related and the contract was constantly extend by 3 months until my 9th month there. In that time, I've worked for some bad companies, but I have never worked somewhere that treated there (specifically the US employees) so poorly. They then after promising to increase my pay hired me on full time as salary, and cut my pay thinking I wouldn't notice. I then secretly started looking for new positions starting last July until November of last year when I was tired of they way they have treated me for over a year and without thinking, just left, even though I have monthly bills. 

On top of the learning problems, I also have extreme anger problems and am very VERY impatient. As far as work goes, I have applied to countless IT positions since last July, with professional help updating resumes and cover letters, and re learning (trying to) as much IT knowledge as I can after using pretty much none of it at my last job and forgetting almost all of it, but I've gotten nothing. I have had 2 companies interview me and reject me after the 2nd or 3rd interview, and all of the other countless companies I've applied to have either flat out rejected me or have not said anything. I have next to nothing left with money and if I don't find something soon, I will lose everything and I can only imagine how bad my credit will be and the law suits to follow. Other than job things, I have never been in a real relationship, I never see my family even though I literally live with my mom and step dad, I almost never see my friends, I have an extreme hate for people I'm assuming due to everything I've had to go through over the years, and every day I spend hours trying to teach myself new things and applying for any position available that could possible help me with my situation, but since the last interview rejection and the constant no reply and email rejections, I can't anymore. 

I've tried so hard to make things better for myself, seeking medical help, close support from family and friends, and will power, but it's always one step forward and then being launched back. I'm tired of starting over, I'm tired of only knowing rejection and being ignored not just from jobs but from everything. I have become so angry and hate filled that I can't see happiness in anything. I used to love movies and video games and can't find joy in those. The only piece of escape I have day to day is music, because it almost thinks for me. I'm listening to it but I feel like it's also listening to me, feeling my constant pain and emotional wreck. Everyone says it will get better, but I've been at this for so long and it only keeps getting worse. I have put the effort in but it's like some deity is purposefully trying to prevent me from being happy or making myself successful, and over the past few weeks, I can't stop thinking of killing myself. Making this awful pain go away and not feeling anything anymore. The only thing that holds me back is the thought of what comes after. Possible non existence which I can't even comprehend. Just not knowing is the only thing holding me back, but even that fear is starting to go away and taking an early exit seems more and more like the best option.

I apologize for the extremely long post, maybe just a way to leave a small mark on existence to make myself feel a little better. I don't seem myself feeling any better even if my hard work eventually gets me anywhere, a family, a job that actually pays enough for me to live on my own, not constantly worrying if I have enough for food and water or if I have to cut that out to make my payments. It's hard to feel happy or accomplished when all you know is failure and loss. There is more but I feel like I've said enough if anyone even reads this. I've re read this and gone over it a few times and I just keep feeling worse and adding more to it. Thank you to whoever takes the time to read this","i never see my parents due to mom and step dad being too busy with work, my dad is probably some where rotting in arizona, my sister is deployed in the navy, my older brothr is a drug addict, i have no one close to talk to about it","The person who wrote the premise appears to be experiencing alienation-related stress. They express feelings of loneliness, isolation, and a lack of connection to others throughout their narrative. They describe having no one close to talk to, feeling ignored by friends, living with family members but not seeing them, and having strained or absent relationships with family members. This sense of alienation and disconnection from others has significantly impacted their mental well-being, contributing to their negative thoughts, emotional breakdowns, and thoughts of suicide. The lack of emotional support and meaningful connections in their life has led them to a state of hopelessness and a pervasive feeling of being alone in their struggles.",75,95
71,4121,"I got way too attached and when she ghosted me I wanted to hate her, but I couldn‚Äôt. So I hated myself. At one point the only thing holding me back was the thought of living if I failed. 
Fast forward a year out of no where she attempts suicide. It made me realize how much I still cared about her. I don‚Äôt feel like I deserve to be as broken down as I am though. I cared so much about her and she probably didn‚Äôt even think of me for a moment. I was just another stupid dude to her. Everything about it is fueling my self hatred.","still cared about her, i don't feel like i deserve to be as broken down, she probably didn't even think of me for a moment","The person's mental state seems to be primarily influenced by relationship-related stress. The intense attachment to someone who ghosted them, the self-hatred, feelings of not being deserving, and the emotional turmoil upon learning about the other person's suicide attempt all point towards relationship-related issues playing a significant role in their distress.",90,85
72,4122,"Just a little insight about my life 


3 years ago I lost the last vehicle I would ever own

3 years ago I lost the I only place i had to live

Ive lost at least 2-3 jobs in a 3 year span

2 years ago I lost the girl i loved

1 year ago I lost a career I was failing in

6 months ago i was eating good, showering daily I got a job and started fixing my life made plans fo get another car pay some debt

Today I am jobless, homeless, hungry don‚Äôt shower often dont eat much, isolate my self



Because I miss life. I miss going out and being able to socialize and I miss like dating and stuff and wearing clean clothes paying bills on time and not being behind miss having a drivers license and not being in fear everytime I get behind the wheel, miss having the Apartment for having girls just come over when ever they want, I miss eating good I miss shopping for things, 

Im barely living  and have been doing that for the past 3 years 

Everytime I get a job I try and fix my credit, and I can never seem to keep with it

I have to live my life with zero payments and buy everything with cash because I clearly can not keep up with them 


Do things really get better with time?","i lost my only place i had to live, lost at least 2-3 jobs in 3 years span, i lost a girl i loved, i lost a career, i was failing, i am homeless, jobless, hungry","The person expresses feelings of loneliness, isolation, and a deep sense of missing out on various aspects of life such as socializing, dating, and having a stable living situation. The repeated losses of jobs, relationships, a place to live, and personal belongings have led to a significant sense of alienation and disconnection. This ongoing cycle of loss and struggle has left the person feeling hopeless about the future and questioning if things will improve over time.",90,95
73,4123,"I don't even know how to start, I always thought about one thing that always tortures my brain: Everyone are the same, but I am not. When I was a child, being child was the perfect excuse to hide my condition: I don't know how to talk to people, I don't know how to prolong a conversation, I don't know anything about being sociable. In the other hand, I was (and I am) really smart, but I don't really qualify myself about something special, because people are so stupid to think about being self-centered, instead of thinking about the personality itself, that's maybe one of the thing I don't even comprehend about society, well I continue, being able to do whatever you want its something amazing, I felt (I feel) I got the most powerful superpower, being able to think about something interesting to do and make it real, make it like I was professional on something, but if you can't even talk, even express yourself, your brain, all of your amazing ideas are taking down to trash, to something miserable, how much kids, teens worried about the things other people say (I worry too), but I'm 100% sure they can shine if they are with the correct people, ask me, I'm 22 now, in 22 years, Why didn't I find anyone like me?, anyone who I can talk about interesting things and not about superficial and stupid things, anyone who takes the life like a poetry, with right values, anyone who understands me, anyone who I can be myself

I hated my school partners, and they always thought about things on how to ruin my day, I didn't understand why being so small, being so tiny they were so disrespectful to each other, I lived on a city that I can't even pronounce it's name because is the reason of all my misfortunes, people so damn vulgar, so damn low they can't even teach their kids how to be kind, how to be respectful to anyone. I learn about pride, that keep me away from bullying, they don't even know why they bullied me, bullies tend to attack people about their body, about if they are stupid, about a condition, they just attack me because it was me, and I know, they smell it like dogs, possessed maybe, because I didn't find a reasonable reason to understand what they bullied me, but in the middle of that, I thought why just can't we be friends? Why do we attack to each other? Only because I can't be vulgar like you? They is the reason why I hate my ethnicity, this stupid language called spanish talked only by freaking stupid people, because I learned about they, every single piece of word they say, why my country is infested with third-world-people, they are way too worried about lgbt and inclusiveness, why didn't they included me on society?

There was a guy, Alvaro C. was and still is his name, he was the most disgusting, profane, putrid and revolting person I ever met, he was just a compulsive masturbator, obsessed with pornography, I remember when he checked the teacher computer just for looking for sexual content, when he masturbates in class, I couldn't care less about his life except for one thing, he didn't let me breathe one miserable day when I was in school, he just looked for me to having some daily fun, let's make this piece of s**t even more s**t than he actual is he thought, I cried trying to understand why me? what did I got in myself that makes me so despreciable?, he didn't know about what thing inserted in my mind, now I'm him, now it's me who have a problem with porn addiction

When I was 14, I decided to play guitar, not only that, now I'm feeling that I'm able to put some music on the radio with some effort and money, but I don't have the energy left to do something, actually I just don't have energy to do nothing more than just laying in my bed and watching these repulsive videos that I hate, but I can't left behind for some reason, this thing is just consuming my brain, all my abilities, my smartness, my heart, my soul, I want to leave it but I'm thinking that I have no reason to do that, because for me now life is just pointless, is just about being stupid, thinking stupid, talking stupid, living stupid, don't try to be some special for this world because this world will take you and make you descend down to their level, descend down to hell, and if you make it to the top maybe it's because you are like they by default, I got ideas, still have some beautiful ideas, but I'm alone, waiting for someone to help me that will never come, suicide is just a boring option, I know if I just die no one will notice and I hate that, I will not take that option because I don't want to give them the pleasure of that, it's freaking hypocrite when these criminals of society cry to a fallen relative, cry is a emotion just for good people so you know now why they don't cry me but instead cry to themselves, you may not believe in God, but you can make sure the Devil is in one of us waiting just for destroy everyone else and every piece of you, disguised as everything you know, the more you think everything is normal, the more you are far away from comprehend that life, this world f***ing hates you, that's not a advice, that's what I understood in 22 years.","i dont't really qualify myself about something special, i hated my school partners, ","The person expresses a strong sense of alienation and disconnection from society throughout the text. They feel different from others, unable to connect with people, and frustrated by the lack of understanding and companionship. The individual's experiences with bullying, feeling out of place in their environment, and the lack of meaningful connections with others contribute to a deep sense of alienation and isolation.",70,90
74,4124,I had posted a little while ago but honestly I feel like this applies to me now. I don‚Äôt trust myself and I‚Äôm scared and I can‚Äôt talk to my parents but I don‚Äôt wanna call the hotline because I don‚Äôt wanna go back to the hospital. I‚Äôm sorry. I‚Äôm scared,"i don't trust myself an i am scared, i can't talk to mu parents beacause i don't wanna go back to the hospital","The use of the phrase 'I don't wanna go back to the hospital' suggests that the person might have had negative experiences with medication or treatment in the past, leading to medication-related stress and fear of seeking help through traditional channels like hotlines or parents.",80,90
75,4125,"As an individual who is friends with or have family members that suffer from depression, Ive always wondered, what is something that can help depression that a therapist is lacking? From my personal experience, Ive always heard that having a therapist to treat your depression can be helpful sometimes but many times, from what I hear, the patient continues to suffer from depression. What is something that others can do to help a victim of depression? From your personal experience, what do you believe could be extremely helpful when treating or helping those with depression? I am genuinely curious and eager for ANY feedback due to my desire of assisting others.","have family member that suffer from depression, ","The person expressing the premise seems to be experiencing alienation-related stress as they are worried about their friends or family members suffering from depression. They express a sense of helplessness and curiosity about how to effectively support individuals dealing with depression, which may stem from feeling disconnected or estranged from the experiences of their loved ones.",80,92
76,4126,"My bedroom and bathroom look like a hurricane struck them and I can‚Äôt even eat normally, if at all. I can barely move. That‚Äôs not an exaggeration, just doing simple tasks feels like agony. I haven‚Äôt self-harmed in almost a year, yet I feel like relapsing. I just want to give myself alcohol poisoning or jump off of a bridge over an interstate. I feel like a burden on my fianc√©. I know he loves me and that he‚Äôs concerned but he has his own problems and I‚Äôm only adding to his. I don‚Äôt recognize myself anymore. I don‚Äôt know who the fuck I am. I dread the future. Watching my boomer parents suffer from addiction, depression and loneliness and struggle to afford retirement doesn‚Äôt give me high hopes. I despise the fucking world. I want no part of any of this cruel, selfish, violent, disgusting place. I don‚Äôt have the energy to partake in this rat race just to survive. 

If you‚Äôve read this far, thanks for taking the time. Sometimes all someone needs is to vent and not hold back their real thoughts and feelings.","feel like a burden on my fiance, struck , can't move or eat normally ","The language used in the premise indicates a deep sense of despair, hopelessness, and self-harm ideation, which are often associated with mental health issues requiring medication. The mention of feeling like a burden on loved ones, not recognizing oneself, and dreading the future suggest a state of mental distress that may necessitate medication-related intervention.",90,95
77,4127,"Welp, just got done with another batch of doctors visits and the results are in, I will be crippled for the rest of my life.

But that's not what bothers me, I've had plenty of time to come to terms with my condition and the affect it will have on my quality of life and my life expectancy. 

What bothers me is the soul crushing loneliness, I havent had a girlfriend in years and I haven't been physically touched in what seems like forever. 

I spend all day in a shitty little side room by myself writing and hardly see hide nor hair of another person besides my dad most of the time. 

I'm pretty done with it all to be honest, I don't really see any reason to continue living like this.","doctors visit, soul crushing loneliness , don't see any reason to continue living like this","The person expresses feelings of soul-crushing loneliness, alienation, lack of physical touch, and isolation. These emotional struggles indicate a state of alienation-related stress, as the individual feels disconnected from meaningful social connections and lacks a sense of belonging or companionship in their life.",90,95
78,4128,"If someone can give me a link that would be nice. I might fit in more or i can talk to other people, I don't know.",might fit in ,The premise suggests feelings of alienation and uncertainty about fitting in or connecting with others. The mention of looking for a link to potentially help with fitting in or talking to others indicates a sense of disconnectedness and a desire for belonging.,90,95
79,4129,"Fuck everything I‚Äôve worked so hard and prayed so much and it‚Äôs all still going so bad.

I don‚Äôt know what to do anymore I can‚Äôt even wake up without crying I hate this"," worked so hard , don't know what to do , can't wake up without crying",The language used in the premise suggests a high level of emotional distress linked to relationships or personal circumstances. The feelings of disappointment and despair expressed in the text indicate that the individual is facing challenges in their relationships or personal life.,75,85
80,4130,"For a few years now i‚Äôve been having these 4-5 month periods of just malaise and insecurity. I feel so selfish writing this. My parents refuse to get me tested for depression, So i can‚Äôt say that I have it. I am ugly. No one wants to talk to me because i‚Äôm not cool enough. If they are seen with me theyre automatically labeled as un-cool. I hate everyone. theyre so fucking selfish and fake. To me it hurts more to be rejected by a potential friend than a potential girlfriend. The only friends I have see that i‚Äôm sad or im not motivated, and they try and force me to open up, and when they finally force me to they try to become my therapist. Then I become a burden to them and they feel the need to check up on me. And then they use my problems against me if I make them mad. I am so fucking selfish and everyone lies to me. Recently one of my only friends, a girl, i fell in love with, backstabbed me. She had been for many months now. I confessed my love for her 7 months ago and we‚Äôve been ‚Äúmore than friends‚Äù for a while.. I realized that she only did this because she felt bad for me. She leaked my affectionate love notes and my personal problems to my only friends, who then laughed at me, called me a simp and stopped talking to me. I‚Äôm too affectionate with people. My past relationships have always failed because i‚Äôm not a strong independent man. I‚Äôm a needy baby when it comes to the relationship and no girl wants a needy baby let alone an ugly fuck like me. I see girls at my school who look exactly like the girl who backstabbed me and it fucking eats me away inside knowing I have no chance. I want out. I just want to press escape and quit. I‚Äôm too scared to jump off a building and I only would feel comfortable with a gun. But I don‚Äôt know if this is for real or just angst..? I just want to stop going to school everyday seeing everyone have friends, girlfriends, good looks, making experiences knowing I cant achieve that. Its like my life is just showing me what I cant have and I want it to stop. Its eating away at me."," insecurity, ugly, hate everyone , sad, not motivated","The author of the premise is experiencing intense feelings of rejection and betrayal in their relationships, particularly with the girl they fell in love with. This has led to feelings of insecurity, self-doubt, and a sense of worthlessness. The author's negative experiences with friendships and romantic relationships have contributed to their belief that they are unlovable and undeserving of genuine connection. The overwhelming desire to escape from their current situation and the contemplation of self-harm indicate a deep emotional pain and distress caused by relationship-related stress.",70,90
81,4131,"Recently, im going through a severe depressive episode and I did some things I would not have otherwise done that are now affecting my mental health further and affecting someone I love. 

I would like to hear those with severe depression talk about whether they feel they have the ability to consent and make decisions on sensitive matters during severe depressive episodes.

It feels like society tells everyone that it is their fault if they make a bad decision, that they are responsible for their choices, and most dont understand mental illness properly and to me its not that black and white. 

I want to know whether you think you truly have the capacity to be at fault for a decision youve made if it is something you would not have done outside an acute depressive episode.

Four abilities are usually assessed with decision making when I was looking around. The only studies I found were for research purposes (which saddens me, but thats a whole other topic).

The four abilities:
Understanding
Appreciating
Reasoning
Ability to express a choice

Now I cant say I know the exact ways to interpet these 4 things right now without further research but, do you feel you possess these abilities during a severe depressive episode? Do you possess some and not others? Does it vary? 

My answer would be during a severe depressive episode, I do not possess any of these reliably at every moment. It is not consistent enough for me to able to say I possess any of them during these times.

Thank you for reading ‚ô°","acute depressive episode , affecting mental health ","The person is in a severe depressive episode which is affecting their mental health and decision-making abilities. During such episodes, individuals may experience impairments in their cognitive functions, including understanding, appreciating, reasoning, and expressing a choice. These impairments can be a result of the depression itself or any medication they might be taking to manage it. The person expresses a lack of reliability in possessing these decision-making abilities during depressive episodes, indicating a level of stress and concern related to medication and mental health issues.",100,95
82,4132,One of my best friends recently lost a friend to suicide &amp; it is rlly affecting his mental health. I never met his friend but he seemed like a great guy. I don‚Äôt think I have ever lost anyone to suicide &amp; my friend is rlly struggling with coping with this atm &amp; I‚Äôm worried about him. What can I do to make this easier for him ?,recently lost a friend to suicide,The writer is expressing concern and worry about their best friend who is struggling with the loss of a friend to suicide. This indicates that the writer is experiencing relationship-related stress due to their friend's mental health issues and the trauma of losing someone to suicide.,90,85
83,4133,"I just turned 20 and am beginning college this year since I haven‚Äôt had money for it and I don‚Äôt count with my moms support in any way. Last year a lot of things happened that made me spiral into a terrible depression and lost my job because of it. Since then things have just progressively gotten worse and I can‚Äôt find a new job. Where I live there isn‚Äôt much places to work at since it‚Äôs a small town yet I can‚Äôt seem to find in one place. It makes me super sad to see that everyone is doing fine while I‚Äôm doing nothing with my life and it makes me feel like a failure. I know I could be doing so much better and greater things but I just don‚Äôt know where to start. I wish I had my moms support like other kids do but it‚Äôs not the case and I have to do things on my own, but I feel like everything is a giant and I‚Äôm a speck of dust, what can I do to better my situation or feel better and more positive about it?"," lost my job, can't fine a new job have to do things by own","The person expresses feelings of alienation, inadequacy, and loneliness, highlighting a sense of being disconnected from others and society. There is a strong feeling of not fitting in and being left out, particularly in comparison to others who are perceived as doing well. This sense of isolation and failure is causing distress and a lack of direction in life, leading to a desire for support and guidance. The individual's focus on their perceived insignificance and inability to find a job or pursue their aspirations reflects a state of alienation-related stress.",85,95
84,4134,"on the morning of February 16 2020 i took my cat to the emergency vet to have her checked out. she was extremely skinny and was not moving and hadnt eaten or used the bathroom in 2 days. she barely wanted to be around anyone and her muscules were so weak she couldnt even use her back legs or stand. she would just drag herself to where she wanted to go then lay down exhausted. i thought she was going to die the night before but miraculously she survived but was still extremely weak and exhausted looking.

i put her in her pet cage and drove to the emergency vet. the vet examined her and immediately became accusatory and critical of me and how my kitty got into the position that she was in, asking me every question under the sun what did i give her to eat? whats her past medical history? and maybe about 40 other questions.  even calling my cat a train wreck. she was in horrible condition and he kept telling me things such as ""well if you wouldve taken her to your regular vet and had checkups sooner, all of this couldve been prevented"" ""you should've given her her medicine. hyperthyroidism is manageable and bc you didnt do this and that your cat is in the condition that shes in""   which just made me feel so damn guilty. i wanted to take her away right then and there. he then tells me that he couldnt feel her liver and that she only had 25% of her kidneys working and that she was extremely dehydrated.

he mentioned giving her medicine and iv drips and changing her diet but because of the state she was in, he said it wouldn't do much at all at this point because her kidneys would eventually fail. so then he suggests euthanasia. and my heart dropped like a rock. i didnt want to do it. i wanted to give her the medicine i was hell bent on it. ill pay it now, i dont care what the price is ill pay it now! but he kept pushing me and my sister to sign up for a credit plan to pay for it because he simply ""didnt want to be the bank"" he even said that we could give her all of the medicine and change her diet etc and theres a possibility that it still wont work at all because of how debilitated she was. 

eventually our family made the decision to have her put to sleep on the same day as the visit. we had a previous cat who passed away due to kidney failure and we didnt want her to go through the same thing. we all snuggled her, kissed her and pet her until she breathed her final breath on the table. it was heart wrenching. we didnt want to bring her home because we all live with out 80 year old grandmother who prior to having her put to sleep, my grandmother would see her dragging her legs and see how weak and exhausted she looked and would start crying and saying how she didnt want to see the cat suffer like that anymore.  we didnt want to bring her home because we didnt want anything to happen to grandma so  we had everything done in one day and it all happened so fast. im still torn about it. i feel like i can go back in time and pull her away from the table, and bring her to present day. 

i miss you so much misty,  my little baby. it felt like we all yanked you out of this world too soon and thats what drives me crazy. the regular vet i tookher to long ago when we first found out about it told us all that she had hyperthyroidism. all 3 of us were in charge of making sure she got her medicine until she finished it, and then it dwindled down to just me having the responsibility. i was in a very stressed out mindset between my shit job with no set hours,  and  taking care of my grandmother who has dementia.we have to make sure she dosent wander outside or anything. and had completely forgotten/ was counting on other family members to give her her medicine because i was not home. i had forgotten that she even took  medicine at all because she was doing so well. she was eating, and playing until about last year when i went to have her ears checked. thats when they reminded me. and it all went downhill. 

so again i gave her her medicine and she  finished it. only to find out this year she would have to be put to sleep. i never intended to hurt you misty, i never wanted you to get so sick. every morning i cry my eyes out wishing you were here with me on my bed or licking my hand or even meowing that cute little ""hello"" meow you used to do. every day i think about the what ifs and the if onlys. i cant even smell or look at certain things anymore, i cant smile or be happy anymore without my baby. 
i bought a box cutter last week because i was seriously contemplating ending my own life because of the horrible guilt. i feel like i murdered that cat. i feel like i purposefully let her get sick and die . i felt like she didnt need to be euthanized. it was my responsibility to make sure you got your medicine and i fucked up so bad. i dont want to live anymore feeling like this. im so sorry my sweet baby kitty.   how can i help my grandmother if i failed to help you? i feel like im the only one in the world dealing with this situation. i  know im not, but i just want to fucking die. i hate existing. everyday i wake up im reminded that my cat is gone. my best friend, my baby is dead and i caused it and i want to throw up. i hate living i want to die and just not feel anything im so sorry misty im so sorry","contemplating ending my own life because of the horrible guilt, i murdered, cat","The person who wrote the premise is experiencing a deep sense of guilt, remorse, and overwhelming grief after having to make the difficult decision to euthanize their cat. The individual is blaming themselves for the deteriorating health and eventual loss of their beloved pet. The guilt and regret are causing immense emotional distress, leading to thoughts of self-harm and a strong desire to end their own life. The person is also struggling with feelings of failure in not being able to properly care for their cat due to their job stress and the responsibility of taking care of their grandmother with dementia. The intense emotional pain and self-blame are indicative of relationship-related stress, specifically the loss of a cherished pet and the perceived failure to provide proper care and treatment, ultimately culminating in a desire to end their own suffering.",90,95
85,4135,"I am sorry for any error, english not my first language and I'm very anxious right now. It's a long story and it's kind of confusing, but here we go.

I am depressed since ever, I don't know when it started or how it started, the only thing that I know is that I am depressed since I was a kid and things is getting worse and worse. I was in big crisis in the last two years, life was not what I was expecting to be and things are so complicated, I tried, tried and I am still being fucked by things. So my cousin lives in another country and I asked her if I could stay with her for 3 months until things get better and I can organize myself to live here. So I moved here one month ago and I am trying to build things to live here. Maybe another country, another life maybe things get better, I don't know, I am trying.  
When I asked her if I can stay in her home she was really kind and supportive, it was in august/2019. Then I got here last month and she isn't nice at all. She wakes me up on purpose, she says bad things like ""I can watch my tv cause you are sleeping on the couch"" (the couch is ""my bed"" now). She insinuated that I should find a place for me since the day I arrived here. I try the most to help with things, I clean the house, I wash her clothes, I go the supermarket, I buy the food, I cook the food, I try to be outside the most so I give her a space. And still she's acting bad towards me. I don't know what to do since I asked her to be here for 3 months and after one month things are bad like this. The thing is that I feel so lonely right now and then I tried to talk with her yesterday and she was so mean, she say things like ""people are lonely"", ""grow up that life is hard"", ""cut off this depressed shit"" and others things really mean. The she got out and get really really really drunk with her friends and when she got home, she was another person, she was fun, making jokes, making me laugh, we watch a movie together and I was so fucked up with all the shit that I didn't sleep at all this night. Then she wakes up and starting a argument with me cause the dishes are dirty, but it was her, she used this last night when she was drunk, I tried to talk with her and she just said something like ""I hate that you here"". Now I am really confused. I know that I am not the asshole at all, but will I be the asshole if I kill myself now? I don't wanna kill myself because of her, I just wanna end it all cause I am so full of this shitty life. Will I be the asshole if I kill myself now here, away from my family, without saying goodbye, without people knowing what really happened to me?","so full of this shitty life , away from my family","The person's mental state seems to be primarily affected by relationship-related stress. They are experiencing significant turmoil due to the strained relationship with their cousin who initially appeared supportive but is now displaying unkind behavior. The person feels lonely, unappreciated, and even questioned the idea of ending their life due to the overwhelming negative interactions within this relationship. This turmoil in the relationship is causing immense distress and is the predominant source of their current mental anguish.",90,95
86,4136,I was getting better... until I ruined everything. Now everyone hates me. I have nobody to turn to until my therapy appointment on Saturday...it‚Äôs too far away...how am I supposed to show my face in school tomorrow when even my best friends hate me now? I‚Äôm failing chemistry. My teachers a pervert. I want to die soon. I‚Äôm done.,"failing chemistry, teacher a pervert , i ruined everything , everybody hates me ","The person is feeling overwhelmed due to relationship issues, as they mention feeling hated by everyone, having nobody to turn to, and struggling with their friends and teacher. These relationship-related stressors are causing them to feel like a failure and even mentioning thoughts of self-harm.",90,85
87,4137,"I think of myself as a spiritual person. I also think of myself of not ever belonging in this world. I don‚Äôt understand why I was even born and placed into a life where I would be met with great obstacles. People, even family have been against me. I just want to go back to wherever my soul came from. I‚Äôm so tired. I‚Äôm so exhausted with life. I don‚Äôt want to live anymore.","even family have been against me, exhausted with life, not ever belonging in this world , want to go back to wherever my soul came from","The person expresses feelings of alienation, not feeling like they belong in the world, and a desire to go back to where their soul came from. This sense of disconnection and tiredness with life indicates alienation-related stress.",90,100
88,4138,"Every night it‚Äôs ‚Äúyou guys want ice cream?‚Äù After dinner. Everyone turned him down so he just got an ice cream sandwich for himself. Tonight he stared at me and made sucking noises while eating his ice cream sandwich. I got up and left the room and watched the game alone. 

I‚Äôm tired of my dad being a pervert and my mom being oblivious or pretending not to notice. Their marriage is over anyway so she doesn‚Äôt give a shit. I‚Äôve talked to her about it and she just acted clueless and said she‚Äôd keep an eye out and then never spoke of it again. 

I just have to move out and be alone.","tired of my dad being a pervert, my mom being oblivious, pretending not to notice, their marriage is over anyway, she doesn‚Äôt give a shit. ","The writer is feeling relationship-related stress due to the uncomfortable and inappropriate behavior exhibited by their father. The presence of perverted actions from the father, coupled with the mother's indifference, suggests a strained family dynamic, leading to the desire to move out and be alone.",80,95
89,4139,"I would like to say that I was shook, but I knew she has the habit of consuming a lot of sleeping pills just for not having to deal with the daily problems...

Aside from trying get professional help I dont really know what to do, I feel guilty about this", consuming a lot of sleeping pills just for not having to deal with the daily problems,The mention of someone consuming a lot of sleeping pills indicates a concern about medication usage. The guilt expressed about the situation also suggests a level of distress related to the potential harm caused by the medication consumption and the uncertainty about how to handle the issue. This aligns with a category of medication related stress.,85,95
90,4140,"I can't take this anymore. I've been wanting to buy a pocket pistol or similar weapon to off myself with for the past few days now, and I've been doing the research. I live in SE Michigan, drive for money (can't afford a living), and have been studying to get a certification for IT so I can maybe get a job at a geek squad. Also been looking at getting a job as a Pharmacy tech. Yes, my dad is autistic, so I may not consume the media that you do, but I assure you I will be far from a burden in your life, if you so choose to... adopt me... I'm running out of steam and ideas, and I refuse to let myself become a burnout when I had nothing but good intentions.","studying to get a certification for IT, get a job at a geek squad, looking at getting a job as a Pharmacy tech, I'm running out of steam and ideas, refuse to let myself become a burnout, wanting to buy a pocket pistol or similar weapon to off myself ","The person's mention of wanting to buy a weapon to harm themselves, feeling overwhelmed with life circumstances, and struggling with their mental health indicates a state of distress possibly related to medication. The person's mention of a certification in IT and job as a Pharmacy tech could suggest a focus on seeking help or treatment for their mental health struggles.",75,90
91,4141,I feel like people are controlling every aspect of my life. My anxiety is so severe I can‚Äôt leave the house and all I want to do is find a way to end it. Can someone help me find an easy way out?," people are controlling every aspect of my life ,  help find an easy way out","The person is expressing feelings of alienation and helplessness, believing that others are controlling their life. This sense of powerlessness and isolation can lead to severe anxiety and the desire to escape. It's important for the person to seek support and professional help to address these feelings of alienation and find healthier ways to cope.",90,100
